response,predictor,coefficient
TS,780,-2.2954587528034054
TS,781,-2.3258005660959236
TS,782,-2.3489275199698056
TS,783,-2.3101971509930124
TS,784,-2.311672832740205
TS,785,-2.3263546200191056
TS,786,-2.2846363617332792
TS,787,-2.3330427537224172
TS,788,-2.3141102823572393
TS,789,-2.3150441488242595
TS,790,-2.293673714941086
TS,791,-2.2863026798435873
TS,792,-2.2844984633557335
TS,793,-2.2738724156966899
TS,794,-2.2456913270584087
TS,795,-2.2285874222352251
TS,796,-2.2711635161007324
TS,797,-2.2166474818205524
TS,798,-2.1900424726344325
TS,799,-2.1695973434826232
TS,800,-2.1693944291515379
TS,801,-2.1930005924930263
TS,802,-2.1684594170084219
TS,803,-2.135325294515416
TS,804,-2.129951030132665
TS,805,-2.0776496888888927
TS,806,-2.097256562018385
TS,807,-2.0588122783525691
TS,808,-2.0236343962808743
TS,809,-2.0023985412322141
TS,810,-2.0018717201633813
TS,811,-1.9626681049631307
TS,812,-1.9528406928843756
TS,813,-1.9426592011506896
TS,814,-1.9068591658907854
TS,815,-1.8788383572904652
TS,816,-1.848184178686556
TS,817,-1.8050891178582471
TS,818,-1.7579558998440441
TS,819,-1.7340442414898833
TS,820,-1.714454138567244
TS,821,-1.7045443129094595
TS,822,-1.6830877342018786
TS,823,-1.6369151417557173
TS,824,-1.6422874123697186
TS,825,-1.5632061870482779
TS,826,-1.5241794253991503
TS,827,-1.5077769052771004
TS,828,-1.4498655164106988
TS,829,-1.4506412067669774
TS,830,-1.427484412038037
TS,831,-1.2977407075119696
TS,832,-1.278060573660414
TS,833,-1.2415573935043529
TS,834,-1.2556464507741043
TS,835,-1.2203518365824906
TS,836,-1.1635289860089228
TS,837,-1.1407004497993125
TS,838,-1.0650169179261366
TS,839,-1.0786092507578451
TS,840,-1.0300225905666427
TS,841,-0.98794950648845081
TS,842,-0.96271425788527631
TS,843,-0.92825765672345251
TS,844,-0.86040925674134072
TS,845,-0.81394186466085083
TS,846,-0.78589707851394119
TS,847,-0.72764514065722308
TS,848,-0.73658671781633644
TS,849,-0.67970196797502624
TS,850,-0.65973415258592505
TS,851,-0.57562806867498062
TS,852,-0.5578107394411409
TS,853,-0.52328605294930974
TS,854,-0.47217314075084016
TS,855,-0.43919907489466092
TS,856,-0.35570828428945256
TS,857,-0.35953948388820639
TS,858,-0.31758530277203112
TS,859,-0.26826371167298896
TS,860,-0.23654790500279377
TS,861,-0.16309321650011593
TS,862,-0.16316873620192729
TS,863,-0.12681555523817731
TS,864,-0.070041144546321252
TS,865,-0.068537241424037082
TS,866,-0.078530311715711704
TS,867,0.011264937171849055
TS,868,0.057295587407046385
TS,869,0.12685037504649946
TS,870,0.13106484206051447
TS,871,0.19897633680483257
TS,872,0.22387765589838798
TS,873,0.27251105604950537
TS,874,0.35242727125374645
TS,875,0.39545558001925052
TS,876,0.38674946940507987
TS,877,0.49001908473765254
TS,878,0.58612903263048421
TS,879,0.60111312472480338
TS,880,0.59333549534656371
TS,881,0.69396951833244891
TS,882,0.69996542375531801
TS,883,0.78464613317151044
TS,884,0.83643090483126858
TS,885,0.83841999678321344
TS,886,0.94182225323140423
TS,887,0.96136492314401756
TS,888,0.96090781714804696
TS,889,1.1231791572959466
TS,890,1.1912257275468248
TS,891,1.2151732559143051
TS,892,1.2821783121279204
TS,893,1.3584748283199777
TS,894,1.3783723503808345
TS,895,1.4465335361004643
TS,896,1.5332194936085894
TS,897,1.6185500304744127
TS,898,1.6771294194505337
TS,899,1.7277463733360576
TS,900,1.799096929678446
TS,901,1.954288035858643
TS,902,1.9437395288756119
TS,903,1.9611106963392639
TS,904,2.0546348531673719
TS,905,2.1264282479883256
TS,906,2.1535266442577092
TS,907,2.1892008099850977
TS,908,2.222170552773453
TS,909,2.3280558464290357
TS,910,2.4081881052492755
TS,911,2.4568498159241701
TS,912,2.5714545460021365
TS,913,2.6303144232285507
TS,914,2.6792662455967644
TS,915,2.7638031859563812
TS,916,2.7544807288518536
TS,917,2.823618010098766
TS,918,2.8874635992457782
TS,919,2.8332851647368624
TS,920,2.8664802663279172
TS,921,2.8836597391658971
TS,922,2.9450400802168226
TS,923,2.9615678426471339
TS,924,2.9479906968913183
TS,925,3.0156783947817076
TS,926,3.0117480610507701
TS,927,3.0014998546835052
TS,928,3.0215319550255528
TS,929,3.0675301071020398
TS,930,3.0187996264108454
TS,931,2.9426306099071859
TS,932,2.983402915089318
TS,933,3.0187326123856728
TS,934,3.0567945877592146
TS,935,3.0027631535523658
TS,936,3.0074850991140352
TS,937,2.9994219029036997
TS,938,3.0129260439577155
TS,939,3.012283266963574
TS,940,3.0258769475879719
TS,941,2.9791515505353279
TS,942,3.0575468741726635
TS,943,3.0617004984817986
TS,944,3.0686874096891645
TS,945,3.009367129933092
TS,946,3.1487262109103988
TS,947,3.1784124541629262
TS,948,3.2877896884075803
TS,949,3.3198953768514401
TS,950,3.3449516712958589
TS,951,3.2932139154082183
TS,952,3.4142619056704739
TS,953,3.4116815045833904
TS,954,3.4826841143995066
TS,955,3.5366661724580193
TS,956,3.5683246331912639
TS,957,3.6268736120507246
TS,958,3.6736785901526443
TS,959,3.6918876689310456
TS,960,3.8258065217018831
TS,961,3.7710079331370383
TS,962,3.8165990614713494
TS,963,3.8860637757151082
TS,964,3.9153218411151554
TS,965,4.0578446236930015
TS,966,4.2398611027402815
TS,967,4.3774313032397325
TS,968,4.4653053386576174
TS,969,4.6409001299100456
TS,970,4.8237747021086728
TS,971,5.1545680238459965
TS,972,5.3934348865307662
TS,973,5.7476313744492096
TS,974,6.0887539782099909
TS,975,6.371643979046917
TS,976,6.9974871020672866
TS,977,7.2634970874837688
TS,978,7.6700957929994846
TS,979,8.1999693729498606
TS,980,8.4564817556992722
TS,981,8.679255921949057
TS,982,8.7793661918060195
TS,983,8.8756585626339461
TS,984,8.7260686160650032
TS,985,8.7116724088695658
TS,986,8.5432901574397722
TS,987,8.1548599370114214
TS,988,7.9633000168506314
TS,989,7.5508006494294309
TS,990,7.1195334196841618
TS,991,6.9283287405730301
TS,992,6.6867650782123444
TS,993,6.4769673682959912
TS,994,6.2911673409291202
TS,995,5.9810662118139035
TS,996,5.7595606495366516
TS,997,5.8150970892033342
TS,998,5.7708207012278079
TS,999,5.727834376644596
TS,1000,5.7401037846205227
TS,1001,4.4875765919602006
TS,1002,4.4631619911085521
TS,1003,4.4645588889350281
TS,1004,4.4274704605669974
TS,1005,4.5612882412256255
TS,1006,4.5634281474943075
TS,1007,4.7194087722838258
TS,1008,4.5582019753768499
TS,1009,4.6683627116108148
TS,1010,4.5538563524594196
TS,1011,4.5762711050501341
TS,1012,4.6110266480062068
TS,1013,4.5891584909344987
TS,1014,4.6242875985960765
TS,1015,4.5933909912983468
TS,1016,4.6944097071367654
TS,1017,4.5106569628430222
TS,1018,4.5450160791868557
TS,1019,4.5201849648638923
TS,1020,4.4557691062271507
TS,1021,4.4840649828389303
TS,1022,4.6955982571709036
TS,1023,4.5835450770292221
TS,1024,4.4742254133301689
TS,1025,4.4008331842364967
TS,1026,4.4547785518560463
TS,1027,4.3425120484331901
TS,1028,4.2703912390960106
TS,1029,4.2495731639408607
TS,1030,4.4083657199364934
TS,1031,4.1716839154986385
TS,1032,4.2358504067989386
TS,1033,4.142024596706289
TS,1034,4.0980463469591628
TS,1035,4.0046199192850178
TS,1036,3.8785504049327204
TS,1037,3.8003960417050742
TS,1038,3.7383199346765488
TS,1039,3.8852347506811662
TS,1040,3.6518780371937325
TS,1041,3.6001528670267033
TS,1042,3.3811082529986334
TS,1043,3.3473556609529407
TS,1044,3.4145999924238719
TS,1045,3.3504759788573621
TS,1046,3.1803970401218971
TS,1047,3.0230899231632051
TS,1048,2.9443447310461877
TS,1049,2.9665444618738714
TS,1050,2.6620679590891627
TS,1051,2.6156513421399001
TS,1052,2.4799126557502014
TS,1053,2.5153193099113089
TS,1054,2.4247892264522579
TS,1055,2.2354215901225656
TS,1056,1.9846796525822932
TS,1057,1.775773745024195
TS,1058,1.7165661307623954
TS,1059,1.587464537199911
TS,1060,1.5342633932504037
TS,1061,1.5949957200056932
TS,1062,1.4651738385979367
TS,1063,1.1762072605408478
TS,1064,1.0753576307495845
TS,1065,0.95212483289161809
TS,1066,0.86596335691280024
TS,1067,0.78247160252034953
TS,1068,0.63678684184103451
TS,1069,0.64312005049067056
TS,1070,0.46058193862226077
TS,1071,0.28901996813532665
TS,1072,0.10428980038991391
TS,1073,-0.12195371413062035
TS,1074,-0.23939301303454485
TS,1075,-0.36907386509886153
TS,1076,-0.4126393418759326
TS,1077,-0.47924494993444411
TS,1078,-0.55851138660197608
TS,1079,-0.58622724179836527
TS,1080,-0.69318847323608868
TS,1081,-0.89212218002512422
TS,1082,-0.91354595027378938
TS,1083,-1.0902540850191311
TS,1084,-1.3402716793889098
TS,1085,-1.2894269538706502
TS,1086,-1.4267851346413336
TS,1087,-1.7206331058204822
TS,1088,-1.7936488059189852
TS,1089,-2.1300808952247543
TS,1090,-2.1051930500021871
TS,1091,-2.2066223827767106
TS,1092,-2.3530150045552425
TS,1093,-2.4017027527777475
TS,1094,-2.6525210065322833
TS,1095,-2.9605339274486191
TS,1096,-2.9155694783431434
TS,1097,-3.1510568680681534
TS,1098,-3.3390300569093259
TS,1099,-3.5644879050957825
TS,1100,-3.6752159402277851
TS,1101,-3.8255864810632234
TS,1102,-4.1164843866861869
TS,1103,-4.1124903818379508
TS,1104,-4.3511047644832939
TS,1105,-4.620797797063374
TS,1106,-4.9183847611356493
TS,1107,-5.1173898059453622
TS,1108,-5.3631438051796012
TS,1109,-5.5201660745323009
TS,1110,-5.7663650008458678
TS,1111,-6.0860885819737032
TS,1112,-6.3990027571392858
TS,1113,-6.6883862070096738
TS,1114,-7.0672956777075147
TS,1115,-7.1539260508325597
TS,1116,-7.7245083558948036
TS,1117,-8.0608337035221052
TS,1118,-8.2670696545528042
TS,1119,-8.8253301663640293
TS,1120,-9.3563695302598244
TS,1121,-9.8003494374437956
TS,1122,-10.290215218012445
TS,1123,-10.675353044437131
TS,1124,-11.015513635510482
TS,1125,-11.532324594158359
TS,1126,-11.82513739505403
TS,1127,-12.501381440921854
TS,1128,-12.699704925641301
TS,1129,-13.310166892269191
TS,1130,-13.47424363074391
TS,1131,-13.881594224630442
TS,1132,-14.037863042689452
TS,1133,-14.018578100677784
TS,1134,-14.118426107680289
TS,1135,-14.23527303656831
TS,1136,-14.412417540358248
TS,1137,-14.033675965356606
TS,1138,-13.810569966686982
TS,1139,-13.908929697085965
TS,1140,-13.794332643551506
TS,1141,-13.566632085951717
TS,1142,-13.396029391174428
TS,1143,-13.202011588871523
TS,1144,-12.86154744382468
TS,1145,-12.43956167787155
TS,1146,-12.255816248399135
TS,1147,-11.936311846913201
TS,1148,-11.719023748705869
TS,1149,-11.506583441059789
TS,1150,-11.243140038640076
TS,1151,-11.089570982161087
TS,1152,-10.546205732477272
TS,1153,-10.294470121438886
TS,1154,-9.9167458854706823
TS,1155,-9.4773202520733868
TS,1156,-9.2507885003743517
TS,1157,-8.5660900781868623
TS,1158,-8.1888991226015087
TS,1159,-7.70691524199135
TS,1160,-6.9709456088207009
TS,1161,-6.7502441336661896
TS,1162,-6.3202524163854976
TS,1163,-5.8285731120239754
TS,1164,-5.2654991701798481
TS,1165,-5.0730887710159385
TS,1166,-4.6943677306112761
TS,1167,-4.2154260766499361
TS,1168,-3.8869254330361711
TS,1169,-3.6027079064360263
TS,1170,-3.078555948972221
TS,1171,-2.8726916196590588
TS,1172,-2.4199398754922385
TS,1173,-2.0787205205615034
TS,1174,-1.7244464527878447
TS,1175,-1.1933039425516976
TS,1176,-0.86870951503455651
TS,1177,-0.44016832506147885
TS,1178,0.25880677016233838
TS,1179,0.628980565771872
TS,1180,1.0679740573680825
TS,1181,1.2761724682608648
TS,1182,1.5953671141518386
TS,1183,2.0064812171430804
TS,1184,2.3510463562478443
TS,1185,2.7112895988033316
TS,1186,3.0582944575663089
TS,1187,3.4437063272995059
TS,1188,3.9925802216472848
TS,1189,4.2159406804460033
TS,1190,4.2714529990545724
TS,1191,4.6152921821251667
TS,1192,4.8993840358387875
TS,1193,5.1702268196443324
TS,1194,5.4587771572612853
TS,1195,5.660339256174213
TS,1196,5.6690067665763095
TS,1197,5.6409479784533145
TS,1198,5.6464141445325193
TS,1199,5.4218530935826106
TS,1200,4.9601625619813188
TS,1201,5.1104130273575983
TS,1202,4.8462827600557121
TS,1203,4.671561646408513
TS,1204,4.4921699977660419
TS,1205,4.2803217469871697
TS,1206,4.2335356667244257
TS,1207,4.0040395187418207
TS,1208,3.7762552075992959
TS,1209,3.4971619235200611
TS,1210,3.5665271279855495
TS,1211,3.1426531319616644
TS,1212,2.9115670704117211
TS,1213,2.6369397232346485
TS,1214,2.131236781695224
TS,1215,1.6725283963134654
TS,1216,1.4515604901642514
TS,1217,1.0450499770770429
TS,1218,0.69123456255146298
TS,1219,0.031021359038809905
TS,1220,-0.46958213627225043
TS,1221,-0.83327551001614197
TS,1222,-1.2358032462932107
TS,1223,-1.7694932983579976
TS,1224,-2.2354230755302105
TS,1225,-2.8228931046463108
TS,1226,-3.3731838346143257
TS,1227,-3.7964437782920819
TS,1228,-4.2191170766397184
TS,1229,-4.7056603960904395
TS,1230,-4.8964273444159989
TS,1231,-5.615993029036888
TS,1232,-5.820637848604048
TS,1233,-5.9189039395853467
TS,1234,-6.0243815541125363
TS,1235,-6.3912921002865231
TS,1236,-6.6514071779934945
TS,1237,-6.2097877037034674
TS,1238,-6.0842183349833592
TS,1239,-6.1168574525383912
TS,1240,-5.8594338580274581
TS,1241,-5.5917926708693253
TS,1242,-5.6603560173039345
TS,1243,-5.3230279516434607
TS,1244,-4.8398192899856713
TS,1245,-4.9939991775252963
TS,1246,-4.8299255982305427
TS,1247,-4.6032394359229407
TS,1248,-4.7308355422209312
TS,1249,-4.3149941786673054
TS,1250,-4.5295040580011365
TS,1251,-4.1582902726222901
TS,1252,-4.1065141370026179
TS,1253,-4.1821543930397427
TS,1254,-4.00601560834387
TS,1255,-4.1256843073368374
TS,1256,-4.0336774978978678
TS,1257,-4.1538260912982086
TS,1258,-3.9800555265742985
TS,1259,-4.0086468888648845
TS,1260,-3.8231894212309703
TS,1261,-3.7919539848489285
TS,1262,-3.6972713711523681
TS,1263,-3.5679667162114064
TS,1264,-3.3354859937094212
TS,1265,-3.0635326491146579
TS,1266,-2.9189375966022451
TS,1267,-2.6273198011667245
TS,1268,-2.7975349315040905
TS,1269,-2.2476408387048914
TS,1270,-2.3921913073093291
TS,1271,-2.0699407280221345
TS,1272,-1.629405076973433
TS,1273,-1.3690392251448658
TS,1274,-1.2155203479286849
TS,1275,-1.341052563240285
TS,1276,-0.78145561333217384
TS,1277,-1.0219855341743158
TS,1278,-0.93390112331278563
TS,1279,-0.8629032510495328
TS,1280,-0.74957918367250842
TS,1281,-0.67565526220360916
TS,1282,-0.74177066718226981
TS,1283,-1.1594210474369071
TS,1284,-0.96990800257143384
TS,1285,-1.0222042338289046
TS,1286,-1.1502135646994724
TS,1287,-1.3279967296929913
TS,1288,-1.4338001314642512
TS,1289,-1.6616197072505456
TS,1290,-1.8691721023828063
TS,1291,-1.6262161694216555
TS,1292,-1.8588886594380105
TS,1293,-1.6667195379856543
TS,1294,-1.7842455618241897
TS,1295,-1.815260568791119
TS,1296,-2.1806094158095322
TS,1297,-2.0255852969111601
TS,1298,-2.2196692870570622
TS,1299,-2.2254869601762994
TS,1300,-2.3389401886837824
TS,1301,-2.1681152469103755
TS,1302,-2.268139574631959
TS,1303,-2.3502957028199023
TS,1304,-2.3067909112838403
TS,1305,-2.5209847144901985
TS,1306,-2.0395910563281565
TS,1307,-2.1627514891528818
TS,1308,-2.2250700626043827
TS,1309,-2.0514703169945387
TS,1310,-1.7478828013338763
TS,1311,-1.8784112689992083
TS,1312,-1.5383409453758652
TS,1313,-1.5745464885349971
TS,1314,-1.2999597587397003
TS,1315,-1.2719927347090423
TS,1316,-1.7400271804335568
TS,1317,-1.1801596584526417
TS,1318,-0.58728247065517358
TS,1319,-0.80581840630330637
TS,1320,-0.68300263994086463
TS,1321,-0.6567608042848615
TS,1322,-0.53582230684641574
TS,1323,-0.50554807230494625
TS,1324,-0.29602045597113236
TS,1325,-0.46224689897557403
TS,1326,-0.63125565187840993
TS,1327,-0.37019311556872686
TS,1328,-0.48724975722971753
TS,1329,-0.36600822327794846
TS,1330,-0.45004788431929832
TS,1331,-0.36864137025196503
TS,1332,-0.68891436213991519
TS,1333,-0.36247389794740803
TS,1334,-0.64149234377815023
TS,1335,-0.76988226204963495
TS,1336,-0.79785385441464085
TS,1337,-0.81466222916707653
TS,1338,-1.0706067739442102
TS,1339,-1.4922567323860236
TS,1340,-1.7674623206076232
TS,1341,-1.7335655190483892
TS,1342,-1.9048722083505143
TS,1343,-2.3084722663939456
TS,1344,-2.5948913051344182
TS,1345,-2.647314849071742
TS,1346,-2.9236332714569837
TS,1347,-2.8287919766025893
TS,1348,-3.0958440413238395
TS,1349,-2.9832228380424013
TS,1350,-2.9912688366985174
TS,1351,-3.0361017938840527
TS,1352,-2.9989478341280038
TS,1353,-3.0361755889849507
TS,1354,-2.8300542232225085
TS,1355,-2.7690040660909974
TS,1356,-2.711670976298322
TS,1357,-2.5432152831735686
TS,1358,-2.4011682168587463
TS,1359,-2.4098232249110341
TS,1360,-2.4689172285509535
TS,1361,-2.2512892686803596
TS,1362,-2.2649404345639672
TS,1363,-2.1945118911147983
TS,1364,-2.004072371459602
TS,1365,-1.6873341656471601
TS,1366,-1.7969211804784948
TS,1367,-1.4328791175190922
TS,1368,-0.99929278059310767
TS,1369,-0.69939315605821628
TS,1370,-0.21643769491195963
TS,1371,0.094367956233233116
TS,1372,0.52230014240587941
TS,1373,0.81643106023038992
TS,1374,1.1743599871619053
TS,1375,1.5703342638803701
TS,1376,1.9184221697688948
TS,1377,2.1654484065795403
TS,1378,2.3375820525891635
TS,1379,2.3864291256662615
TS,1380,2.6138464569075999
TS,1381,2.8482219347963929
TS,1382,3.0714456288071426
TS,1383,3.1486223237078677
TS,1384,3.3771556420277333
TS,1385,3.3764581983451549
TS,1386,3.3997945190730898
TS,1387,3.6162192598151597
TS,1388,3.5894818835246323
TS,1389,3.6354899673131977
TS,1390,3.7974410280277553
TS,1391,3.8207229706305639
TS,1392,3.8238535505028652
TS,1393,3.8844103370067251
TS,1394,3.8741846405133802
TS,1395,3.7378386208216439
TS,1396,3.6447818546140924
TS,1397,3.5019252920158075
TS,1398,3.3563838673335513
TS,1399,3.1455060001094144
TS,1400,2.8950049670523126
TS,1401,2.6592858846321281
TS,1402,2.3925340788097182
TS,1403,2.1181292572806374
TS,1404,1.8293954872317542
TS,1405,1.6179146138277392
TS,1406,1.4311219917285123
TS,1407,1.2025493788204347
TS,1408,1.0211036858092568
TS,1409,0.71207097551938736
TS,1410,0.6583893260066439
TS,1411,0.40583898132146534
TS,1412,0.27536371097333467
TS,1413,0.15755791857798904
TS,1414,0.06591115844417042
TS,1415,-0.034956166620996931
TS,1416,-0.045876856165522194
TS,1417,-0.1110030478258795
TS,1418,-0.062596265568287637
TS,1419,-0.082622640823651353
TS,1420,-0.0073809107255850921
TS,1421,0.081719503224657236
TS,1422,0.21353492568592983
TS,1423,0.42195764671909342
TS,1424,0.69941226624318664
TS,1425,1.0342254478965205
TS,1426,1.4384576235954105
TS,1427,1.913608214405089
TS,1428,2.4513691284163266
TS,1429,3.0436652226900534
TS,1430,3.6167425039261478
TS,1431,4.2706142397374887
TS,1432,4.8065098553057934
TS,1433,5.3073769942240121
TS,1434,5.6719127196280743
TS,1435,5.9618483845850996
TS,1436,6.1235973887991255
TS,1437,6.1448686582587566
TS,1438,5.9985113885307948
TS,1439,5.7439388622666367
TS,1440,5.3109915125844926
TS,1441,4.8169503385872741
TS,1442,4.228145037321597
TS,1443,3.6412667390023294
TS,1444,2.9596497093795855
TS,1445,2.2707191370331588
TS,1446,1.6603054876874896
TS,1447,1.082311864734038
TS,1448,0.51026315500875175
TS,1449,0.063270829552110774
TS,1450,-0.32046199938427444
TS,1451,-0.65047866533558263
TS,1452,-0.94906275669367235
TS,1453,-1.1682592574999837
TS,1454,-1.3139236470336826
TS,1455,-1.4650179711898406
TS,1456,-1.552413633836907
TS,1457,-1.6228798417715473
TS,1458,-1.6489890748050995
TS,1459,-1.6286430102484641
TS,1460,-1.6687967884433828
TS,1461,-1.6411387131804214
TS,1462,-1.5842597059895218
TS,1463,-1.5455562612603815
TS,1464,-1.5027277816478353
TS,1465,-1.4350863793671855
TS,1466,-1.3719266253056157
TS,1467,-1.333119818450017
TS,1468,-1.2323342572108877
TS,1469,-1.1953376414440868
TS,1470,-1.1512555217047606
TS,1471,-1.0729693554792947
TS,1472,-0.98495734260310264
TS,1473,-0.94343446538495002
TS,1474,-0.84851323477016083
TS,1475,-0.79397055090246116
TS,1476,-0.73526926949979676
TS,1477,-0.64778327511575828
TS,1478,-0.58356311283236073
TS,1479,-0.503790731118265
TS,1480,-0.44551941361483571
TS,1481,-0.386134342493264
TS,1482,-0.31704284932354954
TS,1483,-0.28513850558640336
TS,1484,-0.22149589462668645
TS,1485,-0.14873353004052539
TS,1486,-0.092844423190490979
TS,1487,-0.051631185049579524
TS,1488,0.023223173674031393
TS,1489,0.12045159109054704
TS,1490,0.13217588644705533
TS,1491,0.20339979834471478
TS,1492,0.2736964583696766
TS,1493,0.33340290006159001
TS,1494,0.386050314270937
TS,1495,0.4414768334943085
TS,1496,0.4841446111865107
TS,1497,0.57420922721826895
TS,1498,0.62675962114475459
TS,1499,0.68170552992393174
TS,1500,0.78007324683892165
TS,1501,0.81713694420552174
TS,1502,0.85173470472905499
TS,1503,0.90103252554444657
TS,1504,0.97567576060361638
TS,1505,1.0315524832839145
TS,1506,1.083669167320146
TS,1507,1.1167642299129752
TS,1508,1.1962035912487883
TS,1509,1.2705865484093763
TS,1510,1.3088837196578753
TS,1511,1.3860051603984214
TS,1512,1.4631161350525121
TS,1513,1.5537002586357045
TS,1514,1.6016634700035532
TS,1515,1.7074704025743563
TS,1516,1.7596342542901451
TS,1517,1.8602575688630909
TS,1518,1.9057099882809576
TS,1519,1.990401956701374
TS,1520,2.0544964560600976
TS,1521,2.1433909436801564
TS,1522,2.1781278938911983
TS,1523,2.2432013604464931
TS,1524,2.2765396203759556
TS,1525,2.3100604614292242
TS,1526,2.3062667243771866
TS,1527,2.3480569583022399
TS,1528,2.3944073481390693
TS,1529,2.3763214830719734
TS,1530,2.375232952650093
TS,1531,2.3733330666274357
TS,1532,2.3393993592224405
TS,1533,2.3088504557245444
TS,1534,2.3043929638558183
TS,1535,2.2397940584329814
TS,1536,2.2100659876344895
TS,1537,2.1893228605369743
TS,1538,2.1228199781284203
TS,1539,2.076855499920895
TS,1540,2.027590544945574
TS,1541,1.9882913924311005
TS,1542,1.9581244961773712
TS,1543,1.9100195272514429
TS,1544,1.8702499358917464
TS,1545,1.9011078965856525
TS,1546,1.8509189636626924
TS,1547,1.8461900316569089
TS,1548,1.8314702352206373
TS,1549,1.8217137881012229
TS,1550,1.8019795818611601
TS,1551,1.8292422233214978
TS,1552,1.8452791704077931
TS,1553,1.8778777500808523
TS,1554,1.8691777961167084
TS,1555,1.94392392050652
TS,1556,1.9862595233735136
TS,1557,2.0013894985746297
TS,1558,2.0425651850504081
TS,1559,2.1519532806705395
TS,1560,2.2103762767787778
TS,1561,2.2947726878548877
TS,1562,2.395336685069906
TS,1563,2.4777808480832713
TS,1564,2.5507236027499745
TS,1565,2.6379116589418108
TS,1566,2.7124412719120601
TS,1567,2.7446059056047534
TS,1568,2.8369506511066498
TS,1569,2.8556407609154837
TS,1570,2.9335719401109306
TS,1571,3.0048940247269802
TS,1572,3.0516339451499759
TS,1573,3.1384945416175487
TS,1574,3.1805838482387601
TS,1575,3.2422308187201851
TS,1576,3.2887253560994192
TS,1577,3.341859332916794
TS,1578,3.4009217539017174
TS,1579,3.4961406963177466
TS,1580,3.5077174066200145
TS,1581,3.5928515730756514
TS,1582,3.6346927185481754
TS,1583,3.6554314649410746
TS,1584,3.6796899862262458
TS,1585,3.7269427588654129
TS,1586,3.7173784887747074
TS,1587,3.7571410918463242
TS,1588,3.8011189484665429
TS,1589,3.8302438547826188
TS,1590,3.8172176257449242
TS,1591,3.8502433408260535
TS,1592,3.8535450052164424
TS,1593,3.9223107279573082
TS,1594,3.9068517204806641
TS,1595,3.8937644984508317
TS,1596,3.8861784409382114
TS,1597,3.8684064689233897
TS,1598,3.869748281977182
TS,1599,3.8875377430349993
TS,1600,3.8778956143222469
TS,1601,3.8299395965333907
TS,1602,3.8312974459227007
TS,1603,3.8356296034052093
TS,1604,3.7892525077792087
TS,1605,3.8015473700257805
TS,1606,3.8018687792567629
TS,1607,3.8461471542220815
TS,1608,3.8577771224163326
TS,1609,3.8777955104360333
TS,1610,3.9061249131747884
TS,1611,3.908832415258884
TS,1612,3.8700523442416075
TS,1613,3.9043904803773133
TS,1614,3.9368060316506663
TS,1615,3.9112044770211298
TS,1616,3.9428014626194656
TS,1617,3.9550637118727785
TS,1618,3.9624884633055268
TS,1619,3.9268915358342138
TS,1620,3.8475180304821581
TS,1621,3.8850209269104075
TS,1622,3.8888969156541071
TS,1623,3.8739282705516627
TS,1624,3.8788582239855476
TS,1625,3.8460356854793734
TS,1626,3.8200874605586548
TS,1627,3.7638683117931238
TS,1628,3.7140017455873329
TS,1629,3.5834293281647756
TS,1630,3.5933925226719841
TS,1631,3.4985121817889917
TS,1632,3.3696019185938688
TS,1633,3.3448979046811473
TS,1634,3.3081184059051392
TS,1635,3.2070615404142138
TS,1636,3.1420630565698833
TS,1637,3.0880914463026246
TS,1638,2.9957687352950906
TS,1639,2.9065004896764495
TS,1640,2.820562376204073
TS,1641,2.7084984421968326
TS,1642,2.6349876854062027
TS,1643,2.4839461750025231
TS,1644,2.3334041291673135
TS,1645,2.1599523306261714
TS,1646,2.0138890812607713
TS,1647,1.8188891230399484
TS,1648,1.6139569009766614
TS,1649,1.4084820452152222
TS,1650,1.1191840765726269
TS,1651,0.90237309569480384
TS,1652,0.62577040554893248
TS,1653,0.35493130595928618
TS,1654,0.091114918567024125
TS,1655,-0.20102233946878575
TS,1656,-0.55814592426386489
TS,1657,-0.90800421970180056
TS,1658,-1.2824779642415938
TS,1659,-1.6200457161752742
TS,1660,-1.9716733277426306
TS,1661,-2.3857241025284281
TS,1662,-2.7272762643842201
TS,1663,-3.1120829812830504
TS,1664,-3.4514193191788132
TS,1665,-3.8012600129511527
TS,1666,-4.0257099350421601
TS,1667,-4.3183165632424707
TS,1668,-4.578891117651529
TS,1669,-4.6964889892637594
TS,1670,-4.8349946690545389
TS,1671,-4.8139451682929133
TS,1672,-4.9273398800199697
TS,1673,-4.8858383517814259
TS,1674,-4.7800197679435863
TS,1675,-4.5815176571446603
TS,1676,-4.3792246039485683
TS,1677,-4.0416774592662748
TS,1678,-3.7177377040150317
TS,1679,-3.3065430778213059
TS,1680,-2.8774870245704181
TS,1681,-2.4071205304455998
TS,1682,-1.8185175698121909
TS,1683,-1.3114754499432562
TS,1684,-0.79910146069350652
TS,1685,-0.32058607422816887
TS,1686,0.16878911349515122
TS,1687,0.47716443101274086
TS,1688,0.83269043372611184
TS,1689,1.012334884265671
TS,1690,1.0903405359040177
TS,1691,1.092448551181503
TS,1692,1.0352484323684017
TS,1693,0.89150746362203581
TS,1694,0.6624571228698195
TS,1695,0.39008881057122452
TS,1696,0.11246234607646284
TS,1697,-0.12360772291678342
TS,1698,-0.32727055803033045
TS,1699,-0.49128836904547341
TS,1700,-0.60421787330732857
TS,1701,-0.62225724214658018
TS,1702,-0.67256330233934147
TS,1703,-0.59576942696559831
TS,1704,-0.43657610322872337
TS,1705,-0.37280365630280432
TS,1706,-0.1847661382508026
TS,1707,-0.052024568536451134
TS,1708,0.11143587852343281
TS,1709,0.26095877648979204
TS,1710,0.35318965484254727
TS,1711,0.4845291558207141
TS,1712,0.59838263234946931
TS,1713,0.73628257305823674
TS,1714,0.86223666094191898
TS,1715,0.98737692447757897
TS,1716,1.1367850343687604
TS,1717,1.3374336364976709
TS,1718,1.5094594345811088
TS,1719,1.7702204714687759
TS,1720,2.0826523712156337
TS,1721,2.3709769799383809
TS,1722,2.8054353412950128
TS,1723,3.0780993871527467
TS,1724,3.4525934015093855
TS,1725,3.7195854840844182
TS,1726,4.0140886505385902
TS,1727,4.1557064372514034
TS,1728,4.3466940613521095
TS,1729,4.4557383167801232
TS,1730,4.5465091515915166
TS,1731,4.6718671384781514
TS,1732,4.6875273517624878
TS,1733,4.7620638227188197
TS,1734,4.742212260284477
TS,1735,4.7409841837121682
TS,1736,4.6759000929193704
TS,1737,4.6828007582754401
TS,1738,4.6298828954784526
TS,1739,4.5667789074286604
TS,1740,4.5472440997433878
TS,1741,4.4801125515290154
TS,1742,4.5313186780236441
TS,1743,4.3863575547606501
TS,1744,4.3595189892230133
TS,1745,4.3012326471501279
TS,1746,4.1730121337771973
TS,1747,4.1770465573536706
TS,1748,4.1188414636870601
TS,1749,4.0307548240654603
TS,1750,4.0307987803994898
TS,1751,4.0153689163143174
TS,1752,4.035564160416282
TS,1753,4.0426369666901518
TS,1754,4.1037651388097647
TS,1755,4.1521440475218707
TS,1756,4.2034851326798393
TS,1757,4.2865464022641868
TS,1758,4.3802696040866875
TS,1759,4.3931191271920706
TS,1760,4.4076114977381771
TS,1761,4.4125981004653196
TS,1762,4.3695342391913217
TS,1763,4.2970405380149916
TS,1764,4.1824135373964468
TS,1765,4.021317574995285
TS,1766,3.8953674151195306
TS,1767,3.6202902710314211
TS,1768,3.4647512850659057
TS,1769,3.2008188832523281
TS,1770,3.0103389634701125
TS,1771,2.7675976460447838
TS,1772,2.555660580965212
TS,1773,2.3293894957017001
TS,1774,2.141801006038627
TS,1775,2.0182147958060703
TS,1776,1.8768655644918308
TS,1777,1.8057182751240943
TS,1778,1.6813689886341137
TS,1779,1.5904619338272266
TS,1780,1.4614198153210964
TS,1781,1.4466951845927729
TS,1782,1.3209370947751027
TS,1783,1.2818121152507522
TS,1784,1.110009127225178
TS,1785,1.0517363238898327
TS,1786,0.91955452545847638
TS,1787,0.84989368562216894
TS,1788,0.80347763949624418
TS,1789,0.7175438507848706
TS,1790,0.72943888405434976
TS,1791,0.74279934201561881
TS,1792,0.71956271986676879
TS,1793,0.78401924834061509
TS,1794,0.79155706554528826
TS,1795,0.78719373418137273
TS,1796,0.84857656858939623
TS,1797,0.8624550015021395
TS,1798,0.81521537627364893
TS,1799,0.79202980902679665
TS,1800,0.75427397346475022
TS,1801,-0.48881286850924716
TS,1802,-0.56859561693267524
TS,1803,-0.63919778549069495
TS,1804,-0.65582644902591758
TS,1805,-0.85150114233884766
TS,1806,-0.86525267660796168
TS,1807,-0.94119198383773117
TS,1808,-0.97588861267822291
TS,1809,-0.95600721274946765
TS,1810,-0.92969761437592846
TS,1811,-0.88922457679915679
TS,1812,-0.8258111663026384
TS,1813,-0.83288329537629302
TS,1814,-0.70410909005099742
TS,1815,-0.60362256767043276
TS,1816,-0.5523223673136447
TS,1817,-0.47512365310084409
TS,1818,-0.35052783189260955
TS,1819,-0.34650587844054975
TS,1820,-0.29002255615833805
TS,1821,-0.2470320020990685
TS,1822,-0.19537101321958392
TS,1823,-0.13129872239011356
TS,1824,-0.1298601781879152
TS,1825,-0.19890742024407232
TS,1826,-0.23976208169261801
TS,1827,-0.25134729976525455
TS,1828,-0.28984433383655595
TS,1829,-0.33299309178199687
TS,1830,-0.3829432767281109
TS,1831,-0.41851323244952687
TS,1832,-0.51165847093321115
TS,1833,-0.50780278161481651
TS,1834,-0.52549119483355011
TS,1835,-0.61066857013229658
TS,1836,-0.64309244601998394
TS,1837,-0.58217532373800907
TS,1838,-0.63901237216748474
TS,1839,-0.53941363444541157
TS,1840,-0.5652681936904953
TS,1841,-0.48474575822318378
TS,1842,-0.41596788111003535
TS,1843,-0.41216286479062947
TS,1844,-0.31568029281286092
TS,1845,-0.22827728379718012
TS,1846,-0.18239502138881022
TS,1847,-0.086246754237017692
TS,1848,0.060182250225845439
TS,1849,0.14562322447258658
TS,1850,0.22357745620112254
TS,1851,0.3470526373119171
TS,1852,0.44153571160077842
TS,1853,0.60888907690918359
TS,1854,0.7549032624785148
TS,1855,0.83128662822731236
TS,1856,0.99595857344866368
TS,1857,1.1290513059265763
TS,1858,1.2638610755934527
TS,1859,1.4260029763335089
TS,1860,1.6522751945990766
TS,1861,1.8352295900441571
TS,1862,1.9581368715827494
TS,1863,2.2163931888415442
TS,1864,2.3158541704210851
TS,1865,2.5329283621266669
TS,1866,2.6088182861699201
TS,1867,2.765589103073204
TS,1868,2.9507710154676383
TS,1869,3.1818260169135049
TS,1870,3.3152323176762781
TS,1871,3.4784242447673166
TS,1872,3.6072245545684236
TS,1873,3.7347002849359274
TS,1874,3.8807768059613856
TS,1875,3.9733889243242571
TS,1876,4.0311288953666535
TS,1877,4.0723306872913705
TS,1878,4.106867685479541
TS,1879,4.0820477715019354
TS,1880,4.0856295708389956
TS,1881,4.0220033739975456
TS,1882,3.9419294478024947
TS,1883,3.8708391412099465
TS,1884,3.6814887220064461
TS,1885,3.5965712547393669
TS,1886,3.4176829352787612
TS,1887,3.1951701541526152
TS,1888,2.9528994097919803
TS,1889,2.6863144818942506
TS,1890,2.4392938754291307
TS,1891,2.1491781341842446
TS,1892,1.9050307611196005
TS,1893,1.5883339217903691
TS,1894,1.2946919029647983
TS,1895,0.91519214251419601
TS,1896,0.64365427698021971
TS,1897,0.27820271878365216
TS,1898,-0.071071404934798021
TS,1899,-0.40240638036047016
TS,1900,-0.73697441696016919
TS,1901,-1.056127547971248
TS,1902,-1.416562490896847
TS,1903,-1.7078020931751394
TS,1904,-1.9971022722924183
TS,1905,-2.297126056660264
TS,1906,-2.5509540064746887
TS,1907,-2.7775696938734424
TS,1908,-2.9841171930268438
TS,1909,-3.121840251036518
TS,1910,-3.3131005754640541
TS,1911,-3.4163506945792288
TS,1912,-3.5314493724466449
TS,1913,-3.6151322699915784
TS,1914,-3.6742525894170712
TS,1915,-3.7381647943697827
TS,1916,-3.7762069376248921
TS,1917,-3.7945946241122672
TS,1918,-3.7861719023107074
TS,1919,-3.7700830603404389
TS,1920,-3.7461473612506309
TS,1921,-3.7220262390715377
TS,1922,-3.6785726296492962
TS,1923,-3.6414245629673907
TS,1924,-3.6042805164023592
TS,1925,-3.5622027000345797
TS,1926,-3.5286736537953929
TS,1927,-3.4869020593885933
TS,1928,-3.4434739790116229
TS,1929,-3.3826781766209884
TS,1930,-3.3377493850378346
TS,1931,-3.2788335259514469
TS,1932,-3.2239355627970734
TS,1933,-3.1641307190691457
TS,1934,-3.0835046842301885
TS,1935,-3.0141665879661503
TS,1936,-2.9381961114703872
TS,1937,-2.8538839319471321
TS,1938,-2.7832534574130685
TS,1939,-2.7265786295024883
TS,1940,-2.625576346472291
TS,1941,-2.5466911895666158
TS,1942,-2.4819050085133552
TS,1943,-2.4006253597401623
TS,1944,-2.3510440552157137
TS,1945,-2.2758640748231893
TS,1946,-2.1921940062533962
TS,1947,-2.1358635415233063
TS,1948,-2.0759525416922502
TS,1949,-1.9993221890867754
TS,1950,-1.9352176803841052
TS,1951,-1.8952196782458464
TS,1952,-1.8475332752860811
TS,1953,-1.7960903946226767
TS,1954,-1.7440903680305686
TS,1955,-1.6993493322232123
TS,1956,-1.6522516997046117
TS,1957,-1.5963582235435922
TS,1958,-1.5275351288675416
TS,1959,-1.4561511398006075
TS,1960,-1.3825416611025438
TS,1961,-1.3256979060546332
TS,1962,-1.2540931260001928
TS,1963,-1.1904892032516596
TS,1964,-1.1134817942584831
TS,1965,-1.043480263479144
TS,1966,-0.97017413369684935
TS,1967,-0.89693428619084026
TS,1968,-0.82627474317866612
TS,1969,-0.79719571072378692
TS,1970,-0.74479109742053984
TS,1971,-0.68617020540126628
TS,1972,-0.63431558894279594
TS,1973,-0.57406393995482641
TS,1974,-0.52558605407865833
TS,1975,-0.46540784156863968
TS,1976,-0.38328215456604492
TS,1977,-0.33612734106773412
TS,1978,-0.27233721474836636
TS,1979,-0.20356820523401173
TS,1980,-0.13510091017393902
TS,1981,-0.047288262084379702
TS,1982,0.041443901648851915
TS,1983,0.14479828670074671
TS,1984,0.25174803919650823
TS,1985,0.35190506052734333
TS,1986,0.4682279453281662
TS,1987,0.56804056439688111
TS,1988,0.68779637004459404
TS,1989,0.81641659185847815
TS,1990,0.91565855867447254
TS,1991,1.0430366605088173
TS,1992,1.1352581757788691
TS,1993,1.2744200223273807
TS,1994,1.4066570432604393
TS,1995,1.5375093421264829
TS,1996,1.6889447903184942
TS,1997,1.830728639343238
TS,1998,1.9828334715253706
TS,1999,2.1634148813649454
TS,2000,2.3662554941388358
TS,2001,2.5753155200871172
TS,2002,2.805602213115391
TS,2003,3.0782515964966803
TS,2004,3.3288467831311621
TS,2005,3.5940903356961278
TS,2006,3.8623427146625291
TS,2007,4.1210033789680613
TS,2008,4.3382123770334697
TS,2009,4.5755901846148674
TS,2010,4.7656641529903609
TS,2011,4.9170076332840429
TS,2012,5.0152114924729387
TS,2013,5.1078968329246219
TS,2014,5.1405497008008432
TS,2015,5.0947585852483188
TS,2016,5.0348437361016778
TS,2017,4.9347274663039853
TS,2018,4.7965450826038438
TS,2019,4.6326601351940209
TS,2020,4.4740525284017512
TS,2021,4.2961706447129515
TS,2022,4.1509107715025522
TS,2023,4.0045708358721539
TS,2024,3.8645830973136697
TS,2025,3.7653603179023292
TS,2026,3.6492023841583912
TS,2027,3.5549478698822803
TS,2028,3.4908927182149116
TS,2029,3.4597071571215476
TS,2030,3.4508499357192108
TS,2031,3.4423500455412892
TS,2032,3.4516607805307258
TS,2033,3.4986264874498589
TS,2034,3.5427172808728251
TS,2035,3.643633622239975
TS,2036,3.69721093198521
TS,2037,3.803610917123101
TS,2038,3.9155937643402248
TS,2039,4.0484068485786944
TS,2040,4.1863767589664986
TS,2041,4.3667005388886295
TS,2042,4.5322721277584215
TS,2043,4.7263951347857667
TS,2044,4.910188449845398
TS,2045,5.0762694048949184
TS,2046,5.2485358775337598
TS,2047,5.4223196116360413
TS,2048,5.5696672033918908
TS,2049,5.7134621352261208
TS,2050,5.8115763288046836
TS,2051,5.9272812503122179
TS,2052,6.0181795079061091
TS,2053,6.0636085201719503
TS,2054,6.0989206171231221
TS,2055,6.1406173126155839
TS,2056,6.1662434937518862
TS,2057,6.2129377624060274
TS,2058,6.2333825309797888
TS,2059,6.2516379445313799
TS,2060,6.2941773228360383
TS,2061,6.3288542202893936
TS,2062,6.343932477270771
TS,2063,6.3787786359861309
TS,2064,6.4249669931407425
TS,2065,6.45324119765937
TS,2066,6.5033901735392412
TS,2067,6.5524448738417389
TS,2068,6.5764189523284831
TS,2069,6.597150362876957
TS,2070,6.5865923588394901
TS,2071,6.600367453653754
TS,2072,6.5852309183840969
TS,2073,6.5635581696326684
TS,2074,6.5236864475592578
TS,2075,6.4713763637353114
TS,2076,6.400611848247781
TS,2077,6.308583235443872
TS,2078,6.2000432356067199
TS,2079,6.0744276656747545
TS,2080,5.9295090264556984
TS,2081,5.795796218361005
TS,2082,5.6326540095744315
TS,2083,5.4719000404106941
TS,2084,5.3041587116172249
TS,2085,5.1270625924597768
TS,2086,4.9410399083256467
TS,2087,4.7352731383377797
TS,2088,4.5508184481326319
TS,2089,4.3554833573931777
TS,2090,4.150823861740891
TS,2091,3.9589298662574159
TS,2092,3.7701302042094671
TS,2093,3.5876865197474292
TS,2094,3.4014600097753624
TS,2095,3.2091727632384299
TS,2096,3.0422682387220101
TS,2097,2.8711512536632724
TS,2098,2.6865949941719207
TS,2099,2.492686713825973
TS,2100,2.3034022112874153
TS,2101,2.0995957125218268
TS,2102,1.8845158333293799
TS,2103,1.6430591051631169
TS,2104,1.3989753943177403
TS,2105,1.1411386727756674
TS,2106,0.89872940100229171
TS,2107,0.65326985504968971
TS,2108,0.41937511074159289
TS,2109,0.1917731581279398
TS,2110,-0.007213773521598619
TS,2111,-0.20189942232706265
TS,2112,-0.36878330499367284
TS,2113,-0.52500251252320784
TS,2114,-0.6762643551766826
TS,2115,-0.80380797983376451
TS,2116,-0.93059256003163116
TS,2117,-1.0348139742669802
TS,2118,-1.1312292956294117
TS,2119,-1.2378599490076367
TS,2120,-1.3061510892981698
TS,2121,-1.4052988846083043
TS,2122,-1.4790851383616153
TS,2123,-1.5539017482708535
TS,2124,-1.6143249441493914
TS,2125,-1.6698210085955176
TS,2126,-1.7144165294859453
TS,2127,-1.7911510024792709
TS,2128,-1.8386720029083252
TS,2129,-1.9057064436301341
TS,2130,-1.9638948689257054
TS,2131,-2.0287151757891917
TS,2132,-2.0823142529072527
TS,2133,-2.1529652255370828
TS,2134,-2.2105222305432131
TS,2135,-2.2625652977744068
TS,2136,-2.2911978716515136
TS,2137,-2.3137349610411886
TS,2138,-2.3402216204768957
TS,2139,-2.343048925094124
TS,2140,-2.3597013139980629
TS,2141,-2.3330646854537735
TS,2142,-2.3274232835363908
TS,2143,-2.2759198725209528
TS,2144,-2.205977401898207
TS,2145,-2.1544911397755326
TS,2146,-2.0975494976816984
TS,2147,-2.0074758521181604
TS,2148,-1.9477261108395529
TS,2149,-1.8777324189271547
TS,2150,-1.8594475758341114
TS,2151,-1.8069016409557563
TS,2152,-1.786854741701966
TS,2153,-1.771509128533908
TS,2154,-1.8085276896870794
TS,2155,-1.7942350160047247
TS,2156,-1.8393415763435026
TS,2157,-1.9026648006491151
TS,2158,-1.9555937046199157
TS,2159,-2.0469665319846269
TS,2160,-2.1132617826559277
TS,2161,-2.1633650960646618
TS,2162,-2.234310687525257
TS,2163,-2.3281148328123846
TS,2164,-2.4080540731346707
TS,2165,-2.4962151219248478
TS,2166,-2.5640687340873929
TS,2167,-2.6348493603178618
TS,2168,-2.6828738608399445
TS,2169,-2.7818233156985936
TS,2170,-2.8522701084466711
TS,2171,-2.9177659260532045
TS,2172,-3.0011441984848273
TS,2173,-3.0437605553810787
TS,2174,-3.0667625410740054
TS,2175,-3.0968351836387598
TS,2176,-3.092080163279427
TS,2177,-3.1100695453262945
TS,2178,-3.0648537007202075
TS,2179,-3.0449120072653009
TS,2180,-2.9882359772152909
TS,2181,-2.896649456792149
TS,2182,-2.8022142715654912
TS,2183,-2.7283618855959082
TS,2184,-2.6414047191065673
TS,2185,-2.5392752484010805
TS,2186,-2.4817113362507732
TS,2187,-2.3978745800346606
TS,2188,-2.342326195899036
TS,2189,-2.3380743525664744
TS,2190,-2.3242040304575289
TS,2191,-2.3474789596806942
TS,2192,-2.3553278274161538
TS,2193,-2.4216359904317595
TS,2194,-2.5176309195087554
TS,2195,-2.6058140134595877
TS,2196,-2.7258450640830758
TS,2197,-2.8349311719424772
TS,2198,-2.9579851801139094
TS,2199,-3.0823389235543606
TS,2200,-3.1707328977510856
TS,2201,-3.2633903581059878
TS,2202,-3.343022743949895
TS,2203,-3.4516706778903812
TS,2204,-3.5568053495393981
TS,2205,-3.6395465158968694
TS,2206,-3.7120403444090635
TS,2207,-3.7756600589282123
TS,2208,-3.8252589220886741
TS,2209,-3.8927085363900491
TS,2210,-3.9228842319546935
TS,2211,-3.9728658337814751
TS,2212,-4.0044848035575793
TS,2213,-4.0695493118456696
TS,2214,-4.1266495419771463
TS,2215,-4.1733838203181648
TS,2216,-4.2441050387464445
TS,2217,-4.3404865502491177
TS,2218,-4.4227428115115739
TS,2219,-4.4937884217515727
TS,2220,-4.5467456301923006
TS,2221,-4.6737027605377746
TS,2222,-4.7874229203074714
TS,2223,-4.8958190082066331
TS,2224,-4.9794100026979695
TS,2225,-5.1114156938646707
TS,2226,-5.2055076954840267
TS,2227,-5.352448288989641
TS,2228,-5.5210359152638837
TS,2229,-5.6561801449763465
TS,2230,-5.8547922141298994
TS,2231,-5.9937503416780205
TS,2232,-6.1884984513351542
TS,2233,-6.3501936267507411
TS,2234,-6.4611422932845155
TS,2235,-6.5969165688919977
TS,2236,-6.6775576172955917
TS,2237,-6.7622450993482177
TS,2238,-6.7665263282011345
TS,2239,-6.7448640943369327
TS,2240,-6.6848977645460339
TS,2241,-6.5816449535584116
TS,2242,-6.4553449391798887
TS,2243,-6.2954319882820613
TS,2244,-6.1396122281139336
TS,2245,-5.9446509032574992
TS,2246,-5.7436252071927933
TS,2247,-5.6034210894182728
TS,2248,-5.4564004496962486
TS,2249,-5.3579604849231295
TS,2250,-5.3173397713748631
TS,2251,-5.338093310304461
TS,2252,-5.3871611578643872
TS,2253,-5.4570770968120375
TS,2254,-5.5585057059310907
TS,2255,-5.6601897821117628
TS,2256,-5.7877200934475184
TS,2257,-5.9260441173387424
TS,2258,-6.089370696357137
TS,2259,-6.2017423795154274
TS,2260,-6.2900060521203507
TS,2261,-6.3736367317467133
TS,2262,-6.4018409250387274
TS,2263,-6.4488693577996132
TS,2264,-6.4256287166478714
TS,2265,-6.3748841370324927
TS,2266,-6.2756377543923882
TS,2267,-6.1545258873475293
TS,2268,-5.9727552297596995
TS,2269,-5.7703521663905981
TS,2270,-5.5703009340250267
TS,2271,-5.3451509794600174
TS,2272,-5.13514643704465
TS,2273,-4.9363245413456482
TS,2274,-4.7364463493253508
TS,2275,-4.5555194777009609
TS,2276,-4.4252508351591793
TS,2277,-4.3173389771857318
TS,2278,-4.2371901368455465
TS,2279,-4.1853722893269163
TS,2280,-4.1627055858947841
TS,2281,-4.0990810697825522
TS,2282,-4.0635570052085193
TS,2283,-3.9995325430499995
TS,2284,-3.9197277617853441
TS,2285,-3.838321587518378
TS,2286,-3.7210908532282616
TS,2287,-3.5698436715804509
TS,2288,-3.4165055398806894
TS,2289,-3.2721395708957925
TS,2290,-3.076608170707817
TS,2291,-2.8791782186550883
TS,2292,-2.6834348713494811
TS,2293,-2.4743540232272658
TS,2294,-2.2831673183524339
TS,2295,-2.078428750915438
TS,2296,-1.8563542378175579
TS,2297,-1.6580869706099941
TS,2298,-1.4432308083002392
TS,2299,-1.2126026883725931
TS,2300,-1.0070517570709396
TS,2301,-0.76601379768680833
TS,2302,-0.54608657253224913
TS,2303,-0.32623829940190918
TS,2304,-0.097476782620563238
TS,2305,0.1219496828336027
TS,2306,0.35542241794251422
TS,2307,0.5249493984449185
TS,2308,0.72597379610372459
TS,2309,0.93545839572473988
TS,2310,1.0958056925279949
TS,2311,1.2515708038133593
TS,2312,1.3605346124286513
TS,2313,1.4086266092538546
TS,2314,1.4300760822628518
TS,2315,1.4350992552540811
TS,2316,1.384248609923846
TS,2317,1.2838265630271963
TS,2318,1.1551292086454712
TS,2319,0.95614095136096222
TS,2320,0.73787306977616518
TS,2321,0.50101408000621817
TS,2322,0.26763044483137255
TS,2323,0.054637557227316759
TS,2324,-0.18784732204103752
TS,2325,-0.4143615434358035
TS,2326,-0.62916056544269783
TS,2327,-0.79781257486821877
TS,2328,-0.96024680181295086
TS,2329,-1.0906173820069585
TS,2330,-1.1947013908307498
TS,2331,-1.283685369106349
TS,2332,-1.380657245060547
TS,2333,-1.4519898871526755
TS,2334,-1.5298767648122107
TS,2335,-1.5595551556831655
TS,2336,-1.5792155517237079
TS,2337,-1.5729159272022912
TS,2338,-1.5311456921660105
TS,2339,-1.5090528258757427
TS,2340,-1.4874837468553703
TS,2341,-1.4339786840955073
TS,2342,-1.3793814546265406
TS,2343,-1.3208801941393498
TS,2344,-1.2667127532231377
TS,2345,-1.2101018467708224
TS,2346,-1.2241538063335975
TS,2347,-1.2566172680855994
TS,2348,-1.3140655121077818
TS,2349,-1.3919066585423128
TS,2350,-1.5217695850150019
TS,2351,-1.667579949419099
TS,2352,-1.802895519872141
TS,2353,-1.9403697842015337
TS,2354,-2.1545397097175192
TS,2355,-2.2711516873978637
TS,2356,-2.3757141871683163
TS,2357,-2.4178749051697479
TS,2358,-2.4448831891275709
TS,2359,-2.4671890870802504
TS,2360,-2.4507688484103736
TS,2361,-2.4047193120846084
TS,2362,-2.3095013879564577
TS,2363,-2.1815041248439675
TS,2364,-2.0897978564439978
TS,2365,-2.0245516964039001
TS,2366,-1.9853229438422744
TS,2367,-1.9027972977185776
TS,2368,-1.8557421827074319
TS,2369,-1.8376699164446
TS,2370,-1.8441930524397043
TS,2371,-1.872654873820746
TS,2372,-1.8685796391397056
TS,2373,-1.8748964024227488
TS,2374,-1.8730834962400167
TS,2375,-1.8805178588503122
TS,2376,-1.8913974630360328
TS,2377,-1.9156471594894948
TS,2378,-1.9151639628419133
TS,2379,-1.9607869821621127
TS,2380,-1.9551654057891148
TS,2381,-1.9145405342900719
TS,2382,-1.8807711397776528
TS,2383,-1.8453250311728502
TS,2384,-1.8107666269835605
TS,2385,-1.8294677486400899
TS,2386,-1.8007146807137133
TS,2387,-1.7624772176446508
TS,2388,-1.732064906404805
TS,2389,-1.6968288189404221
TS,2390,-1.6468983385824776
TS,2391,-1.564750006702998
TS,2392,-1.4795974923460635
TS,2393,-1.3733584725390426
TS,2394,-1.2224555055775559
TS,2395,-1.1243061647315631
TS,2396,-0.99696394468878724
TS,2397,-0.86866948653024101
TS,2398,-0.75721016079941239
TS,2399,-0.59639141090101322
TS,2400,-0.46442787606580016
TS,2401,-0.2852541314319143
TS,2402,-0.12380634612944387
TS,2403,0.082443455465155899
TS,2404,0.29831696903902966
TS,2405,0.48020192232571729
TS,2406,0.72416034978677823
TS,2407,0.94664832808870747
TS,2408,1.1709139334072969
TS,2409,1.4110338172764851
TS,2410,1.6050113336680032
TS,2411,1.8161618290645332
TS,2412,1.9944730339480314
TS,2413,2.143391694329166
TS,2414,2.3184390668194061
TS,2415,2.4386879303384297
TS,2416,2.4991103186917436
TS,2417,2.5623861271414601
TS,2418,2.5911971274429053
TS,2419,2.5549715588235808
TS,2420,2.4969910090202818
TS,2421,2.4463431988661672
TS,2422,2.3809830535375123
TS,2423,2.3103328022243557
TS,2424,2.2496648444010305
TS,2425,2.2196433391922872
TS,2426,2.154175973339687
TS,2427,2.0986708519051978
TS,2428,2.0286686281509194
TS,2429,1.8931993667337397
TS,2430,1.8226010696267112
TS,2431,1.7042591368092723
TS,2432,1.5506268457351537
TS,2433,1.4813564747127541
TS,2434,1.3472899534852567
TS,2435,1.2899314826322834
TS,2436,1.2438917860046876
TS,2437,1.1768480139604049
TS,2438,1.0439534146142648
TS,2439,0.89659199379562893
TS,2440,0.79311399031722807
TS,2441,0.67879889601043109
TS,2442,0.55133110057767187
TS,2443,0.46740289841136756
TS,2444,0.36765643242243218
TS,2445,0.23448247234388964
TS,2446,0.084059296301722292
TS,2447,0.022587659511201515
TS,2448,-0.058605408911789739
TS,2449,-0.13996544209553424
TS,2450,-0.17775409536011624
TS,2451,-0.26281694531330102
TS,2452,-0.36837141574561194
TS,2453,-0.33098229799363676
TS,2454,-0.33375798304899312
TS,2455,-0.30459340851734545
TS,2456,-0.28724360493401591
TS,2457,-0.30491964556669066
TS,2458,-0.29364259154615074
TS,2459,-0.22880505923864231
TS,2460,-0.22791560707194652
TS,2461,-0.30088904339962474
TS,2462,-0.34458853592764543
TS,2463,-0.43890674274817854
TS,2464,-0.47073810949194228
TS,2465,-0.42257185291878918
TS,2466,-0.42567141849422335
TS,2467,-0.43206617095078453
TS,2468,-0.41511947524461307
TS,2469,-0.44426289651100631
TS,2470,-0.42169729883339374
TS,2471,-0.33302756870054939
TS,2472,-0.28876726891861226
TS,2473,-0.22537296666315101
TS,2474,-0.19869638410729515
TS,2475,-0.17379913409802267
TS,2476,-0.1346674337689269
TS,2477,-0.12163368276028934
TS,2478,-0.057245191906671829
TS,2479,0.11644822545445267
TS,2480,0.18563010095847665
TS,2481,0.21310186825380178
TS,2482,0.22410274937755542
TS,2483,0.13289880299090787
TS,2484,0.07521339828454536
TS,2485,0.0078617643847347773
TS,2486,-0.043349258101649871
TS,2487,-0.17366365865841948
TS,2488,-0.18004066966335067
TS,2489,-0.071917207946426379
TS,2490,-0.10492541881829268
TS,2491,-0.1440587670505114
TS,2492,-0.19601743545396066
TS,2493,-0.40354120285731954
TS,2494,-0.39361788702123768
TS,2495,-0.22399185777315986
TS,2496,-0.16857046297204251
TS,2497,-0.025217517532509434
TS,2498,0.070669448784546438
TS,2499,-0.038114764503215243
TS,2500,-0.057793669665854405
CP,780,2.0100162120039342
CP,781,1.9451168229787632
CP,782,1.8820047956008392
CP,783,1.8181174931850459
CP,784,1.7644923585818792
CP,785,1.7021812179516091
CP,786,1.6436547733521361
CP,787,1.5932748501757856
CP,788,1.5393275260213086
CP,789,1.4995942765798618
CP,790,1.4373351044068168
CP,791,1.4033836620638911
CP,792,1.3614918050855751
CP,793,1.3160678719432821
CP,794,1.2687998732745642
CP,795,1.2266738745644183
CP,796,1.1909477531030102
CP,797,1.1637797130777803
CP,798,1.1077237623213454
CP,799,1.0687052518991589
CP,800,1.0362535019418035
CP,801,1.0004573157952892
CP,802,0.95705823900011011
CP,803,0.93840587276593379
CP,804,0.90427382169227033
CP,805,0.85167990124220028
CP,806,0.81943673290928121
CP,807,0.79742362040666281
CP,808,0.76797454132733101
CP,809,0.72741103028095055
CP,810,0.70173962478693408
CP,811,0.67596823720177812
CP,812,0.63666522900765476
CP,813,0.5955137526786668
CP,814,0.58041540625822619
CP,815,0.55844829274277397
CP,816,0.52306578549698879
CP,817,0.4808067351490119
CP,818,0.47501293053289051
CP,819,0.44187878589544538
CP,820,0.41097378228002446
CP,821,0.36964698633909049
CP,822,0.34910237706438635
CP,823,0.33288269656439706
CP,824,0.29944852465620175
CP,825,0.27536099074862563
CP,826,0.2628718707512791
CP,827,0.24252708949705487
CP,828,0.19524292416533581
CP,829,0.19009096168805156
CP,830,0.16987860212840328
CP,831,0.14674257586478262
CP,832,0.11090261647368892
CP,833,0.1018241786658572
CP,834,0.08407159906349701
CP,835,0.056291740677588117
CP,836,0.023461232487024187
CP,837,0.0041237652196428236
CP,838,-0.0025824510627087825
CP,839,-0.0043982133544822602
CP,840,-0.046656297311682894
CP,841,-0.075277281791774259
CP,842,-0.07686631952174193
CP,843,-0.077563959708850883
CP,844,-0.10989424611056473
CP,845,-0.13491114549154209
CP,846,-0.12898357145303022
CP,847,-0.15620036218106464
CP,848,-0.16675199450366959
CP,849,-0.19168712676013674
CP,850,-0.19749665031729161
CP,851,-0.19138714455698952
CP,852,-0.21990677096783881
CP,853,-0.25032476831641709
CP,854,-0.25887250517760035
CP,855,-0.2551226519100428
CP,856,-0.28949452121485486
CP,857,-0.30728882855503697
CP,858,-0.33665384421639405
CP,859,-0.33405744045315588
CP,860,-0.34937961096552078
CP,861,-0.38012753815251848
CP,862,-0.37899956613576408
CP,863,-0.38831268400659386
CP,864,-0.38285597923890952
CP,865,-0.41206235519072293
CP,866,-0.4273348781068409
CP,867,-0.43819593051444489
CP,868,-0.44624576731463961
CP,869,-0.45839276977625332
CP,870,-0.45944997385711844
CP,871,-0.48483389678923194
CP,872,-0.48510165673469841
CP,873,-0.48874292173252326
CP,874,-0.50711434382985265
CP,875,-0.50941176158218093
CP,876,-0.52147241726573068
CP,877,-0.53356783583438849
CP,878,-0.52558982603817161
CP,879,-0.52021295146562463
CP,880,-0.53901526272794087
CP,881,-0.55905969867386607
CP,882,-0.55839762791641701
CP,883,-0.56088159199897414
CP,884,-0.55554520355610493
CP,885,-0.56705663456525768
CP,886,-0.5915356799250866
CP,887,-0.58285322724578204
CP,888,-0.59514966242272005
CP,889,-0.60037347905596938
CP,890,-0.63104942771393957
CP,891,-0.64310028417362564
CP,892,-0.61542046366099812
CP,893,-0.64274649071461654
CP,894,-0.65283435120269828
CP,895,-0.66177657824351233
CP,896,-0.67384907380965942
CP,897,-0.67386038217959954
CP,898,-0.69965031814621703
CP,899,-0.71721337687072928
CP,900,-0.73236494531977814
CP,901,-0.7261346087445173
CP,902,-0.71961399594473008
CP,903,-0.7532219014871363
CP,904,-0.76214635869233005
CP,905,-0.75344636445582569
CP,906,-0.77363617582939059
CP,907,-0.77715966230156042
CP,908,-0.80755277512157053
CP,909,-0.80520104128228465
CP,910,-0.83073772855807548
CP,911,-0.82576670299503407
CP,912,-0.84182186363448586
CP,913,-0.87202095671809976
CP,914,-0.86339769096015995
CP,915,-0.8634345476886246
CP,916,-0.8813512775705824
CP,917,-0.8845793571342363
CP,918,-0.88991138061041597
CP,919,-0.90662232625012684
CP,920,-0.91377831161840339
CP,921,-0.89114859098670707
CP,922,-0.8563758159607775
CP,923,-0.8783389962864474
CP,924,-0.90767105631606215
CP,925,-0.90069756970445491
CP,926,-0.86228160022744871
CP,927,-0.90534021222829553
CP,928,-0.89074516058624809
CP,929,-0.91244330158866127
CP,930,-0.89026603408613003
CP,931,-0.8865991628681763
CP,932,-0.87407971222169689
CP,933,-0.87445983329438504
CP,934,-0.89777649056214948
CP,935,-0.86694993316345348
CP,936,-0.84910854557770565
CP,937,-0.82939373089981483
CP,938,-0.82372309937082389
CP,939,-0.86220699713134108
CP,940,-0.83919684101081893
CP,941,-0.83205738949444552
CP,942,-0.83453589639151848
CP,943,-0.81495993410630263
CP,944,-0.80442941007770585
CP,945,-0.80262312396762825
CP,946,-0.81736339006647973
CP,947,-0.78471626425720997
CP,948,-0.74973995501908519
CP,949,-0.74062462892105019
CP,950,-0.75008315027535777
CP,951,-0.73062909216009231
CP,952,-0.72198351885900813
CP,953,-0.69562768288741417
CP,954,-0.7109707407465663
CP,955,-0.68666280407577907
CP,956,-0.67976445086336379
CP,957,-0.64034462350030241
CP,958,-0.64737177443419058
CP,959,-0.65843526030041333
CP,960,-0.68404181356041294
CP,961,-0.6819804760183843
CP,962,-0.6879568322653592
CP,963,-0.66894443417414051
CP,964,-0.71318285098992762
CP,965,-0.7105306661887848
CP,966,-0.6879777163189934
CP,967,-0.75204366496193642
CP,968,-0.7355412744587293
CP,969,-0.76921192048708542
CP,970,-0.78317470608583895
CP,971,-0.79400555234839687
CP,972,-0.77684993396586821
CP,973,-0.80425918906482818
CP,974,-0.82935351690031678
CP,975,-0.83191934969760695
CP,976,-0.84440310451859668
CP,977,-0.86607869973725027
CP,978,-0.84569181777507818
CP,979,-0.8741308408089028
CP,980,-0.85441633796186678
CP,981,-0.84795757030509988
CP,982,-0.9210638504818941
CP,983,-0.90492101362993893
CP,984,-0.88769011023422695
CP,985,-0.90306207907561076
CP,986,-0.93646918393691003
CP,987,-0.95450404097598995
CP,988,-0.92507639729065727
CP,989,-0.93566818919315575
CP,990,-1.0011203757888059
CP,991,-0.95497020842928237
CP,992,-0.98257033381794023
CP,993,-0.98489445818826105
CP,994,-0.96349000416561814
CP,995,-0.99885788393348063
CP,996,-0.96830527887069384
CP,997,-0.91567035511797934
CP,998,-0.90880981336818423
CP,999,-0.888937261882907
CP,1000,-0.91008246299283624
CP,1001,-1.6424763466793504
CP,1002,-1.6472193088158313
CP,1003,-1.6429830386254953
CP,1004,-1.638505004093942
CP,1005,-1.6244699347044542
CP,1006,-1.622461424135432
CP,1007,-1.5693165438366217
CP,1008,-1.5481814978345159
CP,1009,-1.5585372238913402
CP,1010,-1.5514470481615614
CP,1011,-1.5546126987935716
CP,1012,-1.5634772156186871
CP,1013,-1.5489116535636882
CP,1014,-1.4953372635694255
CP,1015,-1.4647060454490632
CP,1016,-1.4734666344909626
CP,1017,-1.4498662240784967
CP,1018,-1.4403532754110997
CP,1019,-1.4112679190864212
CP,1020,-1.3657838401133502
CP,1021,-1.3187279832033802
CP,1022,-1.3083009904697114
CP,1023,-1.2806740122378046
CP,1024,-1.3001458529828178
CP,1025,-1.2633492592467777
CP,1026,-1.2212256528258789
CP,1027,-1.1851273818766466
CP,1028,-1.1819454549598436
CP,1029,-1.1541881514042953
CP,1030,-1.1264083115609294
CP,1031,-1.0299964017963048
CP,1032,-1.0095545609828984
CP,1033,-0.97785206676955183
CP,1034,-0.96051282415035322
CP,1035,-0.90683486063860352
CP,1036,-0.90209631013796943
CP,1037,-0.88731657334853131
CP,1038,-0.80262637118796276
CP,1039,-0.77947380242689057
CP,1040,-0.76243610786811478
CP,1041,-0.66480257929203479
CP,1042,-0.64031239348506119
CP,1043,-0.61268882199863972
CP,1044,-0.54691126964991121
CP,1045,-0.54543078450290261
CP,1046,-0.49241554776722396
CP,1047,-0.45240749433821609
CP,1048,-0.46839599272564758
CP,1049,-0.40433897055281409
CP,1050,-0.37466048064134816
CP,1051,-0.38656151705655456
CP,1052,-0.36205454164016482
CP,1053,-0.27280355049752603
CP,1054,-0.24246663685554992
CP,1055,-0.23526656089246398
CP,1056,-0.20457344339902764
CP,1057,-0.18640629218355056
CP,1058,-0.17240173193416167
CP,1059,-0.14222828634950263
CP,1060,-0.13332104749467957
CP,1061,-0.13645814176131729
CP,1062,-0.10372398194622127
CP,1063,-0.071161474878129516
CP,1064,-0.053337623316766787
CP,1065,-0.017042006191782196
CP,1066,0.0011908464762598304
CP,1067,0.019511630558195808
CP,1068,0.10644210463764736
CP,1069,0.12072160211305559
CP,1070,0.13422634346690188
CP,1071,0.17630683993493504
CP,1072,0.21149850842731541
CP,1073,0.25344571318178527
CP,1074,0.29041591714883536
CP,1075,0.30860439857495642
CP,1076,0.3348762639957365
CP,1077,0.35483453914598545
CP,1078,0.40571016839866686
CP,1079,0.50250937538424112
CP,1080,0.55733839917360672
CP,1081,0.61474294760611248
CP,1082,0.64537695999520117
CP,1083,0.67575730661889977
CP,1084,0.69096206696024465
CP,1085,0.73728785580171274
CP,1086,0.81258607884409573
CP,1087,0.82395113152243782
CP,1088,0.88498662614743495
CP,1089,0.94177069732733354
CP,1090,0.97487102501220935
CP,1091,1.0632885342478786
CP,1092,1.078366103700088
CP,1093,1.0742517632346775
CP,1094,1.1683042012008475
CP,1095,1.1832693346719194
CP,1096,1.195190777571439
CP,1097,1.2795146719377386
CP,1098,1.3319776284265543
CP,1099,1.3636271064080943
CP,1100,1.431393994156694
CP,1101,1.4820040528002019
CP,1102,1.5301818689026359
CP,1103,1.6138101430400726
CP,1104,1.6014863185528205
CP,1105,1.6565305636069392
CP,1106,1.6453974352323859
CP,1107,1.7034628344903702
CP,1108,1.6739828993254062
CP,1109,1.738052244863018
CP,1110,1.7955722568827859
CP,1111,1.8180846913126056
CP,1112,1.7988821434789657
CP,1113,1.8047502046306823
CP,1114,1.8113585303849793
CP,1115,1.8035160556575345
CP,1116,1.7648643302499967
CP,1117,1.7314034599794308
CP,1118,1.7270025313383346
CP,1119,1.6511568992866352
CP,1120,1.5813018607973395
CP,1121,1.5350704674817852
CP,1122,1.4741579504043711
CP,1123,1.4508237429294688
CP,1124,1.3794431633636615
CP,1125,1.3475370526320349
CP,1126,1.2593278190666555
CP,1127,1.1447774565062592
CP,1128,1.0805093638620267
CP,1129,1.0279200046574717
CP,1130,0.96144459829454321
CP,1131,0.89678717460023083
CP,1132,0.85081718365292425
CP,1133,0.86835885947268687
CP,1134,0.89276622291821339
CP,1135,0.86783339243939406
CP,1136,0.85150995101743654
CP,1137,0.8134579369271886
CP,1138,0.86034655994447917
CP,1139,0.89517776327898291
CP,1140,0.96325109759835215
CP,1141,0.9659866211035627
CP,1142,1.0521667099856977
CP,1143,1.0564853741834523
CP,1144,1.0806543817952448
CP,1145,1.124423841548472
CP,1146,1.1626305099018854
CP,1147,1.1244803375223154
CP,1148,1.1891711510567402
CP,1149,1.1696116198201953
CP,1150,1.1646928346440364
CP,1151,1.2022262080076882
CP,1152,1.2430505187216572
CP,1153,1.1737832850833427
CP,1154,1.2285179878438095
CP,1155,1.2414475363530488
CP,1156,1.1913523704836468
CP,1157,1.1589062060866329
CP,1158,1.2909483201866199
CP,1159,1.3263207498638456
CP,1160,1.3885068658980364
CP,1161,1.3770843124755994
CP,1162,1.4348095036876765
CP,1163,1.4123668398610174
CP,1164,1.4231097470662857
CP,1165,1.5597415887268919
CP,1166,1.5890598987326003
CP,1167,1.6379456837700908
CP,1168,1.7288054372220611
CP,1169,1.84091578185576
CP,1170,1.8350386097835878
CP,1171,1.8221231442441528
CP,1172,1.8619976481929079
CP,1173,1.9017269857461567
CP,1174,1.9813135076662998
CP,1175,2.0408408865479908
CP,1176,2.0492482112421002
CP,1177,2.0965207079942503
CP,1178,2.1948107390192169
CP,1179,2.1841499675064968
CP,1180,2.2107528599417821
CP,1181,2.1921471548796871
CP,1182,2.2381146243122716
CP,1183,2.239062950112551
CP,1184,2.1867842548867995
CP,1185,2.1983152912644091
CP,1186,2.0667524018336416
CP,1187,2.0749892524149645
CP,1188,2.0645660392775063
CP,1189,1.9550988433528496
CP,1190,1.9543084604423586
CP,1191,1.8799338909410996
CP,1192,1.8380230582042698
CP,1193,1.7118345785077791
CP,1194,1.6422407268997292
CP,1195,1.5939502617043171
CP,1196,1.4784721386368433
CP,1197,1.4115950003185094
CP,1198,1.3416146414201682
CP,1199,1.2481871054415572
CP,1200,1.1602107113897544
CP,1201,1.1246672438895757
CP,1202,1.0414807555662491
CP,1203,0.90146432557638945
CP,1204,0.84414969378299498
CP,1205,0.7987981913642711
CP,1206,0.70282423390968651
CP,1207,0.587695814785264
CP,1208,0.51839182597489863
CP,1209,0.40163951131478814
CP,1210,0.30611525924151933
CP,1211,0.22557923950802919
CP,1212,0.1187875337327214
CP,1213,-0.036541976771749411
CP,1214,-0.088917211780555228
CP,1215,-0.24785378107534534
CP,1216,-0.38155776062202851
CP,1217,-0.529553142350909
CP,1218,-0.60578383637018363
CP,1219,-0.73253085607224278
CP,1220,-0.86472700049070617
CP,1221,-1.0153105497449149
CP,1222,-1.1525857023597355
CP,1223,-1.3077829219275883
CP,1224,-1.4295318530325889
CP,1225,-1.5799746199263995
CP,1226,-1.6278425144574447
CP,1227,-1.7162547716314649
CP,1228,-1.8485008199669324
CP,1229,-1.9133888542093545
CP,1230,-1.9315563435136469
CP,1231,-2.0338074946916911
CP,1232,-2.0347162509017025
CP,1233,-2.0803691886047981
CP,1234,-2.0439915059922829
CP,1235,-2.1417654822039016
CP,1236,-2.0577843902577921
CP,1237,-2.0400066600718385
CP,1238,-1.908103793270888
CP,1239,-1.9143113489612884
CP,1240,-1.7724360948097944
CP,1241,-1.7367825947310163
CP,1242,-1.6650706864028739
CP,1243,-1.5730336491552603
CP,1244,-1.5333390125710253
CP,1245,-1.5280827735957621
CP,1246,-1.4129496202631637
CP,1247,-1.4029084884744629
CP,1248,-1.2973272773332198
CP,1249,-1.2508263324573701
CP,1250,-1.2156555037533412
CP,1251,-1.1557658394414327
CP,1252,-1.0706025059406066
CP,1253,-1.0032528145805455
CP,1254,-0.94463865301882877
CP,1255,-0.96168560822065285
CP,1256,-0.88933804063382371
CP,1257,-0.84878730583333684
CP,1258,-0.71640915418150275
CP,1259,-0.69197434900978472
CP,1260,-0.61234578260190176
CP,1261,-0.53517961342287124
CP,1262,-0.5838785134300184
CP,1263,-0.4883042311925781
CP,1264,-0.47197176755105452
CP,1265,-0.45694773849864739
CP,1266,-0.36610565421960223
CP,1267,-0.31466769369439479
CP,1268,-0.26034316142802438
CP,1269,-0.27427873737977959
CP,1270,-0.16154228092090828
CP,1271,-0.11692596286320039
CP,1272,0.048984609809457083
CP,1273,0.074155264314956837
CP,1274,0.14606247223930457
CP,1275,0.27000427850230335
CP,1276,0.31461434625373447
CP,1277,0.41123090652957395
CP,1278,0.49344434978557661
CP,1279,0.67532547891758898
CP,1280,0.6847892498103042
CP,1281,0.85786182358540652
CP,1282,0.98090287328491688
CP,1283,0.98329672139245516
CP,1284,1.192928891448177
CP,1285,1.2762996720156252
CP,1286,1.3897287578378947
CP,1287,1.4989021053971749
CP,1288,1.6308134930587781
CP,1289,1.7321890149305497
CP,1290,1.8551168600003245
CP,1291,1.9649569447259216
CP,1292,2.1128262554041584
CP,1293,2.241859400034198
CP,1294,2.2359236565517451
CP,1295,2.3052097217444141
CP,1296,2.4988251639766621
CP,1297,2.5749495747775279
CP,1298,2.6824576326220311
CP,1299,2.687272798231771
CP,1300,2.7910104630579071
CP,1301,2.9012621257636169
CP,1302,2.8811127914928756
CP,1303,2.9833941735282408
CP,1304,3.0825881793527086
CP,1305,3.0970559707261613
CP,1306,3.0936989707184597
CP,1307,3.1846923232173263
CP,1308,3.1741190877494154
CP,1309,3.2341091964421591
CP,1310,3.2225253051882814
CP,1311,3.2469799682015386
CP,1312,3.2238027214502507
CP,1313,3.3121004334982036
CP,1314,3.2510586791635934
CP,1315,3.2682230097417899
CP,1316,3.2688975820367245
CP,1317,3.2135331799964648
CP,1318,3.2385334515138293
CP,1319,3.1261135046173769
CP,1320,3.0587294356047057
CP,1321,2.9253705035958912
CP,1322,2.9412074091755342
CP,1323,2.9088576232302934
CP,1324,2.774621308563765
CP,1325,2.7247711691338399
CP,1326,2.5876954520176354
CP,1327,2.5146138817211954
CP,1328,2.4029398717833228
CP,1329,2.3019201607038791
CP,1330,2.1664257909184759
CP,1331,2.0444290308664042
CP,1332,1.9525730396496146
CP,1333,1.7599584000673656
CP,1334,1.6000374372801691
CP,1335,1.5179667083602812
CP,1336,1.3257871380560273
CP,1337,1.1361267094736229
CP,1338,1.0458975224795353
CP,1339,0.7888835888994129
CP,1340,0.62293240591305687
CP,1341,0.40309618062337921
CP,1342,0.23154133151732834
CP,1343,-0.065446372939132316
CP,1344,-0.16752107749242814
CP,1345,-0.4647260403365549
CP,1346,-0.63639524603631292
CP,1347,-0.79358253783056887
CP,1348,-1.033435647727126
CP,1349,-1.1606019926126612
CP,1350,-1.301166054541198
CP,1351,-1.5110500580158561
CP,1352,-1.6284478515084886
CP,1353,-1.7208941936039912
CP,1354,-1.8925261566355402
CP,1355,-2.0413482607362221
CP,1356,-2.1361574299778221
CP,1357,-2.2768716889338934
CP,1358,-2.3462639588794718
CP,1359,-2.4874678339162357
CP,1360,-2.6391702641963222
CP,1361,-2.7118562577756755
CP,1362,-2.7894777330820695
CP,1363,-2.8772812516649409
CP,1364,-2.9236095428275224
CP,1365,-2.9927290190493236
CP,1366,-2.9803823490794561
CP,1367,-3.0329171522903673
CP,1368,-3.0135326169011609
CP,1369,-2.92624291238144
CP,1370,-2.89059624022509
CP,1371,-2.8183145660390365
CP,1372,-2.76896556381968
CP,1373,-2.659082093523419
CP,1374,-2.6168119107966694
CP,1375,-2.5014075424025961
CP,1376,-2.4422172510666962
CP,1377,-2.2851122003960915
CP,1378,-2.1842658163499782
CP,1379,-2.0903287781935433
CP,1380,-1.9846140716393161
CP,1381,-1.912324111788221
CP,1382,-1.8274799372995245
CP,1383,-1.7245349057840167
CP,1384,-1.6304973341973898
CP,1385,-1.5766496893574047
CP,1386,-1.4518206077852032
CP,1387,-1.4188509266204901
CP,1388,-1.3392119892661911
CP,1389,-1.275206412877026
CP,1390,-1.1996853010932156
CP,1391,-1.1537229611890523
CP,1392,-1.105248474805187
CP,1393,-1.0957353124266991
CP,1394,-1.0580677575560131
CP,1395,-1.0791792049909066
CP,1396,-1.0489821824989927
CP,1397,-1.0557779036633523
CP,1398,-1.0429244351658267
CP,1399,-1.0494705936538875
CP,1400,-1.0088231264798786
CP,1401,-1.0230386700252891
CP,1402,-1.0170913064229703
CP,1403,-1.0520298030861728
CP,1404,-1.017247264386514
CP,1405,-1.0136165886457769
CP,1406,-1.0381256936469205
CP,1407,-1.0458103129144387
CP,1408,-1.0229192888394432
CP,1409,-1.0165339139106457
CP,1410,-1.0284234881905894
CP,1411,-1.0184833531935251
CP,1412,-1.0098267655625437
CP,1413,-1.0099208481175772
CP,1414,-1.0013647663371326
CP,1415,-1.0000564365139799
CP,1416,-1.0003928196152008
CP,1417,-0.98789695108087083
CP,1418,-0.97026956218365457
CP,1419,-0.96151548915111473
CP,1420,-0.92942429562751627
CP,1421,-0.92514903902995294
CP,1422,-0.89577364920370006
CP,1423,-0.87626753679189717
CP,1424,-0.8412549876462565
CP,1425,-0.80013650156301463
CP,1426,-0.74567887277506184
CP,1427,-0.68364816454333333
CP,1428,-0.63166818655159962
CP,1429,-0.57900790539145974
CP,1430,-0.52260738649745675
CP,1431,-0.46995056458280737
CP,1432,-0.41004091043738344
CP,1433,-0.35974359742674644
CP,1434,-0.3120522701695535
CP,1435,-0.28698919099208153
CP,1436,-0.25940850444086644
CP,1437,-0.25176496947907773
CP,1438,-0.24438361992802474
CP,1439,-0.26015355644543514
CP,1440,-0.27878875586510071
CP,1441,-0.32086458699251824
CP,1442,-0.35158488296214896
CP,1443,-0.38748701231511301
CP,1444,-0.428065951945513
CP,1445,-0.47042059046677254
CP,1446,-0.51911231784915424
CP,1447,-0.5690383165438192
CP,1448,-0.59908995851781555
CP,1449,-0.63012280325530567
CP,1450,-0.66331338862043165
CP,1451,-0.68009693908609092
CP,1452,-0.70813232855164188
CP,1453,-0.71850936425298528
CP,1454,-0.72365891966219442
CP,1455,-0.73461738748423355
CP,1456,-0.74629590608852558
CP,1457,-0.75464486048865542
CP,1458,-0.76221385901727134
CP,1459,-0.76975332567764576
CP,1460,-0.77474854860840925
CP,1461,-0.77719358181392195
CP,1462,-0.77481793353338146
CP,1463,-0.79114074673481305
CP,1464,-0.78006198462728693
CP,1465,-0.78575464154801655
CP,1466,-0.78722608789616588
CP,1467,-0.79114491864834813
CP,1468,-0.79573212329357335
CP,1469,-0.79932976754872265
CP,1470,-0.81081576901520824
CP,1471,-0.82224614114457639
CP,1472,-0.81708029214483402
CP,1473,-0.82646928024096711
CP,1474,-0.8357667103651113
CP,1475,-0.85166735868317234
CP,1476,-0.84846609355929092
CP,1477,-0.85330637323157532
CP,1478,-0.86151537241096987
CP,1479,-0.86294112092111208
CP,1480,-0.8727100154873112
CP,1481,-0.87158214493364405
CP,1482,-0.88815666771683477
CP,1483,-0.87980997430756891
CP,1484,-0.88419254008518189
CP,1485,-0.88676377735344836
CP,1486,-0.89447493077249263
CP,1487,-0.88210527898724467
CP,1488,-0.88983658440854763
CP,1489,-0.89754939764605091
CP,1490,-0.89497330056467306
CP,1491,-0.89135017431193075
CP,1492,-0.89144613248865079
CP,1493,-0.89730947362793378
CP,1494,-0.901700095980428
CP,1495,-0.90112044863822083
CP,1496,-0.90019705885448387
CP,1497,-0.89636797499473408
CP,1498,-0.90197024511134283
CP,1499,-0.89764897564792179
CP,1500,-0.88662788420196503
CP,1501,-0.88984274476221203
CP,1502,-0.89279361339485608
CP,1503,-0.88413687353348513
CP,1504,-0.89006004730784916
CP,1505,-0.89457852737689658
CP,1506,-0.88304807024086063
CP,1507,-0.88234272667873814
CP,1508,-0.88623149189682526
CP,1509,-0.87338837063958874
CP,1510,-0.86960649102309551
CP,1511,-0.86540695200629225
CP,1512,-0.85489508644776857
CP,1513,-0.84420954442210194
CP,1514,-0.83716531852114484
CP,1515,-0.81838298543638377
CP,1516,-0.8172209653299215
CP,1517,-0.80979437094709628
CP,1518,-0.79489682812769413
CP,1519,-0.78871777541908228
CP,1520,-0.78733269408823991
CP,1521,-0.77174110864723833
CP,1522,-0.76088249107762307
CP,1523,-0.75854700876945547
CP,1524,-0.75274000474794089
CP,1525,-0.75494265246673531
CP,1526,-0.74195938586404797
CP,1527,-0.74288252341855798
CP,1528,-0.73454167861906361
CP,1529,-0.74865832455709114
CP,1530,-0.73521880882984303
CP,1531,-0.72881601360082759
CP,1532,-0.73508023108378773
CP,1533,-0.73495061439626164
CP,1534,-0.74338781738972548
CP,1535,-0.74689433932365068
CP,1536,-0.75390489280296613
CP,1537,-0.75202739255512641
CP,1538,-0.75547852910928315
CP,1539,-0.76183999932059177
CP,1540,-0.77152786908222049
CP,1541,-0.77953795677016358
CP,1542,-0.77474088376988337
CP,1543,-0.7813315706775964
CP,1544,-0.7763259304529021
CP,1545,-0.76753067841034184
CP,1546,-0.76976412014549178
CP,1547,-0.7620262519447909
CP,1548,-0.76625830959818375
CP,1549,-0.77248486133131422
CP,1550,-0.76601352383121346
CP,1551,-0.76073546592439034
CP,1552,-0.75810441187633526
CP,1553,-0.76308229910401337
CP,1554,-0.75152557339789061
CP,1555,-0.74857646271511724
CP,1556,-0.72918811257223726
CP,1557,-0.72481727136273821
CP,1558,-0.72134867875641417
CP,1559,-0.71758881967572585
CP,1560,-0.699462813737591
CP,1561,-0.69092017395650673
CP,1562,-0.67736709994486211
CP,1563,-0.67887885837823148
CP,1564,-0.66003578894206405
CP,1565,-0.6460068356073746
CP,1566,-0.64495706870951974
CP,1567,-0.63776409143695956
CP,1568,-0.62743808649833899
CP,1569,-0.62810222628856482
CP,1570,-0.61707365606505438
CP,1571,-0.61947572276790686
CP,1572,-0.61509163362710584
CP,1573,-0.61027760968044364
CP,1574,-0.60000002549555231
CP,1575,-0.59680658475688098
CP,1576,-0.59515112458983888
CP,1577,-0.58365528012479362
CP,1578,-0.589987204491634
CP,1579,-0.57549228569683974
CP,1580,-0.57231292631271968
CP,1581,-0.57063085731449836
CP,1582,-0.57145648229122414
CP,1583,-0.57236792132732672
CP,1584,-0.57646884748754013
CP,1585,-0.57656362779934167
CP,1586,-0.57637133798918339
CP,1587,-0.57511861686004806
CP,1588,-0.57230848108920862
CP,1589,-0.57083851193665092
CP,1590,-0.55891223286517688
CP,1591,-0.55536280234855151
CP,1592,-0.55511363762382426
CP,1593,-0.54697721195726845
CP,1594,-0.5341668498415606
CP,1595,-0.53103267638753582
CP,1596,-0.52064846049334335
CP,1597,-0.5220346530629425
CP,1598,-0.50743750301607993
CP,1599,-0.49935869369569041
CP,1600,-0.48937094027786748
CP,1601,-0.46664424463160531
CP,1602,-0.45716463059434176
CP,1603,-0.44744716514938576
CP,1604,-0.4267603384369954
CP,1605,-0.41978071457197463
CP,1606,-0.40203212556443557
CP,1607,-0.3877786958757965
CP,1608,-0.37337777534260647
CP,1609,-0.34516427423892909
CP,1610,-0.33176014758392897
CP,1611,-0.31067989149251257
CP,1612,-0.3160502194413165
CP,1613,-0.28039073667902736
CP,1614,-0.26997331486509618
CP,1615,-0.25409261180234549
CP,1616,-0.23331287602999184
CP,1617,-0.23250649965841202
CP,1618,-0.22164797981004222
CP,1619,-0.2076890167443417
CP,1620,-0.19545928442891874
CP,1621,-0.18989025712257207
CP,1622,-0.17279376006719127
CP,1623,-0.14882557592258247
CP,1624,-0.13509276032847622
CP,1625,-0.12878277191403559
CP,1626,-0.10567804848425524
CP,1627,-0.10759242410553099
CP,1628,-0.10215016202776395
CP,1629,-0.1055274695320864
CP,1630,-0.1085845464194312
CP,1631,-0.1000673686276614
CP,1632,-0.10147051659249769
CP,1633,-0.12378420067500141
CP,1634,-0.12585654714929281
CP,1635,-0.13860554260086999
CP,1636,-0.14061400224319734
CP,1637,-0.14533767924597626
CP,1638,-0.16014402139957332
CP,1639,-0.15199555608818652
CP,1640,-0.1573457956986738
CP,1641,-0.17165845775955083
CP,1642,-0.17737020350769295
CP,1643,-0.1983543063175521
CP,1644,-0.21879559205924914
CP,1645,-0.23566783066223526
CP,1646,-0.27418728279661775
CP,1647,-0.3080611215642155
CP,1648,-0.33491684499481411
CP,1649,-0.36881075897404869
CP,1650,-0.41591308965596852
CP,1651,-0.4542094937523482
CP,1652,-0.48459878151195596
CP,1653,-0.51080824788953072
CP,1654,-0.53125332183194773
CP,1655,-0.57209884856540139
CP,1656,-0.5937725564061519
CP,1657,-0.63030272341153504
CP,1658,-0.64425706944720518
CP,1659,-0.67284238215181502
CP,1660,-0.72347347509208282
CP,1661,-0.73488736449573233
CP,1662,-0.76547164272011259
CP,1663,-0.79545292114518162
CP,1664,-0.80734968044780697
CP,1665,-0.83539980501615418
CP,1666,-0.83601144340836042
CP,1667,-0.83406186360078505
CP,1668,-0.82661738170202226
CP,1669,-0.8109100961884379
CP,1670,-0.76761788446571333
CP,1671,-0.73219803592212174
CP,1672,-0.67329917839095588
CP,1673,-0.62981481842239495
CP,1674,-0.54720850103581353
CP,1675,-0.47223171909957939
CP,1676,-0.39019196384547256
CP,1677,-0.29808393399218147
CP,1678,-0.21123196490456289
CP,1679,-0.10144998405382201
CP,1680,0.0021870168696487054
CP,1681,0.097550769384337252
CP,1682,0.19938131388073366
CP,1683,0.28975856025586011
CP,1684,0.38911151800116139
CP,1685,0.47684217616598185
CP,1686,0.59024223035225254
CP,1687,0.6666077485518408
CP,1688,0.76580380918261992
CP,1689,0.84650511496139891
CP,1690,0.91485542616283155
CP,1691,0.96920834495912267
CP,1692,0.98696960313233684
CP,1693,1.0339852278446944
CP,1694,1.0486577353518802
CP,1695,1.0803762210807362
CP,1696,1.0941240510207018
CP,1697,1.1243705949697818
CP,1698,1.149473427810096
CP,1699,1.2047857380143918
CP,1700,1.2411691320583613
CP,1701,1.2607009783750616
CP,1702,1.3322757312164164
CP,1703,1.3786610732024522
CP,1704,1.4304289535269785
CP,1705,1.5108575349700062
CP,1706,1.5734990216870124
CP,1707,1.6291255689735229
CP,1708,1.6856135827577667
CP,1709,1.7391795836579902
CP,1710,1.7893694290113564
CP,1711,1.8457390180545612
CP,1712,1.8691926175561933
CP,1713,1.9277396118508772
CP,1714,1.9416779068088696
CP,1715,1.9579093732228485
CP,1716,1.9944101977755002
CP,1717,2.0350617700681517
CP,1718,2.0763351680622817
CP,1719,2.105523573761571
CP,1720,2.145770069291856
CP,1721,2.1926785289450526
CP,1722,2.2296188843028104
CP,1723,2.2745870243789645
CP,1724,2.3316873142778949
CP,1725,2.3624004317462433
CP,1726,2.4109046087872108
CP,1727,2.4323370618582927
CP,1728,2.4352945677176505
CP,1729,2.4488867779293257
CP,1730,2.4484084077243686
CP,1731,2.4099039935327236
CP,1732,2.3846033384496161
CP,1733,2.360813390166622
CP,1734,2.305043655311859
CP,1735,2.2916495149878076
CP,1736,2.2388879886576487
CP,1737,2.1957789694263572
CP,1738,2.162743114441227
CP,1739,2.1399315023419385
CP,1740,2.07161185546838
CP,1741,2.0523515706085398
CP,1742,2.0084472336639037
CP,1743,1.9558010899237697
CP,1744,1.9083071517227983
CP,1745,1.8790697620171291
CP,1746,1.8209454115869175
CP,1747,1.7638675891315461
CP,1748,1.7340227782311131
CP,1749,1.6728773941496202
CP,1750,1.6376704638954895
CP,1751,1.5978140178148452
CP,1752,1.5495650331788691
CP,1753,1.5129615188146754
CP,1754,1.497995583345141
CP,1755,1.4704257608676337
CP,1756,1.4512383825511095
CP,1757,1.4239951358892324
CP,1758,1.4040891612962758
CP,1759,1.3860036830514399
CP,1760,1.3668383223919518
CP,1761,1.333950907347514
CP,1762,1.3028727740764654
CP,1763,1.271969269196777
CP,1764,1.225602247779279
CP,1765,1.1596534912275325
CP,1766,1.0962114836121217
CP,1767,1.0177445652424655
CP,1768,0.94050894966901444
CP,1769,0.88154810459599631
CP,1770,0.79024504540635576
CP,1771,0.72145792170546408
CP,1772,0.63874417206377188
CP,1773,0.59609175696966654
CP,1774,0.53363756534476126
CP,1775,0.50083885994977717
CP,1776,0.44740389213121506
CP,1777,0.40256702947379225
CP,1778,0.35393794911042098
CP,1779,0.3157277530365859
CP,1780,0.27058762104161344
CP,1781,0.23180286730354116
CP,1782,0.20372782791407273
CP,1783,0.16076637606168867
CP,1784,0.12478159505454582
CP,1785,0.090513926155888422
CP,1786,0.042274750096597737
CP,1787,0.010766238992847354
CP,1788,-0.020887011219627806
CP,1789,-0.040281199948899352
CP,1790,-0.056201471074180449
CP,1791,-0.070695090597685917
CP,1792,-0.078514505465312967
CP,1793,-0.09445261764223141
CP,1794,-0.096325842214423391
CP,1795,-0.10754264623069131
CP,1796,-0.10623720022271968
CP,1797,-0.1093682015966536
CP,1798,-0.12182022853123919
CP,1799,-0.1287088428647048
CP,1800,-0.15055485148471059
CP,1801,-0.82143120928487412
CP,1802,-0.84379563901343568
CP,1803,-0.87841424952928748
CP,1804,-0.89209643820192563
CP,1805,-0.9099973288105736
CP,1806,-0.92006408583968879
CP,1807,-0.93652819248171804
CP,1808,-0.94596032259088958
CP,1809,-0.95480601355804429
CP,1810,-0.96171996846258456
CP,1811,-0.9606693907277627
CP,1812,-0.97001693991997329
CP,1813,-0.97441207235851413
CP,1814,-0.96962596642994925
CP,1815,-0.99157809561423094
CP,1816,-0.99848267436867799
CP,1817,-1.002431660596979
CP,1818,-1.0379262308932515
CP,1819,-1.0406509479016817
CP,1820,-1.0720828093986425
CP,1821,-1.1058745040439468
CP,1822,-1.1040397985664683
CP,1823,-1.1497640041961117
CP,1824,-1.1706148014879756
CP,1825,-1.1921547531187524
CP,1826,-1.2323139650495216
CP,1827,-1.2500400155469882
CP,1828,-1.2937400411072986
CP,1829,-1.3045362759986894
CP,1830,-1.3182722457427971
CP,1831,-1.357028261702393
CP,1832,-1.3515914523730739
CP,1833,-1.3506917749008143
CP,1834,-1.397229488970082
CP,1835,-1.3904676111912222
CP,1836,-1.4044320241822128
CP,1837,-1.4124235377478693
CP,1838,-1.4188293126878353
CP,1839,-1.4286415056555324
CP,1840,-1.4455611516912379
CP,1841,-1.448444004773483
CP,1842,-1.4733369495176967
CP,1843,-1.4500409271107173
CP,1844,-1.4591538708546179
CP,1845,-1.4473753032544865
CP,1846,-1.4434303577723333
CP,1847,-1.4365542883943885
CP,1848,-1.4536880153851028
CP,1849,-1.4467851618393313
CP,1850,-1.4163777640808759
CP,1851,-1.4164345450628597
CP,1852,-1.3982508899168677
CP,1853,-1.3724616601291155
CP,1854,-1.356909702633794
CP,1855,-1.3691898202211785
CP,1856,-1.3458918460695293
CP,1857,-1.3327954500391839
CP,1858,-1.3157627722791796
CP,1859,-1.3048901966376216
CP,1860,-1.308461697535287
CP,1861,-1.301477380808117
CP,1862,-1.3012400229828247
CP,1863,-1.2900007239379896
CP,1864,-1.2781066637798082
CP,1865,-1.2869370445866157
CP,1866,-1.2694718851609421
CP,1867,-1.2709499343632138
CP,1868,-1.2621110086787997
CP,1869,-1.2564539733540334
CP,1870,-1.2351172754563375
CP,1871,-1.1924604160824217
CP,1872,-1.1715980403373225
CP,1873,-1.13363371484272
CP,1874,-1.0843978605378606
CP,1875,-1.0389781139156096
CP,1876,-1.0187406806844668
CP,1877,-0.99098830138082183
CP,1878,-0.95087552633167594
CP,1879,-0.90828934680652229
CP,1880,-0.87941234990754524
CP,1881,-0.85101493933563443
CP,1882,-0.82607743340696527
CP,1883,-0.81246899659241423
CP,1884,-0.77305890537334154
CP,1885,-0.75559595306888172
CP,1886,-0.72678941608777814
CP,1887,-0.70280203347383674
CP,1888,-0.68390287189404242
CP,1889,-0.64695136110245877
CP,1890,-0.62264013056723511
CP,1891,-0.59459003282384437
CP,1892,-0.56947154643720066
CP,1893,-0.54559388103302553
CP,1894,-0.52924670444737054
CP,1895,-0.50260749722666564
CP,1896,-0.49083560174081309
CP,1897,-0.47756845013747296
CP,1898,-0.4689541146680814
CP,1899,-0.46559945481541959
CP,1900,-0.45754534859299983
CP,1901,-0.4585797048157233
CP,1902,-0.46099642949165587
CP,1903,-0.45366782600190952
CP,1904,-0.44921824974415164
CP,1905,-0.44777933926819191
CP,1906,-0.44124440398674691
CP,1907,-0.43994978406648561
CP,1908,-0.42846804986975823
CP,1909,-0.41876977927505404
CP,1910,-0.40623096900258243
CP,1911,-0.38536672992470244
CP,1912,-0.36260972781771167
CP,1913,-0.34010659073810501
CP,1914,-0.31286124186964531
CP,1915,-0.28162031084544265
CP,1916,-0.25521626624811405
CP,1917,-0.2271950942429207
CP,1918,-0.18893742711607231
CP,1919,-0.15861321625354494
CP,1920,-0.12432704487199353
CP,1921,-0.09188427349512765
CP,1922,-0.060239366282631615
CP,1923,-0.03026837076290494
CP,1924,-0.0012431445423071461
CP,1925,0.02503906333541139
CP,1926,0.048304208890654919
CP,1927,0.07607059293936673
CP,1928,0.099644822186920723
CP,1929,0.12572387305530972
CP,1930,0.148559386681862
CP,1931,0.1726359328515647
CP,1932,0.19529538560190757
CP,1933,0.21593359306733592
CP,1934,0.22945439682637186
CP,1935,0.25476290278961206
CP,1936,0.27319297147377314
CP,1937,0.29507520657528802
CP,1938,0.32247319541550945
CP,1939,0.34885955869873936
CP,1940,0.3721075129263306
CP,1941,0.39310106077724527
CP,1942,0.42034479509761585
CP,1943,0.43882223563339118
CP,1944,0.45999501406370491
CP,1945,0.47767431284644435
CP,1946,0.50008800857899793
CP,1947,0.51328850025772232
CP,1948,0.53093351079757922
CP,1949,0.53844580648337848
CP,1950,0.55011688812129844
CP,1951,0.56034516984079696
CP,1952,0.57312946909063578
CP,1953,0.57737751803296322
CP,1954,0.58907662726671195
CP,1955,0.59478322892304214
CP,1956,0.60977758124255244
CP,1957,0.62171642033627561
CP,1958,0.63183399703917498
CP,1959,0.65148725247074124
CP,1960,0.67083432130495335
CP,1961,0.68815348530532194
CP,1962,0.70578680931335769
CP,1963,0.72499945526021847
CP,1964,0.74501642036984006
CP,1965,0.76043381688776956
CP,1966,0.77686897259520327
CP,1967,0.79410435146509084
CP,1968,0.80952105711118916
CP,1969,0.81970342994541079
CP,1970,0.8291176550686884
CP,1971,0.83581487821598377
CP,1972,0.84746363042452322
CP,1973,0.85510211877273667
CP,1974,0.87093486600299164
CP,1975,0.87509080087632185
CP,1976,0.88636279490170111
CP,1977,0.89155821796807422
CP,1978,0.90500498299158849
CP,1979,0.91323413466384384
CP,1980,0.92452963659377507
CP,1981,0.93384304011625652
CP,1982,0.9519556181214045
CP,1983,0.96051102810229361
CP,1984,0.97030462796764416
CP,1985,0.98805568378732223
CP,1986,1.0045060528688439
CP,1987,1.0150678242625299
CP,1988,1.0307976283189413
CP,1989,1.0386448269774724
CP,1990,1.0456402869123178
CP,1991,1.0571478123688778
CP,1992,1.0641595941572803
CP,1993,1.0647869783099686
CP,1994,1.0764009884821475
CP,1995,1.0827086038419858
CP,1996,1.0865207586647347
CP,1997,1.0890583297753551
CP,1998,1.0919672513489427
CP,1999,1.0934693453551068
CP,2000,1.0898860817512377
CP,2001,1.0962626650098164
CP,2002,1.1038723183629724
CP,2003,1.1105047479094585
CP,2004,1.1098500876377184
CP,2005,1.1180760362442494
CP,2006,1.1242720650232585
CP,2007,1.126624978250971
CP,2008,1.1410878409029865
CP,2009,1.143428799750837
CP,2010,1.1354153928072424
CP,2011,1.1328459906317023
CP,2012,1.1238795320414237
CP,2013,1.1216411283795233
CP,2014,1.0971728855376688
CP,2015,1.0864410200554402
CP,2016,1.0658551452556795
CP,2017,1.0375515671091102
CP,2018,1.0095265808623763
CP,2019,0.98056719790435598
CP,2020,0.94362213871873779
CP,2021,0.91532339806881691
CP,2022,0.8837830871433463
CP,2023,0.85062490312564254
CP,2024,0.82163952961723741
CP,2025,0.7961301615211015
CP,2026,0.76529660300676461
CP,2027,0.74399007817582263
CP,2028,0.71923234337552777
CP,2029,0.7033717331184508
CP,2030,0.68321117260772224
CP,2031,0.67101530647380658
CP,2032,0.65728967507873637
CP,2033,0.65483985973030812
CP,2034,0.63951505260825225
CP,2035,0.63837997627440068
CP,2036,0.62901230412473741
CP,2037,0.62395792953921192
CP,2038,0.6223019669766181
CP,2039,0.62138766397281164
CP,2040,0.60992985714725478
CP,2041,0.61225175481585936
CP,2042,0.60899863848057545
CP,2043,0.61141333784078278
CP,2044,0.61348122068558952
CP,2045,0.6024005007232982
CP,2046,0.59978643915330365
CP,2047,0.59816904026663797
CP,2048,0.59795563088292281
CP,2049,0.58974369559063233
CP,2050,0.58418076260225982
CP,2051,0.57117952872079669
CP,2052,0.56096719028897912
CP,2053,0.54659651585900071
CP,2054,0.53202522139875208
CP,2055,0.51897622833627166
CP,2056,0.50413268224578134
CP,2057,0.48793635193304286
CP,2058,0.46921989030822359
CP,2059,0.45503409685723223
CP,2060,0.43147747624685573
CP,2061,0.41431901531133447
CP,2062,0.39933075749419805
CP,2063,0.37969316381313589
CP,2064,0.35438609791165337
CP,2065,0.33290164683882989
CP,2066,0.31518346917578838
CP,2067,0.28975227976235268
CP,2068,0.27325495241832681
CP,2069,0.24572514734770362
CP,2070,0.22662138197845744
CP,2071,0.20253099725190554
CP,2072,0.17862079625372076
CP,2073,0.15394146250769672
CP,2074,0.13394759449592336
CP,2075,0.11229387504637056
CP,2076,0.088336112328432595
CP,2077,0.067896464335151868
CP,2078,0.046863089917117615
CP,2079,0.03097151165649939
CP,2080,0.016247313923426016
CP,2081,-0.0045028843778459416
CP,2082,-0.017176002256867245
CP,2083,-0.034185956461754187
CP,2084,-0.05219780036198083
CP,2085,-0.073257982769329905
CP,2086,-0.083230675455038955
CP,2087,-0.10519676789673674
CP,2088,-0.11809857933473122
CP,2089,-0.13273386575757834
CP,2090,-0.14620753711508946
CP,2091,-0.16378292176017656
CP,2092,-0.17776934869376287
CP,2093,-0.19260547471943851
CP,2094,-0.20940379854968677
CP,2095,-0.22681332689951766
CP,2096,-0.24089197063039783
CP,2097,-0.25235173048280113
CP,2098,-0.27011538798115736
CP,2099,-0.28756481155217378
CP,2100,-0.30003590939513658
CP,2101,-0.32262369560454263
CP,2102,-0.3390042604139753
CP,2103,-0.36041976054143443
CP,2104,-0.3792637403488569
CP,2105,-0.39471287921575537
CP,2106,-0.41485265375127234
CP,2107,-0.43170006233290403
CP,2108,-0.4394923081266976
CP,2109,-0.45568254865683799
CP,2110,-0.46601385702506021
CP,2111,-0.47224711923406731
CP,2112,-0.48007021687299911
CP,2113,-0.48831971327794249
CP,2114,-0.49247325331480735
CP,2115,-0.49627671136242418
CP,2116,-0.49729330946063666
CP,2117,-0.49929669047982511
CP,2118,-0.4951774675040318
CP,2119,-0.49660780929902076
CP,2120,-0.48889898477880889
CP,2121,-0.49081617980732589
CP,2122,-0.4931278358445722
CP,2123,-0.48737271808174648
CP,2124,-0.49461957295165099
CP,2125,-0.49355904385064259
CP,2126,-0.48834002813157307
CP,2127,-0.48598789988715541
CP,2128,-0.48253515198719188
CP,2129,-0.47319034259777903
CP,2130,-0.46976956052079671
CP,2131,-0.46629041182333197
CP,2132,-0.46437055881234052
CP,2133,-0.4566666451675217
CP,2134,-0.44821892950680581
CP,2135,-0.43708507396334961
CP,2136,-0.42099753669178452
CP,2137,-0.40749767580537349
CP,2138,-0.39167112512903512
CP,2139,-0.37373162594165593
CP,2140,-0.34920480467093418
CP,2141,-0.33274563264274831
CP,2142,-0.31668001900607368
CP,2143,-0.29638561695503085
CP,2144,-0.27410134861672558
CP,2145,-0.25058575780741227
CP,2146,-0.22322670863850974
CP,2147,-0.20148986800292515
CP,2148,-0.18255398052313246
CP,2149,-0.15601981582163227
CP,2150,-0.14138400640872542
CP,2151,-0.12244242931666463
CP,2152,-0.10010083062524927
CP,2153,-0.092097664436725943
CP,2154,-0.074564092725460024
CP,2155,-0.056463808345994529
CP,2156,-0.039955189650676508
CP,2157,-0.0279467698021987
CP,2158,-0.010375871202208868
CP,2159,0.0039533435861636886
CP,2160,0.012240210278188302
CP,2161,0.026946064948923189
CP,2162,0.03903626552923397
CP,2163,0.048722313158178356
CP,2164,0.062659786587859562
CP,2165,0.069541292109515887
CP,2166,0.081042255339031602
CP,2167,0.096971130894668744
CP,2168,0.10900625166608394
CP,2169,0.11713887448842909
CP,2170,0.12910160755249381
CP,2171,0.13881746285089416
CP,2172,0.14578364422639392
CP,2173,0.15581686502413619
CP,2174,0.16954866009063396
CP,2175,0.17979979678211916
CP,2176,0.1878170398664602
CP,2177,0.19517605005229921
CP,2178,0.19858763394802187
CP,2179,0.20538253573677795
CP,2180,0.21740783340878414
CP,2181,0.22107280866046644
CP,2182,0.23184347291304094
CP,2183,0.23742735656569094
CP,2184,0.23732135874174026
CP,2185,0.24680134566601333
CP,2186,0.2496643217194742
CP,2187,0.25827390605281364
CP,2188,0.26421419494806642
CP,2189,0.27120481519964162
CP,2190,0.2717003791084453
CP,2191,0.26805153756902328
CP,2192,0.26307971236731614
CP,2193,0.26046842696849953
CP,2194,0.25050302830551341
CP,2195,0.25618240596465774
CP,2196,0.2488298757186731
CP,2197,0.23714260609235613
CP,2198,0.240730567757586
CP,2199,0.24263377749392318
CP,2200,0.24274804721811616
CP,2201,0.24664206161393146
CP,2202,0.25065935156952784
CP,2203,0.24542398801667717
CP,2204,0.24783247847272663
CP,2205,0.24033414593420371
CP,2206,0.24343395694998129
CP,2207,0.2331657056876946
CP,2208,0.23426836898969447
CP,2209,0.21774689187699539
CP,2210,0.21556082756168243
CP,2211,0.19659088860352805
CP,2212,0.17967075990227355
CP,2213,0.16544341929526837
CP,2214,0.15022303740977527
CP,2215,0.13257136428198643
CP,2216,0.12491639717809355
CP,2217,0.095477653311555
CP,2218,0.070693544627879204
CP,2219,0.052903376272756708
CP,2220,0.029746212452463811
CP,2221,0.0059408869422602458
CP,2222,-0.016353149419056807
CP,2223,-0.048746473879008705
CP,2224,-0.06914378355861675
CP,2225,-0.10002425809633701
CP,2226,-0.12631392453072435
CP,2227,-0.15366991029760074
CP,2228,-0.18808786022688326
CP,2229,-0.20746587024012597
CP,2230,-0.23484839655130157
CP,2231,-0.25936940198591851
CP,2232,-0.29069282069217861
CP,2233,-0.31285692734770193
CP,2234,-0.33557670841595261
CP,2235,-0.35437053116193673
CP,2236,-0.36953561049740324
CP,2237,-0.3800542283878513
CP,2238,-0.3727572196769614
CP,2239,-0.37922538613093715
CP,2240,-0.37180323928711834
CP,2241,-0.37108955773928881
CP,2242,-0.34983249710634773
CP,2243,-0.33028800567696298
CP,2244,-0.3037079803243653
CP,2245,-0.28272704678415794
CP,2246,-0.26337893392264894
CP,2247,-0.24559551685679867
CP,2248,-0.22135214228925448
CP,2249,-0.21458493908880763
CP,2250,-0.19918189643796541
CP,2251,-0.20453275679046334
CP,2252,-0.20390504604198167
CP,2253,-0.2170611315426044
CP,2254,-0.22031185619981516
CP,2255,-0.23445771716572919
CP,2256,-0.2479486150260731
CP,2257,-0.26394766087045435
CP,2258,-0.28181729386192278
CP,2259,-0.29786961623331004
CP,2260,-0.31606103932874036
CP,2261,-0.32895428701345797
CP,2262,-0.34305856337444884
CP,2263,-0.35370123468680331
CP,2264,-0.3476514483984483
CP,2265,-0.34918822499435226
CP,2266,-0.34338494881627363
CP,2267,-0.34571998948644322
CP,2268,-0.33328523011399436
CP,2269,-0.32295512974129481
CP,2270,-0.30601852407395413
CP,2271,-0.28155426376968362
CP,2272,-0.26385725008021377
CP,2273,-0.23767735778733848
CP,2274,-0.20299936143280203
CP,2275,-0.15966079896654808
CP,2276,-0.11877764304862999
CP,2277,-0.085901916855875463
CP,2278,-0.044602893781935778
CP,2279,-0.0008446644122037804
CP,2280,0.044062190872852833
CP,2281,0.093085243442102866
CP,2282,0.14751743687278224
CP,2283,0.20426994381319188
CP,2284,0.25710388787278121
CP,2285,0.30974541198248767
CP,2286,0.37191738083253778
CP,2287,0.43860918086022654
CP,2288,0.4969493203042481
CP,2289,0.56957822750342235
CP,2290,0.62919262723776981
CP,2291,0.69131870066628853
CP,2292,0.75334543300813595
CP,2293,0.81321029216503649
CP,2294,0.85586631496484311
CP,2295,0.90786137301465264
CP,2296,0.95409820744683982
CP,2297,1.0035896692991098
CP,2298,1.0392186236425751
CP,2299,1.0750112289503111
CP,2300,1.1066048193028624
CP,2301,1.1277047397789761
CP,2302,1.1514555498486387
CP,2303,1.1725630108850098
CP,2304,1.1903907930484299
CP,2305,1.1997286160495981
CP,2306,1.1995830661205633
CP,2307,1.2086539604722406
CP,2308,1.2055939868017673
CP,2309,1.1977121898238468
CP,2310,1.186385479716366
CP,2311,1.1647186118095036
CP,2312,1.131626607742326
CP,2313,1.0923130102330378
CP,2314,1.047552395794294
CP,2315,1.0052640724963671
CP,2316,0.94385164138934519
CP,2317,0.89160748091734465
CP,2318,0.8177330041337767
CP,2319,0.74542237829986757
CP,2320,0.66639729046656493
CP,2321,0.60175449660758118
CP,2322,0.54036131813020716
CP,2323,0.48420905294625416
CP,2324,0.4298293205399053
CP,2325,0.37997355798875115
CP,2326,0.33183842006614922
CP,2327,0.2912126939326124
CP,2328,0.25098276626214844
CP,2329,0.21962265360687006
CP,2330,0.20514410621371104
CP,2331,0.18481418483959067
CP,2332,0.1784503809515772
CP,2333,0.17500717416359218
CP,2334,0.16885735267005211
CP,2335,0.17518163431556982
CP,2336,0.17167171588015923
CP,2337,0.1707576298509054
CP,2338,0.17958806583332121
CP,2339,0.19225822581670901
CP,2340,0.21387483488005976
CP,2341,0.23788635069762917
CP,2342,0.26972038116645747
CP,2343,0.28683697299426475
CP,2344,0.3105720096255416
CP,2345,0.33449403621087137
CP,2346,0.35104644020225423
CP,2347,0.3563178775724824
CP,2348,0.36426780157246497
CP,2349,0.36296817100378487
CP,2350,0.34601962706324557
CP,2351,0.33516251856467483
CP,2352,0.30996220275171366
CP,2353,0.29385796796253322
CP,2354,0.26887859893589988
CP,2355,0.25431949794376385
CP,2356,0.227143016685695
CP,2357,0.20342633381695316
CP,2358,0.18134675542349216
CP,2359,0.15689397334962318
CP,2360,0.13294834556926177
CP,2361,0.12319983639321411
CP,2362,0.11524752777130143
CP,2363,0.098777725998881183
CP,2364,0.092010709783543379
CP,2365,0.085450485835766171
CP,2366,0.071404137974148088
CP,2367,0.060404099085981322
CP,2368,0.041828611239383279
CP,2369,0.024208428866147613
CP,2370,0.0092526788599718753
CP,2371,0.0084164605186179131
CP,2372,-0.004367014906882718
CP,2373,-0.0039062723076260667
CP,2374,-0.016986080623854694
CP,2375,-0.033473744608711498
CP,2376,-0.04885801087731486
CP,2377,-0.060609067558563018
CP,2378,-0.073358322302111909
CP,2379,-0.075618969783978113
CP,2380,-0.080651135895075124
CP,2381,-0.082012459838231674
CP,2382,-0.072742981761548323
CP,2383,-0.053456261740933389
CP,2384,-0.037945153325276572
CP,2385,-0.02180363827128657
CP,2386,-0.0014600045558767934
CP,2387,0.003479675205501217
CP,2388,0.0035626995474156223
CP,2389,0.025992572345272323
CP,2390,0.040362592272018417
CP,2391,0.061423358494634588
CP,2392,0.089985327243315968
CP,2393,0.099316791689666617
CP,2394,0.10911839511755177
CP,2395,0.12501411907956661
CP,2396,0.1323394649922161
CP,2397,0.14181732842198036
CP,2398,0.14316098762459023
CP,2399,0.14907583461464233
CP,2400,0.16902695860211461
CP,2401,0.18880251541561277
CP,2402,0.20709716400824324
CP,2403,0.22126678695811261
CP,2404,0.22831662526689106
CP,2405,0.23532684590045339
CP,2406,0.23515256826471889
CP,2407,0.26173923211892863
CP,2408,0.28259477092688595
CP,2409,0.29449650404751115
CP,2410,0.30861802523924198
CP,2411,0.30020407191852677
CP,2412,0.27756122215881174
CP,2413,0.26658988092706964
CP,2414,0.24746071187675053
CP,2415,0.24689240309349797
CP,2416,0.2583806318546511
CP,2417,0.26217213103661735
CP,2418,0.26324718964922689
CP,2419,0.27075158455840037
CP,2420,0.26178244877369
CP,2421,0.24913009804571923
CP,2422,0.24230148439034987
CP,2423,0.23676965558033428
CP,2424,0.2486027432663741
CP,2425,0.24240498869772739
CP,2426,0.24200506461382487
CP,2427,0.24311090464510865
CP,2428,0.23386301289399086
CP,2429,0.22734330885777274
CP,2430,0.22615869927923454
CP,2431,0.2095663909392993
CP,2432,0.20383765096259893
CP,2433,0.18187428862704033
CP,2434,0.16838668191496636
CP,2435,0.15685336555944424
CP,2436,0.13292118046056803
CP,2437,0.12058128694462573
CP,2438,0.094971422117983026
CP,2439,0.065257640695287583
CP,2440,0.044419171376262924
CP,2441,0.038057006110702805
CP,2442,0.019036571894083393
CP,2443,-0.0023946097672329189
CP,2444,-0.01751884695533969
CP,2445,-0.049733446319403483
CP,2446,-0.072560912248986614
CP,2447,-0.091147677427383778
CP,2448,-0.12859247356171757
CP,2449,-0.15604341884027734
CP,2450,-0.17456481189388118
CP,2451,-0.20547487065097331
CP,2452,-0.21552975493282381
CP,2453,-0.2139556904461507
CP,2454,-0.2155905629065836
CP,2455,-0.20440290131900857
CP,2456,-0.19785355150344275
CP,2457,-0.1971876927395444
CP,2458,-0.19527138162551966
CP,2459,-0.18410871580975816
CP,2460,-0.18186665282521436
CP,2461,-0.17551199839064016
CP,2462,-0.18935062757433027
CP,2463,-0.23106026418670805
CP,2464,-0.24992084788212948
CP,2465,-0.27493078425591111
CP,2466,-0.28787284009661274
CP,2467,-0.27952206590883949
CP,2468,-0.28985062019346663
CP,2469,-0.31934344763312233
CP,2470,-0.33786974650028045
CP,2471,-0.36903265931659496
CP,2472,-0.38569339067090858
CP,2473,-0.4166402060816668
CP,2474,-0.42881473214882332
CP,2475,-0.42510961554278032
CP,2476,-0.43412914929626029
CP,2477,-0.43317165220149412
CP,2478,-0.43052754762564821
CP,2479,-0.42151032231375257
CP,2480,-0.42859598546381927
CP,2481,-0.44852582136142161
CP,2482,-0.46282858054762499
CP,2483,-0.49452700871830613
CP,2484,-0.49991008467054121
CP,2485,-0.45515960295485186
CP,2486,-0.45720130874247522
CP,2487,-0.47095873829139878
CP,2488,-0.47478022612022347
CP,2489,-0.49172422975225066
CP,2490,-0.50896093291948574
CP,2491,-0.51287594178445262
CP,2492,-0.52262519239008487
CP,2493,-0.56352036991454602
CP,2494,-0.55758853801952979
CP,2495,-0.5139475542111821
CP,2496,-0.48092382483134427
CP,2497,-0.42852404350080575
CP,2498,-0.4381484329704271
CP,2499,-0.45759391935578814
CP,2500,-0.44291759993784607
ADF,780,-6.6919503533072184
ADF,781,-6.3962556491457612
ADF,782,-6.113567232761338
ADF,783,-5.8747748907052459
ADF,784,-5.6484339061105588
ADF,785,-5.3755465852552193
ADF,786,-5.1615464849498967
ADF,787,-4.9130608594037861
ADF,788,-4.7009232950911652
ADF,789,-4.5333387902682851
ADF,790,-4.2881513193014262
ADF,791,-4.1511799775269349
ADF,792,-3.9766168649225668
ADF,793,-3.7939442880788965
ADF,794,-3.6169086737273677
ADF,795,-3.4530247280866342
ADF,796,-3.2705267588871862
ADF,797,-3.1979818146849732
ADF,798,-2.9828369495023637
ADF,799,-2.8345508280665364
ADF,800,-2.6984138736728416
ADF,801,-2.5300818882354701
ADF,802,-2.366520460710885
ADF,803,-2.3134410171706086
ADF,804,-2.1741890685515637
ADF,805,-1.9931717097767783
ADF,806,-1.8428103190938994
ADF,807,-1.7796641196675478
ADF,808,-1.6827982853695216
ADF,809,-1.5286261816681685
ADF,810,-1.4212123839707025
ADF,811,-1.3428609086017358
ADF,812,-1.1852863603583252
ADF,813,-1.0202184766732108
ADF,814,-0.98409744008595768
ADF,815,-0.91319890719565777
ADF,816,-0.78796542876705045
ADF,817,-0.64333501497556733
ADF,818,-0.65493037968038226
ADF,819,-0.53399999488862204
ADF,820,-0.41913740966922847
ADF,821,-0.2531261311249261
ADF,822,-0.1831981379948408
ADF,823,-0.15027440374567558
ADF,824,-0.0057616440436174523
ADF,825,0.035120364999377089
ADF,826,0.057823467946910796
ADF,827,0.13076478494671773
ADF,828,0.28520572695726837
ADF,829,0.30743434822328314
ADF,830,0.37467092438108879
ADF,831,0.37293818979337262
ADF,832,0.50845809145643905
ADF,833,0.51876058534153524
ADF,834,0.60405798186404114
ADF,835,0.69382440184323824
ADF,836,0.78839229333262906
ADF,837,0.85220469827336642
ADF,838,0.82267820261363811
ADF,839,0.84066513623162509
ADF,840,0.98110540001968249
ADF,841,1.0692373649044467
ADF,842,1.0566749249236811
ADF,843,1.0333395953544795
ADF,844,1.1174021780976044
ADF,845,1.1870479637070657
ADF,846,1.1407754478449068
ADF,847,1.2106773624619165
ADF,848,1.2618082706311438
ADF,849,1.3231697906749804
ADF,850,1.3323478631150594
ADF,851,1.2425773197167067
ADF,852,1.3487730764859271
ADF,853,1.450206109315483
ADF,854,1.447143166014784
ADF,855,1.4062592426539711
ADF,856,1.486972360505131
ADF,857,1.5646257305386948
ADF,858,1.6559731316257058
ADF,859,1.6074722353937434
ADF,860,1.6476465859981635
ADF,861,1.7207900232838893
ADF,862,1.7161103061553411
ADF,863,1.7275127550975029
ADF,864,1.6613180245612884
ADF,865,1.7828332730543122
ADF,866,1.8545926132320403
ADF,867,1.8317587330840996
ADF,868,1.8304787622570986
ADF,869,1.8284743785229864
ADF,870,1.8297018799747771
ADF,871,1.884542865070004
ADF,872,1.8666858363152952
ADF,873,1.8449066380561754
ADF,874,1.8611454957080473
ADF,875,1.8379949789691388
ADF,876,1.8952840297849374
ADF,877,1.8673631403919178
ADF,878,1.7605950023555708
ADF,879,1.7265911259585165
ADF,880,1.811486186938895
ADF,881,1.8189588072550769
ADF,882,1.8116077171417173
ADF,883,1.7574902116834963
ADF,884,1.6956042496334893
ADF,885,1.742434002302661
ADF,886,1.7664210542616072
ADF,887,1.715059457097535
ADF,888,1.7670507566294957
ADF,889,1.6652949992219879
ADF,890,1.7422585954075183
ADF,891,1.7746155430396093
ADF,892,1.6072891105740854
ADF,893,1.663894925293814
ADF,894,1.691094841417492
ADF,895,1.67669326919538
ADF,896,1.6613173619361734
ADF,897,1.5963197931456186
ADF,898,1.6599795624906448
ADF,899,1.6951574371198821
ADF,900,1.7044028371423878
ADF,901,1.5599387177228856
ADF,902,1.5405941226161712
ADF,903,1.6684998514748652
ADF,904,1.6346901714290272
ADF,905,1.543425648677224
ADF,906,1.6075629547255317
ADF,907,1.5951675663706533
ADF,908,1.6976813783021734
ADF,909,1.6070911372528389
ADF,910,1.6532581618347784
ADF,911,1.595287280804744
ADF,912,1.5753561718898201
ADF,913,1.6573198157377871
ADF,914,1.5837890256263303
ADF,915,1.5195036916761739
ADF,916,1.6018570455529211
ADF,917,1.5627130109387988
ADF,918,1.5364388776047089
ADF,919,1.6479205968281103
ADF,920,1.6526707842984438
ADF,921,1.5445345184002368
ADF,922,1.3517064888504529
ADF,923,1.4313493280310114
ADF,924,1.5648882857768909
ADF,925,1.4840044477466641
ADF,926,1.3256601292480983
ADF,927,1.5143106293757949
ADF,928,1.4377440796371801
ADF,929,1.4938093534036581
ADF,930,1.4378146098337048
ADF,931,1.4804758903287969
ADF,932,1.3968168256705542
ADF,933,1.371482435220639
ADF,934,1.4403947157436925
ADF,935,1.3521152464088582
ADF,936,1.2735851571130166
ADF,937,1.1969327572526098
ADF,938,1.1628232783562988
ADF,939,1.3249388370184429
ADF,940,1.2179381574040413
ADF,941,1.2235711718767806
ADF,942,1.1742219195341272
ADF,943,1.0888401374800514
ADF,944,1.0392878671592496
ADF,945,1.0769199602909219
ADF,946,1.0325969824294146
ADF,947,0.87285582193368372
ADF,948,0.64258630638498215
ADF,949,0.57983028240317547
ADF,950,0.60045469837295051
ADF,951,0.5581893153471903
ADF,952,0.42960796179597638
ADF,953,0.32088506285958746
ADF,954,0.33119991447987374
ADF,955,0.18796186411049895
ADF,956,0.13485764458342817
ADF,957,-0.075328918194024458
ADF,958,-0.081494237710148659
ADF,959,-0.048909814249759563
ADF,960,-0.043449368646793357
ADF,961,-0.010335204261438002
ADF,962,-0.019988392814615206
ADF,963,-0.15278810668033319
ADF,964,0.010702848831512559
ADF,965,-0.10907695794039828
ADF,966,-0.34254140163683122
ADF,967,-0.17834159322186008
ADF,968,-0.31463262399404412
ADF,969,-0.30707280269648446
ADF,970,-0.38783169346017882
ADF,971,-0.59449846893647196
ADF,972,-0.84863051593413374
ADF,973,-1.0035104698242288
ADF,974,-1.1581468570068476
ADF,975,-1.3630098816857992
ADF,976,-1.7876428757197047
ADF,977,-1.8993811065431492
ADF,978,-2.2949411448621833
ADF,979,-2.5794099481225401
ADF,980,-2.8577395412186162
ADF,981,-3.0546796917841679
ADF,982,-2.8239574354997101
ADF,983,-2.9651554639951798
ADF,984,-2.923494023478304
ADF,985,-2.8479606408473148
ADF,986,-2.5793036464399446
ADF,987,-2.2074710220932801
ADF,988,-2.1850412138167861
ADF,989,-1.8261209192104948
ADF,990,-1.2224904237254317
ADF,991,-1.2705630578042821
ADF,992,-0.9705102278601212
ADF,993,-0.8008264371050734
ADF,994,-0.7490912501652448
ADF,995,-0.36417104271317419
ADF,996,-0.32363915542470528
ADF,997,-0.58703042023117302
ADF,998,-0.58209284445407472
ADF,999,-0.63278679517028935
ADF,1000,-0.55333330101271438
ADF,1001,3.4773580855273307
ADF,1002,3.5158882523062074
ADF,1003,3.4970318483198546
ADF,1004,3.5064963555915494
ADF,1005,3.3455460172427456
ADF,1006,3.3354794366449934
ADF,1007,2.9933806744075975
ADF,1008,3.027500601494955
ADF,1009,2.9870204030343914
ADF,1010,3.0445278831263463
ADF,1011,3.040736924032307
ADF,1012,3.0514731620477162
ADF,1013,3.0069698480260718
ADF,1014,2.7551889242895151
ADF,1015,2.6500948193395306
ADF,1016,2.6098840309005729
ADF,1017,2.650836001882249
ADF,1018,2.5846923086472886
ADF,1019,2.4814669965350373
ADF,1020,2.3395442738506294
ADF,1021,2.120348819523652
ADF,1022,1.9153114379450598
ADF,1023,1.8846979779176183
ADF,1024,2.0498075740227684
ADF,1025,1.9512131922500628
ADF,1026,1.7331804369926409
ADF,1027,1.6671516509220692
ADF,1028,1.7087637778470592
ADF,1029,1.6080570267077197
ADF,1030,1.3703435079839326
ADF,1031,1.1458463445253
ADF,1032,1.0110819091038847
ADF,1033,0.94945779007505859
ADF,1034,0.9101594066862414
ADF,1035,0.75593775178063671
ADF,1036,0.83213591049716906
ADF,1037,0.82963848803329276
ADF,1038,0.52127343129017045
ADF,1039,0.31204770181052949
ADF,1040,0.41837362960820179
ADF,1041,0.047758655879345226
ADF,1042,0.11187572410102338
ADF,1043,0.021590241557262611
ADF,1044,-0.3059223427534884
ADF,1045,-0.2632601921791784
ADF,1046,-0.35626846383073463
ADF,1047,-0.40438445766179132
ADF,1048,-0.27721034302038899
ADF,1049,-0.56316077500938633
ADF,1050,-0.45571134995906404
ADF,1051,-0.37034701638613621
ADF,1052,-0.36980222099552662
ADF,1053,-0.77163014749691128
ADF,1054,-0.83003130828082849
ADF,1055,-0.71592074927692206
ADF,1056,-0.65369292502823695
ADF,1057,-0.57074867597708467
ADF,1058,-0.58443306603872258
ADF,1059,-0.61274571534872146
ADF,1060,-0.60960081688365741
ADF,1061,-0.64272011391810169
ADF,1062,-0.6812382565627757
ADF,1063,-0.5977239735116795
ADF,1064,-0.59570617979849083
ADF,1065,-0.65420448802446773
ADF,1066,-0.66510079232237562
ADF,1067,-0.67840144654065626
ADF,1068,-0.93244273156661284
ADF,1069,-0.99724173058960264
ADF,1070,-0.91481560894828262
ADF,1071,-0.96076942541841082
ADF,1072,-0.96775363310268725
ADF,1073,-0.97146544885844377
ADF,1074,-1.0372131238038633
ADF,1075,-1.0147494835525044
ADF,1076,-1.0918779535463812
ADF,1077,-1.1249276148120186
ADF,1078,-1.2781737215710733
ADF,1079,-1.6635863154122219
ADF,1080,-1.8123250213811761
ADF,1081,-1.9017724525627833
ADF,1082,-2.0140991694996018
ADF,1083,-2.0069916428575425
ADF,1084,-1.8802675947339909
ADF,1085,-2.1135852434953062
ADF,1086,-2.3251202413828018
ADF,1087,-2.1488594375800862
ADF,1088,-2.3495399484645456
ADF,1089,-2.3315703449734344
ADF,1090,-2.4895571899662903
ADF,1091,-2.7835784252603419
ADF,1092,-2.7353105922253764
ADF,1093,-2.6809177899280994
ADF,1094,-2.8847297710158397
ADF,1095,-2.7127911302993715
ADF,1096,-2.7971342209132954
ADF,1097,-2.9717743188404055
ADF,1098,-3.048822828551577
ADF,1099,-3.0098848981052275
ADF,1100,-3.2100890241976794
ADF,1101,-3.308019127716737
ADF,1102,-3.2886141939030344
ADF,1103,-3.6428827232332885
ADF,1104,-3.4092358174161448
ADF,1105,-3.4348325517534457
ADF,1106,-3.1612332239434116
ADF,1107,-3.2534017331569705
ADF,1108,-2.9422598578327923
ADF,1109,-3.0916461690637309
ADF,1110,-3.1455495829864293
ADF,1111,-2.9963815700590075
ADF,1112,-2.6772086019469463
ADF,1113,-2.4812645812611391
ADF,1114,-2.2201863803725557
ADF,1115,-2.1212134782609167
ADF,1116,-1.5239442429783754
ADF,1117,-1.1270431570536072
ADF,1118,-0.95135218275157063
ADF,1119,-0.20726765043725126
ADF,1120,0.49090753131907483
ADF,1121,1.0235045981702848
ADF,1122,1.652737304613205
ADF,1123,2.0443165676863786
ADF,1124,2.6033972473056672
ADF,1125,3.1313477088181885
ADF,1126,3.7250138839641225
ADF,1127,4.7215869836878648
ADF,1128,5.142678045398176
ADF,1129,5.8288820275628286
ADF,1130,6.2331380889451653
ADF,1131,6.8151997432484874
ADF,1132,7.1273849163715344
ADF,1133,7.039012602148575
ADF,1134,7.012617297472481
ADF,1135,7.2063999099577094
ADF,1136,7.4099877467613142
ADF,1137,7.2810954771523724
ADF,1138,6.9141041132561307
ADF,1139,6.84279604694105
ADF,1140,6.4695459382873857
ADF,1141,6.284487507741181
ADF,1142,5.7925007002293123
ADF,1143,5.6264687723165698
ADF,1144,5.2654369833270307
ADF,1145,4.7599451171573515
ADF,1146,4.459419884612589
ADF,1147,4.3760946894149022
ADF,1148,3.9387720844054188
ADF,1149,3.8589814125208144
ADF,1150,3.6788239667138773
ADF,1151,3.4041290526253278
ADF,1152,2.8184821357697531
ADF,1153,2.9175013514340065
ADF,1154,2.3996967133781433
ADF,1155,2.0104331198093317
ADF,1156,2.0481452211133231
ADF,1157,1.6624870941155991
ADF,1158,0.82041145830480489
ADF,1159,0.30445076762494255
ADF,1160,-0.51772885673346425
ADF,1161,-0.63799065634021901
ADF,1162,-1.208196845898865
ADF,1163,-1.4887348817716739
ADF,1164,-1.9630685859299271
ADF,1165,-2.6835672611744941
ADF,1166,-3.0953873651600174
ADF,1167,-3.6657827630673681
ADF,1168,-4.2977844907032736
ADF,1169,-4.9852791846033515
ADF,1170,-5.3601423539493549
ADF,1171,-5.4628242479166893
ADF,1172,-5.975410023784363
ADF,1173,-6.4023681312493466
ADF,1174,-7.0066706277680737
ADF,1175,-7.6615500849479519
ADF,1176,-7.9442885454972032
ADF,1177,-8.4694895645281818
ADF,1178,-9.4150993755670811
ADF,1179,-9.6524990597298075
ADF,1180,-10.098858878380364
ADF,1181,-10.179421973813216
ADF,1182,-10.615790321104127
ADF,1183,-10.933153809711515
ADF,1184,-10.976244792658354
ADF,1185,-11.299276378145805
ADF,1186,-11.011247448605037
ADF,1187,-11.339629369089659
ADF,1188,-11.714244802525625
ADF,1189,-11.424763252040602
ADF,1190,-11.463759258160561
ADF,1191,-11.413498087689996
ADF,1192,-11.454035185654812
ADF,1193,-11.130521627782265
ADF,1194,-11.058193502114859
ADF,1195,-11.009027163386449
ADF,1196,-10.53064639804446
ADF,1197,-10.228385781131939
ADF,1198,-9.9386473119119927
ADF,1199,-9.3750915706455871
ADF,1200,-8.6536725486156101
ADF,1201,-8.618927942306156
ADF,1202,-8.0682202984459028
ADF,1203,-7.3469909922608529
ADF,1204,-6.9695344453588044
ADF,1205,-6.6175801808133832
ADF,1206,-6.1788427650908595
ADF,1207,-5.5203852540490246
ADF,1208,-5.055687158813627
ADF,1209,-4.3526030745115944
ADF,1210,-4.0042931910396522
ADF,1211,-3.3429489084488053
ADF,1212,-2.7182921778673426
ADF,1213,-1.8565949279332137
ADF,1214,-1.2511450802961839
ADF,1215,-0.23397903479914237
ADF,1216,0.49599171785641616
ADF,1217,1.4274177378565376
ADF,1218,2.0172767302123469
ADF,1219,3.0528537812338601
ADF,1220,3.9896502160622855
ADF,1221,4.899307785621648
ADF,1222,5.7826747743122606
ADF,1223,6.8412926200555795
ADF,1224,7.7077818027211666
ADF,1225,8.7874267451192782
ADF,1226,9.4079345709129747
ADF,1227,10.101889587795943
ADF,1228,10.979491618748805
ADF,1229,11.622888178190413
ADF,1230,11.844604696409835
ADF,1231,12.822546139599794
ADF,1232,12.98235773053443
ADF,1233,13.248997492724056
ADF,1234,13.176620248353377
ADF,1235,13.866939278533344
ADF,1236,13.712511882406298
ADF,1237,13.301214477230699
ADF,1238,12.651527695530074
ADF,1239,12.702478214257289
ADF,1240,11.910400405235933
ADF,1241,11.556646659211262
ADF,1242,11.3077331888271
ADF,1243,10.664058181848437
ADF,1244,10.129011367885221
ADF,1245,10.224463071024466
ADF,1246,9.6158554563519889
ADF,1247,9.4008880035392046
ADF,1248,9.0547284388691232
ADF,1249,8.5424485212815142
ADF,1250,8.5582520713981491
ADF,1251,8.0237602362687461
ADF,1252,7.626621757321411
ADF,1253,7.4014233579941164
ADF,1254,7.0209885815610589
ADF,1255,7.1838028635300732
ADF,1256,6.8098216345122573
ADF,1257,6.7311015799207947
ADF,1258,6.0426762731634334
ADF,1259,5.9618487872310473
ADF,1260,5.4860538449711429
ADF,1261,5.1381596424772837
ADF,1262,5.2705125530326171
ADF,1263,4.7705521203078529
ADF,1264,4.5247451527167151
ADF,1265,4.2543445130885127
ADF,1266,3.762603038865763
ADF,1267,3.3242806485900611
ADF,1268,3.2258773814878228
ADF,1269,2.8652355843149646
ADF,1270,2.5019490826853099
ADF,1271,2.0689258811798887
ADF,1272,1.0363228135648217
ADF,1273,0.73214095432670467
ADF,1274,0.31312024363846958
ADF,1275,-0.1117238304232135
ADF,1276,-0.72564322695492312
ADF,1277,-0.94806657587243548
ADF,1278,-1.360492810035473
ADF,1279,-2.1784811721143802
ADF,1280,-2.3046110827422313
ADF,1281,-3.0878355096075816
ADF,1282,-3.554188323835481
ADF,1283,-3.245878956753228
ADF,1284,-4.2707575736213013
ADF,1285,-4.5810362157287026
ADF,1286,-4.9598404814483539
ADF,1287,-5.2828302063874295
ADF,1288,-5.7561838359145616
ADF,1289,-6.0082827223849673
ADF,1290,-6.3663466680166945
ADF,1291,-7.0128541211679067
ADF,1292,-7.4565194865234989
ADF,1293,-8.1449210542989992
ADF,1294,-8.0304052040702132
ADF,1295,-8.2977526011569349
ADF,1296,-8.8324082108771833
ADF,1297,-9.2702878336602517
ADF,1298,-9.573857975967055
ADF,1299,-9.5896461747030983
ADF,1300,-9.9388438866847988
ADF,1301,-10.532096474307716
ADF,1302,-10.371227097290641
ADF,1303,-10.738165575220505
ADF,1304,-11.187925392704818
ADF,1305,-11.08541367058657
ADF,1306,-11.438267672644674
ADF,1307,-11.72654199090081
ADF,1308,-11.634632574274185
ADF,1309,-12.018910648254721
ADF,1310,-12.201676548715373
ADF,1311,-12.204883653258173
ADF,1312,-12.36676931963809
ADF,1313,-12.710005683385631
ADF,1314,-12.662950794505065
ADF,1315,-12.756356431510129
ADF,1316,-12.402420056745218
ADF,1317,-12.59667054990927
ADF,1318,-13.153600845292468
ADF,1319,-12.514873101032494
ADF,1320,-12.325490882805632
ADF,1321,-11.785410283915226
ADF,1322,-11.944110502286822
ADF,1323,-11.831324298165091
ADF,1324,-11.427272428742862
ADF,1325,-11.091200899167918
ADF,1326,-10.386676440265736
ADF,1327,-10.278747335023567
ADF,1328,-9.7205071986333156
ADF,1329,-9.3886612189656695
ADF,1330,-8.7555476827606959
ADF,1331,-8.3052366822506407
ADF,1332,-7.675322638480063
ADF,1333,-7.1152114604796788
ADF,1334,-6.2308837095164851
ADF,1335,-5.7883330987194856
ADF,1336,-4.9598908186316155
ADF,1337,-4.1505378957678065
ADF,1338,-3.5764919041967547
ADF,1339,-2.1756668084539297
ADF,1340,-1.2689196293020164
ADF,1341,-0.37148480471831957
ADF,1342,0.47959758378041706
ADF,1343,2.0345465418376367
ADF,1344,2.681571466783554
ADF,1345,3.9697409181717846
ADF,1346,4.9013510670314187
ADF,1347,5.4892151440629586
ADF,1348,6.7001221901369874
ADF,1349,7.1483504584779798
ADF,1350,7.7448279823288164
ADF,1351,8.6604787042782085
ADF,1352,9.1252073300366963
ADF,1353,9.5418433410718357
ADF,1354,10.105546831475458
ADF,1355,10.684036625925067
ADF,1356,11.038515029248101
ADF,1357,11.50108109180538
ADF,1358,11.684237922373692
ADF,1359,12.283866779202102
ADF,1360,12.96603594167185
ADF,1361,13.105412647196252
ADF,1362,13.441815061649708
ADF,1363,13.756888671904168
ADF,1364,13.806292654037842
ADF,1365,13.855141669656703
ADF,1366,13.886822922935876
ADF,1367,13.829960838578598
ADF,1368,13.418038568825454
ADF,1369,12.822832167792791
ADF,1370,12.304979098590966
ADF,1371,11.764490423287388
ADF,1372,11.231032673697296
ADF,1373,10.545333760957423
ADF,1374,10.094967316052426
ADF,1375,9.3084492838232986
ADF,1376,8.7945228977210341
ADF,1377,7.9464082401118148
ADF,1378,7.3916585768639127
ADF,1379,6.9599048264878904
ADF,1380,6.3425678724729471
ADF,1381,5.8603049645965015
ADF,1382,5.3338172582693408
ADF,1383,4.8426366515983652
ADF,1384,4.2734909208967355
ADF,1385,4.0478719447578646
ADF,1386,3.5058231838136678
ADF,1387,3.2023818570213693
ADF,1388,2.8882935042919939
ADF,1389,2.5844106994552081
ADF,1390,2.143784613805245
ADF,1391,1.9330037186757598
ADF,1392,1.7270330666378744
ADF,1393,1.6409187306593072
ADF,1394,1.4905163991067327
ADF,1395,1.6831134833682195
ADF,1396,1.6272258597663407
ADF,1397,1.7646622200709892
ADF,1398,1.8216220415794429
ADF,1399,2.0098610049596277
ADF,1400,2.0300986802896692
ADF,1401,2.2694834670246187
ADF,1402,2.4478429673441946
ADF,1403,2.803749552789375
ADF,1404,2.8777626312844142
ADF,1405,3.0237203391562129
ADF,1406,3.2690410087983324
ADF,1407,3.4755495124479419
ADF,1408,3.517722180884717
ADF,1409,3.7264716519954106
ADF,1410,3.8173257760712995
ADF,1411,3.9680909669038003
ADF,1412,4.0311924437732412
ADF,1413,4.1213876073691385
ADF,1414,4.155313312715605
ADF,1415,4.2267068755105459
ADF,1416,4.2364441589276858
ADF,1417,4.2336075728138507
ADF,1418,4.122676521182095
ADF,1419,4.1011764984509167
ADF,1420,3.9090444926050125
ADF,1421,3.8231704354574947
ADF,1422,3.5993197961622698
ADF,1423,3.3585227991746347
ADF,1424,2.9999804313468204
ADF,1425,2.572071390127205
ADF,1426,2.0352241589833029
ADF,1427,1.4125122209594565
ADF,1428,0.78428549474310272
ADF,1429,0.11163098508698424
ADF,1430,-0.56208190462962504
ADF,1431,-1.2816592611895079
ADF,1432,-1.9417673652600509
ADF,1433,-2.5348041107646671
ADF,1434,-3.0129745833972796
ADF,1435,-3.3392448799034797
ADF,1436,-3.5783756070063149
ADF,1437,-3.6266915955525292
ADF,1438,-3.5461279432469976
ADF,1439,-3.2858435314087782
ADF,1440,-2.8775554226154547
ADF,1441,-2.3242506925695761
ADF,1442,-1.7464011869064222
ADF,1443,-1.1482577943258401
ADF,1444,-0.45825595959618065
ADF,1445,0.244778404889815
ADF,1446,0.91457618944929908
ADF,1447,1.5648448241011013
ADF,1448,2.1271130236322966
ADF,1449,2.598175146668579
ADF,1450,3.0300784697494656
ADF,1451,3.3521288216989977
ADF,1452,3.6974747491133915
ADF,1453,3.9081437814011983
ADF,1454,4.0408068629603617
ADF,1455,4.2020054388842327
ADF,1456,4.3176724078053663
ADF,1457,4.4064509479773806
ADF,1458,4.4581417398440992
ADF,1459,4.4742969397448853
ADF,1460,4.525884088446877
ADF,1461,4.5150698261563456
ADF,1462,4.4617352588745893
ADF,1463,4.5007856529693147
ADF,1464,4.4216098624716018
ADF,1465,4.3939568847330017
ADF,1466,4.3519918006252718
ADF,1467,4.3388688645755504
ADF,1468,4.2813083243971812
ADF,1469,4.2682163192884026
ADF,1470,4.2828529442916974
ADF,1471,4.2711831557935458
ADF,1472,4.1823984249680581
ADF,1473,4.1901788018140405
ADF,1474,4.1568705923416509
ADF,1475,4.1820741629995108
ADF,1476,4.1238830822450945
ADF,1477,4.0775232973453148
ADF,1478,4.0630464283646379
ADF,1479,4.0082260838042005
ADF,1480,4.0048351371394331
ADF,1481,3.9548307145283434
ADF,1482,3.9717742921129116
ADF,1483,3.9123998693460429
ADF,1484,3.8822929055661941
ADF,1485,3.83762695027557
ADF,1486,3.8274097454687186
ADF,1487,3.7440436988656365
ADF,1488,3.719454452229054
ADF,1489,3.6777324276814514
ADF,1490,3.6579761742436983
ADF,1491,3.5884677030092074
ADF,1492,3.5352855488516775
ADF,1493,3.5143980114409796
ADF,1494,3.4927062122764547
ADF,1495,3.4480217230120136
ADF,1496,3.4116192049526761
ADF,1497,3.326884010610478
ADF,1498,3.3103548743304625
ADF,1499,3.2503225873986965
ADF,1500,3.1290530091133544
ADF,1501,3.1143022455389895
ADF,1502,3.1003224765133472
ADF,1503,3.0263873562080161
ADF,1504,2.9943652089495711
ADF,1505,2.9707487788782592
ADF,1506,2.8825958125641948
ADF,1507,2.8544060609773148
ADF,1508,2.8101838045318424
ADF,1509,2.6995449281642134
ADF,1510,2.6544688466522373
ADF,1511,2.5780440234722937
ADF,1512,2.4751165193543678
ADF,1513,2.3611894031956235
ADF,1514,2.2950438924679144
ADF,1515,2.1355077628923564
ADF,1516,2.0908644500946116
ADF,1517,1.9829717474643231
ADF,1518,1.8857575957099491
ADF,1519,1.7952483641464416
ADF,1520,1.7405738372637072
ADF,1521,1.6073301652880527
ADF,1522,1.5352468877330308
ADF,1523,1.4758346051644693
ADF,1524,1.4260333963337879
ADF,1525,1.4097321366856872
ADF,1526,1.3580965640009142
ADF,1527,1.3301180621826998
ADF,1528,1.2597563889794692
ADF,1529,1.3328301588125231
ADF,1530,1.2772163174896107
ADF,1531,1.2517739355460684
ADF,1532,1.3039492531509973
ADF,1533,1.3266914535724308
ADF,1534,1.3655240394564381
ADF,1535,1.4294927374910789
ADF,1536,1.4815966965533549
ADF,1537,1.4895234272530213
ADF,1538,1.5547108644186918
ADF,1539,1.6164653436598773
ADF,1540,1.6947059751086728
ADF,1541,1.7583035673710994
ADF,1542,1.7611520805589105
ADF,1543,1.8255008652393108
ADF,1544,1.8347932965296077
ADF,1545,1.7743326348465471
ADF,1546,1.8219703047453883
ADF,1547,1.7930773535991442
ADF,1548,1.8220717355803457
ADF,1549,1.8556592199520043
ADF,1550,1.8435235719283234
ADF,1551,1.800575116181637
ADF,1552,1.7773006403720668
ADF,1553,1.773357911373548
ADF,1554,1.7314534298273283
ADF,1555,1.6620908219356543
ADF,1556,1.5483919322815243
ADF,1557,1.5185020161195013
ADF,1558,1.4725474738497535
ADF,1559,1.3733732678063684
ADF,1560,1.2527130351195788
ADF,1561,1.1525024494580041
ADF,1562,1.0189248281154271
ADF,1563,0.96242908653265857
ADF,1564,0.82768931103985943
ADF,1565,0.70230918305675227
ADF,1566,0.64108852485582679
ADF,1567,0.58636109483001075
ADF,1568,0.47260189862968893
ADF,1569,0.46114422504489505
ADF,1570,0.35542143360987266
ADF,1571,0.31114287656612777
ADF,1572,0.2571019515781322
ADF,1573,0.17067251622574475
ADF,1574,0.095424982523908561
ADF,1575,0.035021347091361121
ADF,1576,-0.0073727685476243409
ADF,1577,-0.096155821343582526
ADF,1578,-0.1145844729616759
ADF,1579,-0.24804329185131144
ADF,1580,-0.27022064071184793
ADF,1581,-0.34218040836828889
ADF,1582,-0.37060725426374702
ADF,1583,-0.38258793249879708
ADF,1584,-0.38385635209671631
ADF,1585,-0.41947774755746053
ADF,1586,-0.41299475748951947
ADF,1587,-0.44856587646753948
ADF,1588,-0.4938910313604773
ADF,1589,-0.52226573749121286
ADF,1590,-0.56242448055027972
ADF,1591,-0.60250603442896156
ADF,1592,-0.6060692480166554
ADF,1593,-0.69265897305549362
ADF,1594,-0.73467627068229235
ADF,1595,-0.73786322650083835
ADF,1596,-0.77569246534278624
ADF,1597,-0.75632362776272422
ADF,1598,-0.81865191149370475
ADF,1599,-0.86614189127132157
ADF,1600,-0.90073877249309642
ADF,1601,-0.9596313686619079
ADF,1602,-1.0004791271542022
ADF,1603,-1.0445930508226176
ADF,1604,-1.0961221248314088
ADF,1605,-1.1348073416982865
ADF,1606,-1.209593288570445
ADF,1607,-1.3032073377208464
ADF,1608,-1.372553862619408
ADF,1609,-1.5063050473562825
ADF,1610,-1.584194721682382
ADF,1611,-1.6747919344019517
ADF,1612,-1.6226765489789734
ADF,1613,-1.7986150845181488
ADF,1614,-1.8670758807118675
ADF,1615,-1.9142566914977717
ADF,1616,-2.0256134104494605
ADF,1617,-2.0383472159010854
ADF,1618,-2.0896107641131541
ADF,1619,-2.1211014147641412
ADF,1620,-2.111959950208333
ADF,1621,-2.1639362837394507
ADF,1622,-2.2386931150666367
ADF,1623,-2.3279450880811874
ADF,1624,-2.389378457674785
ADF,1625,-2.3908596013776551
ADF,1626,-2.4681157674992815
ADF,1627,-2.4172214555578733
ADF,1628,-2.4020661199039717
ADF,1629,-2.2883503519404207
ADF,1630,-2.2831058300301814
ADF,1631,-2.24655186736917
ADF,1632,-2.1423942348250726
ADF,1633,-2.029849521261736
ADF,1634,-1.9931100565730409
ADF,1635,-1.8625337238775885
ADF,1636,-1.8045520360745511
ADF,1637,-1.7435723886816314
ADF,1638,-1.6110133621023901
ADF,1639,-1.5771888139688066
ADF,1640,-1.4892105501087001
ADF,1641,-1.343676715314063
ADF,1642,-1.2636532129404092
ADF,1643,-1.0603889954995933
ADF,1644,-0.85978524183041527
ADF,1645,-0.65670739866858874
ADF,1646,-0.38359259263799184
ADF,1647,-0.092685470811498832
ADF,1648,0.1763178881676585
ADF,1649,0.47529404135031172
ADF,1650,0.89363921188446116
ADF,1651,1.2197462561293073
ADF,1652,1.5582223392353691
ADF,1653,1.8747504866728106
ADF,1654,2.1617159863758095
ADF,1655,2.5559479933124738
ADF,1656,2.9191989841828305
ADF,1657,3.3393063599265589
ADF,1658,3.6833629292402206
ADF,1659,4.0607345824622882
ADF,1660,4.5414120616642411
ADF,1661,4.9049676149670587
ADF,1662,5.2937717743827424
ADF,1663,5.7130151684595702
ADF,1664,6.0216459819219823
ADF,1665,6.406125256767023
ADF,1666,6.5797858763878629
ADF,1667,6.7946437660427277
ADF,1668,6.9620068888259619
ADF,1669,6.9856805993429099
ADF,1670,6.9094399141475664
ADF,1671,6.7446373521010656
ADF,1672,6.5837101223183359
ADF,1673,6.3694480298374918
ADF,1674,5.9418535336090619
ADF,1675,5.4756517026338187
ADF,1676,4.976896900072501
ADF,1677,4.3327567389019368
ADF,1678,3.7210636358152334
ADF,1679,2.9465565971391423
ADF,1680,2.1842421289598826
ADF,1681,1.4251840618211191
ADF,1682,0.54883828393985168
ADF,1683,-0.21723413153478449
ADF,1684,-1.0250672864848314
ADF,1685,-1.758279373505742
ADF,1686,-2.607576519893096
ADF,1687,-3.163364045494871
ADF,1688,-3.850977463157327
ADF,1689,-4.3268466227015896
ADF,1690,-4.6733673916470551
ADF,1691,-4.9032469516008632
ADF,1692,-4.9342390680018502
ADF,1693,-5.022126718372812
ADF,1694,-4.9091500483151878
ADF,1695,-4.8347434143167494
ADF,1696,-4.6808550521559553
ADF,1697,-4.627935649378716
ADF,1698,-4.5781166870231775
ADF,1699,-4.6853924891271994
ADF,1700,-4.7521133551002075
ADF,1701,-4.8203927650221745
ADF,1702,-5.0826472209860718
ADF,1703,-5.3359952876332066
ADF,1704,-5.6747598424822421
ADF,1705,-6.0611576470927364
ADF,1706,-6.4675765482659866
ADF,1707,-6.8023833981152073
ADF,1708,-7.1642243893583926
ADF,1709,-7.5031692408491981
ADF,1710,-7.7842627431541134
ADF,1711,-8.1211214799622802
ADF,1712,-8.3064097587359669
ADF,1713,-8.6574140520408509
ADF,1714,-8.811963683585665
ADF,1715,-8.9755238757279923
ADF,1716,-9.2427104945488185
ADF,1717,-9.5663887045794969
ADF,1718,-9.8708601165935246
ADF,1719,-10.192217061151528
ADF,1720,-10.599403275684995
ADF,1721,-11.016192257249507
ADF,1722,-11.502510596325696
ADF,1723,-11.899212972196283
ADF,1724,-12.424490352460795
ADF,1725,-12.757000568134924
ADF,1726,-13.185201021810894
ADF,1727,-13.383164792505326
ADF,1728,-13.541170275904976
ADF,1729,-13.681376524084433
ADF,1730,-13.748559501195365
ADF,1731,-13.682404606252103
ADF,1732,-13.588083653064134
ADF,1733,-13.544987113104035
ADF,1734,-13.295631769781879
ADF,1735,-13.238442612971186
ADF,1736,-12.967241734441037
ADF,1737,-12.791451634150087
ADF,1738,-12.612369071176072
ADF,1739,-12.468461930286821
ADF,1740,-12.166640621594926
ADF,1741,-12.03457833365999
ADF,1742,-11.889220842768188
ADF,1743,-11.557616541442183
ADF,1744,-11.337692090039914
ADF,1745,-11.170470171405745
ADF,1746,-10.828619262342
ADF,1747,-10.591977795201771
ADF,1748,-10.422266747975259
ADF,1749,-10.098320950221749
ADF,1750,-9.9504915549779298
ADF,1751,-9.7713397557830692
ADF,1752,-9.5840967891747884
ADF,1753,-9.4357598809109859
ADF,1754,-9.4195018714608807
ADF,1755,-9.3405913540174303
ADF,1756,-9.2991436082334058
ADF,1757,-9.2480420373155638
ADF,1758,-9.2358830061890433
ADF,1759,-9.1697220141990172
ADF,1760,-9.1002780026706667
ADF,1761,-8.9659578024617055
ADF,1762,-8.8026087531227653
ADF,1763,-8.617559575206835
ADF,1764,-8.3354493272299486
ADF,1765,-7.9356772637772925
ADF,1766,-7.5732237582093953
ADF,1767,-7.0339929808652597
ADF,1768,-6.5910540252387593
ADF,1769,-6.1422406405915613
ADF,1770,-5.6135864126131709
ADF,1771,-5.13965775563591
ADF,1772,-4.6307209371370188
ADF,1773,-4.2791082436393459
ADF,1774,-3.873818230520925
ADF,1775,-3.6418631656094669
ADF,1776,-3.3096991855607079
ADF,1777,-3.0671586924573724
ADF,1778,-2.7681371712375351
ADF,1779,-2.5383651978753909
ADF,1780,-2.2504194313736701
ADF,1781,-2.0763061306345296
ADF,1782,-1.8625340678485121
ADF,1783,-1.6522796733608216
ADF,1784,-1.3701893624080967
ADF,1785,-1.1818514779376659
ADF,1786,-0.87849698309725954
ADF,1787,-0.69306629598484049
ADF,1788,-0.52474658087331738
ADF,1789,-0.37778950257506383
ADF,1790,-0.3199944181883127
ADF,1791,-0.26930807100249482
ADF,1792,-0.21875528491773788
ADF,1793,-0.20095141683072465
ADF,1794,-0.19883006926993307
ADF,1795,-0.14839542488667276
ADF,1796,-0.20066847172532515
ADF,1797,-0.19809795582816522
ADF,1798,-0.10979220318218966
ADF,1799,-0.06318753300127132
ADF,1800,0.057342061631320135
ADF,1801,3.8224745686747146
ADF,1802,3.9772173711174936
ADF,1803,4.1764274759513675
ADF,1804,4.2465658182069941
ADF,1805,4.4709037044987747
ADF,1806,4.5236647165588924
ADF,1807,4.6506974551203815
ADF,1808,4.7167590009133278
ADF,1809,4.738754313425618
ADF,1810,4.747736640538732
ADF,1811,4.7124729440002779
ADF,1812,4.7033927485432336
ADF,1813,4.7272424147124035
ADF,1814,4.6089806680374563
ADF,1815,4.6245776992796443
ADF,1816,4.614471017052316
ADF,1817,4.5722096603520477
ADF,1818,4.6263047188173418
ADF,1819,4.6346822283285931
ADF,1820,4.7236348630553593
ADF,1821,4.8327835378127633
ADF,1822,4.7856983831756716
ADF,1823,4.9288914875467977
ADF,1824,5.0153645995834069
ADF,1825,5.1584613655631237
ADF,1826,5.3582653340232831
ADF,1827,5.4415427069686677
ADF,1828,5.6544203157465978
ADF,1829,5.7326536808727777
ADF,1830,5.8284179502620264
ADF,1831,6.0183003608053838
ADF,1832,6.066468708470528
ADF,1833,6.0597511384154989
ADF,1834,6.2686847139166657
ADF,1835,6.30521433022039
ADF,1836,6.3885782098265489
ADF,1837,6.3757057538476838
ADF,1838,6.4459341588168142
ADF,1839,6.4112223307981928
ADF,1840,6.5019900635149259
ADF,1841,6.4527175565208825
ADF,1842,6.5048361009128577
ADF,1843,6.4040964560402891
ADF,1844,6.3688232697946967
ADF,1845,6.25273051279484
ADF,1846,6.2011876822937815
ADF,1847,6.0990182901089138
ADF,1848,6.0593582228478153
ADF,1849,5.9652382093170431
ADF,1850,5.7781101854181873
ADF,1851,5.6842270069460472
ADF,1852,5.5358370770356702
ADF,1853,5.2999581061782326
ADF,1854,5.1233401296057535
ADF,1855,5.1166895734101949
ADF,1856,4.893317408062595
ADF,1857,4.7368620161648876
ADF,1858,4.56256608573515
ADF,1859,4.3933069857402014
ADF,1860,4.2358257288815233
ADF,1861,4.0670318532232423
ADF,1862,3.9723462374311609
ADF,1863,3.7282816544689914
ADF,1864,3.6025123966272865
ADF,1865,3.4741289047845823
ADF,1866,3.3429295643757828
ADF,1867,3.2296351376979167
ADF,1868,3.0513542579352317
ADF,1869,2.8514689947080756
ADF,1870,2.6601667630429016
ADF,1871,2.3566188678103877
ADF,1872,2.1708197226099952
ADF,1873,1.9142050921948566
ADF,1874,1.5960731691800794
ADF,1875,1.3347226323168437
ADF,1876,1.2057154278807172
ADF,1877,1.0577533620025448
ADF,1878,0.86296019680752512
ADF,1879,0.70302526903841323
ADF,1880,0.57901666694580234
ADF,1881,0.50825300313754074
ADF,1882,0.46455796929380611
ADF,1883,0.46159506911706832
ADF,1884,0.44041611686555415
ADF,1885,0.43180498564112457
ADF,1886,0.44718412872907864
ADF,1887,0.51605656772080077
ADF,1888,0.62135957647097406
ADF,1889,0.66937991667728702
ADF,1890,0.75557387561799916
ADF,1891,0.85891545722181784
ADF,1892,0.93952889906710446
ADF,1893,1.0806559826017577
ADF,1894,1.235835752411615
ADF,1895,1.4132377427757896
ADF,1896,1.5707835140987303
ADF,1897,1.7936372328361394
ADF,1898,2.0237003571840551
ADF,1899,2.2621786852514219
ADF,1900,2.4833846381950209
ADF,1901,2.7310101837518501
ADF,1902,3.0159093942573372
ADF,1903,3.2071342871785005
ADF,1904,3.4089722194669849
ADF,1905,3.6316287192946142
ADF,1906,3.7976690311350616
ADF,1907,3.9649746036376858
ADF,1908,4.0741986776561481
ADF,1909,4.1384500538208941
ADF,1910,4.2315816124300323
ADF,1911,4.2226601397543151
ADF,1912,4.2148212181621485
ADF,1913,4.1841011215197828
ADF,1914,4.1147412105280168
ADF,1915,4.0322532779026607
ADF,1916,3.950359397276539
ADF,1917,3.8466918284099272
ADF,1918,3.6795959660024704
ADF,1919,3.539975554427901
ADF,1920,3.3777341690582388
ADF,1921,3.2230933960206922
ADF,1922,3.057066901997826
ADF,1923,2.9028770794771668
ADF,1924,2.7526623857446642
ADF,1925,2.61020701201141
ADF,1926,2.4869392546771363
ADF,1927,2.3384840269741991
ADF,1928,2.2063724180348538
ADF,1929,2.0505020750324703
ADF,1930,1.9203489916714491
ADF,1931,1.774321843233035
ADF,1932,1.6373089661613371
ADF,1933,1.5050445863576083
ADF,1934,1.3868006408617208
ADF,1935,1.2276549009250286
ADF,1936,1.0923417088308853
ADF,1937,0.9361713812374034
ADF,1938,0.76726503797401668
ADF,1939,0.61324533962809691
ADF,1940,0.4386168371640588
ADF,1941,0.2903157056943691
ADF,1942,0.12651214433999008
ADF,1943,-0.013047033491383597
ADF,1944,-0.13976340149724012
ADF,1945,-0.27132091943938702
ADF,1946,-0.42923382494193651
ADF,1947,-0.52761268819038809
ADF,1948,-0.64738708825540769
ADF,1949,-0.73735056294173551
ADF,1950,-0.83523210806824821
ADF,1951,-0.9086784376718452
ADF,1952,-0.99872024154508743
ADF,1953,-1.0557747556451631
ADF,1954,-1.1445471063650916
ADF,1955,-1.2026186574537616
ADF,1956,-1.3014934915981691
ADF,1957,-1.3942405322900855
ADF,1958,-1.4891944755160536
ADF,1959,-1.626148686336027
ADF,1960,-1.7635133953993891
ADF,1961,-1.8795812232257545
ADF,1962,-2.0082203808192149
ADF,1963,-2.1373935843015204
ADF,1964,-2.2801618860968582
ADF,1965,-2.3982724270734272
ADF,1966,-2.5231763798989491
ADF,1967,-2.65139060385901
ADF,1968,-2.7699998274649476
ADF,1969,-2.8349301251645338
ADF,1970,-2.9144147703672951
ADF,1971,-2.9872269801045821
ADF,1972,-3.0756769981496128
ADF,1973,-3.1536854358849467
ADF,1974,-3.2571335091007341
ADF,1975,-3.320459857478256
ADF,1976,-3.4304023409954074
ADF,1977,-3.488166986766279
ADF,1978,-3.5932664443264319
ADF,1979,-3.6802481076611837
ADF,1980,-3.7798779132199729
ADF,1981,-3.8859296718881291
ADF,1982,-4.0296373333919684
ADF,1983,-4.1443526805932205
ADF,1984,-4.267008854294688
ADF,1985,-4.4179070331053882
ADF,1986,-4.5756653387087409
ADF,1987,-4.6961072618946433
ADF,1988,-4.853456140144651
ADF,1989,-4.9844565594856558
ADF,1990,-5.0894856109795636
ADF,1991,-5.2349119247142522
ADF,1992,-5.3346580328780586
ADF,1993,-5.443372087035911
ADF,1994,-5.5929494348170294
ADF,1995,-5.71918532504474
ADF,1996,-5.8506306751275963
ADF,1997,-5.9693658563899694
ADF,1998,-6.0975280385585613
ADF,1999,-6.2414886850097657
ADF,2000,-6.3810592884751438
ADF,2001,-6.5672003766369151
ADF,2002,-6.774700631597752
ADF,2003,-7.0103886030422187
ADF,2004,-7.1986607893280592
ADF,2005,-7.4353960039816798
ADF,2006,-7.665899456646537
ADF,2007,-7.8729510077354012
ADF,2008,-8.0992647758050946
ADF,2009,-8.2900427990963514
ADF,2010,-8.4012759283301612
ADF,2011,-8.5058497592211868
ADF,2012,-8.5430502459954205
ADF,2013,-8.6043007664504696
ADF,2014,-8.5264288193712314
ADF,2015,-8.4464515997285563
ADF,2016,-8.3143231538685498
ADF,2017,-8.1191373048899784
ADF,2018,-7.8961047676173139
ADF,2019,-7.6495555893332794
ADF,2020,-7.3734907462854498
ADF,2021,-7.1190466794435077
ADF,2022,-6.8758554274188697
ADF,2023,-6.6250460924284322
ADF,2024,-6.3966039268251249
ADF,2025,-6.2138343501098419
ADF,2026,-5.995794921435551
ADF,2027,-5.8344637141001749
ADF,2028,-5.6816581556637722
ADF,2029,-5.5912745141884699
ADF,2030,-5.4998521031976981
ADF,2031,-5.4421523883441125
ADF,2032,-5.3916044663212137
ADF,2033,-5.4171163075950544
ADF,2034,-5.3863639871244757
ADF,2035,-5.4585225477836579
ADF,2036,-5.4600204481391179
ADF,2037,-5.5198986739185303
ADF,2038,-5.5983052895586392
ADF,2039,-5.695705046903127
ADF,2040,-5.7527548496196319
ADF,2041,-5.8999621429434006
ADF,2042,-6.0125101808048944
ADF,2043,-6.1706259865645467
ADF,2044,-6.3194111911931801
ADF,2045,-6.3994729488952169
ADF,2046,-6.5198082252417837
ADF,2047,-6.6454858748257228
ADF,2048,-6.7569085070542405
ADF,2049,-6.8320306477165662
ADF,2050,-6.8834569925881537
ADF,2051,-6.9170527005398794
ADF,2052,-6.9434518574838515
ADF,2053,-6.9177268126425151
ADF,2054,-6.8834473597832364
ADF,2055,-6.8604281039158792
ADF,2056,-6.8176219417083121
ADF,2057,-6.7851939331923736
ADF,2058,-6.7221725636523093
ADF,2059,-6.6765103183272103
ADF,2060,-6.6100032320508912
ADF,2061,-6.5643739413135762
ADF,2062,-6.5129196302249897
ADF,2063,-6.457007441985394
ADF,2064,-6.3859303076757907
ADF,2065,-6.3172520285390812
ADF,2066,-6.281065955270579
ADF,2067,-6.2116524566387037
ADF,2068,-6.1606413533810187
ADF,2069,-6.0608239937964763
ADF,2070,-5.9725434775008628
ADF,2071,-5.8818684738529203
ADF,2072,-5.7699116897954763
ADF,2073,-5.6497423125377519
ADF,2074,-5.5353785014036356
ADF,2075,-5.404562194372792
ADF,2076,-5.2500020188512559
ADF,2077,-5.0940082833711298
ADF,2078,-4.9229348368320007
ADF,2079,-4.7604398023668208
ADF,2080,-4.5881333749934754
ADF,2081,-4.3990606963682382
ADF,2082,-4.2214771297024383
ADF,2083,-4.0275001025432378
ADF,2084,-3.823989048040823
ADF,2085,-3.6005446161804247
ADF,2086,-3.4168612182488225
ADF,2087,-3.1677572952867115
ADF,2088,-2.9729673524017124
ADF,2089,-2.7626032975992625
ADF,2090,-2.5500100904199692
ADF,2091,-2.3299211911459627
ADF,2092,-2.1272640048321905
ADF,2093,-1.9258832145660025
ADF,2094,-1.7133779981424893
ADF,2095,-1.493685901888264
ADF,2096,-1.3073314671813017
ADF,2097,-1.128764843310013
ADF,2098,-0.91347858045930463
ADF,2099,-0.69238326294772157
ADF,2100,-0.49572061150730506
ADF,2101,-0.24549994376662124
ADF,2102,-0.012755131903064168
ADF,2103,0.26124184905076409
ADF,2104,0.52644137270162938
ADF,2105,0.78786669495842676
ADF,2106,1.0572319504003223
ADF,2107,1.3150949870984761
ADF,2108,1.526112413872835
ADF,2109,1.7676031207570142
ADF,2110,1.9626749216420738
ADF,2111,2.1372569043138614
ADF,2112,2.297323413261867
ADF,2113,2.4510513407596126
ADF,2114,2.5837981139669175
ADF,2115,2.6969948757902804
ADF,2116,2.7979087188181491
ADF,2117,2.8857676110585233
ADF,2118,2.9419622811494475
ADF,2119,3.0292510047038004
ADF,2120,3.0489317108324729
ADF,2121,3.1325611604703325
ADF,2122,3.1985148888828006
ADF,2123,3.2313750005292547
ADF,2124,3.3078694120373897
ADF,2125,3.3457184616802245
ADF,2126,3.3577934234923097
ADF,2127,3.4064074242918152
ADF,2128,3.4281304101974865
ADF,2129,3.4399823215719132
ADF,2130,3.4699710354570046
ADF,2131,3.5047699161247463
ADF,2132,3.5375639368541631
ADF,2133,3.5590641014394695
ADF,2134,3.5674592663789375
ADF,2135,3.5603699979635217
ADF,2136,3.5146309804530786
ADF,2137,3.4751133317540934
ADF,2138,3.4288346418808651
ADF,2139,3.3556470816743889
ADF,2140,3.2653324016075089
ADF,2141,3.1759024291921425
ADF,2142,3.1041294018543697
ADF,2143,2.9796368922542871
ADF,2144,2.8327317197961839
ADF,2145,2.6947238572566734
ADF,2146,2.5364156646970364
ADF,2147,2.3764641651444984
ADF,2148,2.2513912322932534
ADF,2149,2.0865981996006253
ADF,2150,2.0111923593365373
ADF,2151,1.8915867895897711
ADF,2152,1.7824748267638355
ADF,2153,1.7371654111385224
ADF,2154,1.6917457054595813
ADF,2155,1.6048327991060996
ADF,2156,1.5698829691477243
ADF,2157,1.5677192304313761
ADF,2158,1.5342707640604387
ADF,2159,1.5437415170514786
ADF,2160,1.559473137564181
ADF,2161,1.5359034827335076
ADF,2162,1.5392065948903839
ADF,2163,1.5700311566919289
ADF,2164,1.5724316533679514
ADF,2165,1.6107332243996821
ADF,2166,1.6141541009522209
ADF,2167,1.6012097064284188
ADF,2168,1.5872720428220379
ADF,2169,1.6285428394131654
ADF,2170,1.6320010724798424
ADF,2171,1.6411218074206515
ADF,2172,1.6754219792452578
ADF,2173,1.6657694673199559
ADF,2174,1.6256321132845326
ADF,2175,1.6055026733077125
ADF,2176,1.5682070474467888
ADF,2177,1.5510133003146775
ADF,2178,1.5022184859705856
ADF,2179,1.4584801054759045
ADF,2180,1.3647734352316105
ADF,2181,1.2795673633192917
ADF,2182,1.162347193118396
ADF,2183,1.0826002747211247
ADF,2184,1.0167604510571666
ADF,2185,0.89909576131246671
ADF,2186,0.84319241953857738
ADF,2187,0.74312728767400915
ADF,2188,0.67583615450287127
ADF,2189,0.64323572125741424
ADF,2190,0.63058148477882403
ADF,2191,0.66364779834266352
ADF,2192,0.69051155845424972
ADF,2193,0.75202333968734314
ADF,2194,0.86705048509107885
ADF,2195,0.91041758567707554
ADF,2196,1.0327932018839046
ADF,2197,1.1650309382749695
ADF,2198,1.243762731986173
ADF,2199,1.3305609384079711
ADF,2200,1.3974612595465079
ADF,2201,1.4517372545055669
ADF,2202,1.4955668668449962
ADF,2203,1.6003737272408054
ADF,2204,1.6703996872413194
ADF,2205,1.7649626201696622
ADF,2206,1.8072039614042545
ADF,2207,1.8988243212640883
ADF,2208,1.9320011444484873
ADF,2209,2.0528033753634434
ADF,2210,2.0849865419796063
ADF,2211,2.2027565077936342
ADF,2212,2.2979203152133465
ADF,2213,2.4072694780867834
ADF,2214,2.514718294660403
ADF,2215,2.6244764332091406
ADF,2216,2.7105347363588708
ADF,2217,2.907641180361705
ADF,2218,3.0744316970371783
ADF,2219,3.2033033338638188
ADF,2220,3.3409271271193721
ADF,2221,3.537681138922518
ADF,2222,3.7179978332715917
ADF,2223,3.9366713678067007
ADF,2224,4.0860555313306719
ADF,2225,4.3163722976145618
ADF,2226,4.4985079426004386
ADF,2227,4.7254069321228735
ADF,2228,4.9984658491087908
ADF,2229,5.1828667111031574
ADF,2230,5.4492648749965786
ADF,2231,5.6581726380873398
ADF,2232,5.9381764681045217
ADF,2233,6.1545174821315189
ADF,2234,6.3345095980748081
ADF,2235,6.5169372427271277
ADF,2236,6.6420983002607485
ADF,2237,6.7508295209168043
ADF,2238,6.7234468304388759
ADF,2239,6.7340994795397791
ADF,2240,6.6572171287711459
ADF,2241,6.5755130859449284
ADF,2242,6.3899622384708854
ADF,2243,6.1859816861833918
ADF,2244,5.9555732552831202
ADF,2245,5.718843512187636
ADF,2246,5.4843486290031827
ADF,2247,5.3027877663620879
ADF,2248,5.088900178311988
ADF,2249,4.9854411084137809
ADF,2250,4.8897870195920721
ADF,2251,4.9280795274753268
ADF,2252,4.9628462894573158
ADF,2253,5.0713944784730236
ADF,2254,5.1623631175676303
ADF,2255,5.2992841442501959
ADF,2256,5.4531562975260872
ADF,2257,5.6257899729797822
ADF,2258,5.825338527471188
ADF,2259,5.9784132174577742
ADF,2260,6.122094896868747
ADF,2261,6.2399935734491194
ADF,2262,6.3207283095100504
ADF,2263,6.4012741013754164
ADF,2264,6.3581503798576069
ADF,2265,6.325923408651378
ADF,2266,6.2258979527577409
ADF,2267,6.1433845511049059
ADF,2268,5.9526021069533011
ADF,2269,5.7549313585608388
ADF,2270,5.5313071867668651
ADF,2271,5.2569361440771489
ADF,2272,5.0225312650406986
ADF,2273,4.7610240072038108
ADF,2274,4.4630210251830462
ADF,2275,4.1430912490150904
ADF,2276,3.8720890870689657
ADF,2277,3.6517586650956062
ADF,2278,3.4172148462412664
ADF,2279,3.1939387112750577
ADF,2280,2.9880596449890113
ADF,2281,2.7336722899756252
ADF,2282,2.4779876784755559
ADF,2283,2.1908331098111704
ADF,2284,1.908106922354291
ADF,2285,1.62496816804655
ADF,2286,1.2744951736895533
ADF,2287,0.87910990643275433
ADF,2288,0.51720626940392145
ADF,2289,0.1021315527942333
ADF,2290,-0.29728649159625126
ADF,2291,-0.70870033537266186
ADF,2292,-1.1184113128568542
ADF,2293,-1.5292096047480412
ADF,2294,-1.8540936161750086
ADF,2295,-2.2285301323377866
ADF,2296,-2.591997826689318
ADF,2297,-2.9509867904004428
ADF,2298,-3.2644009127466247
ADF,2299,-3.5905248588261212
ADF,2300,-3.8798980484430463
ADF,2301,-4.1522504348480584
ADF,2302,-4.4196439729467567
ADF,2303,-4.6758757280888741
ADF,2304,-4.9251277242850442
ADF,2305,-5.1316075419573437
ADF,2306,-5.3089659400041542
ADF,2307,-5.4762877341695395
ADF,2308,-5.6166716135610164
ADF,2309,-5.7432536582777756
ADF,2310,-5.8179116947319978
ADF,2311,-5.845650020056838
ADF,2312,-5.7897294739259211
ADF,2313,-5.6612784663248554
ADF,2314,-5.4896421030536793
ADF,2315,-5.3158676215520124
ADF,2316,-5.0191842217595708
ADF,2317,-4.7232190612333076
ADF,2318,-4.31485691495892
ADF,2319,-3.8594818939521263
ADF,2320,-3.3612110020349917
ADF,2321,-2.9091717324554662
ADF,2322,-2.4734294395442613
ADF,2323,-2.0752413506239464
ADF,2324,-1.6620166733859962
ADF,2325,-1.2799658543275456
ADF,2326,-0.91407152157986815
ADF,2327,-0.61489196118334888
ADF,2328,-0.32211432481812724
ADF,2329,-0.091029561960461927
ADF,2330,0.049118090057526716
ADF,2331,0.20233015403333729
ADF,2332,0.30297593521073546
ADF,2333,0.3718116583647626
ADF,2334,0.45701079519189086
ADF,2335,0.45307292735956445
ADF,2336,0.48280053165536402
ADF,2337,0.48183750574772383
ADF,2338,0.41291095871081279
ADF,2339,0.34285775091113935
ADF,2340,0.23563030203418692
ADF,2341,0.094000767069758823
ADF,2342,-0.081314478611200766
ADF,2343,-0.19779500867083033
ADF,2344,-0.33876829197139502
ADF,2345,-0.48238948499538697
ADF,2346,-0.54119525191908457
ADF,2347,-0.5385883783625901
ADF,2348,-0.52818548161383572
ADF,2349,-0.46339115145807031
ADF,2350,-0.29321940730875579
ADF,2351,-0.13647433619161917
ADF,2352,0.072509792206814985
ADF,2353,0.24493749493836928
ADF,2354,0.51310213696538098
ADF,2355,0.66313781727516419
ADF,2356,0.85697929369613124
ADF,2357,0.98872310813776032
ADF,2358,1.1020410991432605
ADF,2359,1.2217416310886533
ADF,2360,1.3097923625070305
ADF,2361,1.3156321199368133
ADF,2362,1.2764484761314268
ADF,2363,1.2480500366294627
ADF,2364,1.2065652097555366
ADF,2365,1.1843816862383081
ADF,2366,1.2134708997810468
ADF,2367,1.1967621515411471
ADF,2368,1.2389071393754749
ADF,2369,1.2991328208834669
ADF,2370,1.3669167376070939
ADF,2371,1.3921243510809287
ADF,2372,1.4427062583298851
ADF,2373,1.445586311137337
ADF,2374,1.4991372735163977
ADF,2375,1.5740495613061494
ADF,2376,1.646953983657157
ADF,2377,1.7147912103892131
ADF,2378,1.7679675061035531
ADF,2379,1.8122389681619782
ADF,2380,1.8290880097776008
ADF,2381,1.8038381364766383
ADF,2382,1.7391665051335474
ADF,2383,1.631146111274737
ADF,2384,1.5396592927557897
ADF,2385,1.4861231121095673
ADF,2386,1.3787657831784528
ADF,2387,1.3288726589793012
ADF,2388,1.3053415241382071
ADF,2389,1.1842805357820423
ADF,2390,1.0858683876276614
ADF,2391,0.93479752458218224
ADF,2392,0.74993292941357037
ADF,2393,0.6297594145076042
ADF,2394,0.47356533133745832
ADF,2395,0.33198961754795359
ADF,2396,0.20415507247492798
ADF,2397,0.06655446894408798
ADF,2398,-0.024050963766838622
ADF,2399,-0.17147987664098246
ADF,2400,-0.35586316230688303
ADF,2401,-0.57549610839787602
ADF,2402,-0.77539750203793278
ADF,2403,-0.99212582861864451
ADF,2404,-1.186288198809625
ADF,2405,-1.354375660709924
ADF,2406,-1.5396063550377179
ADF,2407,-1.820861969129657
ADF,2408,-2.0794029030725625
ADF,2409,-2.3124247006707646
ADF,2410,-2.5195961914104532
ADF,2411,-2.6452131386507403
ADF,2412,-2.6860387635635927
ADF,2413,-2.7534775594032261
ADF,2414,-2.806572096622427
ADF,2415,-2.8958476175661785
ADF,2416,-2.9901544363303536
ADF,2417,-3.0543114290685298
ADF,2418,-3.0807882988307851
ADF,2419,-3.0846917054092402
ADF,2420,-3.0028259778285147
ADF,2421,-2.9110809372982116
ADF,2422,-2.8325797678319828
ADF,2423,-2.7554923675483463
ADF,2424,-2.7589437768459324
ADF,2425,-2.7100297531781625
ADF,2426,-2.6584462156868587
ADF,2427,-2.6207805600783978
ADF,2428,-2.528580323524551
ADF,2429,-2.3979343178807966
ADF,2430,-2.3391440754070749
ADF,2431,-2.1792505865685157
ADF,2432,-2.0380813252547236
ADF,2433,-1.8930362240214158
ADF,2434,-1.7341955245073468
ADF,2435,-1.6420348837021574
ADF,2436,-1.5064291618553756
ADF,2437,-1.4034982071591406
ADF,2438,-1.1946394830893834
ADF,2439,-0.95751738257570307
ADF,2440,-0.79112112017792724
ADF,2441,-0.67726197465062754
ADF,2442,-0.50021439735780437
ADF,2443,-0.34623110982703792
ADF,2444,-0.20667806105707467
ADF,2445,0.030132332807260128
ADF,2446,0.24066701161503301
ADF,2447,0.36558624472418239
ADF,2448,0.58473897535234631
ADF,2449,0.76204656631084566
ADF,2450,0.86863837753045381
ADF,2451,1.0632961882418526
ADF,2452,1.1859861262714415
ADF,2453,1.1508746627552946
ADF,2454,1.1598566653901912
ADF,2455,1.0906391257937604
ADF,2456,1.0499077448668468
ADF,2457,1.0605852027287144
ADF,2458,1.0439408535262189
ADF,2459,0.94763580202264974
ADF,2460,0.93754152834226945
ADF,2461,0.96647869239034467
ADF,2462,1.0579093867701035
ADF,2463,1.3049786186111654
ADF,2464,1.4084538992240438
ADF,2465,1.4767754449353312
ADF,2466,1.533492509886444
ADF,2467,1.5032952695717989
ADF,2468,1.5337553889367259
ADF,2469,1.6798352743261582
ADF,2470,1.7404413455808698
ADF,2471,1.8037296521953678
ADF,2472,1.8399634090701049
ADF,2473,1.921610890577647
ADF,2474,1.9524069477155013
ADF,2475,1.9178676394040446
ADF,2476,1.9259190998383451
ADF,2477,1.9119625199521457
ADF,2478,1.8517762159146105
ADF,2479,1.6815038649324132
ADF,2480,1.6585270085453363
ADF,2481,1.7212878532106513
ADF,2482,1.7729712595022573
ADF,2483,1.9756212674359446
ADF,2484,2.0422011949716357
ADF,2485,1.9055973101680606
ADF,2486,1.9532088329318658
ADF,2487,2.1103226050266271
ADF,2488,2.1312331960370643
ADF,2489,2.1199755591355314
ADF,2490,2.2175279028277766
ADF,2491,2.2638004978542741
ADF,2492,2.3443522598137965
ADF,2493,2.674294313493776
ADF,2494,2.64181740118137
ADF,2495,2.3292318221400619
ADF,2496,2.148291812723444
ADF,2497,1.8189480587014446
ADF,2498,1.7862768677618295
ADF,2499,1.9508676214523941
ADF,2500,1.904230341033267
IVOMD,780,2.5823602738573128
IVOMD,781,2.3900507065413885
IVOMD,782,2.2096898238914315
IVOMD,783,2.091915618461317
IVOMD,784,1.957619374687398
IVOMD,785,1.7880479921046675
IVOMD,786,1.6866612530829073
IVOMD,787,1.5114587995890614
IVOMD,788,1.3976469351411209
IVOMD,789,1.2983072325285443
IVOMD,790,1.1664604470588802
IVOMD,791,1.090095017766946
IVOMD,792,0.98826667083351294
IVOMD,793,0.88689369223525394
IVOMD,794,0.7992621723657598
IVOMD,795,0.71280897673865506
IVOMD,796,0.57996423790333218
IVOMD,797,0.56955587856279455
IVOMD,798,0.45852484865747345
IVOMD,799,0.38324901659597094
IVOMD,800,0.30312125693137215
IVOMD,801,0.18988526596949892
IVOMD,802,0.10803609434309897
IVOMD,803,0.09641214830700251
IVOMD,804,0.017517323532213035
IVOMD,805,-0.058146287794668204
IVOMD,806,-0.15841569383820892
IVOMD,807,-0.17282215387621389
IVOMD,808,-0.2090437732358264
IVOMD,809,-0.28731991104728077
IVOMD,810,-0.35032409560333522
IVOMD,811,-0.37324290575006858
IVOMD,812,-0.46029541343249736
IVOMD,813,-0.55155485095978318
IVOMD,814,-0.55160020279962496
IVOMD,815,-0.57676258298882144
IVOMD,816,-0.63239073203777585
IVOMD,817,-0.69206924649361667
IVOMD,818,-0.65726129729989047
IVOMD,819,-0.7143545026480872
IVOMD,820,-0.77043572222412726
IVOMD,821,-0.86241248930803116
IVOMD,822,-0.89089854227231313
IVOMD,823,-0.88290323163724405
IVOMD,824,-0.97127703866069837
IVOMD,825,-0.94844207732834684
IVOMD,826,-0.93866299109812856
IVOMD,827,-0.9719248069705303
IVOMD,828,-1.02859302807724
IVOMD,829,-1.0421564184381873
IVOMD,830,-1.0680469179070515
IVOMD,831,-0.99002455543474976
IVOMD,832,-1.0582291408729987
IVOMD,833,-1.0426380182630168
IVOMD,834,-1.1012796312582718
IVOMD,835,-1.1332471042760717
IVOMD,836,-1.1552681938467904
IVOMD,837,-1.1793350753689942
IVOMD,838,-1.1170131337429949
IVOMD,839,-1.13568267905507
IVOMD,840,-1.1896320569220789
IVOMD,841,-1.2166131514563203
IVOMD,842,-1.1942312652785079
IVOMD,843,-1.1600263839916365
IVOMD,844,-1.1693114442236203
IVOMD,845,-1.1827875967628394
IVOMD,846,-1.1388673280383745
IVOMD,847,-1.1455005061189669
IVOMD,848,-1.1809471622638952
IVOMD,849,-1.183357468979678
IVOMD,850,-1.1769170323838616
IVOMD,851,-1.074084577051265
IVOMD,852,-1.1261091058259058
IVOMD,853,-1.1654105980652592
IVOMD,854,-1.1332703364749022
IVOMD,855,-1.0896010082588643
IVOMD,856,-1.0876281429241355
IVOMD,857,-1.1356759705902084
IVOMD,858,-1.1646230244916951
IVOMD,859,-1.1067617303438064
IVOMD,860,-1.1116203047523463
IVOMD,861,-1.1111416440668815
IVOMD,862,-1.1084279269955801
IVOMD,863,-1.093574213448911
IVOMD,864,-1.0208598567160947
IVOMD,865,-1.0915964916165777
IVOMD,866,-1.139826964893186
IVOMD,867,-1.0730750007864458
IVOMD,868,-1.0450019893502274
IVOMD,869,-1.0025407324282107
IVOMD,870,-1.0007630795659623
IVOMD,871,-0.99278553845844275
IVOMD,872,-0.96748085132324169
IVOMD,873,-0.92577953653560685
IVOMD,874,-0.88792270660861305
IVOMD,875,-0.84873958438585351
IVOMD,876,-0.88767651396103397
IVOMD,877,-0.80992909028690696
IVOMD,878,-0.68995300473039589
IVOMD,879,-0.6610160181939877
IVOMD,880,-0.71567472854652814
IVOMD,881,-0.66035478151096183
IVOMD,882,-0.65246307813139748
IVOMD,883,-0.57030586575376319
IVOMD,884,-0.50309266119612783
IVOMD,885,-0.52951673911816943
IVOMD,886,-0.48228859209989988
IVOMD,887,-0.44041436044688304
IVOMD,888,-0.47133278016959224
IVOMD,889,-0.31504551592162539
IVOMD,890,-0.32002834962362525
IVOMD,891,-0.32488918465195388
IVOMD,892,-0.186489331318927
IVOMD,893,-0.17457571186550605
IVOMD,894,-0.17880026806997806
IVOMD,895,-0.1298583648869075
IVOMD,896,-0.069347945163132654
IVOMD,897,0.019608364048025875
IVOMD,898,0.016849059462705467
IVOMD,899,0.026153292559144385
IVOMD,900,0.063048940023722619
IVOMD,901,0.24030934246614591
IVOMD,902,0.24545195181066892
IVOMD,903,0.18036532938800537
IVOMD,904,0.2558002126522449
IVOMD,905,0.35220591968883797
IVOMD,906,0.33048161873115234
IVOMD,907,0.35896037676761516
IVOMD,908,0.31809896522263092
IVOMD,909,0.43434024440723867
IVOMD,910,0.45468363851588045
IVOMD,911,0.51773554302279345
IVOMD,912,0.59750048131021627
IVOMD,913,0.5841181198676868
IVOMD,914,0.65651424793397406
IVOMD,915,0.74457973069111061
IVOMD,916,0.69050243930820177
IVOMD,917,0.75460849571994948
IVOMD,918,0.80798763416241437
IVOMD,919,0.7101187841638027
IVOMD,920,0.72701951011103327
IVOMD,921,0.80095798958237219
IVOMD,922,0.95105199698125598
IVOMD,923,0.91391418714002415
IVOMD,924,0.82713959746467813
IVOMD,925,0.91498956715430335
IVOMD,926,1.0059956576294675
IVOMD,927,0.88871033136273969
IVOMD,928,0.9457325102041082
IVOMD,929,0.93998312866061284
IVOMD,930,0.94406933831222717
IVOMD,931,0.8737167518932516
IVOMD,932,0.94722873672098695
IVOMD,933,0.98313016727603042
IVOMD,934,0.96509790074665425
IVOMD,935,0.98506883995732863
IVOMD,936,1.0341621089171613
IVOMD,937,1.0745607497839818
IVOMD,938,1.1026816563705941
IVOMD,939,1.0067384721091031
IVOMD,940,1.0778794466614188
IVOMD,941,1.0468281394496761
IVOMD,942,1.122444342248329
IVOMD,943,1.1752391649026994
IVOMD,944,1.2085952013907173
IVOMD,945,1.1512066294328698
IVOMD,946,1.2600411013680808
IVOMD,947,1.3718215257148081
IVOMD,948,1.5724714857691882
IVOMD,949,1.6285183173867004
IVOMD,950,1.6312314540920627
IVOMD,951,1.6254398909614107
IVOMD,952,1.773074498295458
IVOMD,953,1.8356315848699167
IVOMD,954,1.8716903252207688
IVOMD,955,1.9881619249370981
IVOMD,956,2.0382539172479794
IVOMD,957,2.1968998283784757
IVOMD,958,2.2283121418071064
IVOMD,959,2.2199115322593861
IVOMD,960,2.2961716441795947
IVOMD,961,2.2441297972467096
IVOMD,962,2.2768776910262543
IVOMD,963,2.3963849680016271
IVOMD,964,2.3173767418050417
IVOMD,965,2.4725681035917861
IVOMD,966,2.7182116865170309
IVOMD,967,2.7030672684636938
IVOMD,968,2.8355582204649226
IVOMD,969,2.9353148748094373
IVOMD,970,3.0914529017405856
IVOMD,971,3.4095970144019372
IVOMD,972,3.701163322422885
IVOMD,973,4.0026702675840244
IVOMD,974,4.2962744810613982
IVOMD,975,4.584925429098428
IVOMD,976,5.2066610468732781
IVOMD,977,5.4304000002364754
IVOMD,978,5.9048797566943456
IVOMD,979,6.3870367597648015
IVOMD,980,6.7033390684489822
IVOMD,981,6.9516418865162555
IVOMD,982,6.8750527920945448
IVOMD,983,7.0154324131044943
IVOMD,984,6.9020949608151616
IVOMD,985,6.8490266188498312
IVOMD,986,6.590729915870579
IVOMD,987,6.1410194049154256
IVOMD,988,6.0141097975552178
IVOMD,989,5.5577259901606668
IVOMD,990,4.9459552458018354
IVOMD,991,4.8608153030657055
IVOMD,992,4.5405797168991784
IVOMD,993,4.3160449475860316
IVOMD,994,4.1752792099307854
IVOMD,995,3.764341165364931
IVOMD,996,3.6089886906815392
IVOMD,997,3.797209098567746
IVOMD,998,3.7680211799670111
IVOMD,999,3.7723918211823064
IVOMD,1000,3.7328383534005245
IVOMD,1001,0.61352404641369052
IVOMD,1002,0.57632209518742294
IVOMD,1003,0.58826635358979074
IVOMD,1004,0.56067590803262413
IVOMD,1005,0.7349696325567987
IVOMD,1006,0.74217354827861803
IVOMD,1007,1.0364015373939008
IVOMD,1008,0.92061512612741903
IVOMD,1009,1.009855621420815
IVOMD,1010,0.90799904943136245
IVOMD,1011,0.92353651793228042
IVOMD,1012,0.93783476598961246
IVOMD,1013,0.95108955436628551
IVOMD,1014,1.1203546038032033
IVOMD,1015,1.1639673871853127
IVOMD,1016,1.2476234201242065
IVOMD,1017,1.1144290602939539
IVOMD,1018,1.1738101859481884
IVOMD,1019,1.2199211589282017
IVOMD,1020,1.2653500011838299
IVOMD,1021,1.4113515833195545
IVOMD,1022,1.6577561451312219
IVOMD,1023,1.6092998487785324
IVOMD,1024,1.4470936515337851
IVOMD,1025,1.461654541052988
IVOMD,1026,1.6221933452006647
IVOMD,1027,1.5944865961178736
IVOMD,1028,1.5271550018691269
IVOMD,1029,1.5741630468043726
IVOMD,1030,1.8085282620050291
IVOMD,1031,1.8003946825180932
IVOMD,1032,1.9179156801067787
IVOMD,1033,1.898556806226086
IVOMD,1034,1.8956214482822986
IVOMD,1035,1.931082755717612
IVOMD,1036,1.8113460912151758
IVOMD,1037,1.7664347774807989
IVOMD,1038,1.9113644229203
IVOMD,1039,2.1218877747870084
IVOMD,1040,1.9207184280873042
IVOMD,1041,2.1084854480646671
IVOMD,1042,1.9406908336508908
IVOMD,1043,1.9738794440886298
IVOMD,1044,2.2068456885012173
IVOMD,1045,2.1436411206310675
IVOMD,1046,2.0975270500081091
IVOMD,1047,2.0325303691293346
IVOMD,1048,1.9108313683305556
IVOMD,1049,2.092564807006561
IVOMD,1050,1.8485246511546178
IVOMD,1051,1.7706576515632801
IVOMD,1052,1.689777606322572
IVOMD,1053,1.9476550706190434
IVOMD,1054,1.9283523356355332
IVOMD,1055,1.7487010768356106
IVOMD,1056,1.5632082150452689
IVOMD,1057,1.3903327791618545
IVOMD,1058,1.3632604248874418
IVOMD,1059,1.3033298957944015
IVOMD,1060,1.2699019896555732
IVOMD,1061,1.3254684481341226
IVOMD,1062,1.271126236196652
IVOMD,1063,1.0503999582520454
IVOMD,1064,0.98935776976160461
IVOMD,1065,0.95070372172049533
IVOMD,1066,0.90599116500886978
IVOMD,1067,0.86428033259709447
IVOMD,1068,0.9275674278613768
IVOMD,1069,0.96952293871331841
IVOMD,1070,0.81260181912050167
IVOMD,1071,0.73787056179025923
IVOMD,1072,0.6323528913622013
IVOMD,1073,0.50026869674255003
IVOMD,1074,0.46932626428756857
IVOMD,1075,0.37912102754742993
IVOMD,1076,0.39873021643094397
IVOMD,1077,0.37868244243693588
IVOMD,1078,0.42197244246122678
IVOMD,1079,0.63271133911398048
IVOMD,1080,0.65690792510556273
IVOMD,1081,0.59156997911452647
IVOMD,1082,0.64506813457162571
IVOMD,1083,0.53600481572038061
IVOMD,1084,0.31292347173196816
IVOMD,1085,0.48063202462241145
IVOMD,1086,0.5238047859959607
IVOMD,1087,0.24551049794131474
IVOMD,1088,0.32047121430840975
IVOMD,1089,0.1102112549116443
IVOMD,1090,0.21810979048505377
IVOMD,1091,0.33122867386584937
IVOMD,1092,0.21589453896778019
IVOMD,1093,0.15493633943127039
IVOMD,1094,0.12621976203858845
IVOMD,1095,-0.15793344384077151
IVOMD,1096,-0.081530273032353259
IVOMD,1097,-0.11834405944232382
IVOMD,1098,-0.18448584979654231
IVOMD,1099,-0.34124436351742338
IVOMD,1100,-0.28894617419157664
IVOMD,1101,-0.3204623461526952
IVOMD,1102,-0.50454451899348218
IVOMD,1103,-0.29334467403048547
IVOMD,1104,-0.5726858325510682
IVOMD,1105,-0.71765624638902192
IVOMD,1106,-1.055547379384199
IVOMD,1107,-1.1193236788478742
IVOMD,1108,-1.4485827898601111
IVOMD,1109,-1.4537149491901928
IVOMD,1110,-1.5680561158867963
IVOMD,1111,-1.8457369014030742
IVOMD,1112,-2.2195886462753491
IVOMD,1113,-2.5068359055826108
IVOMD,1114,-2.8856099597606995
IVOMD,1115,-2.9953650264913243
IVOMD,1116,-3.6860674610804112
IVOMD,1117,-4.1196315197863331
IVOMD,1118,-4.345593471783479
IVOMD,1119,-5.1155258165257695
IVOMD,1120,-5.8422407834887711
IVOMD,1121,-6.4196844812629479
IVOMD,1122,-7.0813242484853482
IVOMD,1123,-7.5407207560032097
IVOMD,1124,-8.0721604271939338
IVOMD,1125,-8.6900892602537265
IVOMD,1126,-9.2138157110585066
IVOMD,1127,-10.202603116485683
IVOMD,1128,-10.56852428932487
IVOMD,1129,-11.335318776344941
IVOMD,1130,-11.670991340606477
IVOMD,1131,-12.255853803378486
IVOMD,1132,-12.532619769564997
IVOMD,1133,-12.4690819144261
IVOMD,1134,-12.512781082349354
IVOMD,1135,-12.696356385564229
IVOMD,1136,-12.921497261499917
IVOMD,1137,-12.620742041140257
IVOMD,1138,-12.27200277652657
IVOMD,1139,-12.288344101790273
IVOMD,1140,-12.000313973342633
IVOMD,1141,-11.756091291720994
IVOMD,1142,-11.364831324943651
IVOMD,1143,-11.151814348989635
IVOMD,1144,-10.736937727275327
IVOMD,1145,-10.188524837863921
IVOMD,1146,-9.9023250538372221
IVOMD,1147,-9.6635864894678107
IVOMD,1148,-9.2768421460001687
IVOMD,1149,-9.1037280242200627
IVOMD,1150,-8.8411814586073216
IVOMD,1151,-8.588117016227633
IVOMD,1152,-7.9204184706346652
IVOMD,1153,-7.8293856211106734
IVOMD,1154,-7.299983328682802
IVOMD,1155,-6.8097328189457418
IVOMD,1156,-6.6975195922081179
IVOMD,1157,-6.0638286051966235
IVOMD,1158,-5.3435958874134188
IVOMD,1159,-4.7534039803734158
IVOMD,1160,-3.8319694478677735
IVOMD,1161,-3.6300960674598461
IVOMD,1162,-3.0387848325679205
IVOMD,1163,-2.5816126242740691
IVOMD,1164,-1.9678326807768267
IVOMD,1165,-1.4289300518547614
IVOMD,1166,-0.96141051263531951
IVOMD,1167,-0.34093668093607687
IVOMD,1168,0.22656750510261014
IVOMD,1169,0.80050156452476617
IVOMD,1170,1.3325473278753719
IVOMD,1171,1.5152523142209795
IVOMD,1172,2.0861059802879311
IVOMD,1173,2.5402921700845638
IVOMD,1174,3.1067647315661073
IVOMD,1175,3.8080195312174072
IVOMD,1176,4.1673264084896688
IVOMD,1177,4.7312477324193694
IVOMD,1178,5.7034845240639873
IVOMD,1179,6.0631163895171651
IVOMD,1180,6.5867667465944413
IVOMD,1181,6.7578186831468203
IVOMD,1182,7.2044805552477387
IVOMD,1183,7.6355458799155169
IVOMD,1184,7.8654408981978046
IVOMD,1185,8.2696562719085644
IVOMD,1186,8.3058151019871058
IVOMD,1187,8.7281215281093534
IVOMD,1188,9.2746933640061737
IVOMD,1189,9.2366147964645027
IVOMD,1190,9.2925473808342218
IVOMD,1191,9.4669835793519006
IVOMD,1192,9.6594831656058471
IVOMD,1193,9.6295239256513341
IVOMD,1194,9.7581392777429752
IVOMD,1195,9.8487814938817024
IVOMD,1196,9.5719360547266028
IVOMD,1197,9.3771110429443407
IVOMD,1198,9.2095639842801962
IVOMD,1199,8.7440930343089498
IVOMD,1200,8.0448341082933155
IVOMD,1201,8.1135247568405813
IVOMD,1202,7.6321435852666681
IVOMD,1203,7.1033086036352531
IVOMD,1204,6.7743442846954416
IVOMD,1205,6.4411501949476655
IVOMD,1206,6.1547622984841048
IVOMD,1207,5.6304210186312726
IVOMD,1208,5.2213103908525262
IVOMD,1209,4.6412280689154182
IVOMD,1210,4.4770782543877994
IVOMD,1211,3.8356749358012139
IVOMD,1212,3.3303144965254519
IVOMD,1213,2.6593854802854544
IVOMD,1214,2.0023657925082059
IVOMD,1215,1.1305437367266418
IVOMD,1216,0.56910917580798326
IVOMD,1217,-0.22119333284189199
IVOMD,1218,-0.77887972724010979
IVOMD,1219,-1.7811445905622909
IVOMD,1220,-2.6304555752522933
IVOMD,1221,-3.382514969522517
IVOMD,1222,-4.1421245656097838
IVOMD,1223,-5.0828815850214308
IVOMD,1224,-5.8701704536512356
IVOMD,1225,-6.8552398664972731
IVOMD,1226,-7.5475979235306365
IVOMD,1227,-8.2078597494660084
IVOMD,1228,-8.9760271892665866
IVOMD,1229,-9.6440442429957063
IVOMD,1230,-9.8879560906862967
IVOMD,1231,-10.891471510137919
IVOMD,1232,-11.107128783130033
IVOMD,1233,-11.322623488960408
IVOMD,1234,-11.342558928635086
IVOMD,1235,-11.967234926313417
IVOMD,1236,-12.030579594391259
IVOMD,1237,-11.526038876670595
IVOMD,1238,-11.068546658033011
IVOMD,1239,-11.1179511210238
IVOMD,1240,-10.498270612480153
IVOMD,1241,-10.130903504410469
IVOMD,1242,-10.02486866369285
IVOMD,1243,-9.4452445248101764
IVOMD,1244,-8.843075096284478
IVOMD,1245,-8.9908441734829676
IVOMD,1246,-8.5347150708011394
IVOMD,1247,-8.2734640484349864
IVOMD,1248,-8.1451409556161618
IVOMD,1249,-7.596373348799129
IVOMD,1250,-7.7329974603305924
IVOMD,1251,-7.1976224790572561
IVOMD,1252,-6.9327942418262714
IVOMD,1253,-6.8449386845617761
IVOMD,1254,-6.5161493255477039
IVOMD,1255,-6.6831445114664323
IVOMD,1256,-6.4080903883777047
IVOMD,1257,-6.4329939627224917
IVOMD,1258,-5.9240599795366666
IVOMD,1259,-5.8933834284446842
IVOMD,1260,-5.502851936868483
IVOMD,1261,-5.2792421571418071
IVOMD,1262,-5.3010670425499953
IVOMD,1263,-4.9296166670953276
IVOMD,1264,-4.6467477951708602
IVOMD,1265,-4.325955356740919
IVOMD,1266,-3.9502751574930333
IVOMD,1267,-3.5188278959845487
IVOMD,1268,-3.5618426247395671
IVOMD,1269,-3.0229023078448383
IVOMD,1270,-2.8945456216374059
IVOMD,1271,-2.4480419498587218
IVOMD,1272,-1.5779055348399877
IVOMD,1273,-1.2440772019682271
IVOMD,1274,-0.90596730502170364
IVOMD,1275,-0.73003743390719433
IVOMD,1276,-0.036039931653141073
IVOMD,1277,-0.047679755805572169
IVOMD,1278,0.24770852772924798
IVOMD,1279,0.77202152755262299
IVOMD,1280,0.91362705697559332
IVOMD,1281,1.4191844454504989
IVOMD,1282,1.654845331904587
IVOMD,1283,1.225237925315231
IVOMD,1284,1.9418428235869662
IVOMD,1285,2.0937046755632847
IVOMD,1286,2.2410254863185157
IVOMD,1287,2.3259054542523376
IVOMD,1288,2.5421388472194426
IVOMD,1289,2.5555351631615157
IVOMD,1290,2.6434226137500403
IVOMD,1291,3.1687079174114321
IVOMD,1292,3.2921461395283944
IVOMD,1293,3.8119854011911554
IVOMD,1294,3.6747321732220941
IVOMD,1295,3.8139175830343484
IVOMD,1296,3.9122500549756265
IVOMD,1297,4.2623699892496365
IVOMD,1298,4.3261284629329992
IVOMD,1299,4.3319823754952882
IVOMD,1300,4.4704899438383192
IVOMD,1301,4.9215746050463451
IVOMD,1302,4.7673845199719533
IVOMD,1303,4.9349240441513178
IVOMD,1304,5.2258618817786937
IVOMD,1305,5.0383137862591783
IVOMD,1306,5.5320094613870632
IVOMD,1307,5.6288436420974515
IVOMD,1308,5.5376809582801165
IVOMD,1309,5.8672289305795884
IVOMD,1310,6.1551380316528341
IVOMD,1311,6.0795617939713269
IVOMD,1312,6.3768147026119841
IVOMD,1313,6.557653616239695
IVOMD,1314,6.6928795019393013
IVOMD,1315,6.7645370202075261
IVOMD,1316,6.2781318178998893
IVOMD,1317,6.724909103148434
IVOMD,1318,7.4050647641574345
IVOMD,1319,6.8988582468803026
IVOMD,1320,6.8601131007276246
IVOMD,1321,6.5573277736677271
IVOMD,1322,6.7226514631775434
IVOMD,1323,6.6741350752809749
IVOMD,1324,6.5603115446835671
IVOMD,1325,6.2635556659960665
IVOMD,1326,5.7479578355087924
IVOMD,1327,5.8392739952648611
IVOMD,1328,5.4407386966779692
IVOMD,1329,5.317081639126469
IVOMD,1330,4.894006063435981
IVOMD,1331,4.6768763377293361
IVOMD,1332,4.1154857614207812
IVOMD,1333,3.979056531609837
IVOMD,1334,3.2921815388624234
IVOMD,1335,2.95511521810081
IVOMD,1336,2.4501754448265687
IVOMD,1337,1.9631134147253049
IVOMD,1338,1.4728331723808148
IVOMD,1339,0.39685055372276629
IVOMD,1340,-0.30097706821170001
IVOMD,1341,-0.80986766297292367
IVOMD,1342,-1.4132202878357703
IVOMD,1343,-2.5693414246723654
IVOMD,1344,-3.1207264723335313
IVOMD,1345,-3.9111719260486608
IVOMD,1346,-4.6243158886104112
IVOMD,1347,-4.9145552132547534
IVOMD,1348,-5.7868359190267658
IVOMD,1349,-5.9842124864546449
IVOMD,1350,-6.3405912400737021
IVOMD,1351,-6.9069444473289545
IVOMD,1352,-7.15883611914649
IVOMD,1353,-7.4265232509217967
IVOMD,1354,-7.6364776376101418
IVOMD,1355,-7.941245677268296
IVOMD,1356,-8.1161725105967655
IVOMD,1357,-8.2888637832167351
IVOMD,1358,-8.3125257787089843
IVOMD,1359,-8.6711235759195908
IVOMD,1360,-9.1083109249480785
IVOMD,1361,-9.0613098548275843
IVOMD,1362,-9.2677096044844252
IVOMD,1363,-9.411636670373694
IVOMD,1364,-9.3277356236775812
IVOMD,1365,-9.1685510369848622
IVOMD,1366,-9.2522643528806441
IVOMD,1367,-9.0026924636209635
IVOMD,1368,-8.5025509575464646
IVOMD,1369,-7.9737106698277138
IVOMD,1370,-7.3818266501673246
IVOMD,1371,-6.8787680678694478
IVOMD,1372,-6.310341111895049
IVOMD,1373,-5.7315821541230054
IVOMD,1374,-5.2536806471592374
IVOMD,1375,-4.5550496567185323
IVOMD,1376,-4.0455221886485955
IVOMD,1377,-3.3989805083413005
IVOMD,1378,-2.9698153380376886
IVOMD,1379,-2.6863209101635896
IVOMD,1380,-2.1874525719018063
IVOMD,1381,-1.7640763137424822
IVOMD,1382,-1.3212494335381282
IVOMD,1383,-0.98591164696727418
IVOMD,1384,-0.51478810293932231
IVOMD,1385,-0.38220717689031997
IVOMD,1386,-0.048837780128260427
IVOMD,1387,0.25847563284891678
IVOMD,1388,0.42775198507155038
IVOMD,1389,0.63418586444334002
IVOMD,1390,0.99003578452940222
IVOMD,1391,1.1281015693286245
IVOMD,1392,1.2513723402335366
IVOMD,1393,1.3380734230751359
IVOMD,1394,1.4206617727192239
IVOMD,1395,1.2262128762432318
IVOMD,1396,1.2039289461557243
IVOMD,1397,1.0381315424462483
IVOMD,1398,0.91817894365053432
IVOMD,1399,0.68206546258044776
IVOMD,1400,0.52146736395516935
IVOMD,1401,0.24046223427662736
IVOMD,1402,-0.022987991119991103
IVOMD,1403,-0.39563824325489055
IVOMD,1404,-0.6106257104297006
IVOMD,1405,-0.82217367924631768
IVOMD,1406,-1.0776406816485258
IVOMD,1407,-1.3350250166767361
IVOMD,1408,-1.4675697359948152
IVOMD,1409,-1.7740269264927166
IVOMD,1410,-1.8594416637514306
IVOMD,1411,-2.0981976080831823
IVOMD,1412,-2.212828967337062
IVOMD,1413,-2.3359120015905472
IVOMD,1414,-2.4103010706697408
IVOMD,1415,-2.5122484590962944
IVOMD,1416,-2.5244695303816567
IVOMD,1417,-2.5614488909760977
IVOMD,1418,-2.4673300315335367
IVOMD,1419,-2.4665418445211693
IVOMD,1420,-2.3086315900680718
IVOMD,1421,-2.2051319220494205
IVOMD,1422,-1.9949489416262622
IVOMD,1423,-1.7293113487118219
IVOMD,1424,-1.3532973808349154
IVOMD,1425,-0.90235261663070365
IVOMD,1426,-0.3459932808716964
IVOMD,1427,0.30306946333221446
IVOMD,1428,0.99254129347717779
IVOMD,1429,1.7405676420644023
IVOMD,1430,2.4778117885128834
IVOMD,1431,3.2900418219286602
IVOMD,1432,3.9971996320825975
IVOMD,1433,4.6440322334022115
IVOMD,1434,5.1422443231500967
IVOMD,1435,5.5066422993978232
IVOMD,1436,5.7435975199631581
IVOMD,1437,5.7847023654018006
IVOMD,1438,5.6503519049564712
IVOMD,1439,5.345837903927567
IVOMD,1440,4.8482178438190795
IVOMD,1441,4.2288570475927294
IVOMD,1442,3.5387868155738409
IVOMD,1443,2.8378976630308874
IVOMD,1444,2.026634989332472
IVOMD,1445,1.2033495951132718
IVOMD,1446,0.44625468904955407
IVOMD,1447,-0.28008762853582764
IVOMD,1448,-0.95102841144251771
IVOMD,1449,-1.4939871414745023
IVOMD,1450,-1.976319489885114
IVOMD,1451,-2.3620174322066569
IVOMD,1452,-2.7427925689627788
IVOMD,1453,-2.9970648125017489
IVOMD,1454,-3.1617149317006517
IVOMD,1455,-3.3464083575063523
IVOMD,1456,-3.4664582069118408
IVOMD,1457,-3.560610844448783
IVOMD,1458,-3.6065762836555386
IVOMD,1459,-3.6040241452971853
IVOMD,1460,-3.6582637205447379
IVOMD,1461,-3.6354744148531513
IVOMD,1462,-3.5702786182269528
IVOMD,1463,-3.5703275977895479
IVOMD,1464,-3.4982380441241219
IVOMD,1465,-3.4417933639119869
IVOMD,1466,-3.3795719672166373
IVOMD,1467,-3.3488051678565336
IVOMD,1468,-3.255060409729488
IVOMD,1469,-3.2253861648143261
IVOMD,1470,-3.2078518789364234
IVOMD,1471,-3.1545112445282548
IVOMD,1472,-3.049941781591246
IVOMD,1473,-3.0298848391456374
IVOMD,1474,-2.9539164133620837
IVOMD,1475,-2.9364027985210188
IVOMD,1476,-2.8672627566134361
IVOMD,1477,-2.7880135661061285
IVOMD,1478,-2.7413662172304236
IVOMD,1479,-2.6617077247167265
IVOMD,1480,-2.6251257082276456
IVOMD,1481,-2.5604056086781477
IVOMD,1482,-2.5293885003369003
IVOMD,1483,-2.475454504768547
IVOMD,1484,-2.4199365053896389
IVOMD,1485,-2.3504240277772923
IVOMD,1486,-2.3112319670323949
IVOMD,1487,-2.237631019356682
IVOMD,1488,-2.1787115231017542
IVOMD,1489,-2.0964141531266516
IVOMD,1490,-2.0778103055582462
IVOMD,1491,-1.9945670437367542
IVOMD,1492,-1.9214979106733887
IVOMD,1493,-1.8737505134747166
IVOMD,1494,-1.8297184594458225
IVOMD,1495,-1.7704836249812852
IVOMD,1496,-1.7237028605948417
IVOMD,1497,-1.6203022744493423
IVOMD,1498,-1.5793710178136504
IVOMD,1499,-1.5113744045927735
IVOMD,1500,-1.3815102519129603
IVOMD,1501,-1.350818412361702
IVOMD,1502,-1.3220445454517458
IVOMD,1503,-1.2492047332740341
IVOMD,1504,-1.1860290892114389
IVOMD,1505,-1.1389459826587309
IVOMD,1506,-1.0560522715636755
IVOMD,1507,-1.0197939237232911
IVOMD,1508,-0.94658029275312883
IVOMD,1509,-0.83721718453000971
IVOMD,1510,-0.78791753467332093
IVOMD,1511,-0.69709721814574521
IVOMD,1512,-0.59066066811881057
IVOMD,1513,-0.46974409929221822
IVOMD,1514,-0.40228807271747846
IVOMD,1515,-0.24545200185294336
IVOMD,1516,-0.18817778454116008
IVOMD,1517,-0.064860189230798865
IVOMD,1518,0.019419645278881605
IVOMD,1519,0.12303524641288938
IVOMD,1520,0.19330319254072456
IVOMD,1521,0.3246034516604317
IVOMD,1522,0.38771000265429967
IVOMD,1523,0.46135170005145948
IVOMD,1524,0.51049361393459425
IVOMD,1525,0.53999678619844604
IVOMD,1526,0.56818270423260986
IVOMD,1527,0.60947698321724419
IVOMD,1528,0.67846111094098327
IVOMD,1529,0.62465287106613354
IVOMD,1530,0.65678934574981795
IVOMD,1531,0.67065922557620739
IVOMD,1532,0.61976446460227597
IVOMD,1533,0.58822837400876749
IVOMD,1534,0.56269240639261942
IVOMD,1535,0.48664649933304188
IVOMD,1536,0.43828978507710042
IVOMD,1537,0.42130650244262741
IVOMD,1538,0.34341220714900234
IVOMD,1539,0.27973076555745063
IVOMD,1540,0.20437250379727182
IVOMD,1541,0.14356038106089464
IVOMD,1542,0.1239776701102331
IVOMD,1543,0.057496622494305663
IVOMD,1544,0.028416379323705387
IVOMD,1545,0.082369663553112232
IVOMD,1546,0.024502457919942978
IVOMD,1547,0.03872733598114593
IVOMD,1548,0.012900134608781016
IVOMD,1549,-0.012688872619545251
IVOMD,1550,-0.017247273639096995
IVOMD,1551,0.024249381377803088
IVOMD,1552,0.047486598628796471
IVOMD,1553,0.069157481454656652
IVOMD,1554,0.088695479064795954
IVOMD,1555,0.17394314043713671
IVOMD,1556,0.26609039257748679
IVOMD,1557,0.29268891647170631
IVOMD,1558,0.34421474588995321
IVOMD,1559,0.46759484690773773
IVOMD,1560,0.57339320859170662
IVOMD,1561,0.68255202492675937
IVOMD,1562,0.82097481771713388
IVOMD,1563,0.90320656356056239
IVOMD,1564,1.025921607695484
IVOMD,1565,1.1515738284881529
IVOMD,1566,1.2318935862063276
IVOMD,1567,1.2832428130544591
IVOMD,1568,1.4051053017936634
IVOMD,1569,1.4229515218376791
IVOMD,1570,1.5315225796356233
IVOMD,1571,1.5999519140238401
IVOMD,1572,1.6595466865980082
IVOMD,1573,1.762044432902284
IVOMD,1574,1.8313797221698209
IVOMD,1575,1.9035722141225933
IVOMD,1576,1.9561559504874961
IVOMD,1577,2.040024824760692
IVOMD,1578,2.0859405741528003
IVOMD,1579,2.2211211257483283
IVOMD,1580,2.2410645386294714
IVOMD,1581,2.3340082885277464
IVOMD,1582,2.3755970666187425
IVOMD,1583,2.3949674160007621
IVOMD,1584,2.4101121812478494
IVOMD,1585,2.4591536267754992
IVOMD,1586,2.4496558676166234
IVOMD,1587,2.4942223717710896
IVOMD,1588,2.5470402449726275
IVOMD,1589,2.5810513881956614
IVOMD,1590,2.5969927509017121
IVOMD,1591,2.640219762167479
IVOMD,1592,2.6442796466072327
IVOMD,1593,2.7361328378912928
IVOMD,1594,2.7517259383311785
IVOMD,1595,2.7458374692336451
IVOMD,1596,2.7636343285224467
IVOMD,1597,2.7416696428395202
IVOMD,1598,2.7792064299708619
IVOMD,1599,2.8177579689500591
IVOMD,1600,2.832429213508791
IVOMD,1601,2.8386832427508355
IVOMD,1602,2.8635674952395873
IVOMD,1603,2.8921422509239032
IVOMD,1604,2.8949927968606062
IVOMD,1605,2.9250932589864775
IVOMD,1606,2.9693678277278051
IVOMD,1607,3.0508287439796669
IVOMD,1608,3.0986084180013931
IVOMD,1609,3.1893308905936717
IVOMD,1610,3.2520573336595282
IVOMD,1611,3.3070682262529045
IVOMD,1612,3.2533325480374202
IVOMD,1613,3.3774216135769404
IVOMD,1614,3.4370151168338499
IVOMD,1615,3.4496324837616772
IVOMD,1616,3.5340258937016436
IVOMD,1617,3.5488095104962087
IVOMD,1618,3.5834341398381455
IVOMD,1619,3.5808705753424106
IVOMD,1620,3.5283749837077658
IVOMD,1621,3.5812707112141009
IVOMD,1622,3.6276377077814965
IVOMD,1623,3.6713650940978528
IVOMD,1624,3.7105038675904316
IVOMD,1625,3.6918972602509434
IVOMD,1626,3.7220373006413676
IVOMD,1627,3.6586715692446221
IVOMD,1628,3.6201429343126095
IVOMD,1629,3.4756184861108599
IVOMD,1630,3.4784400245230409
IVOMD,1631,3.4005826031265269
IVOMD,1632,3.2626788204172041
IVOMD,1633,3.1816760042835908
IVOMD,1634,3.1381912277287372
IVOMD,1635,3.0012450842778953
IVOMD,1636,2.9284911758313563
IVOMD,1637,2.8605143570535807
IVOMD,1638,2.7275830735492219
IVOMD,1639,2.6546652465198468
IVOMD,1640,2.5518019975958111
IVOMD,1641,2.399506373707708
IVOMD,1642,2.3087076436484546
IVOMD,1643,2.0992492717500819
IVOMD,1644,1.8916555792080287
IVOMD,1645,1.6690068935378501
IVOMD,1646,1.421328457786504
IVOMD,1647,1.134118832020697
IVOMD,1648,0.85392609068833536
IVOMD,1649,0.55574334346477827
IVOMD,1650,0.13744876851731863
IVOMD,1651,-0.18345455546282119
IVOMD,1652,-0.54713451139461489
IVOMD,1653,-0.89445628661163923
IVOMD,1654,-1.2201839926495763
IVOMD,1655,-1.6259497396095905
IVOMD,1656,-2.0520216382490566
IVOMD,1657,-2.5072966342372203
IVOMD,1658,-2.9323511263287863
IVOMD,1659,-3.3551405855434444
IVOMD,1660,-3.847169696896843
IVOMD,1661,-4.3072065717991146
IVOMD,1662,-4.7390997999284572
IVOMD,1663,-5.2146068798078744
IVOMD,1664,-5.5979255402529855
IVOMD,1665,-6.0321885147557097
IVOMD,1666,-6.2677633634462602
IVOMD,1667,-6.5680726253620358
IVOMD,1668,-6.8213747460628147
IVOMD,1669,-6.9051222082705372
IVOMD,1670,-6.9423819478196496
IVOMD,1671,-6.8327437755288036
IVOMD,1672,-6.8051806375423949
IVOMD,1673,-6.654249748098068
IVOMD,1674,-6.339395310977741
IVOMD,1675,-5.9467768348514651
IVOMD,1676,-5.5327196012094202
IVOMD,1677,-4.9526912493059241
IVOMD,1678,-4.3998651388486172
IVOMD,1679,-3.6992811750976569
IVOMD,1680,-2.9952838310218617
IVOMD,1681,-2.2686888897419046
IVOMD,1682,-1.4027851640900668
IVOMD,1683,-0.65028905634999734
IVOMD,1684,0.12998799786532939
IVOMD,1685,0.84618384467927321
IVOMD,1686,1.6372530873575826
IVOMD,1687,2.147887463646025
IVOMD,1688,2.764212034656873
IVOMD,1689,3.151337335010532
IVOMD,1690,3.4018949538658494
IVOMD,1691,3.5386523502068861
IVOMD,1692,3.5229737412777138
IVOMD,1693,3.4894724318680641
IVOMD,1694,3.2869384634516687
IVOMD,1695,3.0814316660394407
IVOMD,1696,2.8259524096275683
IVOMD,1697,2.6546540886957555
IVOMD,1698,2.5044165887106922
IVOMD,1699,2.4703099404419326
IVOMD,1700,2.4426176681289284
IVOMD,1701,2.4721599999816766
IVOMD,1702,2.5968943358459571
IVOMD,1703,2.7918105882410118
IVOMD,1704,3.0859798628941033
IVOMD,1705,3.3515964651131993
IVOMD,1706,3.7027643201350262
IVOMD,1707,3.9789019343922503
IVOMD,1708,4.289206472023336
IVOMD,1709,4.5777427705858633
IVOMD,1710,4.798175663718018
IVOMD,1711,5.0746906896874888
IVOMD,1712,5.2514822971872483
IVOMD,1713,5.5402291802462287
IVOMD,1714,5.7060829163790681
IVOMD,1715,5.8767650842076575
IVOMD,1716,6.122934177001885
IVOMD,1717,6.4328136511654472
IVOMD,1718,6.7143841479278894
IVOMD,1719,7.0585711562805642
IVOMD,1720,7.4840175460833809
IVOMD,1721,7.9008171248815815
IVOMD,1722,8.4453301619005465
IVOMD,1723,8.8409950448542798
IVOMD,1724,9.3728851803112949
IVOMD,1725,9.7273447029908322
IVOMD,1726,10.154537846149225
IVOMD,1727,10.355278940881917
IVOMD,1728,10.561766229925652
IVOMD,1729,10.709129284837589
IVOMD,1730,10.802602555759321
IVOMD,1731,10.838004570050483
IVOMD,1732,10.791699624781671
IVOMD,1733,10.81053194950039
IVOMD,1734,10.651763696240844
IVOMD,1735,10.617323753655233
IVOMD,1736,10.418833449397301
IVOMD,1737,10.319306501383945
IVOMD,1738,10.182337343218213
IVOMD,1739,10.060057606205195
IVOMD,1740,9.8705504084982287
IVOMD,1741,9.7528625190674791
IVOMD,1742,9.697569214687519
IVOMD,1743,9.4160672711460354
IVOMD,1744,9.2705008621992437
IVOMD,1745,9.1373370444124244
IVOMD,1746,8.8597303727854406
IVOMD,1747,8.7226325048544862
IVOMD,1748,8.5880496486531541
IVOMD,1749,8.3448163035435368
IVOMD,1750,8.2577019014136894
IVOMD,1751,8.1429405046359413
IVOMD,1752,8.0445526107923353
IVOMD,1753,7.9613105653704723
IVOMD,1754,7.9880056797359433
IVOMD,1755,7.9702027342147206
IVOMD,1756,7.9762408489600931
IVOMD,1757,7.9954138175148861
IVOMD,1758,8.0438698116082161
IVOMD,1759,8.0124961195216287
IVOMD,1760,7.9801622028056807
IVOMD,1761,7.9039444074807257
IVOMD,1762,7.7820978343877369
IVOMD,1763,7.6299935849622997
IVOMD,1764,7.3956695862788031
IVOMD,1765,7.0644092355845265
IVOMD,1766,6.7760054429292271
IVOMD,1767,6.2948926909565346
IVOMD,1768,5.941484882998215
IVOMD,1769,5.5202844032233793
IVOMD,1770,5.0956133775201664
IVOMD,1771,4.6721848795553118
IVOMD,1772,4.2464021090106279
IVOMD,1773,3.9048496246310562
IVOMD,1774,3.5546137031219214
IVOMD,1775,3.3445373505399458
IVOMD,1776,3.0648490996418949
IVOMD,1777,2.8796547162115287
IVOMD,1778,2.6295920538097772
IVOMD,1779,2.4401971570859504
IVOMD,1780,2.1938781555285694
IVOMD,1781,2.082505330842344
IVOMD,1782,1.8818582720533856
IVOMD,1783,1.7347002332587511
IVOMD,1784,1.466454882306945
IVOMD,1785,1.3208519431779286
IVOMD,1786,1.0635866573786139
IVOMD,1787,0.91293878241374338
IVOMD,1788,0.78617269569239345
IVOMD,1789,0.64854597280149784
IVOMD,1790,0.62153722811768353
IVOMD,1791,0.59958855443483206
IVOMD,1792,0.55599878376992384
IVOMD,1793,0.58375799647766347
IVOMD,1794,0.58698111619967708
IVOMD,1795,0.55466200558872403
IVOMD,1796,0.6219050263453495
IVOMD,1797,0.62862643816041486
IVOMD,1798,0.54853712703311008
IVOMD,1799,0.50730493911892149
IVOMD,1800,0.41384923889301967
IVOMD,1801,-2.5433242720933609
IVOMD,1802,-2.6818898676414973
IVOMD,1803,-2.841218913687567
IVOMD,1804,-2.8924319894796402
IVOMD,1805,-3.1408017202703347
IVOMD,1806,-3.1800639067365486
IVOMD,1807,-3.300014319800233
IVOMD,1808,-3.3595473309662309
IVOMD,1809,-3.3607135154732726
IVOMD,1810,-3.3503939389649275
IVOMD,1811,-3.3055870176765301
IVOMD,1812,-3.2625996228179495
IVOMD,1813,-3.2808554084196864
IVOMD,1814,-3.1347184699812178
IVOMD,1815,-3.0842751311844712
IVOMD,1816,-3.0478716680686846
IVOMD,1817,-2.9771437129757512
IVOMD,1818,-2.9350851620747842
IVOMD,1819,-2.937636454041272
IVOMD,1820,-2.9565490423829961
IVOMD,1821,-2.9953742803360384
IVOMD,1822,-2.9369591205110286
IVOMD,1823,-2.9833407127497171
IVOMD,1824,-3.0334599685095163
IVOMD,1825,-3.1587892501044985
IVOMD,1826,-3.3008136525891256
IVOMD,1827,-3.3567785375728794
IVOMD,1828,-3.5051101971944152
IVOMD,1829,-3.5768343030519762
IVOMD,1830,-3.6629288377912315
IVOMD,1831,-3.7959684185251303
IVOMD,1832,-3.8796423741889146
IVOMD,1833,-3.8733942963815715
IVOMD,1834,-4.0070514708620513
IVOMD,1835,-4.0791359740580209
IVOMD,1836,-4.1475192876152116
IVOMD,1837,-4.1037779920816009
IVOMD,1838,-4.1789072397015001
IVOMD,1839,-4.0993353962618828
IVOMD,1840,-4.1681842414182073
IVOMD,1841,-4.0913508679684591
IVOMD,1842,-4.0812543538760933
IVOMD,1843,-4.0196134778869768
IVOMD,1844,-3.9415601308948762
IVOMD,1845,-3.8212549336810939
IVOMD,1846,-3.7636417117171579
IVOMD,1847,-3.6463536912830077
IVOMD,1848,-3.5360719541399761
IVOMD,1849,-3.4298833937704067
IVOMD,1850,-3.2733129898187499
IVOMD,1851,-3.1446912955015747
IVOMD,1852,-3.0011460796731635
IVOMD,1853,-2.7627815551980435
IVOMD,1854,-2.5720138951238862
IVOMD,1855,-2.522761214460433
IVOMD,1856,-2.2933604172229267
IVOMD,1857,-2.1221466188488938
IVOMD,1858,-1.9393973828324385
IVOMD,1859,-1.7433959737711806
IVOMD,1860,-1.5162768130034339
IVOMD,1861,-1.3081977297781571
IVOMD,1862,-1.179440065482648
IVOMD,1863,-0.88230083610292442
IVOMD,1864,-0.74913543621810652
IVOMD,1865,-0.54462732876008446
IVOMD,1866,-0.42225015130438526
IVOMD,1867,-0.26242570637005153
IVOMD,1868,-0.047432352756681569
IVOMD,1869,0.20752106427421255
IVOMD,1870,0.39946200861789782
IVOMD,1871,0.67524535106614159
IVOMD,1872,0.86120882215432348
IVOMD,1873,1.0881295375147129
IVOMD,1874,1.3623519362556202
IVOMD,1875,1.5713732711838595
IVOMD,1876,1.6816865285509386
IVOMD,1877,1.793357878297412
IVOMD,1878,1.9286791397846137
IVOMD,1879,2.0082251837845355
IVOMD,1880,2.0834498566629005
IVOMD,1881,2.0874014637298752
IVOMD,1882,2.0656355332213785
IVOMD,1883,2.0251910163786051
IVOMD,1884,1.9252986225963133
IVOMD,1885,1.8799773335107548
IVOMD,1886,1.7647442656726087
IVOMD,1887,1.5920882130906071
IVOMD,1888,1.3862314972622198
IVOMD,1889,1.1997108917490875
IVOMD,1890,1.002299349316162
IVOMD,1891,0.76920352991050434
IVOMD,1892,0.57678673746980602
IVOMD,1893,0.30564213776163474
IVOMD,1894,0.039896644616951818
IVOMD,1895,-0.28990340730565994
IVOMD,1896,-0.54392509062418626
IVOMD,1897,-0.89218001724142848
IVOMD,1898,-1.2350835790553192
IVOMD,1899,-1.5723010026236843
IVOMD,1900,-1.9012557122003295
IVOMD,1901,-2.2366353700450072
IVOMD,1902,-2.6184867540336176
IVOMD,1903,-2.9040538442411585
IVOMD,1904,-3.1947259475618646
IVOMD,1905,-3.5040342023167801
IVOMD,1906,-3.7525525599298319
IVOMD,1907,-3.9856666704027184
IVOMD,1908,-4.1726335045314356
IVOMD,1909,-4.2922441459853768
IVOMD,1910,-4.4606522673996976
IVOMD,1911,-4.5166707788081766
IVOMD,1912,-4.5803593626204133
IVOMD,1913,-4.6119154563402693
IVOMD,1914,-4.6061171429303709
IVOMD,1915,-4.5954242126915501
IVOMD,1916,-4.5697279565428444
IVOMD,1917,-4.5195322086810696
IVOMD,1918,-4.4160360193585575
IVOMD,1919,-4.3241859612056457
IVOMD,1920,-4.2143446008968324
IVOMD,1921,-4.1088735017576434
IVOMD,1922,-3.9852173547036078
IVOMD,1923,-3.87228077657304
IVOMD,1924,-3.7616897899353758
IVOMD,1925,-3.6527445436567376
IVOMD,1926,-3.5601833250653576
IVOMD,1927,-3.4478831035380275
IVOMD,1928,-3.3442337992671747
IVOMD,1929,-3.2162720284096991
IVOMD,1930,-3.1128865595866326
IVOMD,1931,-2.9918427416655686
IVOMD,1932,-2.8784970974737032
IVOMD,1933,-2.7650383725919423
IVOMD,1934,-2.6474871557605182
IVOMD,1935,-2.512524922530087
IVOMD,1936,-2.387674960256871
IVOMD,1937,-2.2455797358325333
IVOMD,1938,-2.1040969456147272
IVOMD,1939,-1.9796718054717337
IVOMD,1940,-1.8167907735953623
IVOMD,1941,-1.6825550351870591
IVOMD,1942,-1.5475486663281051
IVOMD,1943,-1.4170449219486152
IVOMD,1944,-1.3129240842589527
IVOMD,1945,-1.190757114190256
IVOMD,1946,-1.048015781679329
IVOMD,1947,-0.95659342934849345
IVOMD,1948,-0.85043412815652397
IVOMD,1949,-0.75192468244637145
IVOMD,1950,-0.65618170219809657
IVOMD,1951,-0.5891493209070443
IVOMD,1952,-0.50777150959410899
IVOMD,1953,-0.44360918944512956
IVOMD,1954,-0.36041960640720122
IVOMD,1955,-0.29963522291984757
IVOMD,1956,-0.21340006193590544
IVOMD,1957,-0.12555682710961899
IVOMD,1958,-0.028739159253408066
IVOMD,1959,0.094356116150810437
IVOMD,1960,0.21901416179766328
IVOMD,1961,0.32116819799103341
IVOMD,1962,0.43949306351309647
IVOMD,1963,0.55338434054420216
IVOMD,1964,0.68324424504325576
IVOMD,1965,0.79441133805009556
IVOMD,1966,0.91154415110108566
IVOMD,1967,1.030588920838329
IVOMD,1968,1.1424404911407851
IVOMD,1969,1.1979727088240573
IVOMD,1970,1.2759276159992119
IVOMD,1971,1.3536386150428188
IVOMD,1972,1.4365518949701936
IVOMD,1973,1.5182937270016217
IVOMD,1974,1.6080438196197684
IVOMD,1975,1.6810874670329252
IVOMD,1976,1.7946352707978033
IVOMD,1977,1.8566712852806322
IVOMD,1978,1.95648240245699
IVOMD,1979,2.0485685789235086
IVOMD,1980,2.1479313495862411
IVOMD,1981,2.2625608284930467
IVOMD,1982,2.3999329230106401
IVOMD,1983,2.5288930893657144
IVOMD,1984,2.6646679051443907
IVOMD,1985,2.8130590537087778
IVOMD,1986,2.9750882191472598
IVOMD,1987,3.1053220248958175
IVOMD,1988,3.2691472344332149
IVOMD,1989,3.4227018078726235
IVOMD,1990,3.5435115670098192
IVOMD,1991,3.7048325433586307
IVOMD,1992,3.8183616495494896
IVOMD,1993,3.9650354539550485
IVOMD,1994,4.1316870229459086
IVOMD,1995,4.2837577704342715
IVOMD,1996,4.4511151157316036
IVOMD,1997,4.6052521595256479
IVOMD,1998,4.7710714565435719
IVOMD,1999,4.963103848895039
IVOMD,2000,5.1657589659211043
IVOMD,2001,5.3995569576775182
IVOMD,2002,5.658543178217216
IVOMD,2003,5.9592867472362503
IVOMD,2004,6.2189914548509835
IVOMD,2005,6.5159570874912482
IVOMD,2006,6.8110349986923424
IVOMD,2007,7.0865962563790168
IVOMD,2008,7.3489109954393292
IVOMD,2009,7.6022484909002603
IVOMD,2010,7.7806227986267924
IVOMD,2011,7.9320856995390754
IVOMD,2012,8.0122966843520125
IVOMD,2013,8.1034092011115462
IVOMD,2014,8.0768852850379051
IVOMD,2015,8.002565034971898
IVOMD,2016,7.8891211520163775
IVOMD,2017,7.7146480869577259
IVOMD,2018,7.5011686528399641
IVOMD,2019,7.2585728523959991
IVOMD,2020,7.0017105774332586
IVOMD,2021,6.746154028895174
IVOMD,2022,6.5165913203826582
IVOMD,2023,6.2818970053773473
IVOMD,2024,6.0641573246352936
IVOMD,2025,5.8975335106066566
IVOMD,2026,5.7000685331073777
IVOMD,2027,5.5490305135942135
IVOMD,2028,5.4209409551646424
IVOMD,2029,5.3491546480635845
IVOMD,2030,5.2900075610274566
IVOMD,2031,5.2509509475067793
IVOMD,2032,5.2266804200321051
IVOMD,2033,5.2695922518563298
IVOMD,2034,5.2776320213795014
IVOMD,2035,5.3800594409403351
IVOMD,2036,5.4127397455659105
IVOMD,2037,5.5111827796238639
IVOMD,2038,5.6238610267055789
IVOMD,2039,5.7600975344377758
IVOMD,2040,5.8756095921884732
IVOMD,2041,6.0694028748491267
IVOMD,2042,6.2340104767554481
IVOMD,2043,6.442423600626122
IVOMD,2044,6.639206127169345
IVOMD,2045,6.7849664535857652
IVOMD,2046,6.9581376870951468
IVOMD,2047,7.1353585434213471
IVOMD,2048,7.2884870830471362
IVOMD,2049,7.4181092444639214
IVOMD,2050,7.5066526821279878
IVOMD,2051,7.5951253923899973
IVOMD,2052,7.6646335874375637
IVOMD,2053,7.6764309811126461
IVOMD,2054,7.6771815971705948
IVOMD,2055,7.6883588881388398
IVOMD,2056,7.6783348458606087
IVOMD,2057,7.6869319773816862
IVOMD,2058,7.6619166538979266
IVOMD,2059,7.6458346042905285
IVOMD,2060,7.6318773919557872
IVOMD,2061,7.6255606762539916
IVOMD,2062,7.6041788018676781
IVOMD,2063,7.5919011156967953
IVOMD,2064,7.5774156278104128
IVOMD,2065,7.5537123997678286
IVOMD,2066,7.5621445954120716
IVOMD,2067,7.5503408975206945
IVOMD,2068,7.5344998180840692
IVOMD,2069,7.4879646055914053
IVOMD,2070,7.4296601711219008
IVOMD,2071,7.3843856013136309
IVOMD,2072,7.3094075073180438
IVOMD,2073,7.2257092177989035
IVOMD,2074,7.1346322935393935
IVOMD,2075,7.0264751885408652
IVOMD,2076,6.8933694335790436
IVOMD,2077,6.7467987150657507
IVOMD,2078,6.5815397462328562
IVOMD,2079,6.411203365938781
IVOMD,2080,6.2236274106562073
IVOMD,2081,6.032818805764192
IVOMD,2082,5.8313167336593583
IVOMD,2083,5.6215686492540256
IVOMD,2084,5.4020536794676897
IVOMD,2085,5.1652367197133877
IVOMD,2086,4.9465597765199805
IVOMD,2087,4.6776017960127092
IVOMD,2088,4.4533084968849366
IVOMD,2089,4.2133774220101792
IVOMD,2090,3.9665984396182514
IVOMD,2091,3.7229771330673387
IVOMD,2092,3.4914676801332982
IVOMD,2093,3.2644827988938383
IVOMD,2094,3.0286953890009602
IVOMD,2095,2.7850745958782075
IVOMD,2096,2.5761695112496059
IVOMD,2097,2.3693550477741274
IVOMD,2098,2.1329195729298496
IVOMD,2099,1.8875095681215504
IVOMD,2100,1.6592459475461085
IVOMD,2101,1.3907930753342845
IVOMD,2102,1.1259510514369744
IVOMD,2103,0.82113798159877804
IVOMD,2104,0.5199516434807574
IVOMD,2105,0.21282786216707167
IVOMD,2106,-0.089820280795355686
IVOMD,2107,-0.38749854279001783
IVOMD,2108,-0.65069934377774452
IVOMD,2109,-0.928128446313355
IVOMD,2110,-1.1612125620835649
IVOMD,2111,-1.3796658667038741
IVOMD,2112,-1.5730628467353047
IVOMD,2113,-1.7563941175128079
IVOMD,2114,-1.9244155759375803
IVOMD,2115,-2.0668365435650986
IVOMD,2116,-2.2015666592495986
IVOMD,2117,-2.3152104116915315
IVOMD,2118,-2.4055563621831926
IVOMD,2119,-2.5202938670992889
IVOMD,2120,-2.5724247694655706
IVOMD,2121,-2.6805642888636783
IVOMD,2122,-2.763232860619679
IVOMD,2123,-2.8270053521069998
IVOMD,2124,-2.907956526807737
IVOMD,2125,-2.9632033720481648
IVOMD,2126,-2.9967879419326886
IVOMD,2127,-3.0709850481718939
IVOMD,2128,-3.1119930348417224
IVOMD,2129,-3.1587632916155273
IVOMD,2130,-3.2109746079567274
IVOMD,2131,-3.26995728071907
IVOMD,2132,-3.3210985213265336
IVOMD,2133,-3.3757024593223575
IVOMD,2134,-3.414810361372838
IVOMD,2135,-3.441518266619279
IVOMD,2136,-3.4315496538361705
IVOMD,2137,-3.4216307500535255
IVOMD,2138,-3.4100704499004553
IVOMD,2139,-3.3686067918836877
IVOMD,2140,-3.3252522523549581
IVOMD,2141,-3.2567278256182113
IVOMD,2142,-3.2110719351576225
IVOMD,2143,-3.1071212458720705
IVOMD,2144,-2.9790157309570233
IVOMD,2145,-2.8671083702718336
IVOMD,2146,-2.739996955788047
IVOMD,2147,-2.5922535117790311
IVOMD,2148,-2.4830666071021379
IVOMD,2149,-2.3443863971270456
IVOMD,2150,-2.2890853891257708
IVOMD,2151,-2.1873966650901013
IVOMD,2152,-2.1111812696295535
IVOMD,2153,-2.0753654880120127
IVOMD,2154,-2.0705620585374991
IVOMD,2155,-2.010847313135494
IVOMD,2156,-2.017015633722504
IVOMD,2157,-2.0533215808690297
IVOMD,2158,-2.0650173506007303
IVOMD,2159,-2.1248284672436499
IVOMD,2160,-2.1734469845518292
IVOMD,2161,-2.1892890373522822
IVOMD,2162,-2.2333412728258404
IVOMD,2163,-2.3071826976340382
IVOMD,2164,-2.3560404692703401
IVOMD,2165,-2.4309402467493828
IVOMD,2166,-2.4732268563309967
IVOMD,2167,-2.5076038250112846
IVOMD,2168,-2.5278898700766237
IVOMD,2169,-2.6109426665622251
IVOMD,2170,-2.6547903109571016
IVOMD,2171,-2.6990374803656607
IVOMD,2172,-2.7687400595334197
IVOMD,2173,-2.7883424049438754
IVOMD,2174,-2.7783341146625991
IVOMD,2175,-2.7843161517354931
IVOMD,2176,-2.7595095919366526
IVOMD,2177,-2.7600508851201244
IVOMD,2178,-2.7044530359982191
IVOMD,2179,-2.6668356213008164
IVOMD,2180,-2.5779622827334743
IVOMD,2181,-2.47338090220275
IVOMD,2182,-2.3482376398032168
IVOMD,2183,-2.2573991948829799
IVOMD,2184,-2.166981023894615
IVOMD,2185,-2.0370092872287953
IVOMD,2186,-1.9698928028787395
IVOMD,2187,-1.861151873595084
IVOMD,2188,-1.7885188528016007
IVOMD,2189,-1.7667785803220979
IVOMD,2190,-1.7510874992777716
IVOMD,2191,-1.784392313291949
IVOMD,2192,-1.8048857895022077
IVOMD,2193,-1.880497845340811
IVOMD,2194,-2.0052740778404443
IVOMD,2195,-2.083172899231478
IVOMD,2196,-2.2265458930693773
IVOMD,2197,-2.369236615307579
IVOMD,2198,-2.488677114588882
IVOMD,2199,-2.6136438683620113
IVOMD,2200,-2.7055398913445425
IVOMD,2201,-2.7925246119149074
IVOMD,2202,-2.8656213494987393
IVOMD,2203,-2.991882437041772
IVOMD,2204,-3.0955562765139018
IVOMD,2205,-3.2004036269435976
IVOMD,2206,-3.2683275033797696
IVOMD,2207,-3.3600920059062083
IVOMD,2208,-3.4090848278400365
IVOMD,2209,-3.52032405737953
IVOMD,2210,-3.5572037887262988
IVOMD,2211,-3.6562885917598398
IVOMD,2212,-3.7311498686364737
IVOMD,2213,-3.8342223719994188
IVOMD,2214,-3.9314480031935397
IVOMD,2215,-4.0238828631757881
IVOMD,2216,-4.1165833568337478
IVOMD,2217,-4.2899720245782254
IVOMD,2218,-4.4371073385116668
IVOMD,2219,-4.5552373837443874
IVOMD,2220,-4.6677913333435512
IVOMD,2221,-4.8591184324982164
IVOMD,2222,-5.0329003355502113
IVOMD,2223,-5.2261325563428649
IVOMD,2224,-5.3637995511016099
IVOMD,2225,-5.5779070190213016
IVOMD,2226,-5.7411121105973528
IVOMD,2227,-5.9620685573678411
IVOMD,2228,-6.2230819335787544
IVOMD,2229,-6.41198618624981
IVOMD,2230,-6.6868923346657922
IVOMD,2231,-6.8925060788293653
IVOMD,2232,-7.1731391099442536
IVOMD,2233,-7.396628609450894
IVOMD,2234,-7.5685743440547828
IVOMD,2235,-7.7566893739650169
IVOMD,2236,-7.8783269075732454
IVOMD,2237,-7.9926810998936482
IVOMD,2238,-7.9790807648270032
IVOMD,2239,-7.9725039295561393
IVOMD,2240,-7.8915952209008875
IVOMD,2241,-7.7821543982858534
IVOMD,2242,-7.597821178835046
IVOMD,2243,-7.3826754825065057
IVOMD,2244,-7.1543806829556216
IVOMD,2245,-6.8991297402349501
IVOMD,2246,-6.6415970579777586
IVOMD,2247,-6.451363921172689
IVOMD,2248,-6.2380297546157628
IVOMD,2249,-6.1186214235497332
IVOMD,2250,-6.0381287401242716
IVOMD,2251,-6.0730178131665724
IVOMD,2252,-6.1226327009823365
IVOMD,2253,-6.2281123094946782
IVOMD,2254,-6.3419316652032292
IVOMD,2255,-6.4829900340706565
IVOMD,2256,-6.6493798847484404
IVOMD,2257,-6.8332349349956401
IVOMD,2258,-7.0477940545915745
IVOMD,2259,-7.2047174052559306
IVOMD,2260,-7.3417961416291799
IVOMD,2261,-7.4609270462961375
IVOMD,2262,-7.5252562482438439
IVOMD,2263,-7.6006459821368528
IVOMD,2264,-7.5614330116126913
IVOMD,2265,-7.5123201298831521
IVOMD,2266,-7.3944572024574269
IVOMD,2267,-7.2739402037249841
IVOMD,2268,-7.0536021249472736
IVOMD,2269,-6.8169585927057659
IVOMD,2270,-6.5664121614465305
IVOMD,2271,-6.2710564241194424
IVOMD,2272,-6.0082479835396434
IVOMD,2273,-5.7361003318832342
IVOMD,2274,-5.4418127738571194
IVOMD,2275,-5.1458474321383649
IVOMD,2276,-4.9087881954774382
IVOMD,2277,-4.7148666782085655
IVOMD,2278,-4.5290437794630449
IVOMD,2279,-4.3666768299294558
IVOMD,2280,-4.2318656448304282
IVOMD,2281,-4.0441525869776456
IVOMD,2282,-3.8723520429279743
IVOMD,2283,-3.6650864452953043
IVOMD,2284,-3.4510658439977613
IVOMD,2285,-3.2358516452186996
IVOMD,2286,-2.9596848140237713
IVOMD,2287,-2.6368554391121735
IVOMD,2288,-2.3325214186211709
IVOMD,2289,-2.0021696692670434
IVOMD,2290,-1.6506810770014642
IVOMD,2291,-1.2909945992687872
IVOMD,2292,-0.93331287934245477
IVOMD,2293,-0.56707461405731774
IVOMD,2294,-0.26209985659715701
IVOMD,2295,0.080127277246240983
IVOMD,2296,0.42617728492820262
IVOMD,2297,0.75545798154394872
IVOMD,2298,1.0677190961685707
IVOMD,2299,1.3968326512691052
IVOMD,2300,1.6893999220125591
IVOMD,2301,1.9929950252193744
IVOMD,2302,2.2811381439004781
IVOMD,2303,2.5626549075792786
IVOMD,2304,2.8453472150779184
IVOMD,2305,3.0972865371850142
IVOMD,2306,3.3403960090449334
IVOMD,2307,3.5396383768627224
IVOMD,2308,3.7416949960166228
IVOMD,2309,3.9406368997171679
IVOMD,2310,4.0798090714672632
IVOMD,2311,4.1886041816172144
IVOMD,2312,4.2203092998185161
IVOMD,2313,4.1731336125113092
IVOMD,2314,4.0846896562645307
IVOMD,2315,3.985236584183844
IVOMD,2316,3.7801725247682456
IVOMD,2317,3.5461119483613182
IVOMD,2318,3.2290161264175619
IVOMD,2319,2.8424911722849959
IVOMD,2320,2.4192383629766447
IVOMD,2321,2.0122040021924703
IVOMD,2322,1.6168387363257135
IVOMD,2323,1.255712026707372
IVOMD,2324,0.86821868895957621
IVOMD,2325,0.50857964878494344
IVOMD,2326,0.16541711540127799
IVOMD,2327,-0.11103171786799854
IVOMD,2328,-0.38001666869329864
IVOMD,2329,-0.59360643071039731
IVOMD,2330,-0.73799111200778222
IVOMD,2331,-0.88111518245720855
IVOMD,2332,-0.99799388477167461
IVOMD,2333,-1.0809051138413339
IVOMD,2334,-1.1773518706288415
IVOMD,2335,-1.1926443159656477
IVOMD,2336,-1.221835900326359
IVOMD,2337,-1.2175294945715605
IVOMD,2338,-1.1521095800363621
IVOMD,2339,-1.097703764490749
IVOMD,2340,-1.0216958358215233
IVOMD,2341,-0.90645549186465302
IVOMD,2342,-0.77071036204982346
IVOMD,2343,-0.66732934666854093
IVOMD,2344,-0.55208272948478854
IVOMD,2345,-0.43382509726031343
IVOMD,2346,-0.40750069290145213
IVOMD,2347,-0.42830394308322711
IVOMD,2348,-0.46853078791921632
IVOMD,2349,-0.55292245208483159
IVOMD,2350,-0.73030473966762155
IVOMD,2351,-0.90923702107033011
IVOMD,2352,-1.1127339761679653
IVOMD,2353,-1.2959632926213873
IVOMD,2354,-1.581144078961298
IVOMD,2355,-1.7387925871558942
IVOMD,2356,-1.9151119613592069
IVOMD,2357,-2.0177923022008279
IVOMD,2358,-2.1006184898071352
IVOMD,2359,-2.1844161753828355
IVOMD,2360,-2.2265739705578942
IVOMD,2361,-2.2026865924453416
IVOMD,2362,-2.1230787111984912
IVOMD,2363,-2.030374293769087
IVOMD,2364,-1.9514940578197151
IVOMD,2365,-1.8996949790489515
IVOMD,2366,-1.8935604130320496
IVOMD,2367,-1.8347334114708953
IVOMD,2368,-1.8316499576309873
IVOMD,2369,-1.856425361520837
IVOMD,2370,-1.9002531007079686
IVOMD,2371,-1.9320038175009788
IVOMD,2372,-1.9594015702760756
IVOMD,2373,-1.9648481709430987
IVOMD,2374,-1.9953387410888574
IVOMD,2375,-2.0439092164072892
IVOMD,2376,-2.0933408221470824
IVOMD,2377,-2.1477204377506456
IVOMD,2378,-2.178779317394604
IVOMD,2379,-2.2319524536498045
IVOMD,2380,-2.2385480781712537
IVOMD,2381,-2.1995538599313926
IVOMD,2382,-2.1413904567826196
IVOMD,2383,-2.0566793013368967
IVOMD,2384,-1.9822409756388211
IVOMD,2385,-1.9617820254057994
IVOMD,2386,-1.8814339454202589
IVOMD,2387,-1.829330245758344
IVOMD,2388,-1.7974101701712226
IVOMD,2389,-1.7051366643976908
IVOMD,2390,-1.6174929879733351
IVOMD,2391,-1.4796879391618769
IVOMD,2392,-1.3201796763494289
IVOMD,2393,-1.1862901143446247
IVOMD,2394,-1.0046602374889724
IVOMD,2395,-0.86295589932392336
IVOMD,2396,-0.71202597817960789
IVOMD,2397,-0.5547741525906813
IVOMD,2398,-0.43521581267789422
IVOMD,2399,-0.25286784007684149
IVOMD,2400,-0.06586164351952685
IVOMD,2401,0.16994161276395631
IVOMD,2402,0.38359368291466522
IVOMD,2403,0.63375400314097841
IVOMD,2404,0.87632397698839715
IVOMD,2405,1.0833519547707944
IVOMD,2406,1.3373249858957883
IVOMD,2407,1.6351591044379494
IVOMD,2408,1.9206586733147346
IVOMD,2409,2.2005248441766261
IVOMD,2410,2.437768308864289
IVOMD,2411,2.6371300043963832
IVOMD,2412,2.7670204141298091
IVOMD,2413,2.8951543577262733
IVOMD,2414,3.0303398450202232
IVOMD,2415,3.1543307073018201
IVOMD,2416,3.2457812217190782
IVOMD,2417,3.321152883693911
IVOMD,2418,3.3538590171980953
IVOMD,2419,3.3346606047611052
IVOMD,2420,3.2519928930760846
IVOMD,2421,3.1678535292056687
IVOMD,2422,3.0827894311157538
IVOMD,2423,2.9954191029176576
IVOMD,2424,2.9614480560175678
IVOMD,2425,2.9147975531112826
IVOMD,2426,2.8455368659632936
IVOMD,2427,2.7903927501901027
IVOMD,2428,2.6944985047153902
IVOMD,2429,2.5370880424125706
IVOMD,2430,2.460534111495825
IVOMD,2431,2.2960480516838477
IVOMD,2432,2.1216549917684127
IVOMD,2433,1.9950448078871008
IVOMD,2434,1.8218470211180242
IVOMD,2435,1.7334799967105297
IVOMD,2436,1.6262210739265679
IVOMD,2437,1.5257572260330297
IVOMD,2438,1.3237710032103187
IVOMD,2439,1.096538619263328
IVOMD,2440,0.93704091433088643
IVOMD,2441,0.80208043111950156
IVOMD,2442,0.62206654453251287
IVOMD,2443,0.48148839204983168
IVOMD,2444,0.34002847714211265
IVOMD,2445,0.12139988236082991
IVOMD,2446,-0.091977211294131792
IVOMD,2447,-0.20209543467532884
IVOMD,2448,-0.37946553507462322
IVOMD,2449,-0.5322684147916048
IVOMD,2450,-0.61752773417426154
IVOMD,2451,-0.78275555586112744
IVOMD,2452,-0.91772219527606669
IVOMD,2453,-0.87483527115858317
IVOMD,2454,-0.88177718973103314
IVOMD,2455,-0.82366701822513411
IVOMD,2456,-0.78936037768664225
IVOMD,2457,-0.80614485154266713
IVOMD,2458,-0.78964079868385162
IVOMD,2459,-0.69439207006780357
IVOMD,2460,-0.68791395624896357
IVOMD,2461,-0.74828010488021202
IVOMD,2462,-0.82811044825902791
IVOMD,2463,-1.0297259693242184
IVOMD,2464,-1.1096126364295054
IVOMD,2465,-1.121299942793889
IVOMD,2466,-1.1565723040966096
IVOMD,2467,-1.1425672309927262
IVOMD,2468,-1.1504648399661785
IVOMD,2469,-1.2538702422209311
IVOMD,2470,-1.2762031472949342
IVOMD,2471,-1.2608853137366729
IVOMD,2472,-1.2559760683190322
IVOMD,2473,-1.2664809483084865
IVOMD,2474,-1.2688020371655657
IVOMD,2475,-1.2336661185225379
IVOMD,2476,-1.2151880989798554
IVOMD,2477,-1.1992258226059382
IVOMD,2478,-1.1255343883797591
IVOMD,2479,-0.92208004712605207
IVOMD,2480,-0.86747753610580636
IVOMD,2481,-0.88816886887324809
IVOMD,2482,-0.91210564960787222
IVOMD,2483,-1.0856892546172765
IVOMD,2484,-1.159171333611239
IVOMD,2485,-1.118620107865639
IVOMD,2486,-1.1770784957037888
IVOMD,2487,-1.3470314882270453
IVOMD,2488,-1.3631422449039772
IVOMD,2489,-1.292336565684588
IVOMD,2490,-1.3694302989756413
IVOMD,2491,-1.419931512269978
IVOMD,2492,-1.4982507874063604
IVOMD,2493,-1.8159028972254989
IVOMD,2494,-1.7908695010022799
IVOMD,2495,-1.505940201246603
IVOMD,2496,-1.3663903311730228
IVOMD,2497,-1.0871753345409643
IVOMD,2498,-1.0110092600170721
IVOMD,2499,-1.1725918350781435
IVOMD,2500,-1.1567798561155864
