predictor,component,p,component_sign
780,1,0.055132813631688198,-1
781,1,0.052654646067167347,-1
782,1,0.050288551692275973,-1
783,1,0.048212921060758328,-1
784,1,0.046292889209884204,-1
785,1,0.04403848666830032,-1
786,1,0.042190222885583814,-1
787,1,0.040186339600467164,-1
788,1,0.038403110504816707,-1
789,1,0.036992202431654575,-1
790,1,0.034973465063419924,-1
791,1,0.03380721501524523,-1
792,1,0.03237091797447713,-1
793,1,0.030872745697058942,-1
794,1,0.029409197557745889,-1
795,1,0.028062149152938729,-1
796,1,0.026651314941705407,-1
797,1,0.025961653759112947,-1
798,1,0.02425528820530732,-1
799,1,0.02305870050991311,-1
800,1,0.021979415371083433,-1
801,1,0.020698529584743455,-1
802,1,0.019412377081559105,-1
803,1,0.018922566572744246,-1
804,1,0.017843260664990292,-1
805,1,0.016430121465281656,-1
806,1,0.015317570110036899,-1
807,1,0.014770719208698288,-1
808,1,0.013994467960405009,-1
809,1,0.012833784778985243,-1
810,1,0.012029031694745134,-1
811,1,0.011395615382816353,-1
812,1,0.010246545068553908,-1
813,1,0.0090520551476658464,-1
814,1,0.0087324129579615817,-1
815,1,0.0081824383626257959,-1
816,1,0.0072617274472009134,-1
817,1,0.0062024773094913064,-1
818,1,0.0062116028363515359,-1
819,1,0.0053434227402742321,-1
820,1,0.0045285954122220367,-1
821,1,0.0033833561168304018,-1
822,1,0.0028799516575790519,-1
823,1,0.0026043358900106205,-1
824,1,0.0016374107767571119,-1
825,1,0.0012832334089670173,-1
826,1,0.0010905351086720838,-1
827,1,0.00059031037654093974,-1
828,1,-0.00048103937322061939,-1
829,1,-0.00062385356721118747,-1
830,1,-0.0010816366695703841,-1
831,1,-0.0011893227525507487,-1
832,1,-0.002080240392870661,-1
833,1,-0.0021733820247676378,-1
834,1,-0.0026995268558676418,-1
835,1,-0.0032965655894977965,-1
836,1,-0.0039409164364428073,-1
837,1,-0.0043522367537634022,-1
838,1,-0.0042191719034577347,-1
839,1,-0.0043040091043642092,-1
840,1,-0.0052151900316883201,-1
841,1,-0.0057855845813012579,-1
842,1,-0.0057093236020946169,-1
843,1,-0.0055750161654029027,-1
844,1,-0.0061362331691293785,-1
845,1,-0.0065861670950993273,-1
846,1,-0.0063032390780950274,-1
847,1,-0.0067591779635992107,-1
848,1,-0.0070394272819219138,-1
849,1,-0.0074389090453564795,-1
850,1,-0.0074824003538277485,-1
851,1,-0.0069896542453114739,-1
852,1,-0.0076186751042552911,-1
853,1,-0.0082294184244860787,-1
854,1,-0.0082249972389561339,-1
855,1,-0.0079821219052111127,-1
856,1,-0.0085040187935998511,-1
857,1,-0.0089295450439787847,-1
858,1,-0.0094705238696777671,-1
859,1,-0.0091937433098179203,-1
860,1,-0.0094214945629081705,-1
861,1,-0.0098770634995011559,-1
862,1,-0.0098144957602152652,-1
863,1,-0.0098763320058941496,-1
864,1,-0.0095073483760688485,-1
865,1,-0.010172804318319252,-1
866,1,-0.010536006145834385,-1
867,1,-0.010442548771357175,-1
868,1,-0.010438075317386991,-1
869,1,-0.010446103781506235,-1
870,1,-0.010419808758223487,-1
871,1,-0.010749047938373118,-1
872,1,-0.010630634437181744,-1
873,1,-0.010511941269322584,-1
874,1,-0.010630167215750224,-1
875,1,-0.010499178449485334,-1
876,1,-0.010773873566487555,-1
877,1,-0.010663102461394101,-1
878,1,-0.010118071429790336,-1
879,1,-0.0099107465453115266,-1
880,1,-0.010332784963208648,-1
881,1,-0.010414877545774874,-1
882,1,-0.010344382892923781,-1
883,1,-0.010084820683735393,-1
884,1,-0.0097590208999478577,-1
885,1,-0.0099755494856743551,-1
886,1,-0.010151502944993835,-1
887,1,-0.0098576771858543931,-1
888,1,-0.010098203212872995,-1
889,1,-0.0096511606654245945,-1
890,1,-0.010075014141215028,-1
891,1,-0.010228777943304195,-1
892,1,-0.0093718879726013907,-1
893,1,-0.0096917001251870544,-1
894,1,-0.0098154904447519172,-1
895,1,-0.0097603362485213958,-1
896,1,-0.0097103904235315043,-1
897,1,-0.0094082426633924372,-1
898,1,-0.0097457531391041269,-1
899,1,-0.0099297606793037618,-1
900,1,-0.0099941139009515657,-1
901,1,-0.0093450344884957477,-1
902,1,-0.0092086066010450222,-1
903,1,-0.0098328918441719666,-1
904,1,-0.00970031375309394,-1
905,1,-0.0092635347387834879,-1
906,1,-0.0095708995013785644,-1
907,1,-0.0095039103054610323,-1
908,1,-0.010005041773921274,-1
909,1,-0.0096003813015046683,-1
910,1,-0.009852177988918881,-1
911,1,-0.0095702260070774647,-1
912,1,-0.0095248655605982557,-1
913,1,-0.0099339918641239196,-1
914,1,-0.0095813762033416898,-1
915,1,-0.0092987870655342683,-1
916,1,-0.0096618767923489814,-1
917,1,-0.0094911993773247362,-1
918,1,-0.0093793891031945641,-1
919,1,-0.0098458422716708027,-1
920,1,-0.0098613331269625081,-1
921,1,-0.0093294887281621837,-1
922,1,-0.0084318046171212475,-1
923,1,-0.0087967108071267588,-1
924,1,-0.0093883707111623617,-1
925,1,-0.0090300012629968077,-1
926,1,-0.0082592011759183206,-1
927,1,-0.0091072151309511649,-1
928,1,-0.008740669610767771,-1
929,1,-0.0090053437044179188,-1
930,1,-0.0086884909920404482,-1
931,1,-0.0088090639335116922,-1
932,1,-0.0084267102131332164,-1
933,1,-0.0083114716589127221,-1
934,1,-0.0086294063262863027,-1
935,1,-0.0081683605524759759,-1
936,1,-0.0077895941645629409,-1
937,1,-0.0074137028432019973,-1
938,1,-0.0072498506644431077,-1
939,1,-0.0079609013559604584,-1
940,1,-0.0074667189112914102,-1
941,1,-0.007441491585063755,-1
942,1,-0.0072505188631098996,-1
943,1,-0.0068535466653986202,-1
944,1,-0.0066162648969351791,-1
945,1,-0.0067268713725120669,-1
946,1,-0.0066036855596334825,-1
947,1,-0.0058995369277514585,-1
948,1,-0.0049408140394971573,-1
949,1,-0.0046724927625418902,-1
950,1,-0.0047654187501273105,-1
951,1,-0.0045346004683955539,-1
952,1,-0.0040391156982877074,-1
953,1,-0.0035534929347804363,-1
954,1,-0.0036335671778242144,-1
955,1,-0.0030392475221121748,-1
956,1,-0.0028229388927951279,-1
957,1,-0.0019499456614416532,-1
958,1,-0.001947189205784543,-1
959,1,-0.002091274268264387,-1
960,1,-0.0021915128854516751,-1
961,1,-0.0022912339279453197,-1
962,1,-0.0022716226359605707,-1
963,1,-0.0017485444735674891,-1
964,1,-0.0024460528793520783,-1
965,1,-0.0020240745889837561,-1
966,1,-0.0011555595132249571,-1
967,1,-0.0019182065709050856,-1
968,1,-0.0013998572425285439,-1
969,1,-0.0015322007040499764,-1
970,1,-0.0013048136407963606,-1
971,1,-0.00065147539471335628,-1
972,1,0.00024630999015027791,-1
973,1,0.00066506087113552437,-1
974,1,0.0010879055524662903,-1
975,1,0.0017450053674038638,-1
976,1,0.0030798126849996251,-1
977,1,0.0033614278438302302,-1
978,1,0.0046949584396641045,-1
979,1,0.0055036173383557156,-1
980,1,0.0064456679215260269,-1
981,1,0.0070796648283458323,-1
982,1,0.0060906617798057961,-1
983,1,0.0065759977695848603,-1
984,1,0.0064789817282450198,-1
985,1,0.0061739027350757279,-1
986,1,0.0052045932831645218,-1
987,1,0.0039630300683323877,-1
988,1,0.0039758151013732281,-1
989,1,0.002807774611410842,-1
990,1,0.00070502255923290545,-1
991,1,0.0009970924245484927,-1
992,1,-2.6414176466258755e-05,-1
993,1,-0.00056163174153816414,-1
994,1,-0.00065452140709271439,-1
995,1,-0.0019543119262401699,-1
996,1,-0.0019806266502568884,-1
997,1,-0.0010029625291308735,-1
998,1,-0.00099471296025924541,-1
999,1,-0.00077589486125578875,-1
1000,1,-0.0010816703383132588,-1
1001,1,-0.015517136306710276,-1
1002,1,-0.015607411974265907,-1
1003,1,-0.015498296099924778,-1
1004,1,-0.015475120302843152,-1
1005,1,-0.014910202731672609,-1
1006,1,-0.014843299154730287,-1
1007,1,-0.013622400191892972,-1
1008,1,-0.013630564009286843,-1
1009,1,-0.013508536294857695,-1
1010,1,-0.013625249819560743,-1
1011,1,-0.013594084674322063,-1
1012,1,-0.013616763666460915,-1
1013,1,-0.013411689592179305,-1
1014,1,-0.012479957601750196,-1
1015,1,-0.012050054479003406,-1
1016,1,-0.011927944023117145,-1
1017,1,-0.011949046052809716,-1
1018,1,-0.011699543814131894,-1
1019,1,-0.011292978933634967,-1
1020,1,-0.010722932774899292,-1
1021,1,-0.0099286856741570041,-1
1022,1,-0.0092833750924150148,-1
1023,1,-0.0090951877043201502,-1
1024,1,-0.0096045912569206384,-1
1025,1,-0.0091943777570132543,-1
1026,1,-0.0084308732121642482,-1
1027,1,-0.0081220710267487558,-1
1028,1,-0.0082114743186353437,-1
1029,1,-0.0078290123798414532,-1
1030,1,-0.0070608880564619596,-1
1031,1,-0.00613949442493793,-1
1032,1,-0.005686953215032306,-1
1033,1,-0.0054120780852196263,-1
1034,1,-0.0052427664300769942,-1
1035,1,-0.0046478173919706853,-1
1036,1,-0.0048378597690938311,-1
1037,1,-0.0047790402143432125,-1
1038,1,-0.0036757918504626442,-1
1039,1,-0.00302278958890346,-1
1040,1,-0.0032636688490852665,-1
1041,1,-0.0019635341293619416,-1
1042,1,-0.00206850319555257,-1
1043,1,-0.001740092368875045,-1
1044,1,-0.00065658266659982347,-1
1045,1,-0.00076792267095736897,-1
1046,1,-0.00036738064848935428,-1
1047,1,-0.00012656005807271011,-1
1048,1,-0.00051598170833121247,-1
1049,1,0.00043568814647690639,-1
1050,1,0.00022349503692968003,-1
1051,1,-4.0055190810027895e-05,-1
1052,1,2.4495730388446394e-05,-1
1053,1,0.0013471364593040072,-1
1054,1,0.0015823968159250537,-1
1055,1,0.0012923391561447406,-1
1056,1,0.0012050480254164879,-1
1057,1,0.0010292362670139799,-1
1058,1,0.001100811430493305,-1
1059,1,0.0012541115693999064,-1
1060,1,0.0012669156802677308,-1
1061,1,0.0013436237159814243,-1
1062,1,0.0015291760721830717,-1
1063,1,0.0013912322487110846,-1
1064,1,0.0014296859049623364,-1
1065,1,0.0016763753254830133,-1
1066,1,0.0017496294241135695,-1
1067,1,0.0018287553606308057,-1
1068,1,0.002717447442400267,-1
1069,1,0.0029183643663751643,-1
1070,1,0.0027335003276819404,-1
1071,1,0.0029575891085245154,-1
1072,1,0.003061663021446046,-1
1073,1,0.0031744784893935466,-1
1074,1,0.0034342671991484906,-1
1075,1,0.0034164951618375354,-1
1076,1,0.0036765170846713817,-1
1077,1,0.0038072040486943327,-1
1078,1,0.0043251880198750155,-1
1079,1,0.0055539852093130417,-1
1080,1,0.0060661590351149897,-1
1081,1,0.0064307391734441935,-1
1082,1,0.00678409106258981,-1
1083,1,0.0068333455569907246,-1
1084,1,0.0065369201456318225,-1
1085,1,0.0072384952107666673,-1
1086,1,0.0079516025436469889,-1
1087,1,0.0075232094844063192,-1
1088,1,0.0081694592290705633,-1
1089,1,0.0082554896853848109,-1
1090,1,0.0087221427258650577,-1
1091,1,0.0096705677686291444,-1
1092,1,0.0095707226745510767,-1
1093,1,0.0094065987749988936,-1
1094,1,0.010133954240119725,-1
1095,1,0.0097229296255079926,-1
1096,1,0.0099483997175856872,-1
1097,1,0.010573379428795862,-1
1098,1,0.010878118296939729,-1
1099,1,0.010839207926856187,-1
1100,1,0.011486100635551192,-1
1101,1,0.011830016366838534,-1
1102,1,0.011878912195792752,-1
1103,1,0.012932508409546867,-1
1104,1,0.012304056332636346,-1
1105,1,0.01247424053798021,-1
1106,1,0.011751572724826017,-1
1107,1,0.012092846274484207,-1
1108,1,0.01123971177988971,-1
1109,1,0.011734593130776863,-1
1110,1,0.011974450487232662,-1
1111,1,0.01164033894950524,-1
1112,1,0.010797067062512919,-1
1113,1,0.010310806557692285,-1
1114,1,0.0096712039943239181,-1
1115,1,0.0093897290323896807,-1
1116,1,0.0078453193682257102,-1
1117,1,0.0067965561175415056,-1
1118,1,0.0063474288697389419,-1
1119,1,0.0043883852117512752,-1
1120,1,0.0025607207221269605,-1
1121,1,0.0011910929168199723,-1
1122,1,-0.00043162039426758827,-1
1123,1,-0.0013997742222448843,-1
1124,1,-0.0028630130356461867,-1
1125,1,-0.0041501916449817079,-1
1126,1,-0.0057120982711655281,-1
1127,1,-0.0082491373884503554,-1
1128,1,-0.0093321789363303154,-1
1129,1,-0.010985264120713751,-1
1130,1,-0.012017058620713566,-1
1131,1,-0.013440036417023078,-1
1132,1,-0.014198787120579452,-1
1133,1,-0.013910714379104228,-1
1134,1,-0.013750358717076772,-1
1135,1,-0.01419305742399315,-1
1136,1,-0.014639370867428957,-1
1137,1,-0.014391431961139943,-1
1138,1,-0.013435233386917267,-1
1139,1,-0.013161420733855522,-1
1140,1,-0.012156783925692799,-1
1141,1,-0.011713441010089724,-1
1142,1,-0.010419232078076244,-1
1143,1,-0.010018025045497238,-1
1144,1,-0.0091602360520520645,-1
1145,1,-0.0079456547937410572,-1
1146,1,-0.0071911091936838955,-1
1147,1,-0.0070787920492887254,-1
1148,1,-0.0059758689423030789,-1
1149,1,-0.0058360134682046141,-1
1150,1,-0.0054463472790615697,-1
1151,1,-0.0047628671518283117,-1
1152,1,-0.0034059144092768289,-1
1153,1,-0.0037615881282538756,-1
1154,1,-0.0025269696701715472,-1
1155,1,-0.0016603804282512662,-1
1156,1,-0.0018460439023675781,-1
1157,1,-0.0010874033887175354,-1
1158,1,0.00099631890356382266,-1
1159,1,0.0021737368292489099,-1
1160,1,0.0040597862062725105,-1
1161,1,0.0042893889725713133,-1
1162,1,0.0056269141940400585,-1
1163,1,0.0061742581317873373,-1
1164,1,0.0072057542111721691,-1
1165,1,0.00902828540658299,-1
1166,1,0.00996792563657776,-1
1167,1,0.011283540148071095,-1
1168,1,0.012829274405352014,-1
1169,1,0.014529395395723179,-1
1170,1,0.015325492274261663,-1
1171,1,0.015516425052055071,-1
1172,1,0.016705211213150144,-1
1173,1,0.017708216852387292,-1
1174,1,0.019176426341314255,-1
1175,1,0.020709222035281121,-1
1176,1,0.021346953749231939,-1
1177,1,0.022587051956417643,-1
1178,1,0.024838571146531267,-1
1179,1,0.025344786759638475,-1
1180,1,0.026372163947078253,-1
1181,1,0.026523594761398723,-1
1182,1,0.027576065379814038,-1
1183,1,0.028280543144528766,-1
1184,1,0.028285033935801989,-1
1185,1,0.029020642508148065,-1
1186,1,0.028144499224454483,-1
1187,1,0.028894927843792419,-1
1188,1,0.029693557331714922,-1
1189,1,0.02885991291010858,-1
1190,1,0.028961988055151485,-1
1191,1,0.028722391260387545,-1
1192,1,0.028736828831276384,-1
1193,1,0.027785681701670392,-1
1194,1,0.027483635175717568,-1
1195,1,0.027273660103912644,-1
1196,1,0.026003133486929585,-1
1197,1,0.025218776210913646,-1
1198,1,0.024428701885785262,-1
1199,1,0.023003591505456038,-1
1200,1,0.021238012037266222,-1
1201,1,0.021084425652011112,-1
1202,1,0.019701231524091294,-1
1203,1,0.017824133583501135,-1
1204,1,0.016875518775809374,-1
1205,1,0.016000370637287147,-1
1206,1,0.014832217070734482,-1
1207,1,0.013148966490698509,-1
1208,1,0.011982700611855378,-1
1209,1,0.010210146002269849,-1
1210,1,0.0092456759546056221,-1
1211,1,0.0076388730598554019,-1
1212,1,0.0060647421391985725,-1
1213,1,0.0038847190416566378,-1
1214,1,0.002476270464743613,-1
1215,1,-2.7573894584156303e-05,-1
1216,1,-0.001858962254666889,-1
1217,1,-0.0041393753369132523,-1
1218,1,-0.0055383318441372779,-1
1219,1,-0.0079768399220002707,-1
1220,1,-0.010206150360652025,-1
1221,1,-0.012409074423338768,-1
1222,1,-0.014516986507578888,-1
1223,1,-0.017025174719084629,-1
1224,1,-0.019045386797491466,-1
1225,1,-0.021566252598629394,-1
1226,1,-0.022914045533094944,-1
1227,1,-0.024476589936083606,-1
1228,1,-0.026513521933179681,-1
1229,1,-0.02791166810659557,-1
1230,1,-0.028334387020669032,-1
1231,1,-0.030503753579133378,-1
1232,1,-0.030764044931652891,-1
1233,1,-0.031335667160732029,-1
1234,1,-0.031059344592198192,-1
1235,1,-0.032603437359581433,-1
1236,1,-0.032068279877239848,-1
1237,1,-0.031135641944990348,-1
1238,1,-0.029499982710040732,-1
1239,1,-0.029561661377086657,-1
1240,1,-0.027625576584712271,-1
1241,1,-0.026808292691608407,-1
1242,1,-0.026124855630955617,-1
1243,1,-0.024606036923309465,-1
1244,1,-0.023418672692074857,-1
1245,1,-0.023566393529475781,-1
1246,1,-0.022076398432457518,-1
1247,1,-0.021604632352380956,-1
1248,1,-0.020665328942133823,-1
1249,1,-0.019520621520732983,-1
1250,1,-0.019463633956753129,-1
1251,1,-0.01825636388176145,-1
1252,1,-0.017265448637724588,-1
1253,1,-0.016667418619629736,-1
1254,1,-0.015777208860837121,-1
1255,1,-0.016109529626142597,-1
1256,1,-0.015201533186175542,-1
1257,1,-0.014951781020342904,-1
1258,1,-0.013312871410658591,-1
1259,1,-0.013088495262737353,-1
1260,1,-0.011981705534126162,-1
1261,1,-0.011126384016354747,-1
1262,1,-0.011465696635365057,-1
1263,1,-0.010283431199573138,-1
1264,1,-0.0097551644586806614,-1
1265,1,-0.0091858718859381874,-1
1266,1,-0.0080378317828027918,-1
1267,1,-0.0070697100983615107,-1
1268,1,-0.0067643511250567775,-1
1269,1,-0.0060796837310062076,-1
1270,1,-0.0051516949787116725,-1
1271,1,-0.0042191520807076327,-1
1272,1,-0.0019035117744082334,-1
1273,1,-0.0012670108475537371,-1
1274,1,-0.00032189459560512916,-1
1275,1,0.00073000088697668076,-1
1276,1,0.0019881439126257245,-1
1277,1,0.0025949764774225218,-1
1278,1,0.0035328292640906338,-1
1279,1,0.0054314334929636866,-1
1280,1,0.0056793542572011581,-1
1281,1,0.0074840511532930816,-1
1282,1,0.0085882666546764821,-1
1283,1,0.0079957396583855266,-1
1284,1,0.010318137149042644,-1
1285,1,0.011040307205747902,-1
1286,1,0.011955275870941357,-1
1287,1,0.012750762383894115,-1
1288,1,0.013871133333293656,-1
1289,1,0.014514012166247306,-1
1290,1,0.01540042544926915,-1
1291,1,0.016808225812497798,-1
1292,1,0.017900411764925427,-1
1293,1,0.019413526561476074,-1
1294,1,0.019173501423411961,-1
1295,1,0.019787280551552756,-1
1296,1,0.021145144785145054,-1
1297,1,0.022080283971479063,-1
1298,1,0.022852706194268494,-1
1299,1,0.022877404311539593,-1
1300,1,0.023717967665819021,-1
1301,1,0.025026681533876681,-1
1302,1,0.024687390974698638,-1
1303,1,0.02556687866241843,-1
1304,1,0.026591879822021203,-1
1305,1,0.026443959137458978,-1
1306,1,0.02709876793895544,-1
1307,1,0.027822452321822011,-1
1308,1,0.0276609392106998,-1
1309,1,0.028502428823976397,-1
1310,1,0.02884978695064468,-1
1311,1,0.028929010526034544,-1
1312,1,0.02922282054799015,-1
1313,1,0.030077028001195726,-1
1314,1,0.029907821066154496,-1
1315,1,0.030174099709252684,-1
1316,1,0.029553923085884979,-1
1317,1,0.029866309903752549,-1
1318,1,0.031032366379803524,-1
1319,1,0.029661420546758816,-1
1320,1,0.029242022830283772,-1
1321,1,0.028029144442913396,-1
1322,1,0.028430806188437574,-1
1323,1,0.028232008001966132,-1
1324,1,0.02729035209974761,-1
1325,1,0.026630134466998627,-1
1326,1,0.025087475372400275,-1
1327,1,0.024826979085315986,-1
1328,1,0.023607989751487309,-1
1329,1,0.022855448444339784,-1
1330,1,0.021439507513569569,-1
1331,1,0.020399922400145314,-1
1332,1,0.019055342700580759,-1
1333,1,0.0176443582842888,-1
1334,1,0.015638981138169732,-1
1335,1,0.014663798522920534,-1
1336,1,0.012673589916869709,-1
1337,1,0.010712471779425945,-1
1338,1,0.0094209187203091217,-1
1339,1,0.0060713757123709577,-1
1340,1,0.0038943883244047044,-1
1341,1,0.0016029082793551708,-1
1342,1,-0.0005191043251690018,-1
1343,1,-0.0044041119755643928,-1
1344,1,-0.0060109624282770561,-1
1345,1,-0.0094137115309327144,-1
1346,1,-0.011826244462710248,-1
1347,1,-0.013503391829604288,-1
1348,1,-0.016732026387820474,-1
1349,1,-0.018092060330269107,-1
1350,1,-0.019829488853260187,-1
1351,1,-0.022449833364432962,-1
1352,1,-0.023886325096598666,-1
1353,1,-0.025185030619606606,-1
1354,1,-0.027019497477239408,-1
1355,1,-0.02883105428753099,-1
1356,1,-0.030061780369064151,-1
1357,1,-0.031649957197779709,-1
1358,1,-0.032425003864979457,-1
1359,1,-0.034347450931860785,-1
1360,1,-0.036516404298043072,-1
1361,1,-0.037242573391312886,-1
1362,1,-0.038434166312149021,-1
1363,1,-0.039616305914817004,-1
1364,1,-0.04006890411731049,-1
1365,1,-0.040562013179243316,-1
1366,1,-0.040824315706761961,-1
1367,1,-0.041031397866842907,-1
1368,1,-0.040170763921723654,-1
1369,1,-0.038700703407044679,-1
1370,1,-0.037511692454018981,-1
1371,1,-0.036167072701633461,-1
1372,1,-0.034885724818621483,-1
1373,1,-0.03305108215199138,-1
1374,1,-0.031964572408916286,-1
1375,1,-0.029832503935326129,-1
1376,1,-0.028512658305448538,-1
1377,1,-0.026087207857953095,-1
1378,1,-0.024546209844118403,-1
1379,1,-0.023317876770016975,-1
1380,1,-0.021579949377987455,-1
1381,1,-0.020268175154333903,-1
1382,1,-0.018810604788515425,-1
1383,1,-0.017379985963610588,-1
1384,1,-0.015750543598425031,-1
1385,1,-0.015136169949727949,-1
1386,1,-0.013474664419969608,-1
1387,1,-0.012690518898664776,-1
1388,1,-0.011740263697259666,-1
1389,1,-0.01084634098899058,-1
1390,1,-0.0095137214528888663,-1
1391,1,-0.0088997387687472923,-1
1392,1,-0.0082810103508427629,-1
1393,1,-0.0081137841048987483,-1
1394,1,-0.0076701046287763483,-1
1395,1,-0.0084423830405751313,-1
1396,1,-0.0083101192166620853,-1
1397,1,-0.008900713732576275,-1
1398,1,-0.0091872175082975075,-1
1399,1,-0.0099735939155876502,-1
1400,1,-0.010074294094340266,-1
1401,1,-0.011094528000234884,-1
1402,1,-0.011871454134573722,-1
1403,1,-0.013431130548217434,-1
1404,1,-0.013796317465023394,-1
1405,1,-0.014534758761249784,-1
1406,1,-0.015762488642275904,-1
1407,1,-0.016818848570689382,-1
1408,1,-0.017167989454668058,-1
1409,1,-0.018220080928710813,-1
1410,1,-0.018910559331549174,-1
1411,1,-0.019772703645184415,-1
1412,1,-0.020307596422815356,-1
1413,1,-0.020994738227714665,-1
1414,1,-0.021429716373066895,-1
1415,1,-0.022050162935525447,-1
1416,1,-0.022425335836402289,-1
1417,1,-0.022697069580231544,-1
1418,1,-0.022457307256140806,-1
1419,1,-0.022656581450373262,-1
1420,1,-0.021963941273292469,-1
1421,1,-0.021862409022193365,-1
1422,1,-0.020988677329822746,-1
1423,1,-0.020047349126702432,-1
1424,1,-0.01843723450460721,-1
1425,1,-0.016407765842833481,-1
1426,1,-0.013718431572536429,-1
1427,1,-0.010481242621424957,-1
1428,1,-0.0071754884560336395,-1
1429,1,-0.0035435526635018066,-1
1430,1,0.00021582835189833035,-1
1431,1,0.0043002043174010874,-1
1432,1,0.0082082146664063139,-1
1433,1,0.01179549590922814,-1
1434,1,0.014808810142518745,-1
1435,1,0.016903234906925961,-1
1436,1,0.018551303159477339,-1
1437,1,0.019008936447621447,-1
1438,1,0.018717273755154428,-1
1439,1,0.017241863551295193,-1
1440,1,0.014867602275825708,-1
1441,1,0.011496083372903127,-1
1442,1,0.0080211054568629387,-1
1443,1,0.0043838213674290572,-1
1444,1,0.00018276955559651663,-1
1445,1,-0.00410873209323585,-1
1446,1,-0.0082468881184757717,-1
1447,1,-0.012284227189402284,-1
1448,1,-0.015700128424036564,-1
1449,1,-0.018598455724555648,-1
1450,1,-0.021295883965964608,-1
1451,1,-0.023261985490813743,-1
1452,1,-0.025438914093292284,-1
1453,1,-0.026736104481714585,-1
1454,1,-0.027560218020884156,-1
1455,1,-0.028581279936564848,-1
1456,1,-0.029344685063705651,-1
1457,1,-0.029935092060825137,-1
1458,1,-0.030309622060394864,-1
1459,1,-0.030468187521318035,-1
1460,1,-0.030822265288017993,-1
1461,1,-0.030791853444119246,-1
1462,1,-0.030482731307301423,-1
1463,1,-0.030826677986064008,-1
1464,1,-0.030311207560130282,-1
1465,1,-0.03019520880978635,-1
1466,1,-0.029966148600707468,-1
1467,1,-0.029913302045512881,-1
1468,1,-0.029602650938115236,-1
1469,1,-0.029547018478820315,-1
1470,1,-0.02968780437275375,-1
1471,1,-0.029676231121692421,-1
1472,1,-0.02911549482990828,-1
1473,1,-0.029200791330899371,-1
1474,1,-0.02903911294543382,-1
1475,1,-0.029254909756710325,-1
1476,1,-0.028875033719219963,-1
1477,1,-0.028603303807152487,-1
1478,1,-0.028538664667552567,-1
1479,1,-0.028192575009764055,-1
1480,1,-0.028196290105841022,-1
1481,1,-0.027865582556895096,-1
1482,1,-0.028014552549670398,-1
1483,1,-0.027582819897269753,-1
1484,1,-0.027392831946124786,-1
1485,1,-0.027104831081776609,-1
1486,1,-0.027041122660482846,-1
1487,1,-0.026445724223627096,-1
1488,1,-0.02630237311751844,-1
1489,1,-0.026056481469942619,-1
1490,1,-0.025879426581718684,-1
1491,1,-0.025413904561237651,-1
1492,1,-0.025061344893737202,-1
1493,1,-0.024926995382469428,-1
1494,1,-0.024777802305341819,-1
1495,1,-0.024474527595350921,-1
1496,1,-0.024212855532465511,-1
1497,1,-0.02366648464578084,-1
1498,1,-0.023556224684910379,-1
1499,1,-0.023144482966051261,-1
1500,1,-0.022361673693791127,-1
1501,1,-0.022247966265867558,-1
1502,1,-0.022138920669125435,-1
1503,1,-0.021634510444852803,-1
1504,1,-0.021446571883857738,-1
1505,1,-0.021295392071395882,-1
1506,1,-0.020703671957201845,-1
1507,1,-0.020502780775075186,-1
1508,1,-0.020241060597830093,-1
1509,1,-0.019524342898583864,-1
1510,1,-0.019222773458371173,-1
1511,1,-0.018748275937576987,-1
1512,1,-0.018094152976682609,-1
1513,1,-0.017387667548488611,-1
1514,1,-0.016959353719778324,-1
1515,1,-0.015967959574190952,-1
1516,1,-0.015693845208013195,-1
1517,1,-0.015046236178759591,-1
1518,1,-0.014421174614856765,-1
1519,1,-0.013880222362058671,-1
1520,1,-0.013559701022327024,-1
1521,1,-0.012743484328228725,-1
1522,1,-0.012282171188753485,-1
1523,1,-0.011934242610300254,-1
1524,1,-0.011621322069508134,-1
1525,1,-0.011532304219373721,-1
1526,1,-0.011173939519105454,-1
1527,1,-0.011016865869661016,-1
1528,1,-0.010585302863325959,-1
1529,1,-0.011036780294182017,-1
1530,1,-0.010658394751319281,-1
1531,1,-0.010477291947745196,-1
1532,1,-0.010774533693470851,-1
1533,1,-0.01088467880187354,-1
1534,1,-0.011122149894277688,-1
1535,1,-0.011468086065561088,-1
1536,1,-0.011769286973183994,-1
1537,1,-0.01179152479405334,-1
1538,1,-0.012142905015567002,-1
1539,1,-0.012491342539776502,-1
1540,1,-0.012945656650989736,-1
1541,1,-0.01331470417670007,-1
1542,1,-0.013298939297113711,-1
1543,1,-0.013666607972031949,-1
1544,1,-0.013684294578753186,-1
1545,1,-0.013317207735486532,-1
1546,1,-0.01357763555713735,-1
1547,1,-0.013384507728983404,-1
1548,1,-0.013556387623238837,-1
1549,1,-0.013765740177218891,-1
1550,1,-0.013667020945477445,-1
1551,1,-0.013416826227469531,-1
1552,1,-0.013281597381618163,-1
1553,1,-0.01328941636473076,-1
1554,1,-0.013010506209331172,-1
1555,1,-0.012633323028506132,-1
1556,1,-0.011938285750700085,-1
1557,1,-0.011760916902885483,-1
1558,1,-0.011504523043121885,-1
1559,1,-0.010968094835584696,-1
1560,1,-0.010241613263973885,-1
1561,1,-0.0096736418863417988,-1
1562,1,-0.0089024876010289754,-1
1563,1,-0.0086147736336456299,-1
1564,1,-0.0078083115460729101,-1
1565,1,-0.007075570132760365,-1
1566,1,-0.0067483827550275984,-1
1567,1,-0.0064229135758268668,-1
1568,1,-0.0057698424960142686,-1
1569,1,-0.005711660942907446,-1
1570,1,-0.0050963627321460106,-1
1571,1,-0.0048741569992476752,-1
1572,1,-0.0045660583802937822,-1
1573,1,-0.0040853388625084787,-1
1574,1,-0.0036350630637750612,-1
1575,1,-0.0032992411369013328,-1
1576,1,-0.0030661079335890895,-1
1577,1,-0.0025392420304996806,-1
1578,1,-0.0024740125288049762,-1
1579,1,-0.0016992191011979295,-1
1580,1,-0.0015654509136833604,-1
1581,1,-0.0011800671200318321,-1
1582,1,-0.0010348885456559248,-1
1583,1,-0.00097597869298521409,-1
1584,1,-0.00098923825425493322,-1
1585,1,-0.00080351382569404737,-1
1586,1,-0.00083483507240621137,-1
1587,1,-0.00064324663976930891,-1
1588,1,-0.00039383358883157606,-1
1589,1,-0.00023937700081161126,-1
1590,1,2.854910028691603e-05,-1
1591,1,0.00025221468008402225,-1
1592,1,0.00027117043044852513,-1
1593,1,0.00075418588923741221,-1
1594,1,0.0010315305253774637,-1
1595,1,0.0010610713738767835,-1
1596,1,0.0013028367361069154,-1
1597,1,0.0011945029186691937,-1
1598,1,0.0015790527486150071,-1
1599,1,0.0018539588229027171,-1
1600,1,0.0020727930312994663,-1
1601,1,0.0024745387438320191,-1
1602,1,0.0027181965782064822,-1
1603,1,0.0029780477925793625,-1
1604,1,0.0033270545512396571,-1
1605,1,0.0035433026103209478,-1
1606,1,0.003988854888204346,-1
1607,1,0.004506906214235361,-1
1608,1,0.0049033095471187199,-1
1609,1,0.0056795103957216746,-1
1610,1,0.0061070666641869029,-1
1611,1,0.006630518024612354,-1
1612,1,0.0063325185327557975,-1
1613,1,0.0073344648072747364,-1
1614,1,0.0076903153919275023,-1
1615,1,0.007969078174090807,-1
1616,1,0.0085760829144775116,-1
1617,1,0.0086140549240244328,-1
1618,1,0.0088838958250312006,-1
1619,1,0.009073111299681122,-1
1620,1,0.009059361305805029,-1
1621,1,0.0093034670329894334,-1
1622,1,0.0097070433390468169,-1
1623,1,0.010205578901723101,-1
1624,1,0.010527202950502572,-1
1625,1,0.010531910868166771,-1
1626,1,0.010965304566414539,-1
1627,1,0.010688279805992178,-1
1628,1,0.01061169676897772,-1
1629,1,0.010040810734047253,-1
1630,1,0.0099740667044004097,-1
1631,1,0.0098144191020531815,-1
1632,1,0.0093028407691093159,-1
1633,1,0.0086616995189372301,-1
1634,1,0.0084604437971016709,-1
1635,1,0.0077869954573061362,-1
1636,1,0.0074926438103243131,-1
1637,1,0.0071745891951879694,-1
1638,1,0.0064920658747631109,-1
1639,1,0.0063576468065116428,-1
1640,1,0.0059240524306161894,-1
1641,1,0.0051970784952325719,-1
1642,1,0.0048027381035224423,-1
1643,1,0.0038004726644804555,-1
1644,1,0.0028182610613082903,-1
1645,1,0.0018469113694918264,-1
1646,1,0.00048192781088517763,-1
1647,1,-0.00093243058603423984,-1
1648,1,-0.0022124634440019515,-1
1649,1,-0.0036456233806560624,-1
1650,1,-0.0056415871752515494,-1
1651,1,-0.0071913408826168651,-1
1652,1,-0.0087515305955055567,-1
1653,1,-0.010192299338070143,-1
1654,1,-0.011472075726656901,-1
1655,1,-0.013286837719991916,-1
1656,1,-0.014882935365689704,-1
1657,1,-0.016774508963833628,-1
1658,1,-0.018237521268076901,-1
1659,1,-0.019896751528412415,-1
1660,1,-0.022068034487204926,-1
1661,1,-0.023585662458292335,-1
1662,1,-0.025277185487874564,-1
1663,1,-0.027090439932073017,-1
1664,1,-0.028365519988243024,-1
1665,1,-0.030017200069937675,-1
1666,1,-0.030683858684640478,-1
1667,1,-0.031517339591317084,-1
1668,1,-0.032130913041002934,-1
1669,1,-0.032136077998344934,-1
1670,1,-0.031609534417898676,-1
1671,1,-0.030771855273915176,-1
1672,1,-0.02985761451503299,-1
1673,1,-0.02880085037829935,-1
1674,1,-0.026717943695960145,-1
1675,1,-0.024511904626403055,-1
1676,1,-0.022144929460103296,-1
1677,1,-0.019136556054932467,-1
1678,1,-0.0162811736730906,-1
1679,1,-0.012646889348624022,-1
1680,1,-0.0090796556434886364,-1
1681,1,-0.005541074210965044,-1
1682,1,-0.0014653476652581785,-1
1683,1,0.0021227760148661732,-1
1684,1,0.0059453385298009918,-1
1685,1,0.0094238386887666118,-1
1686,1,0.013517989086673295,-1
1687,1,0.016221356499346386,-1
1688,1,0.019582413212003307,-1
1689,1,0.02196629201247275,-1
1690,1,0.023738895007805145,-1
1691,1,0.024945865104234841,-1
1692,1,0.025131804190627102,-1
1693,1,0.025686297251769526,-1
1694,1,0.025230998030654712,-1
1695,1,0.025020999563418699,-1
1696,1,0.024377210864771279,-1
1697,1,0.024248403578764385,-1
1698,1,0.024106842928505217,-1
1699,1,0.024760707467267499,-1
1700,1,0.02516495198004887,-1
1701,1,0.025515625818011502,-1
1702,1,0.026900737205506405,-1
1703,1,0.028147105546645079,-1
1704,1,0.029782054039831585,-1
1705,1,0.031738976378230352,-1
1706,1,0.033721288648483283,-1
1707,1,0.035374946677424239,-1
1708,1,0.037145844973556261,-1
1709,1,0.038819783164153465,-1
1710,1,0.040245382894735997,-1
1711,1,0.041938634812678968,-1
1712,1,0.042863314978701446,-1
1713,1,0.044641576743000545,-1
1714,1,0.045409956734852548,-1
1715,1,0.046235285733385374,-1
1716,1,0.047599186547413554,-1
1717,1,0.049219728383425844,-1
1718,1,0.050789348953501776,-1
1719,1,0.052378602568009573,-1
1720,1,0.054396086635675897,-1
1721,1,0.056467180678652092,-1
1722,1,0.058806688708498325,-1
1723,1,0.060786469458099693,-1
1724,1,0.063385958172892207,-1
1725,1,0.065006214890194994,-1
1726,1,0.067123176683421562,-1
1727,1,0.068113603378312668,-1
1728,1,0.06885038028678489,-1
1729,1,0.069534830934595532,-1
1730,1,0.069842535573390832,-1
1731,1,0.069414491841643625,-1
1732,1,0.068910990648627254,-1
1733,1,0.068644785563198557,-1
1734,1,0.067353632788854229,-1
1735,1,0.067078504566455935,-1
1736,1,0.065721646730582742,-1
1737,1,0.064811001121817313,-1
1738,1,0.063923181825603637,-1
1739,1,0.063243034673455573,-1
1740,1,0.061678984657631518,-1
1741,1,0.061054178699083243,-1
1742,1,0.060246986059242398,-1
1743,1,0.05859638770175777,-1
1744,1,0.057445836695703439,-1
1745,1,0.056609833199122467,-1
1746,1,0.054886014681720711,-1
1747,1,0.053624124591418521,-1
1748,1,0.052771903716691194,-1
1749,1,0.051117961301289198,-1
1750,1,0.050342024526084231,-1
1751,1,0.049401961777503348,-1
1752,1,0.048399459387672567,-1
1753,1,0.047605900971200273,-1
1754,1,0.047478540201781695,-1
1755,1,0.047039781725487957,-1
1756,1,0.046786456617741425,-1
1757,1,0.046466236838014083,-1
1758,1,0.046325829026040988,-1
1759,1,0.045970891127358103,-1
1760,1,0.045580228405815798,-1
1761,1,0.044854007192724733,-1
1762,1,0.044001030056727425,-1
1763,1,0.043052815146616429,-1
1764,1,0.041597646650552489,-1
1765,1,0.039558437129143115,-1
1766,1,0.037677337566066539,-1
1767,1,0.03497323758391245,-1
1768,1,0.032687127181523341,-1
1769,1,0.030465714459892847,-1
1770,1,0.02774868485925739,-1
1771,1,0.025374230498142459,-1
1772,1,0.022792371899067212,-1
1773,1,0.021067471220071819,-1
1774,1,0.019028842653039668,-1
1775,1,0.017865704894994731,-1
1776,1,0.016187004416703191,-1
1777,1,0.014935980295440902,-1
1778,1,0.013426294825705939,-1
1779,1,0.012262806134677487,-1
1780,1,0.010821103395375901,-1
1781,1,0.0098963821588724087,-1
1782,1,0.0088490224736999037,-1
1783,1,0.0077567878144610674,-1
1784,1,0.0063875012906463155,-1
1785,1,0.0054291255779184647,-1
1786,1,0.0039237641429504498,-1
1787,1,0.0029950214366497932,-1
1788,1,0.0021414310786971786,-1
1789,1,0.0014325137069365098,-1
1790,1,0.0011184296269571624,-1
1791,1,0.00084098391956975065,-1
1792,1,0.00059325771955250994,-1
1793,1,0.00045028720435167708,-1
1794,1,0.00043279284822904715,-1
1795,1,0.00017321441953778858,-1
1796,1,0.00039747309716757349,-1
1797,1,0.00037287036860915099,-1
1798,1,-4.8365044916343325e-05,-1
1799,1,-0.00027111614623921124,-1
1800,1,-0.00086227628979567881,-1
1801,1,-0.019316175397722853,-1
1802,1,-0.020012342626081394,-1
1803,1,-0.020936291160936468,-1
1804,1,-0.02124217902844272,-1
1805,1,-0.022199277150391817,-1
1806,1,-0.022418963245840879,-1
1807,1,-0.022962498580406485,-1
1808,1,-0.023231485521140682,-1
1809,1,-0.023321120055877349,-1
1810,1,-0.023347034392958835,-1
1811,1,-0.023162629838505196,-1
1812,1,-0.023129648782331067,-1
1813,1,-0.023208765861365319,-1
1814,1,-0.022681079379713216,-1
1815,1,-0.02280266019442808,-1
1816,1,-0.022762975198491298,-1
1817,1,-0.022578370236213473,-1
1818,1,-0.022916656334205209,-1
1819,1,-0.022930672420614008,-1
1820,1,-0.023387125517264275,-1
1821,1,-0.02392816112156914,-1
1822,1,-0.023698853354393947,-1
1823,1,-0.02442069800848248,-1
1824,1,-0.024808298731940025,-1
1825,1,-0.025423760978841581,-1
1826,1,-0.026334283905380132,-1
1827,1,-0.026685368367282421,-1
1828,1,-0.027654622708026773,-1
1829,1,-0.027948362994216255,-1
1830,1,-0.02832190078215048,-1
1831,1,-0.02915900738669177,-1
1832,1,-0.029264733293232374,-1
1833,1,-0.029172929038464402,-1
1834,1,-0.030109468803012469,-1
1835,1,-0.030161279859203794,-1
1836,1,-0.030476103701493115,-1
1837,1,-0.030399185799084141,-1
1838,1,-0.030643553490025625,-1
1839,1,-0.03048714797002175,-1
1840,1,-0.030863696500089847,-1
1841,1,-0.030629671233857805,-1
1842,1,-0.030883683376803337,-1
1843,1,-0.030365209893531232,-1
1844,1,-0.030228103729831923,-1
1845,1,-0.029706290545742618,-1
1846,1,-0.02946039954128268,-1
1847,1,-0.029019256476457384,-1
1848,1,-0.02891316170053105,-1
1849,1,-0.028511320477698884,-1
1850,1,-0.027670192876092084,-1
1851,1,-0.027303702231781142,-1
1852,1,-0.026668145984649845,-1
1853,1,-0.025668386846944512,-1
1854,1,-0.024944567512990588,-1
1855,1,-0.024982520435428545,-1
1856,1,-0.024064698202159153,-1
1857,1,-0.023440382509493835,-1
1858,1,-0.022740304115434484,-1
1859,1,-0.022086862298240934,-1
1860,1,-0.02153427296528123,-1
1861,1,-0.020902925542560579,-1
1862,1,-0.020595027371191003,-1
1863,1,-0.019659609585905832,-1
1864,1,-0.019190383848939594,-1
1865,1,-0.018796609572628357,-1
1866,1,-0.01828887425279287,-1
1867,1,-0.017931133048828801,-1
1868,1,-0.017282827904877569,-1
1869,1,-0.016550353363140816,-1
1870,1,-0.015796839197063896,-1
1871,1,-0.014489209004089596,-1
1872,1,-0.013751157472174549,-1
1873,1,-0.012643688693931652,-1
1874,1,-0.011218794468907875,-1
1875,1,-0.010025952436776767,-1
1876,1,-0.0094900781044756494,-1
1877,1,-0.0088333264235850393,-1
1878,1,-0.0079083151965948367,-1
1879,1,-0.0071088735174649077,-1
1880,1,-0.006516051546209556,-1
1881,1,-0.0061508743945467795,-1
1882,1,-0.0059205898593272955,-1
1883,1,-0.0059291863052208325,-1
1884,1,-0.0057292293003033809,-1
1885,1,-0.0056915405109724329,-1
1886,1,-0.0057152773116231652,-1
1887,1,-0.006030333940127656,-1
1888,1,-0.0065652732120706396,-1
1889,1,-0.0067326310530979533,-1
1890,1,-0.0071665505685114296,-1
1891,1,-0.0076863243268789853,-1
1892,1,-0.0081139431576374692,-1
1893,1,-0.0088892381494670471,-1
1894,1,-0.0098107448828501729,-1
1895,1,-0.010825033670268113,-1
1896,1,-0.011837420484091744,-1
1897,1,-0.013246750255571458,-1
1898,1,-0.014766404819388025,-1
1899,1,-0.01640219197125509,-1
1900,1,-0.017942140442878902,-1
1901,1,-0.019732604038643277,-1
1902,1,-0.021799952402084509,-1
1903,1,-0.023256951633833803,-1
1904,1,-0.024822831043680389,-1
1905,1,-0.026559390695594869,-1
1906,1,-0.027917895780803167,-1
1907,1,-0.029331463916928247,-1
1908,1,-0.030304773890053028,-1
1909,1,-0.030976611207998814,-1
1910,1,-0.031822995723825687,-1
1911,1,-0.031904238353523386,-1
1912,1,-0.031967961016527525,-1
1913,1,-0.03185851463290975,-1
1914,1,-0.031423907913706611,-1
1915,1,-0.03085047014598026,-1
1916,1,-0.030287774910458712,-1
1917,1,-0.029542337589567626,-1
1918,1,-0.028234403730710074,-1
1919,1,-0.02716175530219005,-1
1920,1,-0.025870813525490265,-1
1921,1,-0.024626484175972334,-1
1922,1,-0.02328520817589879,-1
1923,1,-0.022020849252312347,-1
1924,1,-0.020774197452568661,-1
1925,1,-0.019588706692062793,-1
1926,1,-0.018554200915126155,-1
1927,1,-0.017278527061069044,-1
1928,1,-0.016147055423101735,-1
1929,1,-0.014798831547966905,-1
1930,1,-0.013663286086522073,-1
1931,1,-0.012384643360395506,-1
1932,1,-0.011174543780521799,-1
1933,1,-0.010010106573115563,-1
1934,1,-0.0090030176461835566,-1
1935,1,-0.0075789509448031134,-1
1936,1,-0.0063893964362349018,-1
1937,1,-0.005006453145949964,-1
1938,1,-0.0034783614887262085,-1
1939,1,-0.0020725880355099945,-1
1940,1,-0.00052951325591198801,-1
1941,1,0.00079044079496723028,-1
1942,1,0.0022783366213282299,-1
1943,1,0.0035071129216524754,-1
1944,1,0.0046538923755471357,-1
1945,1,0.0058077191119020486,-1
1946,1,0.0071982125176901267,-1
1947,1,0.0080503285336935085,-1
1948,1,0.0090985454379112103,-1
1949,1,0.0098321213169732611,-1
1950,1,0.010654789291439983,-1
1951,1,0.011272155659226516,-1
1952,1,0.012032001864489198,-1
1953,1,0.012468851215446938,-1
1954,1,0.013200733128496381,-1
1955,1,0.013647379278525988,-1
1956,1,0.014470275872601274,-1
1957,1,0.015213735450045658,-1
1958,1,0.01595432646615853,-1
1959,1,0.017077182706842164,-1
1960,1,0.01819555610317803,-1
1961,1,0.019127770102459286,-1
1962,1,0.020146391659111831,-1
1963,1,0.02117684951367161,-1
1964,1,0.022304599967133836,-1
1965,1,0.02320455809974678,-1
1966,1,0.024154942131134935,-1
1967,1,0.02512763867255734,-1
1968,1,0.026006490477076205,-1
1969,1,0.026453533804576691,-1
1970,1,0.026994998105745613,-1
1971,1,0.027465594301070522,-1
1972,1,0.028076110797228517,-1
1973,1,0.028579303889702534,-1
1974,1,0.029312795403029147,-1
1975,1,0.029678832611036866,-1
1976,1,0.030416389779819034,-1
1977,1,0.030737812316191486,-1
1978,1,0.031446303521103711,-1
1979,1,0.031982708691384927,-1
1980,1,0.032628839999780369,-1
1981,1,0.033298974611344935,-1
1982,1,0.034286122883522556,-1
1983,1,0.034999363084242986,-1
1984,1,0.035776285321675226,-1
1985,1,0.036790849838381275,-1
1986,1,0.037837761201250396,-1
1987,1,0.038587235534103412,-1
1988,1,0.039619871865387152,-1
1989,1,0.040412839313899156,-1
1990,1,0.041030681423927955,-1
1991,1,0.041939907225742201,-1
1992,1,0.042514220134518804,-1
1993,1,0.043106805755808282,-1
1994,1,0.044045195727931107,-1
1995,1,0.044795873022453699,-1
1996,1,0.045567654742906041,-1
1997,1,0.046250399697131038,-1
1998,1,0.047000460885259353,-1
1999,1,0.047858124291918117,-1
2000,1,0.048647550418453873,-1
2001,1,0.049818969424605196,-1
2002,1,0.051144823878772651,-1
2003,1,0.052655339763595745,-1
2004,1,0.053823132425492394,-1
2005,1,0.055382132617421781,-1
2006,1,0.056897068673776745,-1
2007,1,0.058242550560559513,-1
2008,1,0.059800882905290273,-1
2009,1,0.06106606562818586,-1
2010,1,0.061753400488879472,-1
2011,1,0.062432424794107752,-1
2012,1,0.062652101092850992,-1
2013,1,0.063072024124256679,-1
2014,1,0.062440288062768107,-1
2015,1,0.061890149774310205,-1
2016,1,0.06092892579365957,-1
2017,1,0.059521517083208152,-1
2018,1,0.057933252987140645,-1
2019,1,0.056189717567410986,-1
2020,1,0.054212046760419942,-1
2021,1,0.052432630410870401,-1
2022,1,0.050723411593214605,-1
2023,1,0.048944353766281853,-1
2024,1,0.047356419955902777,-1
2025,1,0.046092933578998935,-1
2026,1,0.044572903375807847,-1
2027,1,0.043493279492790256,-1
2028,1,0.042450442432892033,-1
2029,1,0.041886315777005488,-1
2030,1,0.041288790784448005,-1
2031,1,0.040982199467965191,-1
2032,1,0.040715129735442092,-1
2033,1,0.0410439887612538,-1
2034,1,0.040918407438948895,-1
2035,1,0.041597382969052056,-1
2036,1,0.041753401105333217,-1
2037,1,0.042354234273475781,-1
2038,1,0.043115426614513036,-1
2039,1,0.044036530604502244,-1
2040,1,0.044610121315927793,-1
2041,1,0.045939843241031002,-1
2042,1,0.04699530780565396,-1
2043,1,0.048446108405066218,-1
2044,1,0.049852148498184416,-1
2045,1,0.050678677381552351,-1
2046,1,0.051875354815314717,-1
2047,1,0.053128751667154812,-1
2048,1,0.054287791467266602,-1
2049,1,0.055123734494340736,-1
2050,1,0.055803497816569216,-1
2051,1,0.056291424048129889,-1
2052,1,0.05675500006579591,-1
2053,1,0.056772770143273178,-1
2054,1,0.056718640876710656,-1
2055,1,0.056752430881845728,-1
2056,1,0.056605137578382127,-1
2057,1,0.056524067893809787,-1
2058,1,0.056173859658828339,-1
2059,1,0.055990024305918158,-1
2060,1,0.055568683298448149,-1
2061,1,0.055353000769616321,-1
2062,1,0.055110544263892502,-1
2063,1,0.054798344689223955,-1
2064,1,0.054302420755094151,-1
2065,1,0.053847441809356571,-1
2066,1,0.053680063159160664,-1
2067,1,0.053168285678722213,-1
2068,1,0.052868800491947823,-1
2069,1,0.052075372364561674,-1
2070,1,0.051413038684039139,-1
2071,1,0.050679981400544943,-1
2072,1,0.049743277464429039,-1
2073,1,0.048703177742971046,-1
2074,1,0.047723724360230625,-1
2075,1,0.046565222110582907,-1
2076,1,0.045168481730659397,-1
2077,1,0.043764199334107454,-1
2078,1,0.042207184195312865,-1
2079,1,0.040748548545153876,-1
2080,1,0.039197355326723957,-1
2081,1,0.03744100073250093,-1
2082,1,0.035840402899223946,-1
2083,1,0.034050334191679632,-1
2084,1,0.032165871800985402,-1
2085,1,0.030072158528488581,-1
2086,1,0.028408527571885219,-1
2087,1,0.026082559002752134,-1
2088,1,0.024295154915600078,-1
2089,1,0.02236373697070175,-1
2090,1,0.02042228573421841,-1
2091,1,0.018385259611682577,-1
2092,1,0.016530825959599881,-1
2093,1,0.014684619510654381,-1
2094,1,0.012728777049273556,-1
2095,1,0.010713249975541737,-1
2096,1,0.0090092234047178758,-1
2097,1,0.0073960705927856845,-1
2098,1,0.005424443406940301,-1
2099,1,0.0034116340119239338,-1
2100,1,0.0016513202123178527,-1
2101,1,-0.00063607614129604817,-1
2102,1,-0.002716315114224445,-1
2103,1,-0.0051722073402667521,-1
2104,1,-0.0075206468622686451,-1
2105,1,-0.0097980519098204728,-1
2106,1,-0.01216571065127754,-1
2107,1,-0.014399255957679604,-1
2108,1,-0.016159570723493284,-1
2109,1,-0.018233425157871366,-1
2110,1,-0.019865619491539161,-1
2111,1,-0.021292960015904,-1
2112,1,-0.022608399008276402,-1
2113,1,-0.023873647153423737,-1
2114,1,-0.024929510967589344,-1
2115,1,-0.025822492671338296,-1
2116,1,-0.02659142564145683,-1
2117,1,-0.027260265294904853,-1
2118,1,-0.027624785904019976,-1
2119,1,-0.028283233901553299,-1
2120,1,-0.028324499851395919,-1
2121,1,-0.028951099791505768,-1
2122,1,-0.029441565009549055,-1
2123,1,-0.02959873621934014,-1
2124,1,-0.030204956346205868,-1
2125,1,-0.030435594275730074,-1
2126,1,-0.030430373934672739,-1
2127,1,-0.030731062371585162,-1
2128,1,-0.03080886802842444,-1
2129,1,-0.03076061309695579,-1
2130,1,-0.030898694641713048,-1
2131,1,-0.031070460326782279,-1
2132,1,-0.03123784469862672,-1
2133,1,-0.031269174032928261,-1
2134,1,-0.031189158859937862,-1
2135,1,-0.030966130615745355,-1
2136,1,-0.030404807901015147,-1
2137,1,-0.029917056359357434,-1
2138,1,-0.029363481833719354,-1
2139,1,-0.028592730273259478,-1
2140,1,-0.027645129235683262,-1
2141,1,-0.026770445870053956,-1
2142,1,-0.026040538690342365,-1
2143,1,-0.024885565930935629,-1
2144,1,-0.02354864640132856,-1
2145,1,-0.022275970542000464,-1
2146,1,-0.020826699111931333,-1
2147,1,-0.019415439366764872,-1
2148,1,-0.018291075300404035,-1
2149,1,-0.016814762496759027,-1
2150,1,-0.016100996641996063,-1
2151,1,-0.015025986430448009,-1
2152,1,-0.014008105892701687,-1
2153,1,-0.013573818230754119,-1
2154,1,-0.013067391716158819,-1
2155,1,-0.012253535913693247,-1
2156,1,-0.011835769488089003,-1
2157,1,-0.011692774775479245,-1
2158,1,-0.011281176663473714,-1
2159,1,-0.011206424256094078,-1
2160,1,-0.011221186631273373,-1
2161,1,-0.010906437441129891,-1
2162,1,-0.010804048353542218,-1
2163,1,-0.010915595155001968,-1
2164,1,-0.01079390604799849,-1
2165,1,-0.010978438926908326,-1
2166,1,-0.010881375186910765,-1
2167,1,-0.010639278896443121,-1
2168,1,-0.010418913400510458,-1
2169,1,-0.010615036115009767,-1
2170,1,-0.010519764743986817,-1
2171,1,-0.010478977379520141,-1
2172,1,-0.010633980580338782,-1
2173,1,-0.010463498673854538,-1
2174,1,-0.010058604479791509,-1
2175,1,-0.0098207473526421198,-1
2176,1,-0.0094812957243250451,-1
2177,1,-0.0092874307131946329,-1
2178,1,-0.0089065435070693217,-1
2179,1,-0.0085410536639784398,-1
2180,1,-0.0078024426064745751,-1
2181,1,-0.0071817398674173787,-1
2182,1,-0.0063018001836737947,-1
2183,1,-0.0057124898948046152,-1
2184,1,-0.0052574481955948863,-1
2185,1,-0.0043923606065477717,-1
2186,1,-0.0039888201409652834,-1
2187,1,-0.0032530055045677628,-1
2188,1,-0.0027563104495489927,-1
2189,1,-0.0024861165141481789,-1
2190,1,-0.002392184127705661,-1
2191,1,-0.0026286838233301729,-1
2192,1,-0.0028316170831666362,-1
2193,1,-0.0032452690910450498,-1
2194,1,-0.0040552929471615639,-1
2195,1,-0.0042887547526951611,-1
2196,1,-0.0051213013711866604,-1
2197,1,-0.0060395040431910898,-1
2198,1,-0.0065054991665320751,-1
2199,1,-0.0070315174813477023,-1
2200,1,-0.0074391207690314319,-1
2201,1,-0.0077390432521390372,-1
2202,1,-0.0079698750345360558,-1
2203,1,-0.0086474137097374403,-1
2204,1,-0.0090517802242222369,-1
2205,1,-0.0096727644453512614,-1
2206,1,-0.0098927802646951064,-1
2207,1,-0.010509416394137759,-1
2208,1,-0.010683280816696221,-1
2209,1,-0.01151939899397883,-1
2210,1,-0.011708997734711638,-1
2211,1,-0.012535397293854333,-1
2212,1,-0.013208636854975541,-1
2213,1,-0.013949305329881555,-1
2214,1,-0.01468165284009839,-1
2215,1,-0.015442589050523887,-1
2216,1,-0.015992094030182934,-1
2217,1,-0.017361118446957084,-1
2218,1,-0.018510462861644938,-1
2219,1,-0.019383080048237005,-1
2220,1,-0.0203422680376289,-1
2221,1,-0.021664616369857333,-1
2222,1,-0.022875029924182978,-1
2223,1,-0.024383844079400242,-1
2224,1,-0.025394181896935177,-1
2225,1,-0.026962922295337477,-1
2226,1,-0.028217999649336904,-1
2227,1,-0.029752460787715151,-1
2228,1,-0.031608998632224015,-1
2229,1,-0.032846716347017704,-1
2230,1,-0.034636646789573643,-1
2231,1,-0.036064666331157645,-1
2232,1,-0.037983216943547254,-1
2233,1,-0.039471803005724525,-1
2234,1,-0.040747312823120746,-1
2235,1,-0.042040405031675686,-1
2236,1,-0.042979708618870939,-1
2237,1,-0.043805273162404679,-1
2238,1,-0.043714416576674457,-1
2239,1,-0.043963508077478966,-1
2240,1,-0.043609950854390782,-1
2241,1,-0.043280450096980366,-1
2242,1,-0.042179203501600017,-1
2243,1,-0.040989307773450084,-1
2244,1,-0.039586336778794515,-1
2245,1,-0.038173323742725758,-1
2246,1,-0.036774283556243528,-1
2247,1,-0.035707593498801787,-1
2248,1,-0.034377168026929382,-1
2249,1,-0.03385327668903531,-1
2250,1,-0.033310837089641353,-1
2251,1,-0.033776416104894805,-1
2252,1,-0.034167709624614642,-1
2253,1,-0.035131863340408569,-1
2254,1,-0.035912805497269371,-1
2255,1,-0.037075721100172127,-1
2256,1,-0.038351726315463464,-1
2257,1,-0.039771694828953853,-1
2258,1,-0.041393447014327199,-1
2259,1,-0.042686315775849179,-1
2260,1,-0.04392819503727724,-1
2261,1,-0.044961839560864754,-1
2262,1,-0.045753552948514936,-1
2263,1,-0.046520298862220165,-1
2264,1,-0.046321495675508723,-1
2265,1,-0.046245342616303961,-1
2266,1,-0.045644338883395835,-1
2267,1,-0.045203874850910097,-1
2268,1,-0.043904879783624826,-1
2269,1,-0.042562102183510107,-1
2270,1,-0.040974939810186045,-1
2271,1,-0.038971093863825156,-1
2272,1,-0.03727742959162219,-1
2273,1,-0.035310159843950875,-1
2274,1,-0.032996823023859242,-1
2275,1,-0.030451838152562704,-1
2276,1,-0.028250557624383797,-1
2277,1,-0.026452662278264823,-1
2278,1,-0.024480588207164849,-1
2279,1,-0.022569389615923717,-1
2280,1,-0.020762521418023493,-1
2281,1,-0.018592627011431183,-1
2282,1,-0.016375683224090602,-1
2283,1,-0.013928816336066858,-1
2284,1,-0.011550368627030289,-1
2285,1,-0.0091823743686477513,-1
2286,1,-0.0062904978838129672,-1
2287,1,-0.0030688326213492486,-1
2288,1,-0.0001528518241182152,-1
2289,1,0.0032151779033105471,-1
2290,1,0.0063710201363058492,-1
2291,1,0.0096142980602369043,-1
2292,1,0.012832405907893852,-1
2293,1,0.016031489189982494,-1
2294,1,0.018515381625193214,-1
2295,1,0.021396112440621097,-1
2296,1,0.024160139522020698,-1
2297,1,0.02691556196154498,-1
2298,1,0.029269018091401394,-1
2299,1,0.031716042522539886,-1
2300,1,0.033889279856245735,-1
2301,1,0.035884657290675991,-1
2302,1,0.037870444966439216,-1
2303,1,0.039776474613013285,-1
2304,1,0.041627710518438249,-1
2305,1,0.043145607087045304,-1
2306,1,0.04441606046780891,-1
2307,1,0.045696239883718653,-1
2308,1,0.046720123328072044,-1
2309,1,0.047626465177064023,-1
2310,1,0.048169419139213944,-1
2311,1,0.04832824385635992,-1
2312,1,0.047833669476819038,-1
2313,1,0.046803480280805762,-1
2314,1,0.045426184257388515,-1
2315,1,0.044043430515944608,-1
2316,1,0.041650393732392786,-1
2317,1,0.039317576217914443,-1
2318,1,0.036018589892379528,-1
2319,1,0.032374355567008489,-1
2320,1,0.028361769662065311,-1
2321,1,0.024751323121125192,-1
2322,1,0.021259425258821869,-1
2323,1,0.018060416688577323,-1
2324,1,0.014761904299112937,-1
2325,1,0.011711291801559994,-1
2326,1,0.0087860353551272464,-1
2327,1,0.0063857904171993512,-1
2328,1,0.0040342032468180713,-1
2329,1,0.0021830007054731344,-1
2330,1,0.0010933092117335057,-1
2331,1,-0.00012798989492418278,-1
2332,1,-0.0008800204676190506,-1
2333,1,-0.0013869104343620852,-1
2334,1,-0.0020266187972842716,-1
2335,1,-0.0019528834439336332,-1
2336,1,-0.0021839076494744114,-1
2337,1,-0.0021818475897499284,-1
2338,1,-0.0016366105496296998,-1
2339,1,-0.0010573499094824088,-1
2340,1,-0.00015739127371964173,-1
2341,1,0.00099789896909613656,-1
2342,1,0.002439776394343591,-1
2343,1,0.0033677349694836837,-1
2344,1,0.0045098630437224946,-1
2345,1,0.0056678273526051207,-1
2346,1,0.006183944059808856,-1
2347,1,0.0061949735293579632,-1
2348,1,0.0061697069210326578,-1
2349,1,0.0057041219112290917,-1
2350,1,0.0044051507871030347,-1
2351,1,0.0032437477005444826,-1
2352,1,0.0016275488785384351,-1
2353,1,0.00032917232590059712,-1
2354,1,-0.0016853579717997084,-1
2355,1,-0.0028149049642898394,-1
2356,1,-0.004330807607771517,-1
2357,1,-0.0053974856724166341,-1
2358,1,-0.0063275797585582595,-1
2359,1,-0.0073185566699694405,-1
2360,1,-0.0080907992900112347,-1
2361,1,-0.0082004747153396548,-1
2362,1,-0.007991244036125297,-1
2363,1,-0.0079138761843292674,-1
2364,1,-0.0076800136531370551,-1
2365,1,-0.0075760236278973429,-1
2366,1,-0.0078771840934390453,-1
2367,1,-0.0078403796713634108,-1
2368,1,-0.0082610658740578415,-1
2369,1,-0.0087981520331923777,-1
2370,1,-0.009370172730141773,-1
2371,1,-0.0095502280277568533,-1
2372,1,-0.0099876743745429299,-1
2373,1,-0.010006485036078297,-1
2374,1,-0.01046643669619539,-1
2375,1,-0.011097053073579319,-1
2376,1,-0.011708401296523811,-1
2377,1,-0.012258723048827571,-1
2378,1,-0.012718869322376076,-1
2379,1,-0.013045743839840886,-1
2380,1,-0.013204203148002688,-1
2381,1,-0.013047276155920837,-1
2382,1,-0.01254297317905491,-1
2383,1,-0.011667302528054504,-1
2384,1,-0.010933779656545685,-1
2385,1,-0.010461160091392354,-1
2386,1,-0.0095855062405316507,-1
2387,1,-0.0092161605066420037,-1
2388,1,-0.0090648190136083349,-1
2389,1,-0.0080789672772592757,-1
2390,1,-0.0073049534050443916,-1
2391,1,-0.0061137790723254483,-1
2392,1,-0.0046294539474419126,-1
2393,1,-0.0037293087308376714,-1
2394,1,-0.002568811459679392,-1
2395,1,-0.0014639526844728511,-1
2396,1,-0.00051143253472518344,-1
2397,1,0.00053005080699149718,-1
2398,1,0.0011851392857654829,-1
2399,1,0.0022811401616998259,-1
2400,1,0.0037471582628099999,-1
2401,1,0.0054748013553614205,-1
2402,1,0.0070613899237086178,-1
2403,1,0.008752153795738871,-1
2404,1,0.010245005279544984,-1
2405,1,0.011559606909076803,-1
2406,1,0.012956182304135838,-1
2407,1,0.015267427526159592,-1
2408,1,0.017389555656106153,-1
2409,1,0.01926885730521875,-1
2410,1,0.021000177846170056,-1
2411,1,0.021965344156351638,-1
2412,1,0.022195478891548215,-1
2413,1,0.022722391389256642,-1
2414,1,0.023080763779107977,-1
2415,1,0.023856650511374276,-1
2416,1,0.024764266113022456,-1
2417,1,0.025366489735253912,-1
2418,1,0.025656818734864823,-1
2419,1,0.025812038452230051,-1
2420,1,0.025180079084883168,-1
2421,1,0.024439093266943889,-1
2422,1,0.023842125710264426,-1
2423,1,0.023264922766370537,-1
2424,1,0.023440386341188054,-1
2425,1,0.023067636325528391,-1
2426,1,0.022719735579603016,-1
2427,1,0.022485839441080364,-1
2428,1,0.021742205502565112,-1
2429,1,0.020718387290334258,-1
2430,1,0.020297075173750859,-1
2431,1,0.018943032684637279,-1
2432,1,0.017818501667617961,-1
2433,1,0.016523706708803966,-1
2434,1,0.015182503092398672,-1
2435,1,0.014379780843201666,-1
2436,1,0.013132150814229429,-1
2437,1,0.012233943506804549,-1
2438,1,0.010377730170475913,-1
2439,1,0.0082556076017124402,-1
2440,1,0.0067612315198972619,-1
2441,1,0.0058007707358165685,-1
2442,1,0.0042201913731035809,-1
2443,1,0.0027994326981119373,-1
2444,1,0.0015431743923088948,-1
2445,1,-0.00065138275501788702,-1
2446,1,-0.0025651582928930532,-1
2447,1,-0.0037506420570418923,-1
2448,1,-0.0058734539704825249,-1
2449,1,-0.0075780826914343428,-1
2450,1,-0.0086283243915772686,-1
2451,1,-0.010520583389795902,-1
2452,1,-0.011658314361486909,-1
2453,1,-0.011392969663327132,-1
2454,1,-0.011516611423536089,-1
2455,1,-0.010874754897670983,-1
2456,1,-0.01050804867946202,-1
2457,1,-0.010616799345871782,-1
2458,1,-0.010490075996013825,-1
2459,1,-0.0096136233530757439,-1
2460,1,-0.0095355089967211204,-1
2461,1,-0.009755511557355304,-1
2462,1,-0.010683455591050063,-1
2463,1,-0.013188350104051998,-1
2464,1,-0.01427264900736052,-1
2465,1,-0.015110430709615371,-1
2466,1,-0.015754695151395728,-1
2467,1,-0.015464372429557924,-1
2468,1,-0.015856926596434773,-1
2469,1,-0.017428685030677887,-1
2470,1,-0.018166810609811519,-1
2471,1,-0.019040611764145992,-1
2472,1,-0.019556614801986116,-1
2473,1,-0.020609798462552537,-1
2474,1,-0.021041669021468506,-1
2475,1,-0.020739627374815592,-1
2476,1,-0.020937267881104119,-1
2477,1,-0.020856327424206372,-1
2478,1,-0.020337773323780867,-1
2479,1,-0.018774022230984774,-1
2480,1,-0.018662173015534286,-1
2481,1,-0.019410368696388756,-1
2482,1,-0.020024414223381973,-1
2483,1,-0.022158579320929937,-1
2484,1,-0.022832307662896595,-1
2485,1,-0.021237937828940526,-1
2486,1,-0.021705035079154961,-1
2487,1,-0.023252431422615905,-1
2488,1,-0.02348043059649579,-1
2489,1,-0.023521760125912793,-1
2490,1,-0.024557073698948051,-1
2491,1,-0.025005823638368237,-1
2492,1,-0.025822346325287987,-1
2493,1,-0.029180677908474246,-1
2494,1,-0.028843169891861555,-1
2495,1,-0.025637572080774548,-1
2496,1,-0.023709623408681674,-1
2497,1,-0.020262188203495519,-1
2498,1,-0.020045051598111843,-1
2499,1,-0.021708909520425805,-1
2500,1,-0.021149883869954148,-1
780,2,-0.060150902095446872,1
781,2,-0.058793025263308839,1
782,2,-0.057428847052693618,1
783,2,-0.055593060702555382,1
784,2,-0.054287044584804961,1
785,2,-0.052903901644117388,1
786,2,-0.051187801699481165,1
787,2,-0.050317898021635339,1
788,2,-0.048885006015134652,1
789,2,-0.047899922089062331,1
790,2,-0.046288879631011366,1
791,2,-0.045377365594851712,1
792,2,-0.044349194722665602,1
793,2,-0.043189929539575664,1
794,2,-0.041875339486763301,1
795,2,-0.040748107942671058,1
796,2,-0.040187016176862662,1
797,2,-0.039109087991173748,1
798,2,-0.03765959210574113,1
799,2,-0.036603443145783295,1
800,2,-0.035825649400590673,1
801,2,-0.035154877236957933,1
802,2,-0.03400324419446997,1
803,2,-0.033280483341007146,1
804,2,-0.032451180426309151,1
805,2,-0.030954671032121038,1
806,2,-0.030355015460879396,1
807,2,-0.029550446087743428,1
808,2,-0.028635706749199675,1
809,2,-0.027610680257999731,1
810,2,-0.027012433563649768,1
811,2,-0.026156211602014916,1
812,2,-0.025255480814531914,1
813,2,-0.024320634737623487,1
814,2,-0.02370663651211374,1
815,2,-0.023019108995386218,1
816,2,-0.022072420685228779,1
817,2,-0.02092173072423055,1
818,2,-0.020424431521349273,1
819,2,-0.019580576755144619,1
820,2,-0.018818279191426607,1
821,2,-0.017930080099277747,1
822,2,-0.017347722799012068,1
823,2,-0.016691154253259111,1
824,2,-0.016064002404053451,1
825,2,-0.015059745227309745,1
826,2,-0.014527558153755794,1
827,2,-0.014007546033041581,1
828,2,-0.012748556160422048,1
829,2,-0.012614910156630701,1
830,2,-0.012065548032068024,1
831,2,-0.010792077362240407,1
832,2,-0.010004522270298483,1
833,2,-0.0095803376102223375,1
834,2,-0.0093248575209008786,1
835,2,-0.0085901627558685571,1
836,2,-0.0076422729189176194,1
837,2,-0.007140194552730285,1
838,2,-0.0065316857700170291,1
839,2,-0.0065596496743390289,1
840,2,-0.0055222421064133097,1
841,2,-0.0047613999825453831,1
842,2,-0.0045638834170124579,1
843,2,-0.0043267885190712528,1
844,2,-0.003361103807881544,1
845,2,-0.0026532220677046455,1
846,2,-0.0025737593590327251,1
847,2,-0.0017661992233208527,1
848,2,-0.0016395103977552335,1
849,2,-0.00088721789080360659,1
850,2,-0.00067071812747812837,1
851,2,-0.00027262770982876787,1
852,2,0.00029580369419082681,1
853,2,0.00098858047980272161,1
854,2,0.0014203803796878373,1
855,2,0.0015467010130472318,1
856,2,0.0025740141297514382,1
857,2,0.0028266226165371074,1
858,2,0.0035237284251146781,1
859,2,0.0037519540810508623,1
860,2,0.004160511715721427,1
861,2,0.0050465806743039271,1
862,2,0.0050104236990915919,1
863,2,0.0053430461132326834,1
864,2,0.0055580689914297111,1
865,2,0.0059996021697530733,1
866,2,0.0061567411804740284,1
867,2,0.0068006808695579516,1
868,2,0.0071560347872149507,1
869,2,0.0076993411703469468,1
870,2,0.0077115724997778778,1
871,2,0.0084432809399364976,1
872,2,0.0085528553986872861,1
873,2,0.008842788635604797,1
874,2,0.0095209095652107681,1
875,2,0.0097541788085550377,1
876,2,0.0098549372039974416,1
877,2,0.010552055909154284,1
878,2,0.01091163415270039,1
879,2,0.010876049260914986,1
880,2,0.011073841728206186,1
881,2,0.011859105350427055,1
882,2,0.011840654570628396,1
883,2,0.012282285276260477,1
884,2,0.012434647265913366,1
885,2,0.012566012941552289,1
886,2,0.013415510377880253,1
887,2,0.013344559778304009,1
888,2,0.013471426994952081,1
889,2,0.014334246579622885,1
890,2,0.015069736333614971,1
891,2,0.015311652974262872,1
892,2,0.015211689162538858,1
893,2,0.015929916661050432,1
894,2,0.016118702348434447,1
895,2,0.016534536707148474,1
896,2,0.017077179736327327,1
897,2,0.017447657235090737,1
898,2,0.018037095117772201,1
899,2,0.018469542128680041,1
900,2,0.018964935404942627,1
901,2,0.019585226471045766,1
902,2,0.019379408853950987,1
903,2,0.019854172495174748,1
904,2,0.020368761823895517,1
905,2,0.020531692973621014,1
906,2,0.020864544896246708,1
907,2,0.021016204560720054,1
908,2,0.021515340141707577,1
909,2,0.021919697257666196,1
910,2,0.022568343095812567,1
911,2,0.022659834549577922,1
912,2,0.02334685600495285,1
913,2,0.023945810549359299,1
914,2,0.023990725289949718,1
915,2,0.024311144753639449,1
916,2,0.024429057909061636,1
917,2,0.024716397777557571,1
918,2,0.025003922763489977,1
919,2,0.024892078485226985,1
920,2,0.025061886154935823,1
921,2,0.024773747494572815,1
922,2,0.024539194081038131,1
923,2,0.024830200538691855,1
924,2,0.025063624372381674,1
925,2,0.025217665030261308,1
926,2,0.024637806520861262,1
927,2,0.0250595301430603,1
928,2,0.024900998211985544,1
929,2,0.025305417602113446,1
930,2,0.02473836688002802,1
931,2,0.02427932971616923,1
932,2,0.024237655808293762,1
933,2,0.024335032916915026,1
934,2,0.024726544552795975,1
935,2,0.024042245949636453,1
936,2,0.023771092579501135,1
937,2,0.023423784012978455,1
938,2,0.023355613363420586,1
939,2,0.023758055172915207,1
940,2,0.023473026376363969,1
941,2,0.023119556537425708,1
942,2,0.023424919558580479,1
943,2,0.02314651629158786,1
944,2,0.022977923111171979,1
945,2,0.022637547571496944,1
946,2,0.023357367438493749,1
947,2,0.023030436204457296,1
948,2,0.023021981941694383,1
949,2,0.02298815069168365,1
950,2,0.023141330184743215,1
951,2,0.022626553368516239,1
952,2,0.022973194851553913,1
953,2,0.022582249959039419,1
954,2,0.023001283923076474,1
955,2,0.022877502105459163,1
956,2,0.022871358249756907,1
957,2,0.022591357537029219,1
958,2,0.022802374739662856,1
959,2,0.022933692751195819,1
960,2,0.023715584078779627,1
961,2,0.023393636367147218,1
962,2,0.023578411742930343,1
963,2,0.02357945478003147,1
964,2,0.024113955877306022,1
965,2,0.024584891940011424,1
966,2,0.024997925510997689,1
967,2,0.02620018421650586,1
968,2,0.026273580213080166,1
969,2,0.027266399676054643,1
970,2,0.02806400111624056,1
971,2,0.029415556895651195,1
972,2,0.030065481208908514,1
973,2,0.031668005942242214,1
974,2,0.033190264649364705,1
975,2,0.034217377021169025,1
976,2,0.036681913092499345,1
977,2,0.037830807296037709,1
978,2,0.03907589275829549,1
979,2,0.041306455481937773,1
980,2,0.041976165217438216,1
981,2,0.04265460628453098,1
982,2,0.043706028318549722,1
983,2,0.043790814169810566,1
984,2,0.042906127999070738,1
985,2,0.042900006015375906,1
986,2,0.042507550164172035,1
987,2,0.041119326635029117,1
988,2,0.039989610801279517,1
989,2,0.038460758057017909,1
990,2,0.037414720125654034,1
991,2,0.036113953817786384,1
992,2,0.035421808781555084,1
993,2,0.034580734226959634,1
994,2,0.033570418332682914,1
995,2,0.032702800446187515,1
996,2,0.03147981931312456,1
997,2,0.031083061920974774,1
998,2,0.030773358511445827,1
999,2,0.030331707019259961,1
1000,2,0.030519897719712287,1
1001,2,0.033091685667267931,1
1002,2,0.03296374287339289,1
1003,2,0.032842796431969752,1
1004,2,0.032581839419167348,1
1005,2,0.032843313749180404,1
1006,2,0.032763257693015621,1
1007,2,0.032707533574344125,1
1008,2,0.031842367986108372,1
1009,2,0.032265746872722482,1
1010,2,0.03170612102871543,1
1011,2,0.031749485052878924,1
1012,2,0.031878907916977742,1
1013,2,0.031584794218620649,1
1014,2,0.03110194633606618,1
1015,2,0.030612157490168768,1
1016,2,0.03097831033281561,1
1017,2,0.030023508597889877,1
1018,2,0.029977912905510974,1
1019,2,0.029550871798536289,1
1020,2,0.028813343217656291,1
1021,2,0.028390576005296122,1
1022,2,0.02895827021332778,1
1023,2,0.028238171365082478,1
1024,2,0.02798265881396788,1
1025,2,0.027310326376734508,1
1026,2,0.027033736399209227,1
1027,2,0.026245736478411337,1
1028,2,0.025903216439431682,1
1029,2,0.025511607640417294,1
1030,2,0.025738714147551144,1
1031,2,0.023964686178947012,1
1032,2,0.023931586643456404,1
1033,2,0.023261691565068032,1
1034,2,0.022904989869803053,1
1035,2,0.022029087161322191,1
1036,2,0.021513194457193806,1
1037,2,0.021064333951301587,1
1038,2,0.020022844540533939,1
1039,2,0.020257071487721934,1
1040,2,0.01927398715924827,1
1041,2,0.018161747923326581,1
1042,2,0.017163891738851546,1
1043,2,0.016763878445593506,1
1044,2,0.016347959666757738,1
1045,2,0.016083623963143105,1
1046,2,0.015000793570121346,1
1047,2,0.014089102133931181,1
1048,2,0.013943884414225508,1
1049,2,0.013408225344052817,1
1050,2,0.012111205399788686,1
1051,2,0.012042278232225133,1
1052,2,0.011353583016835797,1
1053,2,0.010643176061612341,1
1054,2,0.010052463434750265,1
1055,2,0.0093547511066693866,1
1056,2,0.0082507519108805539,1
1057,2,0.0073971856393202874,1
1058,2,0.007066199535488764,1
1059,2,0.0063691319558414113,1
1060,2,0.0061070424296283789,1
1061,2,0.0063157120357404256,1
1062,2,0.0055989581053269418,1
1063,2,0.0043788892212942602,1
1064,2,0.0038915583890214386,1
1065,2,0.0031747318652072419,1
1066,2,0.0027357678078918451,1
1067,2,0.0023055904769779512,1
1068,2,0.001082000056049614,1
1069,2,0.00097524432101567108,1
1070,2,0.00028126921927489751,1
1071,2,-0.00062422734040486563,1
1072,2,-0.001508114287076387,1
1073,2,-0.0025775718482893687,1
1074,2,-0.0032597367610579511,1
1075,2,-0.0038151652352841642,1
1076,2,-0.0041700231202168227,1
1077,2,-0.0045424453738019911,1
1078,2,-0.005217900432989182,1
1079,2,-0.0061241649997897567,1
1080,2,-0.0069145607607257386,1
1081,2,-0.0080075050547834883,1
1082,2,-0.0083206592645450553,1
1083,2,-0.0091114325200040893,1
1084,2,-0.0099924137333590683,1
1085,2,-0.010216324560327816,1
1086,2,-0.011255642982742207,1
1087,2,-0.012235827064168179,1
1088,2,-0.01295001768148733,1
1089,2,-0.014436523433135033,1
1090,2,-0.014613840052371931,1
1091,2,-0.015643247588449732,1
1092,2,-0.016187493961357328,1
1093,2,-0.016270963851603471,1
1094,2,-0.017785468940002075,1
1095,2,-0.018806846778078003,1
1096,2,-0.018742547878775939,1
1097,2,-0.020116064674677157,1
1098,2,-0.021084165936853565,1
1099,2,-0.021982238558008078,1
1100,2,-0.02284109513341484,1
1101,2,-0.02366254352422504,1
1102,2,-0.024883360329864889,1
1103,2,-0.025508829668382676,1
1104,2,-0.026068999519810968,1
1105,2,-0.027261456096940556,1
1106,2,-0.027993881333437179,1
1107,2,-0.028994708985669061,1
1108,2,-0.029423216052149356,1
1109,2,-0.030342749914605782,1
1110,2,-0.031452867922592283,1
1111,2,-0.032498164592672928,1
1112,2,-0.033183461508820213,1
1113,2,-0.033985929265528965,1
1114,2,-0.03504588780153696,1
1115,2,-0.03514120031196348,1
1116,2,-0.036386796016379265,1
1117,2,-0.036979327816498389,1
1118,2,-0.037419858129161904,1
1119,2,-0.038315174782921284,1
1120,2,-0.039147570604708859,1
1121,2,-0.039933468676363083,1
1122,2,-0.040709149738650627,1
1123,2,-0.041466149288237872,1
1124,2,-0.04172409902307677,1
1125,2,-0.042757062387615945,1
1126,2,-0.042748583932330525,1
1127,2,-0.043587072591131197,1
1128,2,-0.043483614511296578,1
1129,2,-0.044601637436813203,1
1130,2,-0.044384851566275217,1
1131,2,-0.044847608723239597,1
1132,2,-0.04475801607700499,1
1133,2,-0.044681288144268222,1
1134,2,-0.044985888579009085,1
1135,2,-0.044962892862106064,1
1136,2,-0.045178552142685187,1
1137,2,-0.043737863577064842,1
1138,2,-0.043370526088702628,1
1139,2,-0.043763532131935255,1
1140,2,-0.043855265761556732,1
1141,2,-0.043161766388302041,1
1142,2,-0.043248899214087089,1
1143,2,-0.042650543535925914,1
1144,2,-0.041861512087897623,1
1145,2,-0.040995729760870542,1
1146,2,-0.040702911837065932,1
1147,2,-0.039508830584777527,1
1148,2,-0.039329577315930134,1
1149,2,-0.038571592682924837,1
1150,2,-0.037777619666344728,1
1151,2,-0.037580264141508703,1
1152,2,-0.036405948255647226,1
1153,2,-0.035190548058956279,1
1154,2,-0.034561504426310501,1
1155,2,-0.033468915867366583,1
1156,2,-0.032479868263232958,1
1157,2,-0.030441213246860929,1
1158,2,-0.030375005689144866,1
1159,2,-0.029362106783299591,1
1160,2,-0.027881176500919303,1
1161,2,-0.02721211064288491,1
1162,2,-0.026505911813815081,1
1163,2,-0.02506550282344007,1
1164,2,-0.023683578622675412,1
1165,2,-0.024152498985172594,1
1166,2,-0.023386739098753492,1
1167,2,-0.02249555442174099,1
1168,2,-0.022308863769271756,1
1169,2,-0.022370828609618653,1
1170,2,-0.020993896889372244,1
1171,2,-0.020371167652830469,1
1172,2,-0.019502660589781808,1
1173,2,-0.018914900971036305,1
1174,2,-0.018578069888355066,1
1175,2,-0.017639604579891052,1
1176,2,-0.016874790840055609,1
1177,2,-0.016117916283972432,1
1178,2,-0.015025988867630626,1
1179,2,-0.014004101925899912,1
1180,2,-0.01306556978959891,1
1181,2,-0.012401939688148938,1
1182,2,-0.011912157283575009,1
1183,2,-0.010861258723239058,1
1184,2,-0.0096002383060374511,1
1185,2,-0.0087525536725670816,1
1186,2,-0.0069118630439154024,1
1187,2,-0.0059741547240689859,1
1188,2,-0.0044725714735011591,1
1189,2,-0.003105317367519865,1
1190,2,-0.0029569405704507751,1
1191,2,-0.001525228362531433,1
1192,2,-0.00048120897316873571,1
1193,2,0.0011388547524484489,1
1194,2,0.0023967707643460629,1
1195,2,0.0032730732721210896,1
1196,2,0.004133114358616634,1
1197,2,0.0045462722243632663,1
1198,2,0.0050649678797947545,1
1199,2,0.0051529604001672386,1
1200,2,0.0045788949295614582,1
1201,2,0.0052283590244397707,1
1202,2,0.0051363116876217956,1
1203,2,0.0056869087936435832,1
1204,2,0.0056293537829212661,1
1205,2,0.0053981050884468586,1
1206,2,0.0059620706106027974,1
1207,2,0.0061859990735809887,1
1208,2,0.0060835488198685353,1
1209,2,0.006191010841418495,1
1210,2,0.0070474506123762394,1
1211,2,0.0065129119000568421,1
1212,2,0.0066693884352676354,1
1213,2,0.00705713574190094,1
1214,2,0.0061149736434341325,1
1215,2,0.0060547289440736184,1
1216,2,0.00642350040911041,1
1217,2,0.0064172594621176122,1
1218,2,0.0060399355597130907,1
1219,2,0.0052386994907748343,1
1220,2,0.004883508188909591,1
1221,2,0.0050069461992347008,1
1222,2,0.0049375374314370437,1
1223,2,0.0046643195440875919,1
1224,2,0.0043279912013669793,1
1225,2,0.0038885291028922754,1
1226,2,0.0028327867438201642,1
1227,2,0.0023783356379625149,1
1228,2,0.0022313198070233256,1
1229,2,0.0014609709955217107,1
1230,2,0.0011080496335363259,1
1231,2,2.2582392607244731e-05,1
1232,2,-0.00047779942273666972,1
1233,2,-0.00040760421772119594,1
1234,2,-0.0009150331567910066,1
1235,2,-0.001150669441143024,1
1236,2,-0.0023586457564333356,1
1237,2,-0.0013917480071332564,1
1238,2,-0.0019751130798464447,1
1239,2,-0.0020093059230062607,1
1240,2,-0.002335129593147643,1
1241,2,-0.0019205697995330162,1
1242,2,-0.0025672733798976972,1
1243,2,-0.0023623007697486501,1
1244,2,-0.0014531211979082943,1
1245,2,-0.0018598261818352552,1
1246,2,-0.0022298841085044013,1
1247,2,-0.0017470849219321774,1
1248,2,-0.0027560977398993118,1
1249,2,-0.0020602528611280771,1
1250,2,-0.0028084520349438685,1
1251,2,-0.0023108612917155527,1
1252,2,-0.0027473727771120406,1
1253,2,-0.0033720414514573308,1
1254,2,-0.0033343037927142049,1
1255,2,-0.0035026389159496536,1
1256,2,-0.0037546426348079157,1
1257,2,-0.0043046397344045258,1
1258,2,-0.0047558833255941452,1
1259,2,-0.004978214870423249,1
1260,2,-0.0050547937954361459,1
1261,2,-0.0054771833974572191,1
1262,2,-0.0049270588017088883,1
1263,2,-0.0052383155982608726,1
1264,2,-0.0047881660231145831,1
1265,2,-0.0042392267331501773,1
1266,2,-0.0044835441210732425,1
1267,2,-0.0041237105018002828,1
1268,2,-0.0048694128966659004,1
1269,2,-0.0034834875848151572,1
1270,2,-0.0045452084842429854,1
1271,2,-0.0040721135885808338,1
1272,2,-0.0041084480718374906,1
1273,2,-0.0036591301174652238,1
1274,2,-0.0037565781163219239,1
1275,2,-0.0048343536674224129,1
1276,2,-0.0038163310885703126,1
1277,2,-0.0049839738688341531,1
1278,2,-0.0052951287781879902,1
1279,2,-0.0062819176504474595,1
1280,2,-0.0060704226094699934,1
1281,2,-0.0069882700106852118,1
1282,2,-0.0079073206265208914,1
1283,2,-0.0088642928526707007,1
1284,2,-0.009744724110289666,1
1285,2,-0.010370443588589993,1
1286,2,-0.011364608766180138,1
1287,2,-0.012438667790567605,1
1288,2,-0.013491031282223002,1
1289,2,-0.014623574390649947,1
1290,2,-0.015848672190219945,1
1291,2,-0.015977477347041139,1
1292,2,-0.01741466397836338,1
1293,2,-0.017772107973606309,1
1294,2,-0.017986670000099913,1
1295,2,-0.01847528347047861,1
1296,2,-0.020506236479112341,1
1297,2,-0.020608784614810961,1
1298,2,-0.02172192152785524,1
1299,2,-0.021752003607518847,1
1300,2,-0.022650461830387134,1
1301,2,-0.022950318629047815,1
1302,2,-0.02304826715355187,1
1303,2,-0.023875215365494265,1
1304,2,-0.024396932616123981,1
1305,2,-0.02498492242179777,1
1306,2,-0.023881443212095076,1
1307,2,-0.02474090895690308,1
1308,2,-0.024842246270410456,1
1309,2,-0.024834851622662017,1
1310,2,-0.024099534748497839,1
1311,2,-0.024570957121271754,1
1312,2,-0.023683775134586856,1
1313,2,-0.024355740398744368,1
1314,2,-0.023375868029470281,1
1315,2,-0.023465622078300906,1
1316,2,-0.024572831613602155,1
1317,2,-0.022986136971910855,1
1318,2,-0.021836951056112167,1
1319,2,-0.021663039664471345,1
1320,2,-0.021002840072916199,1
1321,2,-0.020143536330266609,1
1322,2,-0.020014469642490793,1
1323,2,-0.019793009729769714,1
1324,2,-0.018509067982114706,1
1325,2,-0.018631964805922926,1
1326,2,-0.018200345958445895,1
1327,2,-0.017179678424682349,1
1328,2,-0.016787560665120708,1
1329,2,-0.015907515124266709,1
1330,2,-0.01528253253869768,1
1331,2,-0.014347856854907458,1
1332,2,-0.014565559616841655,1
1333,2,-0.012566347234188415,1
1334,2,-0.012229530805184675,1
1335,2,-0.012051302597322297,1
1336,2,-0.010879922388703327,1
1337,2,-0.0096908203345641621,1
1338,2,-0.0097633318406132544,1
1339,2,-0.0090961483202513169,1
1340,2,-0.0086875256775301776,1
1341,2,-0.0071322553087103642,1
1342,2,-0.006410755167321913,1
1343,2,-0.005388919890522541,1
1344,2,-0.0054322399653651621,1
1345,2,-0.0034930592146528083,1
1346,2,-0.0030019992511692243,1
1347,2,-0.0016461318607595033,1
1348,2,-0.00062105132076356487,1
1349,2,0.00059660851937501326,1
1350,2,0.0016090631286990904,1
1351,2,0.0030487194360560312,1
1352,2,0.0040394474725301442,1
1353,2,0.0046568676105407953,1
1354,2,0.00654263147318243,1
1355,2,0.0078763748168513194,1
1356,2,0.0088136868247073192,1
1357,2,0.010421064951195115,1
1358,2,0.011416839095002197,1
1359,2,0.012560304820760286,1
1360,2,0.013659290213499854,1
1361,2,0.014935492246672269,1
1362,2,0.015595472431360407,1
1363,2,0.01658749665670331,1
1364,2,0.017603152965865732,1
1365,2,0.019172919109933868,1
1366,2,0.018854311862507168,1
1367,2,0.020452751518831688,1
1368,2,0.02167221689804234,1
1369,2,0.021957766481091823,1
1370,2,0.023205435420752533,1
1371,2,0.023646396447340935,1
1372,2,0.024636215769352415,1
1373,2,0.024717622377951103,1
1374,2,0.025564365011569057,1
1375,2,0.025916330257056822,1
1376,2,0.026599086916614206,1
1377,2,0.026150187135528587,1
1378,2,0.02595963757041039,1
1379,2,0.025436297199169483,1
1380,2,0.025381688031022615,1
1381,2,0.025648907033759768,1
1382,2,0.025801020447543087,1
1383,2,0.025332143958361048,1
1384,2,0.025435386554125427,1
1385,2,0.025171356316351624,1
1386,2,0.024365909868732941,1
1387,2,0.025035582456828211,1
1388,2,0.024489560040531998,1
1389,2,0.024337472764520262,1
1390,2,0.024483864763899764,1
1391,2,0.024448106487991825,1
1392,2,0.024330570202732358,1
1393,2,0.0247959751315949,1
1394,2,0.024754721753413245,1
1395,2,0.024848779313124212,1
1396,2,0.024583262727073851,1
1397,2,0.024508814391440977,1
1398,2,0.024204921863305452,1
1399,2,0.023841905441164664,1
1400,2,0.02278864175897052,1
1401,2,0.022361515105972056,1
1402,2,0.021562347199765585,1
1403,2,0.021172115210695411,1
1404,2,0.019879623938094327,1
1405,2,0.019240597640861775,1
1406,2,0.019031509328859081,1
1407,2,0.018412105813978497,1
1408,2,0.017595573016735339,1
1409,2,0.016359619107907272,1
1410,2,0.016521355649229425,1
1411,2,0.015444204998846345,1
1412,2,0.014938657183122518,1
1413,2,0.014590951799412191,1
1414,2,0.01424070981517761,1
1415,2,0.013923674149451504,1
1416,2,0.014081622065285886,1
1417,2,0.01377032972416746,1
1418,2,0.0139670089145065,1
1419,2,0.013935863698873183,1
1420,2,0.014061859442075775,1
1421,2,0.01469273023499061,1
1422,2,0.015185759660404856,1
1423,2,0.016280493195286898,1
1424,2,0.017555507526285992,1
1425,2,0.019097490242057188,1
1426,2,0.020877014813089258,1
1427,2,0.023001014605366264,1
1428,2,0.025736442707567316,1
1429,2,0.028871150805561543,1
1430,2,0.031882941663163022,1
1431,2,0.035563752857817696,1
1432,2,0.038408133748673863,1
1433,2,0.041251084903084705,1
1434,2,0.043253325117306493,1
1435,2,0.045166234437044851,1
1436,2,0.046165920487867045,1
1437,2,0.046521902007633786,1
1438,2,0.045682070701484292,1
1439,2,0.044467143382805309,1
1440,2,0.042005344278531656,1
1441,2,0.039508535789731278,1
1442,2,0.036084219610895134,1
1443,2,0.032736843295247037,1
1444,2,0.028802302853268028,1
1445,2,0.024840718775990318,1
1446,2,0.02153626654353644,1
1447,2,0.018484354092903266,1
1448,2,0.015085084957136194,1
1449,2,0.012574649088044756,1
1450,2,0.010550375222832064,1
1451,2,0.0085785164559072768,1
1452,2,0.0070436636473031082,1
1453,2,0.0057188253477625257,1
1454,2,0.0048059133403139239,1
1455,2,0.0039651103782213743,1
1456,2,0.0035828446240841511,1
1457,2,0.0032541101139441702,1
1458,2,0.0032211142810161563,1
1459,2,0.0035125763745486927,1
1460,2,0.0033304020332753756,1
1461,2,0.0035743747701009964,1
1462,2,0.0039300131459672066,1
1463,2,0.0045229911479694324,1
1464,2,0.0046103444361823417,1
1465,2,0.0051995792338845187,1
1466,2,0.0056745040196325225,1
1467,2,0.0060244820518285591,1
1468,2,0.0068236648568663089,1
1469,2,0.007154395079012962,1
1470,2,0.0076858591723769978,1
1471,2,0.0084570424664868245,1
1472,2,0.0089720536392669231,1
1473,2,0.0094423048928774268,1
1474,2,0.010283178491673609,1
1475,2,0.010966985517694395,1
1476,2,0.011308087673854276,1
1477,2,0.0120032209561636,1
1478,2,0.01260016770197111,1
1479,2,0.013169424366553689,1
1480,2,0.013749853608687771,1
1481,2,0.01412520520031969,1
1482,2,0.014903534689783747,1
1483,2,0.014942608980202172,1
1484,2,0.015446072286784024,1
1485,2,0.015973780290307903,1
1486,2,0.016479199037353863,1
1487,2,0.016498319289147273,1
1488,2,0.017132730610536023,1
1489,2,0.017914936679355658,1
1490,2,0.017912101112445337,1
1491,2,0.018296817015890362,1
1492,2,0.018742320818377799,1
1493,2,0.019223924652342322,1
1494,2,0.019625747921813659,1
1495,2,0.019953500384968691,1
1496,2,0.020183410479498391,1
1497,2,0.020680198550717139,1
1498,2,0.021097296322103391,1
1499,2,0.021340246672727145,1
1500,2,0.021754950509903039,1
1501,2,0.022015416347768529,1
1502,2,0.02225466374555175,1
1503,2,0.022376683951344626,1
1504,2,0.022939033694534178,1
1505,2,0.02334537529335937,1
1506,2,0.023432188980432707,1
1507,2,0.02359094527107216,1
1508,2,0.024141231419654192,1
1509,2,0.024348303593433641,1
1510,2,0.024488325828914494,1
1511,2,0.024874594628828087,1
1512,2,0.025140545419764623,1
1513,2,0.025498938612644764,1
1514,2,0.025638747299774139,1
1515,2,0.025950129719981244,1
1516,2,0.026226109259024358,1
1517,2,0.02670459346283208,1
1518,2,0.026693943550896281,1
1519,2,0.027093897456569194,1
1520,2,0.027446661409128149,1
1521,2,0.027705979453183288,1
1522,2,0.027698738179918084,1
1523,2,0.028037243787618821,1
1524,2,0.028110968444820802,1
1525,2,0.028332853483292498,1
1526,2,0.028042146356149371,1
1527,2,0.028294289455651916,1
1528,2,0.028409244036953149,1
1529,2,0.028513643053804064,1
1530,2,0.028236483451058433,1
1531,2,0.028077823246886596,1
1532,2,0.02793994762685565,1
1533,2,0.027718250375194934,1
1534,2,0.027808127683967603,1
1535,2,0.027433340951441725,1
1536,2,0.027342962297006643,1
1537,2,0.027155551873427868,1
1538,2,0.026771071007347887,1
1539,2,0.026569705546734539,1
1540,2,0.026410976332466512,1
1541,2,0.026288129790674707,1
1542,2,0.026001624759559885,1
1543,2,0.025803419418497783,1
1544,2,0.025454466478439103,1
1545,2,0.025488378501367637,1
1546,2,0.025207557555780385,1
1547,2,0.025039876910006462,1
1548,2,0.025016575736621527,1
1549,2,0.025065154767826194,1
1550,2,0.024824528529448275,1
1551,2,0.024909459620798956,1
1552,2,0.024966004768340516,1
1553,2,0.025264381408322066,1
1554,2,0.025009262951236667,1
1555,2,0.025435309184548088,1
1556,2,0.025369816829224578,1
1557,2,0.025394144405718255,1
1558,2,0.025600913728638253,1
1559,2,0.026237939865779679,1
1560,2,0.026295875558661183,1
1561,2,0.026690118624361384,1
1562,2,0.02709570880475733,1
1563,2,0.027649739158388715,1
1564,2,0.027783770214565365,1
1565,2,0.028090429373540903,1
1566,2,0.028545762102011034,1
1567,2,0.02862326151891079,1
1568,2,0.029023386321483127,1
1569,2,0.029146350367855661,1
1570,2,0.029435721988670015,1
1571,2,0.029916823263569575,1
1572,2,0.030126848196335619,1
1573,2,0.030578774407930442,1
1574,2,0.030650259677182889,1
1575,2,0.030962165544068349,1
1576,2,0.031203466240033242,1
1577,2,0.031313181488123835,1
1578,2,0.031773573538338963,1
1579,2,0.032091296030239469,1
1580,2,0.032080251089325489,1
1581,2,0.032555950820506434,1
1582,2,0.032793362542949581,1
1583,2,0.032897206747527233,1
1584,2,0.033074252078867585,1
1585,2,0.033320644938744655,1
1586,2,0.033205816934388836,1
1587,2,0.033381415457979895,1
1588,2,0.033550303204531409,1
1589,2,0.033637747069243412,1
1590,2,0.033287793360335896,1
1591,2,0.033364365305776668,1
1592,2,0.033307608801701603,1
1593,2,0.033520872603341988,1
1594,2,0.033129486032613363,1
1595,2,0.032914764765965915,1
1596,2,0.032614694667425184,1
1597,2,0.03244454536680505,1
1598,2,0.032120515818721176,1
1599,2,0.032002627074290357,1
1600,2,0.031696352950810212,1
1601,2,0.030933453283220672,1
1602,2,0.030693890168932918,1
1603,2,0.030471492207355958,1
1604,2,0.029761750656949172,1
1605,2,0.029635513188152638,1
1606,2,0.029258473038145775,1
1607,2,0.02919977382610147,1
1608,2,0.028943747524126536,1
1609,2,0.028514904306650594,1
1610,2,0.028378427255866263,1
1611,2,0.027966134373011948,1
1612,2,0.027742964169337293,1
1613,2,0.027285103014911924,1
1614,2,0.027218457923028135,1
1615,2,0.026732487738415581,1
1616,2,0.026500515282724939,1
1617,2,0.026476171899643297,1
1618,2,0.026268645518134136,1
1619,2,0.025767075761445997,1
1620,2,0.025041206007068887,1
1621,2,0.025092570126673475,1
1622,2,0.024771905814448877,1
1623,2,0.024232869823038346,1
1624,2,0.023977456079302285,1
1625,2,0.023623195909479117,1
1626,2,0.023047923071252349,1
1627,2,0.022694602144240555,1
1628,2,0.022265650791419584,1
1629,2,0.021524281093956387,1
1630,2,0.021564712450984066,1
1631,2,0.02084308191615716,1
1632,2,0.020090118137283376,1
1633,2,0.020230943256821184,1
1634,2,0.020001583757671505,1
1635,2,0.019580243198276448,1
1636,2,0.019195892935072751,1
1637,2,0.018914545796848252,1
1638,2,0.01857475831495254,1
1639,2,0.017916033360864392,1
1640,2,0.017481242921483769,1
1641,2,0.01703790517927611,1
1642,2,0.016678786692369583,1
1643,2,0.016132677148884618,1
1644,2,0.0155837403675941,1
1645,2,0.014864977938906499,1
1646,2,0.014613835846855527,1
1647,2,0.014038075049858281,1
1648,2,0.013308420024344778,1
1649,2,0.01268715772756027,1
1650,2,0.011821319157227497,1
1651,2,0.011210470404314618,1
1652,2,0.010180750368954047,1
1653,2,0.0091282231191585992,1
1654,2,0.0080338668396691005,1
1655,2,0.0070904291508825544,1
1656,2,0.0055501510387881712,1
1657,2,0.0042651917095947178,1
1658,2,0.0025430583910645661,1
1659,2,0.0012234971740832392,1
1660,2,0.00014842409814364301,1
1661,2,-0.001784548158024954,1
1662,2,-0.0030753125896247581,1
1663,2,-0.0045865610265680571,1
1664,2,-0.0061147865776245815,1
1665,2,-0.007465657106941111,1
1666,2,-0.008565615071868685,1
1667,2,-0.010040061885113765,1
1668,2,-0.011426576473414817,1
1669,2,-0.01221858357916757,1
1670,2,-0.013489912081104489,1
1671,2,-0.013866418282474539,1
1672,2,-0.015235055181490762,1
1673,2,-0.015628403665006591,1
1674,2,-0.016247809018440355,1
1675,2,-0.016306394472691076,1
1676,2,-0.016448238403489471,1
1677,2,-0.016059775794112309,1
1678,2,-0.015671352969242332,1
1679,2,-0.015164670732681291,1
1680,2,-0.014490306207540113,1
1681,2,-0.013489185570235773,1
1682,2,-0.011976627147752829,1
1683,2,-0.010706245549792947,1
1684,2,-0.0095308378162749403,1
1685,2,-0.0083542891989246068,1
1686,2,-0.0074774506107387808,1
1687,2,-0.0069942188528359737,1
1688,2,-0.0065882078127007622,1
1689,2,-0.0068185993180492292,1
1690,2,-0.0073917624079843317,1
1691,2,-0.0081525165446677608,1
1692,2,-0.0086910368893716051,1
1693,2,-0.010088268036992608,1
1694,2,-0.011453052369053151,1
1695,2,-0.013280737703256627,1
1696,2,-0.014863584442319751,1
1697,2,-0.016472491457237105,1
1698,2,-0.017836449969962559,1
1699,2,-0.019425323018856567,1
1700,2,-0.020486752606816299,1
1701,2,-0.020837727485168517,1
1702,2,-0.022083942594711602,1
1703,2,-0.02233637955970838,1
1704,2,-0.022253338768060339,1
1705,2,-0.023057141170369399,1
1706,2,-0.022992965121176975,1
1707,2,-0.023110411588140169,1
1708,2,-0.023083340442823088,1
1709,2,-0.023091920104581696,1
1710,2,-0.023348077606053862,1
1711,2,-0.023495264495989408,1
1712,2,-0.023271196120457617,1
1713,2,-0.023421233626208689,1
1714,2,-0.023004923707433466,1
1715,2,-0.02262764852799172,1
1716,2,-0.022417419969228507,1
1717,2,-0.022000235248588955,1
1718,2,-0.021747411659444906,1
1719,2,-0.020861785310297459,1
1720,2,-0.019867255520995102,1
1721,2,-0.019080288757567482,1
1722,2,-0.017393843204037304,1
1723,2,-0.016650549241210552,1
1724,2,-0.015553087237678564,1
1725,2,-0.014621557986534639,1
1726,2,-0.013802240564794727,1
1727,2,-0.013383059590842432,1
1728,2,-0.012439516616231036,1
1729,2,-0.012071178343845355,1
1730,2,-0.011594781466720406,1
1731,2,-0.010390145430845847,1
1732,2,-0.0099455771710408487,1
1733,2,-0.0092169696604484427,1
1734,2,-0.0085193475620282486,1
1735,2,-0.0083361695936261995,1
1736,2,-0.0079193432125472165,1
1737,2,-0.0072645832785207861,1
1738,2,-0.0070669121169084984,1
1739,2,-0.0070715771011476952,1
1740,2,-0.006189134924370762,1
1741,2,-0.0062648467118925329,1
1742,2,-0.0053618952334840708,1
1743,2,-0.0053598938004672751,1
1744,2,-0.0048130108755506246,1
1745,2,-0.0046960216289711068,1
1746,2,-0.004526389208745223,1
1747,2,-0.003678421546897335,1
1748,2,-0.0035517149506888103,1
1749,2,-0.0031277679358670762,1
1750,2,-0.0026175654373888548,1
1751,2,-0.0021204001626162357,1
1752,2,-0.0013142811153974841,1
1753,2,-0.00074552982475097095,1
1754,2,-0.00020694970747239807,1
1755,2,0.00044817193299015662,1
1756,2,0.00099730650819251899,1
1757,2,0.0018311129197907221,1
1758,2,0.0026137514366214058,1
1759,2,0.0029452452297730274,1
1760,2,0.0033000779464557469,1
1761,2,0.0038050436623549596,1
1762,2,0.004030142303982606,1
1763,2,0.0040976656259514065,1
1764,2,0.0041667488157205636,1
1765,2,0.0042773285431616593,1
1766,2,0.0045340661846507754,1
1767,2,0.0042268593781449966,1
1768,2,0.0045279361590495225,1
1769,2,0.0039967524984540507,1
1770,2,0.0043175311929123253,1
1771,2,0.0040390921888541322,1
1772,2,0.0041234072802252761,1
1773,2,0.0035541336361281876,1
1774,2,0.0034734041493265991,1
1775,2,0.0032982238888390964,1
1776,2,0.0033285181587243413,1
1777,2,0.0036005377475077835,1
1778,2,0.003649704799552921,1
1779,2,0.003723077122940979,1
1780,2,0.0036976490406925556,1
1781,2,0.0041728824444187537,1
1782,2,0.003919048502267564,1
1783,2,0.0043268828473598826,1
1784,2,0.0039480182559329261,1
1785,2,0.0041307299866003974,1
1786,2,0.0041313307942913297,1
1787,2,0.0042148346649543041,1
1788,2,0.0044198402918158687,1
1789,2,0.0042472243199241809,1
1790,2,0.004527331612687386,1
1791,2,0.0047920360245092865,1
1792,2,0.0047757360398223833,1
1793,2,0.005320008125849443,1
1794,2,0.0053761919281560717,1
1795,2,0.0055009533167486744,1
1796,2,0.0057833696413675754,1
1797,2,0.0058856204696100516,1
1798,2,0.0058099760683760805,1
1799,2,0.0057782780592623914,1
1800,2,0.0058794521735788668,1
1801,2,0.0089628036223639573,1
1802,2,0.0088547093053159727,1
1803,2,0.0089608250731688308,1
1804,2,0.009049409457440297,1
1805,2,0.0083025591899326106,1
1806,2,0.0083580746082448382,1
1807,2,0.0081898116572009221,1
1808,2,0.0081325875088205761,1
1809,2,0.0083392668801844181,1
1810,2,0.0085498130027866059,1
1811,2,0.0087219572471811911,1
1812,2,0.0091489609983909682,1
1813,2,0.0091597837566927322,1
1814,2,0.0097167191535134662,1
1815,2,0.010494534066796122,1
1816,2,0.010827300689690398,1
1817,2,0.011244687568437139,1
1818,2,0.012321969722233496,1
1819,2,0.012361827100003171,1
1820,2,0.01304547311832537,1
1821,2,0.013690486738790397,1
1822,2,0.01389851025799521,1
1823,2,0.01480190381351601,1
1824,2,0.015062431510986936,1
1825,2,0.01499002720925416,1
1826,2,0.015300573993328662,1
1827,2,0.01545096610254066,1
1828,2,0.015817037160436961,1
1829,2,0.015718983331197721,1
1830,2,0.015627681929483529,1
1831,2,0.015932973020481151,1
1832,2,0.015382762157512777,1
1833,2,0.015356777356488445,1
1834,2,0.015848561168101353,1
1835,2,0.015322327377565351,1
1836,2,0.01531817079950276,1
1837,2,0.015680755533123796,1
1838,2,0.01546853175043378,1
1839,2,0.01603415706955692,1
1840,2,0.016110513825271355,1
1841,2,0.016496897657035596,1
1842,2,0.017117057101818593,1
1843,2,0.01681221381336968,1
1844,2,0.01736021697027652,1
1845,2,0.017599564793571894,1
1846,2,0.017743499597804545,1
1847,2,0.018089804004071272,1
1848,2,0.018979321308230258,1
1849,2,0.019279189765811073,1
1850,2,0.019247709051181068,1
1851,2,0.019818464693361848,1
1852,2,0.020027709753048992,1
1853,2,0.020479615960941229,1
1854,2,0.020971771751360654,1
1855,2,0.021499288268221103,1
1856,2,0.021995817996393843,1
1857,2,0.022476145082269715,1
1858,2,0.022924986587853007,1
1859,2,0.023589305115431024,1
1860,2,0.02474684720240946,1
1861,2,0.02557855410637911,1
1862,2,0.026232912718691454,1
1863,2,0.02739219088877607,1
1864,2,0.027809464391387415,1
1865,2,0.029076244761700506,1
1866,2,0.029335443100713333,1
1867,2,0.030251762293771352,1
1868,2,0.031202622255375876,1
1869,2,0.032426062588236937,1
1870,2,0.033005369542207945,1
1871,2,0.033451824164721963,1
1872,2,0.03406632805087291,1
1873,2,0.034465587235026643,1
1874,2,0.034827008964609302,1
1875,2,0.034982009283629489,1
1876,2,0.035345597914621656,1
1877,2,0.035539134603518735,1
1878,2,0.035540400313215752,1
1879,2,0.035206888293186953,1
1880,2,0.035246452286318813,1
1881,2,0.034922643660264416,1
1882,2,0.034576886156190083,1
1883,2,0.034464664672764156,1
1884,2,0.033259964683974151,1
1885,2,0.032993680119290492,1
1886,2,0.031984485255919383,1
1887,2,0.030770245103570307,1
1888,2,0.029483606884967851,1
1889,2,0.027695332484676951,1
1890,2,0.026175777828199635,1
1891,2,0.024264091795393447,1
1892,2,0.022629783822499246,1
1893,2,0.020471439631757342,1
1894,2,0.018536729766874576,1
1895,2,0.01574574841476728,1
1896,2,0.013888918406905988,1
1897,2,0.011272012577693636,1
1898,2,0.0087768310339009017,1
1899,2,0.0064332027163407661,1
1900,2,0.0038961322248888541,1
1901,2,0.0015863317992811864,1
1902,2,-0.0010722707198435697,1
1903,2,-0.0034775167371290821,1
1904,2,-0.005866133176837293,1
1905,2,-0.008327254576662866,1
1906,2,-0.010587141176201603,1
1907,2,-0.012555664231048024,1
1908,2,-0.014628123412395829,1
1909,2,-0.016124448754680932,1
1910,2,-0.018149792822101139,1
1911,2,-0.019659726429211086,1
1912,2,-0.021332399538898837,1
1913,2,-0.022750434513608239,1
1914,2,-0.024082230241944228,1
1915,2,-0.025564149320853005,1
1916,2,-0.026709980382137521,1
1917,2,-0.027734194471837295,1
1918,2,-0.028771210327138922,1
1919,2,-0.029550555041768241,1
1920,2,-0.030357319534020592,1
1921,2,-0.031115847955121595,1
1922,2,-0.031683370235945793,1
1923,2,-0.032257992088569297,1
1924,2,-0.032804253617401941,1
1925,2,-0.03323016548758817,1
1926,2,-0.03364843593533233,1
1927,2,-0.034096982419617373,1
1928,2,-0.034418703941461078,1
1929,2,-0.034629734338850908,1
1930,2,-0.034900621376295071,1
1931,2,-0.035062799046912951,1
1932,2,-0.035209093027016677,1
1933,2,-0.035251493321161419,1
1934,2,-0.034904770306428641,1
1935,2,-0.034952696285319253,1
1936,2,-0.03475286660743622,1
1937,2,-0.03455361262659784,1
1938,2,-0.034617344645909022,1
1939,2,-0.034780283968901093,1
1940,2,-0.034435930400404789,1
1941,2,-0.034227678226444957,1
1942,2,-0.03430690383976976,1
1943,2,-0.03399832254290782,1
1944,2,-0.034049673736762716,1
1945,2,-0.033762309415795611,1
1946,2,-0.033510455877982764,1
1947,2,-0.033269023456502976,1
1948,2,-0.033106847965984093,1
1949,2,-0.032518590545347774,1
1950,2,-0.032153761091649399,1
1951,2,-0.031968766868472193,1
1952,2,-0.031775394915463474,1
1953,2,-0.031325285843198832,1
1954,2,-0.031059548313025469,1
1955,2,-0.030704193483363101,1
1956,2,-0.03056314588889724,1
1957,2,-0.030254901287733723,1
1958,2,-0.029783398774518507,1
1959,2,-0.02953191214571551,1
1960,2,-0.029257566131023906,1
1961,2,-0.029077465499455925,1
1962,2,-0.028769603571310535,1
1963,2,-0.028579127532307916,1
1964,2,-0.028287703909477109,1
1965,2,-0.027941497795514005,1
1966,2,-0.027593220675476371,1
1967,2,-0.027266739260386808,1
1968,2,-0.026917280422793403,1
1969,2,-0.026809044440362206,1
1970,2,-0.026478031024589108,1
1971,2,-0.026030890370209673,1
1972,2,-0.025760479185125616,1
1973,2,-0.025324565640314597,1
1974,2,-0.025183542564831018,1
1975,2,-0.024671459497281074,1
1976,2,-0.024140419036272846,1
1977,2,-0.023766585512110756,1
1978,2,-0.02344868294982709,1
1979,2,-0.022966991801000532,1
1980,2,-0.022566273576103628,1
1981,2,-0.021960159661518,1
1982,2,-0.021555096203389343,1
1983,2,-0.020811636941672405,1
1984,2,-0.020076108973375559,1
1985,2,-0.019581231971241217,1
1986,2,-0.018929167474154754,1
1987,2,-0.018284701971853775,1
1988,2,-0.017601204777284295,1
1989,2,-0.016672536311560873,1
1990,2,-0.015972537648225916,1
1991,2,-0.015149498964359317,1
1992,2,-0.01451592043413547,1
1993,2,-0.013370893097471704,1
1994,2,-0.012532707850310982,1
1995,2,-0.011595322413375606,1
1996,2,-0.010446708598543372,1
1997,2,-0.0093539251282531224,1
1998,2,-0.008194258361991372,1
1999,2,-0.0067872895917120224,1
2000,2,-0.005099649430130148,1
2001,2,-0.0035875634237466001,1
2002,2,-0.0019412067040987563,1
2003,2,5.3450999718125379e-05,1
2004,2,0.002029040085929116,1
2005,2,0.0039250655017414203,1
2006,2,0.005887706860439333,1
2007,2,0.0078582993342359679,1
2008,2,0.0092438950517079854,1
2009,2,0.011052075508602266,1
2010,2,0.012715862400512454,1
2011,2,0.013959559654739233,1
2012,2,0.014930858140526311,1
2013,2,0.015714374986608725,1
2014,2,0.016508799330234393,1
2015,2,0.016392691427955089,1
2016,2,0.016377436234912193,1
2017,2,0.016218129145870043,1
2018,2,0.015753530907386015,1
2019,2,0.015108104445729076,1
2020,2,0.014680567848274319,1
2021,2,0.013912991384182973,1
2022,2,0.013477715693007175,1
2023,2,0.013066859858319242,1
2024,2,0.012619654944398588,1
2025,2,0.012420143089710753,1
2026,2,0.012206696920762265,1
2027,2,0.011959544183388722,1
2028,2,0.012031979307206873,1
2029,2,0.012174395082446172,1
2030,2,0.012595639741867838,1
2031,2,0.012849380111722864,1
2032,2,0.013285664487945355,1
2033,2,0.01378095127480234,1
2034,2,0.014553188688093957,1
2035,2,0.015479962044803567,1
2036,2,0.016216516397778099,1
2037,2,0.017305560787919685,1
2038,2,0.018375168466761415,1
2039,2,0.01962077843142435,1
2040,2,0.021170798813203967,1
2041,2,0.02278316235581529,1
2042,2,0.0244185228978957,1
2043,2,0.026193934617971072,1
2044,2,0.027914391879074477,1
2045,2,0.029817522961620387,1
2046,2,0.031596697401058353,1
2047,2,0.033385138466609163,1
2048,2,0.034916613556241691,1
2049,2,0.036628368291559514,1
2050,2,0.03787674354050774,1
2051,2,0.039479830876902502,1
2052,2,0.040807373331606125,1
2053,2,0.041821775317853908,1
2054,2,0.042755551986779439,1
2055,2,0.043712562754893318,1
2056,2,0.044564892557878308,1
2057,2,0.045657187845961573,1
2058,2,0.046571086170212952,1
2059,2,0.04735319933971846,1
2060,2,0.048624115219087057,1
2061,2,0.049657746687865156,1
2062,2,0.05045962755541207,1
2063,2,0.051591045103345917,1
2064,2,0.052985254977771686,1
2065,2,0.054110889237371083,1
2066,2,0.055357712438328821,1
2067,2,0.056808513090893083,1
2068,2,0.057771621239710309,1
2069,2,0.059019111946064205,1
2070,2,0.059700809593594827,1
2071,2,0.060767812007362032,1
2072,2,0.061521282342724658,1
2073,2,0.062209633907263959,1
2074,2,0.062559403774985881,1
2075,2,0.062804272150256704,1
2076,2,0.062910775522804926,1
2077,2,0.062674067599545427,1
2078,2,0.062263305039025114,1
2079,2,0.061510107375549322,1
2080,2,0.060500111914633087,1
2081,2,0.059762133763847543,1
2082,2,0.058476751112730291,1
2083,2,0.057319563012781995,1
2084,2,0.056111899093983987,1
2085,2,0.054870900730853309,1
2086,2,0.053215282490635514,1
2087,2,0.051689596238786759,1
2088,2,0.050120024299325244,1
2089,2,0.048491007785427642,1
2090,2,0.046726902887084587,1
2091,2,0.045210713263521267,1
2092,2,0.043628611657366853,1
2093,2,0.042141216969347556,1
2094,2,0.040665592287065108,1
2095,2,0.039155130679667166,1
2096,2,0.037804565564228836,1
2097,2,0.036336644771421747,1
2098,2,0.034909444211962716,1
2099,2,0.03337815672773755,1
2100,2,0.031753493937824694,1
2101,2,0.030262847278978131,1
2102,2,0.028484633059324749,1
2103,2,0.026581635741742892,1
2104,2,0.02458581685494585,1
2105,2,0.022368968470734586,1
2106,2,0.020442543930943489,1
2107,2,0.01840643178545507,1
2108,2,0.016245591987602562,1
2109,2,0.014392771777388109,1
2110,2,0.012669702280536554,1
2111,2,0.010888769674901868,1
2112,2,0.0094334867520912205,1
2113,2,0.0081029402364924535,1
2114,2,0.0067158498685968623,1
2115,2,0.0055579236323548666,1
2116,2,0.0043374316844787203,1
2117,2,0.0033681965264085842,1
2118,2,0.0023145141287744721,1
2119,2,0.0013148489363308774,1
2120,2,0.00044541322183329379,1
2121,2,-0.00046148778501696111,1
2122,2,-0.0011100302547114328,1
2123,2,-0.0019803916653790892,1
2124,2,-0.0023639923033160781,1
2125,2,-0.0029188555619215828,1
2126,2,-0.0034774348778694418,1
2127,2,-0.0042640682558280152,1
2128,2,-0.0047980992490472092,1
2129,2,-0.0056695996040791044,1
2130,2,-0.0062976384240274672,1
2131,2,-0.0069863817121564838,1
2132,2,-0.0075253498169263883,1
2133,2,-0.0083720692583518809,1
2134,2,-0.0091100319552066388,1
2135,2,-0.0098613123850960945,1
2136,2,-0.01051711921420162,1
2137,2,-0.01104702277034619,1
2138,2,-0.011671156895798779,1
2139,2,-0.012128170192208217,1
2140,2,-0.012879303988367376,1
2141,2,-0.013022199658571872,1
2142,2,-0.0133490545861228,1
2143,2,-0.013363149347386439,1
2144,2,-0.01325767970806542,1
2145,2,-0.013352622317032924,1
2146,2,-0.013494348675286762,1
2147,2,-0.013193893812162313,1
2148,2,-0.013098136912633796,1
2149,2,-0.013098706600308581,1
2150,2,-0.013267693317297108,1
2151,2,-0.013231958907419052,1
2152,2,-0.013571798405804539,1
2153,2,-0.013595030049740312,1
2154,2,-0.014318009336587039,1
2155,2,-0.014593187743416279,1
2156,2,-0.015351719501415201,1
2157,2,-0.016154903749636268,1
2158,2,-0.016995907774365507,1
2159,2,-0.018087416876662824,1
2160,2,-0.018805120130997121,1
2161,2,-0.019532908791356069,1
2162,2,-0.020370094332645569,1
2163,2,-0.021338847665323905,1
2164,2,-0.022284343824204064,1
2165,2,-0.023124952371225856,1
2166,2,-0.023894747952762963,1
2167,2,-0.024791229631700117,1
2168,2,-0.025395375689732005,1
2169,2,-0.026335545177507538,1
2170,2,-0.027120985973725135,1
2171,2,-0.027803723660837942,1
2172,2,-0.028571987412150248,1
2173,2,-0.029068295817864159,1
2174,2,-0.02948439152008054,1
2175,2,-0.029885372065881922,1
2176,2,-0.029942840458481248,1
2177,2,-0.030177906890118945,1
2178,2,-0.029803270956932543,1
2179,2,-0.029722105084648853,1
2180,2,-0.029458948646670872,1
2181,2,-0.028723062643075722,1
2182,2,-0.02813809164932328,1
2183,2,-0.02760246328252388,1
2184,2,-0.026833824777093479,1
2185,2,-0.02616455544444635,1
2186,2,-0.025706982636561324,1
2187,2,-0.025167982506965041,1
2188,2,-0.024793465766392051,1
2189,2,-0.024856416681562802,1
2190,2,-0.024690744669905038,1
2191,2,-0.024726331172306732,1
2192,2,-0.024609842780662958,1
2193,2,-0.025003459200783111,1
2194,2,-0.025464211643261576,1
2195,2,-0.026201512947581648,1
2196,2,-0.026903085773815331,1
2197,2,-0.027414327716659533,1
2198,2,-0.028359526192401941,1
2199,2,-0.029273325007794695,1
2200,2,-0.029870018810999016,1
2201,2,-0.030577297241173008,1
2202,2,-0.031183727853114487,1
2203,2,-0.031814460149147801,1
2204,2,-0.03257857872389848,1
2205,2,-0.032959852612918568,1
2206,2,-0.033485037067440784,1
2207,2,-0.033666409341619997,1
2208,2,-0.033976962186004024,1
2209,2,-0.034061775168169953,1
2210,2,-0.034168729728730474,1
2211,2,-0.034070397372903849,1
2212,2,-0.033887980738564569,1
2213,2,-0.034010016499765101,1
2214,2,-0.034052258489889423,1
2215,2,-0.033971511848945889,1
2216,2,-0.034275914289539341,1
2217,2,-0.034325853713738752,1
2218,2,-0.034367425380070822,1
2219,2,-0.034475351237667456,1
2220,2,-0.034343232282821184,1
2221,2,-0.03474521204907275,1
2222,2,-0.035081882359503727,1
2223,2,-0.035179988783199015,1
2224,2,-0.035341802307446636,1
2225,2,-0.035650096761883798,1
2226,2,-0.035786293651764334,1
2227,2,-0.036291566236585256,1
2228,2,-0.036811292620684173,1
2229,2,-0.037407102659794841,1
2230,2,-0.038311608805813989,1
2231,2,-0.038841586875094772,1
2232,2,-0.039659957494222096,1
2233,2,-0.040434700015861753,1
2234,2,-0.040828049596779555,1
2235,2,-0.041509591284266914,1
2236,2,-0.041874424755839891,1
2237,2,-0.04237766159632303,1
2238,2,-0.042678351586525748,1
2239,2,-0.042523084207089362,1
2240,2,-0.042391399361430444,1
2241,2,-0.041808130761389284,1
2242,2,-0.041484026682058812,1
2243,2,-0.040892117093534235,1
2244,2,-0.040484853621409599,1
2245,2,-0.039663922070931369,1
2246,2,-0.038757595677421736,1
2247,2,-0.038277728583773971,1
2248,2,-0.037878434375827129,1
2249,2,-0.03746491339249694,1
2250,2,-0.037684473017099145,1
2251,2,-0.037933691332260752,1
2252,2,-0.038525340740555594,1
2253,2,-0.03897010716281573,1
2254,2,-0.039883979919255248,1
2255,2,-0.040557909394649046,1
2256,2,-0.041455372153682564,1
2257,2,-0.042380896255311926,1
2258,2,-0.043471446301160351,1
2259,2,-0.044179828653900736,1
2260,2,-0.044635069990819377,1
2261,2,-0.045172484720643093,1
2262,2,-0.045224310847145892,1
2263,2,-0.045507948868128215,1
2264,2,-0.045591365318057887,1
2265,2,-0.045265541673895571,1
2266,2,-0.044698761888598219,1
2267,2,-0.043741116705844935,1
2268,2,-0.042614178249181012,1
2269,2,-0.041254258857867356,1
2270,2,-0.040053450710001756,1
2271,2,-0.038811351679557467,1
2272,2,-0.037523103724605968,1
2273,2,-0.03650951629097373,1
2274,2,-0.035661556519348811,1
2275,2,-0.03516682503558597,1
2276,2,-0.035026373068831822,1
2277,2,-0.034873046338720563,1
2278,2,-0.035134544409909291,1
2279,2,-0.035687864895136506,1
2280,2,-0.036490225634813217,1
2281,2,-0.037040406547405508,1
2282,2,-0.037937142464085548,1
2283,2,-0.038635998900305113,1
2284,2,-0.03910293377662364,1
2285,2,-0.039552057898298819,1
2286,2,-0.03991780734943548,1
2287,2,-0.040095423722438614,1
2288,2,-0.040066465821933926,1
2289,2,-0.040446133927945875,1
2290,2,-0.040101781632443018,1
2291,2,-0.039807482375289423,1
2292,2,-0.03952722758501101,1
2293,2,-0.039091023572727833,1
2294,2,-0.038415295354774316,1
2295,2,-0.037850283434626618,1
2296,2,-0.037023274833266041,1
2297,2,-0.036478227770652745,1
2298,2,-0.035492769126434856,1
2299,2,-0.034393670796341327,1
2300,2,-0.033413123486811018,1
2301,2,-0.031912472905039478,1
2302,2,-0.030650466591413975,1
2303,2,-0.029338560415741864,1
2304,2,-0.02788620708130065,1
2305,2,-0.026322887158436292,1
2306,2,-0.024430886866644484,1
2307,2,-0.023278329445905223,1
2308,2,-0.021586836435843255,1
2309,2,-0.01971117487788485,1
2310,2,-0.018162494224060674,1
2311,2,-0.016409554191269,1
2312,2,-0.014776000996443142,1
2313,2,-0.013503510930952985,1
2314,2,-0.012320275721282222,1
2315,2,-0.011326447332326774,1
2316,2,-0.010349820971737251,1
2317,2,-0.01000311521364569,1
2318,2,-0.0093835126624672409,1
2319,2,-0.009392128694877256,1
2320,2,-0.0094049758878124671,1
2321,2,-0.0099105231842335634,1
2322,2,-0.0104587993935323,1
2323,2,-0.010954551827858264,1
2324,2,-0.011741350642735085,1
2325,2,-0.012495393915746075,1
2326,2,-0.01318735859061688,1
2327,2,-0.013661467376851821,1
2328,2,-0.014087031386944105,1
2329,2,-0.014447850007908141,1
2330,2,-0.0149835784415785,1
2331,2,-0.01525059411952631,1
2332,2,-0.01591238218825098,1
2333,2,-0.016423480853743733,1
2334,2,-0.016924895490800309,1
2335,2,-0.01730805501853936,1
2336,2,-0.017377004226475791,1
2337,2,-0.017288899395007065,1
2338,2,-0.017129865347636514,1
2339,2,-0.017223610091296686,1
2340,2,-0.017534415840857583,1
2341,2,-0.017627765119091247,1
2342,2,-0.017889831762549959,1
2343,2,-0.017781361892401357,1
2344,2,-0.017860808955165723,1
2345,2,-0.017918617295078272,1
2346,2,-0.018399572283353781,1
2347,2,-0.018771683795987107,1
2348,2,-0.01941138817356617,1
2349,2,-0.020004084910255786,1
2350,2,-0.020670318891052579,1
2351,2,-0.021606497246007744,1
2352,2,-0.022125679553814882,1
2353,2,-0.02287431181990951,1
2354,2,-0.024056901766603935,1
2355,2,-0.024678468049036839,1
2356,2,-0.024912158940399078,1
2357,2,-0.024716531936753279,1
2358,2,-0.024437627396845855,1
2359,2,-0.024066939033393058,1
2360,2,-0.023391488323630066,1
2361,2,-0.022793307082707312,1
2362,2,-0.0218356806538932,1
2363,2,-0.020406993393771028,1
2364,2,-0.019502460889588243,1
2365,2,-0.018818154860189919,1
2366,2,-0.018178028757824538,1
2367,2,-0.017243650440285408,1
2368,2,-0.016428194241788409,1
2369,2,-0.015872181458411485,1
2370,2,-0.015584255087795372,1
2371,2,-0.015802755050045733,1
2372,2,-0.015474764544848068,1
2373,2,-0.015541302428600084,1
2374,2,-0.015225010875869667,1
2375,2,-0.014906840966375241,1
2376,2,-0.014645564058372574,1
2377,2,-0.014578015032562567,1
2378,2,-0.014285762954347702,1
2379,2,-0.014620364380978744,1
2380,2,-0.014465334838521622,1
2381,2,-0.01410359323927286,1
2382,2,-0.014043594167677765,1
2383,2,-0.014199634968825764,1
2384,2,-0.014278849723401829,1
2385,2,-0.014823153944594346,1
2386,2,-0.015069076679175434,1
2387,2,-0.014881265686977677,1
2388,2,-0.014648581865110748,1
2389,2,-0.014897474659576755,1
2390,2,-0.014836463634355411,1
2391,2,-0.014660740050879266,1
2392,2,-0.014635854113526057,1
2393,2,-0.013983405599095835,1
2394,2,-0.012960765365274544,1
2395,2,-0.012529639041745068,1
2396,2,-0.011643852267308302,1
2397,2,-0.010798689299416655,1
2398,2,-0.0099015764385684147,1
2399,2,-0.0086836309687096762,1
2400,2,-0.0080440484096092977,1
2401,2,-0.0069913281736163537,1
2402,2,-0.0060509699756554139,1
2403,2,-0.0046158118421678962,1
2404,2,-0.0029156570069650079,1
2405,2,-0.0014995269495418891,1
2406,2,0.00065075254267039212,1
2407,2,0.0019728331503187637,1
2408,2,0.0034629783221869288,1
2409,2,0.0053269687018511853,1
2410,2,0.0067410353799988798,1
2411,2,0.0088821443229143583,1
2412,2,0.011099819179608734,1
2413,2,0.012780006594132419,1
2414,2,0.014918007960761532,1
2415,2,0.016101239669324453,1
2416,2,0.016433366727077296,1
2417,2,0.016975849349001853,1
2418,2,0.017268131341116891,1
2419,2,0.016784142525909714,1
2420,2,0.016519654361967236,1
2421,2,0.016416866239215035,1
2422,2,0.016024993635918239,1
2423,2,0.015548937481520798,1
2424,2,0.014707442893376516,1
2425,2,0.014622140171916733,1
2426,2,0.014050758849491559,1
2427,2,0.013528229214815906,1
2428,2,0.013138811138820369,1
2429,2,0.012054735865340066,1
2430,2,0.0114422799869089,1
2431,2,0.010773828987086164,1
2432,2,0.0094754197912372065,1
2433,2,0.0094120122568485728,1
2434,2,0.0084985692110410328,1
2435,2,0.0082673201510574026,1
2436,2,0.0084796009151068379,1
2437,2,0.00817786175595165,1
2438,2,0.0075948371408829278,1
2439,2,0.00698225421443892,1
2440,2,0.0065514284488369778,1
2441,2,0.0056180423022347756,1
2442,2,0.0048953636972851634,1
2443,2,0.0046607864505118866,1
2444,2,0.0040982533725468489,1
2445,2,0.0036728140021350213,1
2446,2,0.0028185922103789859,1
2447,2,0.0027261007257815993,1
2448,2,0.0029558031865483752,1
2449,2,0.002908770746899882,1
2450,2,0.00304897314710451,1
2451,2,0.0030609272847288431,1
2452,2,0.0022891326420608612,1
2453,2,0.0026304125507755024,1
2454,2,0.0026561004836188947,1
2455,2,0.0026457532262214489,1
2456,2,0.0026456382485859622,1
2457,2,0.002452648905256627,1
2458,2,0.0025208158181313444,1
2459,2,0.0028782479311881847,1
2460,2,0.0028316452189159807,1
2461,2,0.0019049126351882782,1
2462,2,0.0018538802037778297,1
2463,2,0.0020765942719250495,1
2464,2,0.0022929987306199175,1
2465,2,0.0035213864334652256,1
2466,2,0.0038728676462364943,1
2467,2,0.0035745638581627282,1
2468,2,0.0040615702414240375,1
2469,2,0.0046244200695463649,1
2470,2,0.0054163728940773747,1
2471,2,0.007281995553111458,1
2472,2,0.0082609532801315669,1
2473,2,0.0098737167581066914,1
2474,2,0.01054321875649908,1
2475,2,0.010718266347705291,1
2476,2,0.011429226816249947,1
2477,2,0.011569098948374075,1
2478,2,0.012206843915674049,1
2479,2,0.01383437160144132,1
2480,2,0.014816312775719235,1
2481,2,0.015716083308151964,1
2482,2,0.016282045616554702,1
2483,2,0.016269305337982546,1
2484,2,0.015824651678826126,1
2485,2,0.013772248546264732,1
2486,2,0.013289208297220193,1
2487,2,0.012289462325279454,1
2488,2,0.012337827489201628,1
2489,2,0.014019816091895097,1
2490,2,0.01418020875714739,1
2491,2,0.013870192460399727,1
2492,2,0.013599792288198806,1
2493,2,0.012579610625368894,1
2494,2,0.012512767832782445,1
2495,2,0.013049045400548425,1
2496,2,0.012658523764438986,1
2497,2,0.012638630468865068,1
2498,2,0.01396719038298181,1
2499,2,0.013371197865206456,1
2500,2,0.01271077842268321,1
