response,predictor,coefficient
Total Alkaloids,10001.0283203125,-35.085837119792409
Total Alkaloids,9997.17138687565,-14.215114527982033
Total Alkaloids,9993.31445343881,-4.0137948942697017
Total Alkaloids,9989.45752000196,-19.335594544396869
Total Alkaloids,9985.60058656511,-21.777189379689386
Total Alkaloids,9981.74365312826,-0.91817196147575419
Total Alkaloids,9977.88671969142,17.564316040334329
Total Alkaloids,9974.02978625457,3.3779620467510232
Total Alkaloids,9970.17285281772,-11.434452479673922
Total Alkaloids,9966.31591938088,-4.3791806096390893
Total Alkaloids,9962.45898594403,13.23301299717178
Total Alkaloids,9958.60205250718,15.499795049050096
Total Alkaloids,9954.74511907033,-3.8072414352388964
Total Alkaloids,9950.88818563349,-26.121002290545011
Total Alkaloids,9947.03125219664,-33.940087844656048
Total Alkaloids,9943.17431875979,-41.358396202566567
Total Alkaloids,9939.31738532294,-19.557007265699045
Total Alkaloids,9935.4604518861,-8.0840426034726587
Total Alkaloids,9931.60351844925,-29.415191515088029
Total Alkaloids,9927.7465850124,-16.550164876593279
Total Alkaloids,9923.88965157556,11.129901803668117
Total Alkaloids,9920.03271813871,9.0157301023060032
Total Alkaloids,9916.17578470186,-1.4323989970397952
Total Alkaloids,9912.31885126501,-5.1714340417563136
Total Alkaloids,9908.46191782817,-1.8774471338073884
Total Alkaloids,9904.60498439132,9.0890314576040776
Total Alkaloids,9900.74805095447,9.5090623142333861
Total Alkaloids,9896.89111751762,11.778356583597565
Total Alkaloids,9893.03418408078,6.3699990772527348
Total Alkaloids,9889.17725064393,-1.4108792714669265
Total Alkaloids,9885.32031720708,-1.025588150551896
Total Alkaloids,9881.46338377024,6.2909277100240413
Total Alkaloids,9877.60645033339,-5.1912835806986681
Total Alkaloids,9873.74951689654,3.4694023457559813
Total Alkaloids,9869.89258345969,18.284846026856616
Total Alkaloids,9866.03565002284,10.756222042845939
Total Alkaloids,9862.178716586,-2.9980086585674943
Total Alkaloids,9858.32178314915,-4.9532369404641523
Total Alkaloids,9854.4648497123,-2.3109338415237528
Total Alkaloids,9850.60791627546,1.0639194562754428
Total Alkaloids,9846.75098283861,0.54186629361773075
Total Alkaloids,9842.89404940176,-7.5888672693115726
Total Alkaloids,9839.03711596492,-7.7596302244585198
Total Alkaloids,9835.18018252807,1.4147264242296407
Total Alkaloids,9831.32324909122,6.4298577892932842
Total Alkaloids,9827.46631565437,14.8229289779825
Total Alkaloids,9823.60938221752,11.128127248934968
Total Alkaloids,9819.75244878068,2.6922502954251581
Total Alkaloids,9815.89551534383,10.865137619652092
Total Alkaloids,9812.03858190698,9.4757190751667881
Total Alkaloids,9808.18164847014,6.1026070444774323
Total Alkaloids,9804.32471503329,9.8050463789077362
Total Alkaloids,9800.46778159644,-8.9374508443224023
Total Alkaloids,9796.6108481596,0.90247923455431434
Total Alkaloids,9792.75391472275,18.476296576217631
Total Alkaloids,9788.8969812859,-12.323106875916197
Total Alkaloids,9785.04004784905,-29.520629030782548
Total Alkaloids,9781.1831144122,-9.4478351420983149
Total Alkaloids,9777.32618097536,-9.6200931275407413
Total Alkaloids,9773.46924753851,-0.86556869694122074
Total Alkaloids,9769.61231410166,18.433361239293934
Total Alkaloids,9765.75538066482,17.465389949912122
Total Alkaloids,9761.89844722797,-3.2163394212687497
Total Alkaloids,9758.04151379112,-10.966447374317621
Total Alkaloids,9754.18458035428,-2.0289655230409158
Total Alkaloids,9750.32764691743,-0.70288036413107025
Total Alkaloids,9746.47071348058,-15.32790643755126
Total Alkaloids,9742.61378004373,-13.567692708615848
Total Alkaloids,9738.75684660688,2.8333591158243197
Total Alkaloids,9734.89991317004,1.4288438267051971
Total Alkaloids,9731.04297973319,-19.341081664050719
Total Alkaloids,9727.18604629634,-9.5498025960671011
Total Alkaloids,9723.3291128595,4.6009349226561094
Total Alkaloids,9719.47217942265,-4.1004300098652378
Total Alkaloids,9715.6152459858,-12.564801369320982
Total Alkaloids,9711.75831254896,-10.859913006985604
Total Alkaloids,9707.90137911211,-6.434729224583605
Total Alkaloids,9704.04444567526,-4.8646277430763432
Total Alkaloids,9700.18751223841,4.4293483412036538
Total Alkaloids,9696.33057880156,7.7636862145801722
Total Alkaloids,9692.47364536472,1.0595615100926208
Total Alkaloids,9688.61671192787,-9.1039714888808483
Total Alkaloids,9684.75977849102,-14.899761033978358
Total Alkaloids,9680.90284505418,-7.2658915159677058
Total Alkaloids,9677.04591161733,-4.5981094099181066
Total Alkaloids,9673.18897818048,-1.8422743905373871
Total Alkaloids,9669.33204474363,18.472240609865473
Total Alkaloids,9665.47511130679,26.392077147162851
Total Alkaloids,9661.61817786994,12.384308072660099
Total Alkaloids,9657.76124443309,12.699130071558903
Total Alkaloids,9653.90431099624,8.7257944931817359
Total Alkaloids,9650.0473775594,-3.4784496084267786
Total Alkaloids,9646.19044412255,-5.3976182312229
Total Alkaloids,9642.3335106857,5.7210211299415503
Total Alkaloids,9638.47657724886,9.1719086259246669
Total Alkaloids,9634.61964381201,5.5736685945879536
Total Alkaloids,9630.76271037516,-2.2510895485527964
Total Alkaloids,9626.90577693831,-3.7857019680489841
Total Alkaloids,9623.04884350147,8.1700721664215923
Total Alkaloids,9619.19191006462,9.5424700713152131
Total Alkaloids,9615.33497662777,-9.5575560771971251
Total Alkaloids,9611.47804319092,-12.502203542710967
Total Alkaloids,9607.62110975408,-10.272584750720947
Total Alkaloids,9603.76417631723,3.0872240437755365
Total Alkaloids,9599.90724288038,10.207541058920226
Total Alkaloids,9596.05030944354,5.7807190230380776
Total Alkaloids,9592.19337600669,3.0025271104388556
Total Alkaloids,9588.33644256984,-9.4560420422486704
Total Alkaloids,9584.47950913299,-13.043280166984047
Total Alkaloids,9580.62257569615,8.6422042189403125
Total Alkaloids,9576.7656422593,6.3932652380639743
Total Alkaloids,9572.90870882245,-11.043706587894219
Total Alkaloids,9569.0517753856,4.3226634148014682
Total Alkaloids,9565.19484194876,18.604548850483365
Total Alkaloids,9561.33790851191,19.805797463505574
Total Alkaloids,9557.48097507506,17.432104581017771
Total Alkaloids,9553.62404163822,5.0280822101643814
Total Alkaloids,9549.76710820137,8.3305098100355224
Total Alkaloids,9545.91017476452,9.9965156948357574
Total Alkaloids,9542.05324132767,6.539951119120035
Total Alkaloids,9538.19630789083,2.405489087135495
Total Alkaloids,9534.33937445398,17.171361582565424
Total Alkaloids,9530.48244101713,25.102995595639676
Total Alkaloids,9526.62550758028,10.227291073586674
Total Alkaloids,9522.76857414344,7.2929711805655906
Total Alkaloids,9518.91164070659,25.229276691638471
Total Alkaloids,9515.05470726974,44.033066933027833
Total Alkaloids,9511.1977738329,37.667813446774417
Total Alkaloids,9507.34084039605,17.52685291537151
Total Alkaloids,9503.4839069592,12.587288832663543
Total Alkaloids,9499.62697352235,6.5460195324137809
Total Alkaloids,9495.77004008551,-6.4694005529719627
Total Alkaloids,9491.91310664866,-17.056259285636031
Total Alkaloids,9488.05617321181,-2.1599734489330475
Total Alkaloids,9484.19923977496,15.108206813194576
Total Alkaloids,9480.34230633812,15.658800967106192
Total Alkaloids,9476.48537290127,23.389154897577296
Total Alkaloids,9472.62843946442,20.637496004645257
Total Alkaloids,9468.77150602758,6.5586316752357714
Total Alkaloids,9464.91457259073,-4.346100145583863
Total Alkaloids,9461.05763915388,6.2353374136528137
Total Alkaloids,9457.20070571703,5.9786653893368209
Total Alkaloids,9453.34377228019,12.094511058907004
Total Alkaloids,9449.48683884334,17.80143784752439
Total Alkaloids,9445.62990540649,11.699647196032636
Total Alkaloids,9441.77297196964,2.1823905935861858
Total Alkaloids,9437.9160385328,-2.8348449367353998
Total Alkaloids,9434.05910509595,8.0695154509475859
Total Alkaloids,9430.2021716591,11.678059918277588
Total Alkaloids,9426.34523822226,13.646968131271715
Total Alkaloids,9422.48830478541,3.3651586101181059
Total Alkaloids,9418.63137134856,-11.563935888304893
Total Alkaloids,9414.77443791171,-4.5865420970034609
Total Alkaloids,9410.91750447487,4.2342757173533281
Total Alkaloids,9407.06057103802,11.446305594016678
Total Alkaloids,9403.20363760117,7.2130534947456448
Total Alkaloids,9399.34670416432,-2.2332942089343564
Total Alkaloids,9395.48977072748,3.2551601491801856
Total Alkaloids,9391.63283729063,10.866362127167895
Total Alkaloids,9387.77590385378,4.9079914159554781
Total Alkaloids,9383.91897041694,5.6546955627819218
Total Alkaloids,9380.06203698009,5.5652724292154341
Total Alkaloids,9376.20510354324,2.1545008057484298
Total Alkaloids,9372.34817010639,3.9528994042149606
Total Alkaloids,9368.49123666955,8.1455146315914888
Total Alkaloids,9364.6343032327,8.5762056058844518
Total Alkaloids,9360.77736979585,10.176580115315064
Total Alkaloids,9356.920436359,3.0410568061467136
Total Alkaloids,9353.06350292216,4.8058926606198069
Total Alkaloids,9349.20656948531,24.959099010808071
Total Alkaloids,9345.34963604846,11.543715653823716
Total Alkaloids,9341.49270261162,-1.5764324437836248
Total Alkaloids,9337.63576917477,-5.6960326319817955
Total Alkaloids,9333.77883573792,-7.4413223625262956
Total Alkaloids,9329.92190230107,4.6657745651499534
Total Alkaloids,9326.06496886423,22.505747253882095
Total Alkaloids,9322.20803542738,27.417874031272238
Total Alkaloids,9318.35110199053,9.0245934482628112
Total Alkaloids,9314.49416855368,-2.5176900063093002
Total Alkaloids,9310.63723511684,4.474303788023259
Total Alkaloids,9306.78030167999,-8.6879913150989339
Total Alkaloids,9302.92336824314,-8.3423839591779281
Total Alkaloids,9299.0664348063,3.2930990531967419
Total Alkaloids,9295.20950136945,15.156984785473682
Total Alkaloids,9291.3525679326,28.725446450436948
Total Alkaloids,9287.49563449575,21.106988236394848
Total Alkaloids,9283.63870105891,8.5015410000095546
Total Alkaloids,9279.78176762206,-4.8760820839141399
Total Alkaloids,9275.92483418521,-8.9302822815873721
Total Alkaloids,9272.06790074836,-18.219221946045195
Total Alkaloids,9268.21096731152,-23.546920976466499
Total Alkaloids,9264.35403387467,-16.653635150810413
Total Alkaloids,9260.49710043782,-10.266060995101478
Total Alkaloids,9256.64016700098,-7.6008993615469143
Total Alkaloids,9252.78323356413,-0.85771938358500444
Total Alkaloids,9248.92630012728,1.4581206958069013
Total Alkaloids,9245.06936669043,-6.4144263200104783
Total Alkaloids,9241.21243325358,-14.854196799755808
Total Alkaloids,9237.35549981674,-12.156577228627402
Total Alkaloids,9233.49856637989,-8.8883659723840278
Total Alkaloids,9229.64163294304,9.6223123964401225
Total Alkaloids,9225.7846995062,20.819227127733498
Total Alkaloids,9221.92776606935,6.9223748449630289
Total Alkaloids,9218.0708326325,-3.7970181626193575
Total Alkaloids,9214.21389919565,-11.585891134441455
Total Alkaloids,9210.35696575881,-10.279359525856933
Total Alkaloids,9206.50003232196,-12.92278006294247
Total Alkaloids,9202.64309888511,-13.468088139973801
Total Alkaloids,9198.78616544826,-12.591341919575008
Total Alkaloids,9194.92923201142,-25.91592262801052
Total Alkaloids,9191.07229857457,-22.269878530661586
Total Alkaloids,9187.21536513772,-13.159014857756812
Total Alkaloids,9183.35843170088,-10.704900057654671
Total Alkaloids,9179.50149826403,-9.7613627294082832
Total Alkaloids,9175.64456482718,-6.0873767323745467
Total Alkaloids,9171.78763139033,-7.954979343989157
Total Alkaloids,9167.93069795349,-10.785113004467721
Total Alkaloids,9164.07376451664,-9.8662994132008297
Total Alkaloids,9160.21683107979,-12.629315306195695
Total Alkaloids,9156.35989764294,-15.692774812035319
Total Alkaloids,9152.5029642061,-14.128382767163265
Total Alkaloids,9148.64603076925,-20.861826905493228
Total Alkaloids,9144.7890973324,-25.927549603863298
Total Alkaloids,9140.93216389556,-17.211318266879317
Total Alkaloids,9137.07523045871,-13.733164665510307
Total Alkaloids,9133.21829702186,-13.569105426062002
Total Alkaloids,9129.36136358501,-9.1136016807581033
Total Alkaloids,9125.50443014817,-7.589421478604149
Total Alkaloids,9121.64749671132,-10.182072552094986
Total Alkaloids,9117.79056327447,-16.926908891788631
Total Alkaloids,9113.93362983762,-12.190431440661287
Total Alkaloids,9110.07669640078,-15.194137661634203
Total Alkaloids,9106.21976296393,-13.338635664633319
Total Alkaloids,9102.36282952708,-16.989021739677082
Total Alkaloids,9098.50589609024,-14.069940425975172
Total Alkaloids,9094.64896265339,-12.597560678263806
Total Alkaloids,9090.79202921654,1.1600787709572722
Total Alkaloids,9086.93509577969,15.338384061256887
Total Alkaloids,9083.07816234285,12.068109919808681
Total Alkaloids,9079.221228906,-5.3822075251676216
Total Alkaloids,9075.36429546915,-23.080522909508321
Total Alkaloids,9071.5073620323,-18.392625142859082
Total Alkaloids,9067.65042859546,3.6914469190057817
Total Alkaloids,9063.79349515861,17.802109957597072
Total Alkaloids,9059.93656172176,9.2342744409872211
Total Alkaloids,9056.07962828492,-5.2233605436851951
Total Alkaloids,9052.22269484807,1.2000604266746442
Total Alkaloids,9048.36576141122,2.9936803090716286
Total Alkaloids,9044.50882797437,-8.3580016531239441
Total Alkaloids,9040.65189453753,-15.363257182029763
Total Alkaloids,9036.79496110068,-6.8555841404783724
Total Alkaloids,9032.93802766383,-1.3283721680308493
Total Alkaloids,9029.08109422698,-0.13423766885076011
Total Alkaloids,9025.22416079014,-12.859242308430828
Total Alkaloids,9021.36722735329,-17.942062023279082
Total Alkaloids,9017.51029391644,2.7108193780551675
Total Alkaloids,9013.6533604796,2.9417494992283197
Total Alkaloids,9009.79642704275,-4.087634161421283
Total Alkaloids,9005.9394936059,-1.6872005393624303
Total Alkaloids,9002.08256016905,-1.1513715083322904
Total Alkaloids,8998.22562673221,-1.9907497055075469
Total Alkaloids,8994.36869329536,-0.57415770736792038
Total Alkaloids,8990.51175985851,-4.8889852033717931
Total Alkaloids,8986.65482642166,-4.6212163793772794
Total Alkaloids,8982.79789298482,-5.4874014600121388
Total Alkaloids,8978.94095954797,-0.27481995095212136
Total Alkaloids,8975.08402611112,6.7668811441411734
Total Alkaloids,8971.22709267428,9.5564596328078597
Total Alkaloids,8967.37015923743,1.5292815577148351
Total Alkaloids,8963.51322580058,-5.0638787245551864
Total Alkaloids,8959.65629236373,-4.2829305819436296
Total Alkaloids,8955.79935892689,-1.8196062730742948
Total Alkaloids,8951.94242549004,-5.1349748298816813
Total Alkaloids,8948.08549205319,-1.8314082967173593
Total Alkaloids,8944.22855861634,-0.32370469338970037
Total Alkaloids,8940.3716251795,6.8815292154490315
Total Alkaloids,8936.51469174265,11.414789778194802
Total Alkaloids,8932.6577583058,-0.057148715284003164
Total Alkaloids,8928.80082486896,-11.024543994712147
Total Alkaloids,8924.94389143211,-6.1039728107762556
Total Alkaloids,8921.08695799526,4.4471871347744774
Total Alkaloids,8917.23002455841,2.5629246520828879
Total Alkaloids,8913.37309112157,12.818496396876585
Total Alkaloids,8909.51615768472,16.464881813583155
Total Alkaloids,8905.65922424787,2.6059105814563552
Total Alkaloids,8901.80229081102,3.7964312223228069
Total Alkaloids,8897.94535737418,10.540059790020003
Total Alkaloids,8894.08842393733,7.1913827546675195
Total Alkaloids,8890.23149050048,4.5680788404721575
Total Alkaloids,8886.37455706364,7.1109495588316545
Total Alkaloids,8882.51762362679,9.4175718405610862
Total Alkaloids,8878.66069018994,13.403516607622333
Total Alkaloids,8874.80375675309,23.674848018358198
Total Alkaloids,8870.94682331625,21.637650883318507
Total Alkaloids,8867.0898898794,19.32675985238453
Total Alkaloids,8863.23295644255,13.764687425452687
Total Alkaloids,8859.3760230057,-3.1405640948542755
Total Alkaloids,8855.51908956886,-6.3716111038408592
Total Alkaloids,8851.66215613201,-1.4061856305334022
Total Alkaloids,8847.80522269516,7.5680995043615553
Total Alkaloids,8843.94828925832,2.0366344152978821
Total Alkaloids,8840.09135582147,-9.128908282397818
Total Alkaloids,8836.23442238462,-6.9413034283868873
Total Alkaloids,8832.37748894777,-0.79663059840538875
Total Alkaloids,8828.52055551093,0.98485776631353006
Total Alkaloids,8824.66362207408,-4.6859196548293482
Total Alkaloids,8820.80668863723,-10.736204039677689
Total Alkaloids,8816.94975520038,-9.6974032908121117
Total Alkaloids,8813.09282176354,7.7273375802781725
Total Alkaloids,8809.23588832669,12.264775148264832
Total Alkaloids,8805.37895488984,0.89802734380978011
Total Alkaloids,8801.522021453,-15.5543298863535
Total Alkaloids,8797.66508801615,-13.379733799762095
Total Alkaloids,8793.8081545793,-4.2032783629987298
Total Alkaloids,8789.95122114245,-6.999576028006695
Total Alkaloids,8786.09428770561,-3.4246381934367021
Total Alkaloids,8782.23735426876,7.4160198402277233
Total Alkaloids,8778.38042083191,13.614526691634637
Total Alkaloids,8774.52348739506,15.632591580697547
Total Alkaloids,8770.66655395822,6.2018819734565955
Total Alkaloids,8766.80962052137,-0.36707349059761468
Total Alkaloids,8762.95268708452,-13.503080473381848
Total Alkaloids,8759.09575364767,-7.0969092171474033
Total Alkaloids,8755.23882021083,7.8661241107799595
Total Alkaloids,8751.38188677398,9.1574080914485716
Total Alkaloids,8747.52495333713,-1.1738829759203631
Total Alkaloids,8743.66801990029,-9.1231939794959107
Total Alkaloids,8739.81108646344,-9.3865256962682722
Total Alkaloids,8735.95415302659,-2.718841228975684
Total Alkaloids,8732.09721958974,-2.1634861092144306
Total Alkaloids,8728.2402861529,-2.1566671988149646
Total Alkaloids,8724.38335271605,2.2052822575121103
Total Alkaloids,8720.5264192792,11.344226459760314
Total Alkaloids,8716.66948584235,4.407590213151134
Total Alkaloids,8712.81255240551,-2.7490512558727715
Total Alkaloids,8708.95561896866,0.16622620302663724
Total Alkaloids,8705.09868553181,-4.0331404172008662
Total Alkaloids,8701.24175209497,-22.526380542203665
Total Alkaloids,8697.38481865812,-18.17580191310968
Total Alkaloids,8693.52788522127,1.959783587613618
Total Alkaloids,8689.67095178442,11.55833764781803
Total Alkaloids,8685.81401834758,9.1308210076472882
Total Alkaloids,8681.95708491073,15.625800677914315
Total Alkaloids,8678.10015147388,22.127520554764519
Total Alkaloids,8674.24321803703,5.1482425028511756
Total Alkaloids,8670.38628460019,-13.913429088525282
Total Alkaloids,8666.52935116334,-17.022210174282169
Total Alkaloids,8662.67241772649,9.2348735986710615
Total Alkaloids,8658.81548428965,17.802615638873064
Total Alkaloids,8654.9585508528,1.6260581500250622
Total Alkaloids,8651.10161741595,-2.579032093993622
Total Alkaloids,8647.2446839791,-1.4309944777895902
Total Alkaloids,8643.38775054226,9.7391556372326331
Total Alkaloids,8639.53081710541,21.177731215241714
Total Alkaloids,8635.67388366856,23.537893029768576
Total Alkaloids,8631.81695023171,9.4771610140912657
Total Alkaloids,8627.96001679487,9.6049868273859111
Total Alkaloids,8624.10308335802,4.8794398025646686
Total Alkaloids,8620.24614992117,-1.1591504497749614
Total Alkaloids,8616.38921648433,8.6362466053743532
Total Alkaloids,8612.53228304748,7.0517808630099754
Total Alkaloids,8608.67534961063,-1.6606301713572744
Total Alkaloids,8604.81841617378,-7.92529093825312
Total Alkaloids,8600.96148273694,-6.2516932792127937
Total Alkaloids,8597.10454930009,-5.9392805560362349
Total Alkaloids,8593.24761586324,-15.041133590471169
Total Alkaloids,8589.39068242639,-18.223455637822418
Total Alkaloids,8585.53374898955,-3.8377508641041498
Total Alkaloids,8581.6768155527,0.88292235882758741
Total Alkaloids,8577.81988211585,-12.135957144524236
Total Alkaloids,8573.96294867901,-20.817933881325171
Total Alkaloids,8570.10601524216,-7.6424213335464941
Total Alkaloids,8566.24908180531,0.65086103113339167
Total Alkaloids,8562.39214836846,-12.114066999382649
Total Alkaloids,8558.53521493162,-12.05368853745404
Total Alkaloids,8554.67828149477,-6.3101069989717917
Total Alkaloids,8550.82134805792,-2.3724597047945073
Total Alkaloids,8546.96441462107,1.9757090242951136
Total Alkaloids,8543.10748118423,-7.1023471633286404
Total Alkaloids,8539.25054774738,-9.6998213471425903
Total Alkaloids,8535.39361431053,-5.0703295559230517
Total Alkaloids,8531.53668087368,-14.219330070087652
Total Alkaloids,8527.67974743684,-11.415728537902353
Total Alkaloids,8523.82281399999,-0.47738472430171663
Total Alkaloids,8519.96588056314,7.5509488658102226
Total Alkaloids,8516.1089471263,-6.1524806821838762
Total Alkaloids,8512.25201368945,-1.408617795015682
Total Alkaloids,8508.3950802526,5.5236884168887492
Total Alkaloids,8504.53814681575,-8.2491507026294197
Total Alkaloids,8500.68121337891,-8.2507259365411834
Total Alkaloids,8496.82427994206,-5.8680153674894795
Total Alkaloids,8492.96734650521,-12.077237154776656
Total Alkaloids,8489.11041306836,-5.6060688210621956
Total Alkaloids,8485.25347963152,-0.28081908808598227
Total Alkaloids,8481.39654619467,1.0437346489998822
Total Alkaloids,8477.53961275782,-3.9089754610404457
Total Alkaloids,8473.68267932098,-1.2839506350070322
Total Alkaloids,8469.82574588413,1.8033894286271195
Total Alkaloids,8465.96881244728,0.88934231357778826
Total Alkaloids,8462.11187901043,0.3045532112979516
Total Alkaloids,8458.25494557359,-9.8149316207272772
Total Alkaloids,8454.39801213674,-6.487428495093404
Total Alkaloids,8450.54107869989,-6.4729349139474639
Total Alkaloids,8446.68414526304,-1.2354519451066357
Total Alkaloids,8442.8272118262,11.374851706057809
Total Alkaloids,8438.97027838935,4.6531962800295865
Total Alkaloids,8435.1133449525,-9.1991209415059139
Total Alkaloids,8431.25641151566,-0.06574168542339684
Total Alkaloids,8427.39947807881,2.1072244563078293
Total Alkaloids,8423.54254464196,1.9098689207609576
Total Alkaloids,8419.68561120511,11.802951261026307
Total Alkaloids,8415.82867776827,29.820865663501728
Total Alkaloids,8411.97174433142,10.627433890606586
Total Alkaloids,8408.11481089457,-11.841441087800707
Total Alkaloids,8404.25787745772,-21.638688216716808
Total Alkaloids,8400.40094402088,-14.840867955852783
Total Alkaloids,8396.54401058403,0.24422599533338227
Total Alkaloids,8392.68707714718,12.154871554363574
Total Alkaloids,8388.83014371034,-3.8405600106451563
Total Alkaloids,8384.97321027349,-9.9492547408688043
Total Alkaloids,8381.11627683664,-5.7058073715408968
Total Alkaloids,8377.25934339979,-7.3357837790490921
Total Alkaloids,8373.40240996295,-4.3825084993683046
Total Alkaloids,8369.5454765261,6.3853611288293051
Total Alkaloids,8365.68854308925,1.6092666139393359
Total Alkaloids,8361.8316096524,4.6982078811468213
Total Alkaloids,8357.97467621556,17.969498788917683
Total Alkaloids,8354.11774277871,12.87222209720149
Total Alkaloids,8350.26080934186,-0.58614047816068571
Total Alkaloids,8346.40387590502,-1.1764605035795122
Total Alkaloids,8342.54694246817,1.8055626062527892
Total Alkaloids,8338.69000903132,17.025331632954646
Total Alkaloids,8334.83307559447,28.173986831089838
Total Alkaloids,8330.97614215763,10.103823836262789
Total Alkaloids,8327.11920872078,2.7470789531377555
Total Alkaloids,8323.26227528393,20.493268539611481
Total Alkaloids,8319.40534184708,16.007665013885013
Total Alkaloids,8315.54840841024,5.6958380720956772
Total Alkaloids,8311.69147497339,-5.0258611690193451
Total Alkaloids,8307.83454153654,-11.287688988859445
Total Alkaloids,8303.97760809969,-8.638195390659023
Total Alkaloids,8300.12067466285,-9.5974340855475369
Total Alkaloids,8296.263741226,8.1369569592570237
Total Alkaloids,8292.40680778915,13.437258339382515
Total Alkaloids,8288.54987435231,10.455393480688228
Total Alkaloids,8284.69294091546,5.6446029163968197
Total Alkaloids,8280.83600747861,4.6389587427439087
Total Alkaloids,8276.97907404176,-5.3659859259498388
Total Alkaloids,8273.12214060492,-13.802137835767173
Total Alkaloids,8269.26520716807,-16.756446252416751
Total Alkaloids,8265.40827373122,-17.211380511538319
Total Alkaloids,8261.55134029437,-5.2146759138938892
Total Alkaloids,8257.69440685753,8.0292305676229034
Total Alkaloids,8253.83747342068,3.3299067291083735
Total Alkaloids,8249.98053998383,-0.19686915959515242
Total Alkaloids,8246.12360654699,9.7549486737125743
Total Alkaloids,8242.26667311014,13.751601862155999
Total Alkaloids,8238.40973967329,11.564469792250563
Total Alkaloids,8234.55280623644,19.194759044864789
Total Alkaloids,8230.6958727996,19.611930309652102
Total Alkaloids,8226.83893936275,1.8895074790935074
Total Alkaloids,8222.9820059259,2.2521689840629526
Total Alkaloids,8219.12507248905,4.8606984023266193
Total Alkaloids,8215.26813905221,8.1214547132401336
Total Alkaloids,8211.41120561536,16.293326664230484
Total Alkaloids,8207.55427217851,9.4276640075432017
Total Alkaloids,8203.69733874167,1.2645466132094327
Total Alkaloids,8199.84040530482,7.7854730420941944
Total Alkaloids,8195.98347186797,16.559253621545277
Total Alkaloids,8192.12653843112,10.781488811438903
Total Alkaloids,8188.26960499428,-14.522040826615211
Total Alkaloids,8184.41267155743,-13.75352354995592
Total Alkaloids,8180.55573812058,-0.38588243899941793
Total Alkaloids,8176.69880468373,3.2865650898018384
Total Alkaloids,8172.84187124689,2.7443217591776352
Total Alkaloids,8168.98493781004,-1.4358325981563456
Total Alkaloids,8165.12800437319,-4.1862329062732559
Total Alkaloids,8161.27107093635,1.6638870624275155
Total Alkaloids,8157.4141374995,2.7134337432533164
Total Alkaloids,8153.55720406265,8.2567786195352095
Total Alkaloids,8149.7002706258,20.010712175583492
Total Alkaloids,8145.84333718896,11.425381807264559
Total Alkaloids,8141.98640375211,1.4711151640185636
Total Alkaloids,8138.12947031526,0.34453866682967416
Total Alkaloids,8134.27253687841,9.0594968463093331
Total Alkaloids,8130.41560344157,15.099864489793339
Total Alkaloids,8126.55867000472,13.676521908546693
Total Alkaloids,8122.70173656787,8.7295542699275117
Total Alkaloids,8118.84480313103,4.497044608304182
Total Alkaloids,8114.98786969418,8.8252913710760357
Total Alkaloids,8111.13093625733,10.663735460746082
Total Alkaloids,8107.27400282048,5.7178517819585677
Total Alkaloids,8103.41706938364,2.1606722091027155
Total Alkaloids,8099.56013594679,5.0212171978536251
Total Alkaloids,8095.70320250994,16.231379702715707
Total Alkaloids,8091.84626907309,12.346352261662432
Total Alkaloids,8087.98933563625,-0.093432546499729083
Total Alkaloids,8084.1324021994,3.7363829289749058
Total Alkaloids,8080.27546876255,6.6899187987941682
Total Alkaloids,8076.41853532571,-1.4617488502586913
Total Alkaloids,8072.56160188886,1.7151877728506699
Total Alkaloids,8068.70466845201,6.8116211494267436
Total Alkaloids,8064.84773501516,-8.8026385382558949
Total Alkaloids,8060.99080157832,-18.975086959479334
Total Alkaloids,8057.13386814147,-11.558016113613682
Total Alkaloids,8053.27693470462,-12.887073358402727
Total Alkaloids,8049.42000126777,-3.4819763390207834
Total Alkaloids,8045.56306783093,3.6821522639368696
Total Alkaloids,8041.70613439408,-13.211793333018731
Total Alkaloids,8037.84920095723,-25.929686066433465
Total Alkaloids,8033.99226752039,-18.380358498265522
Total Alkaloids,8030.13533408354,-8.401878102825858
Total Alkaloids,8026.27840064669,-8.1276987958592066
Total Alkaloids,8022.42146720984,-10.051980123515046
Total Alkaloids,8018.564533773,-12.556529004071946
Total Alkaloids,8014.70760033615,-3.764356772263628
Total Alkaloids,8010.8506668993,7.2719055755764703
Total Alkaloids,8006.99373346245,2.3559270626169289
Total Alkaloids,8003.13680002561,-5.9602788936228892
Total Alkaloids,7999.27986658876,-4.274997177427184
Total Alkaloids,7995.42293315191,-5.2351951493682343
Total Alkaloids,7991.56599971507,0.80381551777993754
Total Alkaloids,7987.70906627822,-0.2430831505591674
Total Alkaloids,7983.85213284137,-1.9560814274685652
Total Alkaloids,7979.99519940452,-2.7829437665692542
Total Alkaloids,7976.13826596768,-0.89372365816413624
Total Alkaloids,7972.28133253083,-6.6618925724149936
Total Alkaloids,7968.42439909398,-2.184489249441425
Total Alkaloids,7964.56746565713,7.8437875122695653
Total Alkaloids,7960.71053222029,8.2300208215644428
Total Alkaloids,7956.85359878344,2.3922643267884824
Total Alkaloids,7952.99666534659,-7.8953207671378598
Total Alkaloids,7949.13973190975,-12.776850380376114
Total Alkaloids,7945.2827984729,-5.982372432170588
Total Alkaloids,7941.42586503605,-4.3441444114451615
Total Alkaloids,7937.5689315992,1.1496316976993159
Total Alkaloids,7933.71199816236,10.775990397552146
Total Alkaloids,7929.85506472551,3.1541749936119765
Total Alkaloids,7925.99813128866,-6.953118387954345
Total Alkaloids,7922.14119785181,-3.2488830634918724
Total Alkaloids,7918.28426441497,-6.7334954768659658
Total Alkaloids,7914.42733097812,-11.31858263742896
Total Alkaloids,7910.57039754127,-4.7275349429877345
Total Alkaloids,7906.71346410443,-1.9221846139371166
Total Alkaloids,7902.85653066758,4.9417247203963655
Total Alkaloids,7898.99959723073,3.3139663899014562
Total Alkaloids,7895.14266379388,-7.4661364166720263
Total Alkaloids,7891.28573035704,-6.9518294064396029
Total Alkaloids,7887.42879692019,-0.89906380249576068
Total Alkaloids,7883.57186348334,-0.7454505560293484
Total Alkaloids,7879.71493004649,-7.9493758249948829
Total Alkaloids,7875.85799660965,-7.2844410220625262
Total Alkaloids,7872.0010631728,-6.3493345549100377
Total Alkaloids,7868.14412973595,-2.2652086654583932
Total Alkaloids,7864.28719629911,-5.2955133255152047
Total Alkaloids,7860.43026286226,-8.5812391036840392
Total Alkaloids,7856.57332942541,-1.6024257944505735
Total Alkaloids,7852.71639598856,-1.5317325848144159
Total Alkaloids,7848.85946255172,-1.3811009999041002
Total Alkaloids,7845.00252911487,8.46455509013329
Total Alkaloids,7841.14559567802,10.401349491174674
Total Alkaloids,7837.28866224117,5.007756708274548
Total Alkaloids,7833.43172880433,3.1404963853194228
Total Alkaloids,7829.57479536748,-5.0371732911760558
Total Alkaloids,7825.71786193063,-8.8186529446792932
Total Alkaloids,7821.86092849379,-11.76972749538173
Total Alkaloids,7818.00399505694,-16.874711017074834
Total Alkaloids,7814.14706162009,-14.061806205465023
Total Alkaloids,7810.29012818324,1.294604259425157
Total Alkaloids,7806.4331947464,0.36129629800817442
Total Alkaloids,7802.57626130955,-8.7843871655571295
Total Alkaloids,7798.7193278727,-8.4066571204702747
Total Alkaloids,7794.86239443585,-0.95004953488994348
Total Alkaloids,7791.00546099901,5.6627454897517557
Total Alkaloids,7787.14852756216,-4.9209010650852987
Total Alkaloids,7783.29159412531,-9.6743873225274157
Total Alkaloids,7779.43466068847,-6.6922144183747934
Total Alkaloids,7775.57772725162,-7.4873978661919613
Total Alkaloids,7771.72079381477,-3.9458742074191209
Total Alkaloids,7767.86386037792,-6.2792917654907132
Total Alkaloids,7764.00692694107,-9.1434194996224392
Total Alkaloids,7760.14999350423,-3.0318399348050695
Total Alkaloids,7756.29306006738,-3.7855331065222666
Total Alkaloids,7752.43612663053,-7.079008763290954
Total Alkaloids,7748.57919319369,-8.8668388373854743
Total Alkaloids,7744.72225975684,-1.7245688960304832
Total Alkaloids,7740.86532631999,-1.1883103704695275
Total Alkaloids,7737.00839288315,5.0395681883290244
Total Alkaloids,7733.1514594463,4.544207755890076
Total Alkaloids,7729.29452600945,-2.2708294573794556
Total Alkaloids,7725.4375925726,-4.5612570407656579
Total Alkaloids,7721.58065913575,-7.3910092745333227
Total Alkaloids,7717.72372569891,-1.3033831797179312
Total Alkaloids,7713.86679226206,2.5235319304688755
Total Alkaloids,7710.00985882521,7.4913208084252298
Total Alkaloids,7706.15292538837,6.3853200979661215
Total Alkaloids,7702.29599195152,-4.0050334260182954
Total Alkaloids,7698.43905851467,-6.4631486884152682
Total Alkaloids,7694.58212507782,-4.4507852034412654
Total Alkaloids,7690.72519164098,2.8595283463552659
Total Alkaloids,7686.86825820413,-0.48254265602318164
Total Alkaloids,7683.01132476728,-8.0371935954417992
Total Alkaloids,7679.15439133043,-10.130064621076951
Total Alkaloids,7675.29745789359,0.85366905494805545
Total Alkaloids,7671.44052445674,1.3840474018351159
Total Alkaloids,7667.58359101989,-0.83816983276098689
Total Alkaloids,7663.72665758305,5.0483241483657553
Total Alkaloids,7659.8697241462,1.7187873932347795
Total Alkaloids,7656.01279070935,3.5811689427459412
Total Alkaloids,7652.1558572725,9.653598023689586
Total Alkaloids,7648.29892383566,11.357181991438196
Total Alkaloids,7644.44199039881,14.786986201294447
Total Alkaloids,7640.58505696196,5.9891192329300749
Total Alkaloids,7636.72812352511,-9.7187028842176293
Total Alkaloids,7632.87119008827,-8.2845830323318594
Total Alkaloids,7629.01425665142,-1.1324856024376964
Total Alkaloids,7625.15732321457,3.1660397886775726
Total Alkaloids,7621.30038977773,-0.68606613157927077
Total Alkaloids,7617.44345634088,1.2958038545950048
Total Alkaloids,7613.58652290403,7.684137300483763
Total Alkaloids,7609.72958946718,6.1418476892050178
Total Alkaloids,7605.87265603034,4.1337078721224767
Total Alkaloids,7602.01572259349,1.3540868918238782
Total Alkaloids,7598.15878915664,-9.6241754911063531
Total Alkaloids,7594.30185571979,-12.439147403450168
Total Alkaloids,7590.44492228295,-7.7647130531352868
Total Alkaloids,7586.5879888461,1.6879603835758668
Total Alkaloids,7582.73105540925,2.5553361975447504
Total Alkaloids,7578.87412197241,-0.30323606724114088
Total Alkaloids,7575.01718853556,-4.3109295948635955
Total Alkaloids,7571.16025509871,-10.531593262772553
Total Alkaloids,7567.30332166186,-3.1157287581704471
Total Alkaloids,7563.44638822502,0.18597944066991354
Total Alkaloids,7559.58945478817,0.87104467280205189
Total Alkaloids,7555.73252135132,2.4649041688634727
Total Alkaloids,7551.87558791447,0.95332569297425662
Total Alkaloids,7548.01865447763,-3.7691771987801559
Total Alkaloids,7544.16172104078,-3.3240640054566883
Total Alkaloids,7540.30478760393,1.2095492510811503
Total Alkaloids,7536.44785416709,1.0661530594398014
Total Alkaloids,7532.59092073024,-1.0357622816586116
Total Alkaloids,7528.73398729339,-1.5388241400434053
Total Alkaloids,7524.87705385654,4.7948291026886318
Total Alkaloids,7521.0201204197,8.5791292224927549
Total Alkaloids,7517.16318698285,10.603192819655581
Total Alkaloids,7513.306253546,8.4951089789955194
Total Alkaloids,7509.44932010915,2.0956115694760999
Total Alkaloids,7505.59238667231,1.7082738691723962
Total Alkaloids,7501.73545323546,1.0757078629350703
Total Alkaloids,7497.87851979861,1.3406036827418935
Total Alkaloids,7494.02158636177,3.8414090644880936
Total Alkaloids,7490.16465292492,11.457930506253128
Total Alkaloids,7486.30771948807,17.4346625762469
Total Alkaloids,7482.45078605122,13.194365982067199
Total Alkaloids,7478.59385261438,11.2333283068131
Total Alkaloids,7474.73691917753,5.3411901709116885
Total Alkaloids,7470.87998574068,0.2076891491719165
Total Alkaloids,7467.02305230383,-4.3598994665202682
Total Alkaloids,7463.16611886699,-10.59172584069672
Total Alkaloids,7459.30918543014,-4.8488714829532311
Total Alkaloids,7455.45225199329,3.5360450146591709
Total Alkaloids,7451.59531855645,-0.31220407427286823
Total Alkaloids,7447.7383851196,-1.6302662059579422
Total Alkaloids,7443.88145168275,6.6099371559011511
Total Alkaloids,7440.0245182459,10.255077626498489
Total Alkaloids,7436.16758480906,5.9400739840429626
Total Alkaloids,7432.31065137221,3.5662854394878654
Total Alkaloids,7428.45371793536,-1.9421756951410762
Total Alkaloids,7424.59678449851,9.8274181758531132
Total Alkaloids,7420.73985106167,17.581016868373688
Total Alkaloids,7416.88291762482,9.4784048865605062
Total Alkaloids,7413.02598418797,-3.7128532566191037
Total Alkaloids,7409.16905075113,3.0318946953186523
Total Alkaloids,7405.31211731428,24.238777002107362
Total Alkaloids,7401.45518387743,29.345646250982192
Total Alkaloids,7397.59825044058,24.764308417420523
Total Alkaloids,7393.74131700374,17.341015529357765
Total Alkaloids,7389.88438356689,-3.1694658802489588
Total Alkaloids,7386.02745013004,-9.757054537494783
Total Alkaloids,7382.17051669319,-0.05261242864333314
Total Alkaloids,7378.31358325635,5.5601292028875857
Total Alkaloids,7374.4566498195,-3.0902344636803489
Total Alkaloids,7370.59971638265,12.19309957739403
Total Alkaloids,7366.74278294581,15.779442805249163
Total Alkaloids,7362.88584950896,3.5123959915266463
Total Alkaloids,7359.02891607211,6.598925044441101
Total Alkaloids,7355.17198263526,11.41591653384045
Total Alkaloids,7351.31504919842,2.2810517708000706
Total Alkaloids,7347.45811576157,4.2534266956788445
Total Alkaloids,7343.60118232472,11.633166684918274
Total Alkaloids,7339.74424888787,8.4270726553368362
Total Alkaloids,7335.88731545103,-2.1269781804283028
Total Alkaloids,7332.03038201418,5.1078648936616595
Total Alkaloids,7328.17344857733,8.4833395752091789
Total Alkaloids,7324.31651514049,-10.066306727160287
Total Alkaloids,7320.45958170364,-12.582643790786328
Total Alkaloids,7316.60264826679,-8.0876008146316387
Total Alkaloids,7312.74571482994,1.0292764254954512
Total Alkaloids,7308.8887813931,-10.331337183194009
Total Alkaloids,7305.03184795625,-12.825306876449394
Total Alkaloids,7301.1749145194,-8.2852313077455761
Total Alkaloids,7297.31798108255,-14.534993680286908
Total Alkaloids,7293.46104764571,-14.823419858582845
Total Alkaloids,7289.60411420886,-11.816677754222574
Total Alkaloids,7285.74718077201,-8.1282107375432773
Total Alkaloids,7281.89024733516,-8.5221573395744805
Total Alkaloids,7278.03331389832,-17.781504996960955
Total Alkaloids,7274.17638046147,-17.495912435197209
Total Alkaloids,7270.31944702462,-10.581311809807142
Total Alkaloids,7266.46251358778,-11.441860637096259
Total Alkaloids,7262.60558015093,2.2462114900349737
Total Alkaloids,7258.74864671408,16.641146058600789
Total Alkaloids,7254.89171327723,5.819928660079646
Total Alkaloids,7251.03477984039,-24.487650611818207
Total Alkaloids,7247.17784640354,-12.584918061766524
Total Alkaloids,7243.32091296669,9.0884717910360386
Total Alkaloids,7239.46397952984,-7.2385032792798096
Total Alkaloids,7235.607046093,19.818342412901341
Total Alkaloids,7231.75011265615,21.234441036197556
Total Alkaloids,7227.8931792193,-4.7553484536800559
Total Alkaloids,7224.03624578246,-2.7820223662972037
Total Alkaloids,7220.17931234561,31.475457416213295
Total Alkaloids,7216.32237890876,37.522382713839143
Total Alkaloids,7212.46544547191,1.1159128670548857
Total Alkaloids,7208.60851203507,-6.9014692662594621
Total Alkaloids,7204.75157859822,-8.8293023700483673
Total Alkaloids,7200.89464516137,-14.093379743031429
Total Alkaloids,7197.03771172452,7.07604787963513
Total Alkaloids,7193.18077828768,10.724058575664554
Total Alkaloids,7189.32384485083,15.379631761727229
Total Alkaloids,7185.46691141398,16.053668039814017
Total Alkaloids,7181.60997797714,0.99686508149591058
Total Alkaloids,7177.75304454029,-13.302112898520022
Total Alkaloids,7173.89611110344,-6.1917550900346559
Total Alkaloids,7170.03917766659,-8.7320661911231632
Total Alkaloids,7166.18224422975,-0.44625599235652924
Total Alkaloids,7162.3253107929,15.092281429415788
Total Alkaloids,7158.46837735605,14.017036534309032
Total Alkaloids,7154.6114439192,-7.5074553119171616
Total Alkaloids,7150.75451048236,-15.504093932731182
Total Alkaloids,7146.89757704551,0.016283559206033145
Total Alkaloids,7143.04064360866,-0.95247534786922261
Total Alkaloids,7139.18371017182,-13.800444963269712
Total Alkaloids,7135.32677673497,-0.84207096940951109
Total Alkaloids,7131.46984329812,0.63408757594168674
Total Alkaloids,7127.61290986127,-10.009980349915161
Total Alkaloids,7123.75597642443,4.5819956930618515
Total Alkaloids,7119.89904298758,5.9238688826113757
Total Alkaloids,7116.04210955073,-30.767395382121435
Total Alkaloids,7112.18517611388,-20.760245866583187
Total Alkaloids,7108.32824267704,-1.623015252563907
Total Alkaloids,7104.47130924019,-9.5231597215709218
Total Alkaloids,7100.61437580334,-7.4376837672895304
Total Alkaloids,7096.7574423665,-2.5016104501419187
Total Alkaloids,7092.90050892965,-12.092923335992975
Total Alkaloids,7089.0435754928,-17.650158561682428
Total Alkaloids,7085.18664205595,-17.828182785616061
Total Alkaloids,7081.32970861911,-8.591497983888484
Total Alkaloids,7077.47277518226,-3.6473828836641871
Total Alkaloids,7073.61584174541,-1.0167208884527177
Total Alkaloids,7069.75890830856,2.1306634643906461
Total Alkaloids,7065.90197487172,-5.1443321542687128
Total Alkaloids,7062.04504143487,-6.4213310645916533
Total Alkaloids,7058.18810799802,-8.7345358696421105
Total Alkaloids,7054.33117456117,-8.7201369996646658
Total Alkaloids,7050.47424112433,-1.3201682818514697
Total Alkaloids,7046.61730768748,2.1814498610043258
Total Alkaloids,7042.76037425063,-4.5136589927847135
Total Alkaloids,7038.90344081379,-8.0788280203994454
Total Alkaloids,7035.04650737694,-11.155434191200557
Total Alkaloids,7031.18957394009,-12.613207475274269
Total Alkaloids,7027.33264050324,-5.0271277614406911
Total Alkaloids,7023.4757070664,2.0265208827577701
Total Alkaloids,7019.61877362955,-5.191218323936015
Total Alkaloids,7015.7618401927,-12.11755089683056
Total Alkaloids,7011.90490675585,-6.1344773907563726
Total Alkaloids,7008.04797331901,-2.3889760643884919
Total Alkaloids,7004.19103988216,-5.505968330448141
Total Alkaloids,7000.33410644531,-6.191130613404173
Total Alkaloids,6996.47717300847,-5.6935395396945481
Total Alkaloids,6992.62023957162,-8.4211577605389429
Total Alkaloids,6988.76330613477,0.2232803725970515
Total Alkaloids,6984.90637269792,4.104840710241012
Total Alkaloids,6981.04943926108,-2.2543538664877008
Total Alkaloids,6977.19250582423,-6.2565913410531362
Total Alkaloids,6973.33557238738,-1.7876146195118805
Total Alkaloids,6969.47863895053,-4.1312917289463114
Total Alkaloids,6965.62170551369,-4.3803522561934969
Total Alkaloids,6961.76477207684,-1.7550273002708323
Total Alkaloids,6957.90783863999,2.5326194557339692
Total Alkaloids,6954.05090520315,5.2235117410998662
Total Alkaloids,6950.1939717663,-0.86501427862758551
Total Alkaloids,6946.33703832945,-3.9926385862915552
Total Alkaloids,6942.4801048926,1.8957728611993914
Total Alkaloids,6938.62317145576,5.1711340262215701
Total Alkaloids,6934.76623801891,5.2917901477659965
Total Alkaloids,6930.90930458206,6.807589582637827
Total Alkaloids,6927.05237114521,4.5550603143304373
Total Alkaloids,6923.19543770837,2.8390598756232124
Total Alkaloids,6919.33850427152,7.3000454169159843
Total Alkaloids,6915.48157083467,9.0539679076191923
Total Alkaloids,6911.62463739783,6.3695862793644995
Total Alkaloids,6907.76770396098,3.6558171490264986
Total Alkaloids,6903.91077052413,2.2639618185226942
Total Alkaloids,6900.05383708728,5.8204305154965166
Total Alkaloids,6896.19690365044,7.3950062558677994
Total Alkaloids,6892.33997021359,5.4037099170686158
Total Alkaloids,6888.48303677674,1.4727977594703567
Total Alkaloids,6884.62610333989,-1.9232008771756277
Total Alkaloids,6880.76916990305,-0.3437605749577452
Total Alkaloids,6876.9122364662,2.4921088719459821
Total Alkaloids,6873.05530302935,6.1872675181915859
Total Alkaloids,6869.19836959251,6.7884679425240027
Total Alkaloids,6865.34143615566,5.5121542784130177
Total Alkaloids,6861.48450271881,4.0654467307866735
Total Alkaloids,6857.62756928196,1.2264854821670372
Total Alkaloids,6853.77063584512,-2.0828999240341677
Total Alkaloids,6849.91370240827,2.2454552239375372
Total Alkaloids,6846.05676897142,6.2961930700763835
Total Alkaloids,6842.19983553457,5.6798175162049507
Total Alkaloids,6838.34290209773,3.8013188270622376
Total Alkaloids,6834.48596866088,5.7639309651454429
Total Alkaloids,6830.62903522403,4.8709232579879114
Total Alkaloids,6826.77210178718,3.7869887742325368
Total Alkaloids,6822.91516835034,4.8571580326651107
Total Alkaloids,6819.05823491349,6.5210929880436588
Total Alkaloids,6815.20130147664,5.6141979396692605
Total Alkaloids,6811.3443680398,2.4794836930783779
Total Alkaloids,6807.48743460295,0.43502219079909793
Total Alkaloids,6803.6305011661,3.7752374253805949
Total Alkaloids,6799.77356772925,7.6237373771983501
Total Alkaloids,6795.91663429241,11.281483097273044
Total Alkaloids,6792.05970085556,9.1814808728604298
Total Alkaloids,6788.20276741871,7.7051339518839956
Total Alkaloids,6784.34583398186,5.8727527676718427
Total Alkaloids,6780.48890054502,4.7716076223104258
Total Alkaloids,6776.63196710817,3.5892901137372553
Total Alkaloids,6772.77503367132,4.1911919420994943
Total Alkaloids,6768.91810023448,5.7037569789575615
Total Alkaloids,6765.06116679763,4.270145862036042
Total Alkaloids,6761.20423336078,1.5986994560030272
Total Alkaloids,6757.34729992393,5.2336756375317073
Total Alkaloids,6753.49036648709,4.7322969660972323
Total Alkaloids,6749.63343305024,3.2614830754504611
Total Alkaloids,6745.77649961339,1.4515661971503457
Total Alkaloids,6741.91956617654,1.747877784757681
Total Alkaloids,6738.0626327397,3.822407173347214
Total Alkaloids,6734.20569930285,4.9599967070861597
Total Alkaloids,6730.348765866,3.8272826963944175
Total Alkaloids,6726.49183242916,1.3898370098043022
Total Alkaloids,6722.63489899231,0.61458568405260938
Total Alkaloids,6718.77796555546,3.3205761707594745
Total Alkaloids,6714.92103211861,1.2143572792493802
Total Alkaloids,6711.06409868177,0.76485153989291899
Total Alkaloids,6707.20716524492,1.8703984899927797
Total Alkaloids,6703.35023180807,3.7108073853660519
Total Alkaloids,6699.49329837122,6.0931291603695126
Total Alkaloids,6695.63636493438,4.291517743230612
Total Alkaloids,6691.77943149753,-3.5363591742062184
Total Alkaloids,6687.92249806068,-1.6447508080316888
Total Alkaloids,6684.06556462384,1.6809749851038247
Total Alkaloids,6680.20863118699,3.1337333820035078
Total Alkaloids,6676.35169775014,3.1638750286085489
Total Alkaloids,6672.49476431329,1.3689452219587672
Total Alkaloids,6668.63783087645,0.19840099502929825
Total Alkaloids,6664.7808974396,2.5574671047703768
Total Alkaloids,6660.92396400275,1.8360295078204059
Total Alkaloids,6657.0670305659,-0.28719687465250116
Total Alkaloids,6653.21009712906,-3.1409759131417831
Total Alkaloids,6649.35316369221,-4.7819055567277511
Total Alkaloids,6645.49623025536,-3.60842997763611
Total Alkaloids,6641.63929681852,0.54934031611655876
Total Alkaloids,6637.78236338167,2.1605158418620158
Total Alkaloids,6633.92542994482,4.5343070620450616
Total Alkaloids,6630.06849650797,2.4545060447716853
Total Alkaloids,6626.21156307113,-4.8650043406351395
Total Alkaloids,6622.35462963428,-4.9918806384063066
Total Alkaloids,6618.49769619743,1.753466168950033
Total Alkaloids,6614.64076276058,1.0740894094654649
Total Alkaloids,6610.78382932374,-1.3154987691029312
Total Alkaloids,6606.92689588689,-4.9956782763026366
Total Alkaloids,6603.06996245004,-7.7024415882686936
Total Alkaloids,6599.2130290132,-9.4278760115277063
Total Alkaloids,6595.35609557635,-6.6705906648304003
Total Alkaloids,6591.4991621395,-1.9050087557123154
Total Alkaloids,6587.64222870265,-4.3672631535475848
Total Alkaloids,6583.78529526581,-2.9051657473924188
Total Alkaloids,6579.92836182896,-5.0859341597618606
Total Alkaloids,6576.07142839211,-10.349292812126754
Total Alkaloids,6572.21449495526,-3.5724540645236482
Total Alkaloids,6568.35756151842,2.7064909122748775
Total Alkaloids,6564.50062808157,0.37946282814590437
Total Alkaloids,6560.64369464472,-5.3376493362736932
Total Alkaloids,6556.78676120788,-5.9279165029881042
Total Alkaloids,6552.92982777103,0.19999412408726325
Total Alkaloids,6549.07289433418,1.4121998073361803
Total Alkaloids,6545.21596089733,-1.3268051005913655
Total Alkaloids,6541.35902746049,-3.5496517351950096
Total Alkaloids,6537.50209402364,-0.77799724694090533
Total Alkaloids,6533.64516058679,-3.8764517224865367
Total Alkaloids,6529.78822714994,-8.1303393254627174
Total Alkaloids,6525.9312937131,-5.5279799873835378
Total Alkaloids,6522.07436027625,-3.5882055929837602
Total Alkaloids,6518.2174268394,-0.69881622704770041
Total Alkaloids,6514.36049340256,-3.1680370695846949
Total Alkaloids,6510.50355996571,-8.3028841177109172
Total Alkaloids,6506.64662652886,-6.6240387000833882
Total Alkaloids,6502.78969309201,-4.0315929048140937
Total Alkaloids,6498.93275965517,-6.9932012959105787
Total Alkaloids,6495.07582621832,-6.749664986203161
Total Alkaloids,6491.21889278147,-5.7683458052211813
Total Alkaloids,6487.36195934462,-1.0885864425534919
Total Alkaloids,6483.50502590778,3.1655018629403702
Total Alkaloids,6479.64809247093,2.7314999115428775
Total Alkaloids,6475.79115903408,-3.9187162651979586
Total Alkaloids,6471.93422559724,-4.6358699022830301
Total Alkaloids,6468.07729216039,-2.0904203754501789
Total Alkaloids,6464.22035872354,-1.3066010773486354
Total Alkaloids,6460.36342528669,-3.9515693775897374
Total Alkaloids,6456.50649184985,-3.502429771412539
Total Alkaloids,6452.649558413,0.063688961757678478
Total Alkaloids,6448.79262497615,-1.7762413374499662
Total Alkaloids,6444.9356915393,-6.9081299121865518
Total Alkaloids,6441.07875810246,-9.1532955885257241
Total Alkaloids,6437.22182466561,-4.4913814493186504
Total Alkaloids,6433.36489122876,-3.870273269210275
Total Alkaloids,6429.50795779192,-0.37684579290147713
Total Alkaloids,6425.65102435507,-0.803643940529573
Total Alkaloids,6421.79409091822,-4.4186250597190142
Total Alkaloids,6417.93715748137,-4.5298140825482127
Total Alkaloids,6414.08022404453,-0.98563367352168008
Total Alkaloids,6410.22329060768,-0.91455154857066479
Total Alkaloids,6406.36635717083,-2.2541803170329944
Total Alkaloids,6402.50942373398,0.45479675069574621
Total Alkaloids,6398.65249029714,0.53214232542680295
Total Alkaloids,6394.79555686029,0.63579470238585312
Total Alkaloids,6390.93862342344,-1.0526704960121325
Total Alkaloids,6387.08168998659,-2.7497944607146723
Total Alkaloids,6383.22475654975,-2.9605436359025168
Total Alkaloids,6379.3678231129,-1.8687518559115235
Total Alkaloids,6375.51088967605,-2.0568265110008217
Total Alkaloids,6371.6539562392,-1.333301820514468
Total Alkaloids,6367.79702280236,-2.211560652624982
Total Alkaloids,6363.94008936551,-2.104251520851927
Total Alkaloids,6360.08315592866,-2.5170561149750954
Total Alkaloids,6356.22622249182,-3.2274091528186126
Total Alkaloids,6352.36928905497,-1.4569126503709737
Total Alkaloids,6348.51235561812,1.3391391794627898
Total Alkaloids,6344.65542218127,0.81696107715052813
Total Alkaloids,6340.79848874443,-1.5087706897204274
Total Alkaloids,6336.94155530758,-4.1957386446559255
Total Alkaloids,6333.08462187073,-0.65212941832187687
Total Alkaloids,6329.22768843388,-1.4595181486475843
Total Alkaloids,6325.37075499704,-3.2383261815124653
Total Alkaloids,6321.51382156019,0.46259108172765351
Total Alkaloids,6317.65688812334,1.4078535690585425
Total Alkaloids,6313.7999546865,0.62437586864394146
Total Alkaloids,6309.94302124965,-2.7073287272821891
Total Alkaloids,6306.0860878128,-3.9106157024672443
Total Alkaloids,6302.22915437595,0.27812435264194402
Total Alkaloids,6298.37222093911,1.8748788437926904
Total Alkaloids,6294.51528750226,-3.9019686198344101
Total Alkaloids,6290.65835406541,-6.6802425518704025
Total Alkaloids,6286.80142062856,-4.4790807812192588
Total Alkaloids,6282.94448719172,0.82404599449127258
Total Alkaloids,6279.08755375487,2.3079079693688014
Total Alkaloids,6275.23062031802,-0.71542565219376941
Total Alkaloids,6271.37368688118,-2.5787591250047543
Total Alkaloids,6267.51675344433,-3.4985369042504972
Total Alkaloids,6263.65982000748,-0.60538446803456247
Total Alkaloids,6259.80288657063,-2.0317174954556356
Total Alkaloids,6255.94595313379,-1.9400535816890383
Total Alkaloids,6252.08901969694,0.60794450971882852
Total Alkaloids,6248.23208626009,3.4199257928462283
Total Alkaloids,6244.37515282324,0.0016975072130902694
Total Alkaloids,6240.5182193864,-4.5546342509978404
Total Alkaloids,6236.66128594955,-5.3622602719257983
Total Alkaloids,6232.8043525127,-3.3841725673161229
Total Alkaloids,6228.94741907586,-2.7402585265981423
Total Alkaloids,6225.09048563901,-1.904092571909622
Total Alkaloids,6221.23355220216,1.9147513609388804
Total Alkaloids,6217.37661876531,5.4723890148605907
Total Alkaloids,6213.51968532847,6.8674603080051355
Total Alkaloids,6209.66275189162,5.6500943974086724
Total Alkaloids,6205.80581845477,3.4942803901492674
Total Alkaloids,6201.94888501792,2.9299325705625399
Total Alkaloids,6198.09195158108,4.6947675145207208
Total Alkaloids,6194.23501814423,3.6300719824325403
Total Alkaloids,6190.37808470738,0.29443270105022717
Total Alkaloids,6186.52115127054,-2.6996368038269063
Total Alkaloids,6182.66421783369,-0.88593253509615932
Total Alkaloids,6178.80728439684,3.2076424085857389
Total Alkaloids,6174.95035095999,1.7312214776659958
Total Alkaloids,6171.09341752315,-1.3669868521487512
Total Alkaloids,6167.2364840863,5.1685352944990948
Total Alkaloids,6163.37955064945,8.4551521940482193
Total Alkaloids,6159.5226172126,5.3935930820434974
Total Alkaloids,6155.66568377576,2.0295556781249919
Total Alkaloids,6151.80875033891,-3.2285602029654248
Total Alkaloids,6147.95181690206,-4.0265527692151197
Total Alkaloids,6144.09488346522,-0.63126749167862406
Total Alkaloids,6140.23795002837,1.0178953210521176
Total Alkaloids,6136.38101659152,-1.7464170589642467
Total Alkaloids,6132.52408315467,0.36936742067222161
Total Alkaloids,6128.66714971783,1.8599533352548345
Total Alkaloids,6124.81021628098,0.59762044352297417
Total Alkaloids,6120.95328284413,-0.94794920835163543
Total Alkaloids,6117.09634940728,-3.2965753489677705
Total Alkaloids,6113.23941597044,-6.8882804221321416
Total Alkaloids,6109.38248253359,-9.0400439575771738
Total Alkaloids,6105.52554909674,-6.2386993583589456
Total Alkaloids,6101.6686156599,-4.9044448339303095
Total Alkaloids,6097.81168222305,-3.8876244921518137
Total Alkaloids,6093.9547487862,-0.37337932312945271
Total Alkaloids,6090.09781534935,-3.4233362128226341
Total Alkaloids,6086.24088191251,-6.4098697650209804
Total Alkaloids,6082.38394847566,-7.6435199120690616
Total Alkaloids,6078.52701503881,-5.0489274394691082
Total Alkaloids,6074.67008160196,0.28680384378422386
Total Alkaloids,6070.81314816512,3.4333535282276846
Total Alkaloids,6066.95621472827,6.7206092287067314
Total Alkaloids,6063.09928129142,8.795925511497698
Total Alkaloids,6059.24234785458,6.9379374688408157
Total Alkaloids,6055.38541441773,5.4954478240771341
Total Alkaloids,6051.52848098088,10.675905135148573
Total Alkaloids,6047.67154754403,7.4046167047107581
Total Alkaloids,6043.81461410719,4.2166470842907584
Total Alkaloids,6039.95768067034,11.216913118230449
Total Alkaloids,6036.10074723349,16.663448914691664
Total Alkaloids,6032.24381379664,20.674483073025065
Total Alkaloids,6028.3868803598,17.615293973493348
Total Alkaloids,6024.52994692295,15.407733278294291
Total Alkaloids,6020.6730134861,18.145981421610319
Total Alkaloids,6016.81608004926,17.627842062584687
Total Alkaloids,6012.95914661241,24.377714650711386
Total Alkaloids,6009.10221317556,30.137202257417496
Total Alkaloids,6005.24527973871,26.913897043262441
Total Alkaloids,6001.38834630187,19.922207538246138
Total Alkaloids,5997.53141286502,19.138183301980092
Total Alkaloids,5993.67447942817,20.993624096073415
Total Alkaloids,5989.81754599132,17.598856747483907
Total Alkaloids,5985.96061255448,9.6798381112302021
Total Alkaloids,5982.10367911763,2.4404155757790349
Total Alkaloids,5978.24674568078,1.2595559435130017
Total Alkaloids,5974.38981224394,3.6144790010216408
Total Alkaloids,5970.53287880709,-2.1140241116941039
Total Alkaloids,5966.67594537024,-2.3035911673736944
Total Alkaloids,5962.81901193339,1.9270939683041124
Total Alkaloids,5958.96207849655,-5.0193879024187025
Total Alkaloids,5955.1051450597,-7.5179409269455943
Total Alkaloids,5951.24821162285,-6.8412114047442882
Total Alkaloids,5947.391278186,-7.0917709473036465
Total Alkaloids,5943.53434474916,-8.2725962035164837
Total Alkaloids,5939.67741131231,-12.525984397764603
Total Alkaloids,5935.82047787546,-11.984134619021823
Total Alkaloids,5931.96354443862,-6.0597192454724524
Total Alkaloids,5928.10661100177,-4.6309550980103094
Total Alkaloids,5924.24967756492,-3.29503533852581
Total Alkaloids,5920.39274412807,-3.5586433326932618
Total Alkaloids,5916.53581069123,-3.3787074912749748
Total Alkaloids,5912.67887725438,-0.26803428761328957
Total Alkaloids,5908.82194381753,-1.9919007633920516
Total Alkaloids,5904.96501038068,-0.18399185702079021
Total Alkaloids,5901.10807694384,0.64017857423815794
Total Alkaloids,5897.25114350699,3.0225963897111958
Total Alkaloids,5893.39421007014,3.0364446460734835
Total Alkaloids,5889.5372766333,4.8249880233520095
Total Alkaloids,5885.68034319645,5.8273988388937195
Total Alkaloids,5881.8234097596,7.6412729662628536
Total Alkaloids,5877.96647632275,7.4454955911619454
Total Alkaloids,5874.10954288591,1.9488068777065997
Total Alkaloids,5870.25260944906,0.16721722605245914
Total Alkaloids,5866.39567601221,1.1645207975015708
Total Alkaloids,5862.53874257536,3.277734718666736
Total Alkaloids,5858.68180913852,6.1920192364199185
Total Alkaloids,5854.82487570167,10.422292318751033
Total Alkaloids,5850.96794226482,12.156629113254727
Total Alkaloids,5847.11100882798,9.9990820958795581
Total Alkaloids,5843.25407539113,9.7971763826175309
Total Alkaloids,5839.39714195428,11.452133605121304
Total Alkaloids,5835.54020851743,5.9614594678524497
Total Alkaloids,5831.68327508059,2.6045574922157022
Total Alkaloids,5827.82634164374,3.7715156674938188
Total Alkaloids,5823.96940820689,5.253032324576993
Total Alkaloids,5820.11247477004,-0.24040831665563595
Total Alkaloids,5816.2555413332,-5.0440929404485164
Total Alkaloids,5812.39860789635,-11.332211577012433
Total Alkaloids,5808.5416744595,-16.337536591922529
Total Alkaloids,5804.68474102266,-15.35967285250716
Total Alkaloids,5800.82780758581,-11.4529591136144
Total Alkaloids,5796.97087414896,-10.914276784186519
Total Alkaloids,5793.11394071211,-14.521940632173191
Total Alkaloids,5789.25700727527,-17.123119978002581
Total Alkaloids,5785.40007383842,-18.123030592683332
Total Alkaloids,5781.54314040157,-19.457630099336903
Total Alkaloids,5777.68620696472,-26.415017670868373
Total Alkaloids,5773.82927352788,-31.433805767639775
Total Alkaloids,5769.97234009103,-24.315614992781349
Total Alkaloids,5766.11540665418,-19.095842639915872
Total Alkaloids,5762.25847321733,-21.542733980194011
Total Alkaloids,5758.40153978049,-21.187582789564328
Total Alkaloids,5754.54460634364,-20.972272720112848
Total Alkaloids,5750.68767290679,-19.441604598157564
Total Alkaloids,5746.83073946995,-19.830161719843119
Total Alkaloids,5742.9738060331,-16.452522876441822
Total Alkaloids,5739.11687259625,-14.899275857091325
Total Alkaloids,5735.2599391594,-12.372620819912029
Total Alkaloids,5731.40300572256,-8.971067115530392
Total Alkaloids,5727.54607228571,-3.7656735896506466
Total Alkaloids,5723.68913884886,-3.5732875493890002
Total Alkaloids,5719.83220541201,2.445230830395257
Total Alkaloids,5715.97527197517,8.0966922351575974
Total Alkaloids,5712.11833853832,9.8529704363694144
Total Alkaloids,5708.26140510147,11.510794991032197
Total Alkaloids,5704.40447166463,12.156130223087542
Total Alkaloids,5700.54753822778,16.283233877385666
Total Alkaloids,5696.69060479093,19.301894681689745
Total Alkaloids,5692.83367135408,17.697505489468465
Total Alkaloids,5688.97673791724,17.025093169901552
Total Alkaloids,5685.11980448039,17.244313374644676
Total Alkaloids,5681.26287104354,13.371352876979458
Total Alkaloids,5677.40593760669,12.901093424176128
Total Alkaloids,5673.54900416985,14.668073250309016
Total Alkaloids,5669.692070733,11.74992901584311
Total Alkaloids,5665.83513729615,8.2623359767223992
Total Alkaloids,5661.97820385931,9.0328553765722734
Total Alkaloids,5658.12127042246,12.042932522281809
Total Alkaloids,5654.26433698561,11.372993752535859
Total Alkaloids,5650.40740354876,11.930583456125891
Total Alkaloids,5646.55047011192,8.4015814505205331
Total Alkaloids,5642.69353667507,7.3657209728031967
Total Alkaloids,5638.83660323822,3.9140692278994584
Total Alkaloids,5634.97966980137,2.1953124724441628
Total Alkaloids,5631.12273636453,1.9761370944944932
Total Alkaloids,5627.26580292768,2.6597029957675371
Total Alkaloids,5623.40886949083,5.6571055677272435
Total Alkaloids,5619.55193605399,7.8969003284312347
Total Alkaloids,5615.69500261714,3.0397337802045588
Total Alkaloids,5611.83806918029,3.8957350938106292
Total Alkaloids,5607.98113574344,6.2906171604029364
Total Alkaloids,5604.1242023066,7.9119327430661324
Total Alkaloids,5600.26726886975,4.301393125359616
Total Alkaloids,5596.4103354329,-1.2182129624285249
Total Alkaloids,5592.55340199605,-2.3924799549627509
Total Alkaloids,5588.69646855921,-0.93957356739744857
Total Alkaloids,5584.83953512236,0.22339481980404399
Total Alkaloids,5580.98260168551,-1.2554995184600903
Total Alkaloids,5577.12566824867,-1.5374216413720074
Total Alkaloids,5573.26873481182,3.3638891848701951
Total Alkaloids,5569.41180137497,3.1168010559508308
Total Alkaloids,5565.55486793812,-6.8988044687436201
Total Alkaloids,5561.69793450128,-8.3061805927666459
Total Alkaloids,5557.84100106443,-7.0093289574867024
Total Alkaloids,5553.98406762758,-5.1070620105183338
Total Alkaloids,5550.12713419073,-8.9139190480836312
Total Alkaloids,5546.27020075389,-11.287858179352652
Total Alkaloids,5542.41326731704,-0.42242680978969321
Total Alkaloids,5538.55633388019,2.7489732865837455
Total Alkaloids,5534.69940044334,-1.8040831007739941
Total Alkaloids,5530.8424670065,-12.78999098654795
Total Alkaloids,5526.98553356965,-11.975221362395263
Total Alkaloids,5523.1286001328,-2.0573169514155771
Total Alkaloids,5519.27166669596,-0.31994813948259632
Total Alkaloids,5515.41473325911,-9.6847572156758748
Total Alkaloids,5511.55779982226,-8.3608772486248366
Total Alkaloids,5507.70086638541,-3.8366356938205128
Total Alkaloids,5503.84393294857,-8.0514281102916421
Total Alkaloids,5499.98699951172,-16.19107207129008
Total Alkaloids,5496.13006607487,-10.651304136251376
Total Alkaloids,5492.27313263802,-4.7448564963045419
Total Alkaloids,5488.41619920118,-10.302800162793513
Total Alkaloids,5484.55926576433,-16.881401054020337
Total Alkaloids,5480.70233232748,-8.5470152378839739
Total Alkaloids,5476.84539889064,-7.1992508335925534
Total Alkaloids,5472.98846545379,-14.326551779088256
Total Alkaloids,5469.13153201694,-16.674920134669147
Total Alkaloids,5465.27459858009,-10.503713684527085
Total Alkaloids,5461.41766514325,-5.3311028022895721
Total Alkaloids,5457.5607317064,-6.8978458785615437
Total Alkaloids,5453.70379826955,-12.839930123762171
Total Alkaloids,5449.8468648327,-9.2532824103845748
Total Alkaloids,5445.98993139586,-11.870190042241511
Total Alkaloids,5442.13299795901,-10.44313511386615
Total Alkaloids,5438.27606452216,-11.807762418275713
Total Alkaloids,5434.41913108532,-6.0574314055068479
Total Alkaloids,5430.56219764847,1.6231251681737278
Total Alkaloids,5426.70526421162,0.51543828619436138
Total Alkaloids,5422.84833077477,0.65379007851132598
Total Alkaloids,5418.99139733793,-6.2737456446685558
Total Alkaloids,5415.13446390108,-7.7403441441607823
Total Alkaloids,5411.27753046423,-3.9344377938140846
Total Alkaloids,5407.42059702738,-6.978079113223612
Total Alkaloids,5403.56366359054,3.6922560698045084
Total Alkaloids,5399.70673015369,0.87985432875556846
Total Alkaloids,5395.84979671684,-2.3624804432751607
Total Alkaloids,5391.99286328,-2.7197152237144562
Total Alkaloids,5388.13592984315,-0.41503815910755387
Total Alkaloids,5384.2789964063,-2.0780920589691156
Total Alkaloids,5380.42206296945,-3.4225268202398964
Total Alkaloids,5376.56512953261,1.3927182489587089
Total Alkaloids,5372.70819609576,5.06743504740425
Total Alkaloids,5368.85126265891,8.434063884787399
Total Alkaloids,5364.99432922206,7.1419774506700264
Total Alkaloids,5361.13739578522,-1.6062903691802017
Total Alkaloids,5357.28046234837,7.416094957869042
Total Alkaloids,5353.42352891152,8.0644872696086054
Total Alkaloids,5349.56659547468,2.108284880145034
Total Alkaloids,5345.70966203783,2.2858270204789042
Total Alkaloids,5341.85272860098,13.906157360669349
Total Alkaloids,5337.99579516413,13.135410367588996
Total Alkaloids,5334.13886172729,7.1060655226586968
Total Alkaloids,5330.28192829044,13.009509617430313
Total Alkaloids,5326.42499485359,9.3256490837281056
Total Alkaloids,5322.56806141674,4.2488316270066333
Total Alkaloids,5318.7111279799,4.6359192362078172
Total Alkaloids,5314.85419454305,1.6215754562708129
Total Alkaloids,5310.9972611062,2.595560519257242
Total Alkaloids,5307.14032766935,0.51495748997271751
Total Alkaloids,5303.28339423251,2.8800820199741692
Total Alkaloids,5299.42646079566,0.59986932121145409
Total Alkaloids,5295.56952735881,5.5574557007258685
Total Alkaloids,5291.71259392197,11.577252942043831
Total Alkaloids,5287.85566048512,6.3318806346955512
Total Alkaloids,5283.99872704827,11.285456628579878
Total Alkaloids,5280.14179361142,11.836532961279714
Total Alkaloids,5276.28486017458,6.0063737387601082
Total Alkaloids,5272.42792673773,7.6598817457105248
Total Alkaloids,5268.57099330088,7.7976251619617383
Total Alkaloids,5264.71405986403,8.5647914555627445
Total Alkaloids,5260.85712642719,1.8708030662732975
Total Alkaloids,5257.00019299034,3.0771905720656845
Total Alkaloids,5253.14325955349,4.7719145251500317
Total Alkaloids,5249.28632611665,7.1982222442885773
Total Alkaloids,5245.4293926798,5.1676105845066687
Total Alkaloids,5241.57245924295,-1.0128782558963496
Total Alkaloids,5237.7155258061,0.050605825743514396
Total Alkaloids,5233.85859236926,0.84835948927006954
Total Alkaloids,5230.00165893241,-1.1476962538819646
Total Alkaloids,5226.14472549556,-0.19658886536356387
Total Alkaloids,5222.28779205871,2.3591659491391375
Total Alkaloids,5218.43085862187,0.58322488656636584
Total Alkaloids,5214.57392518502,-3.2424275109626199
Total Alkaloids,5210.71699174817,-2.2298228287660589
Total Alkaloids,5206.86005831133,-1.9165799525418765
Total Alkaloids,5203.00312487448,-2.1639158283483702
Total Alkaloids,5199.14619143763,-0.93671258795175294
Total Alkaloids,5195.28925800078,-1.1792965061783272
Total Alkaloids,5191.43232456394,-1.3879960539315437
Total Alkaloids,5187.57539112709,-2.8338974758084907
Total Alkaloids,5183.71845769024,-3.7800183338319702
Total Alkaloids,5179.86152425339,-4.0211159422382892
Total Alkaloids,5176.00459081655,-3.9318039487041303
Total Alkaloids,5172.1476573797,-4.0575316298939565
Total Alkaloids,5168.29072394285,-4.8055625920204719
Total Alkaloids,5164.43379050601,-2.8918262084864774
Total Alkaloids,5160.57685706916,-2.5214812611861079
Total Alkaloids,5156.71992363231,-3.4874594269590129
Total Alkaloids,5152.86299019546,-2.9467404483969495
Total Alkaloids,5149.00605675862,-3.3962607976055152
Total Alkaloids,5145.14912332177,-1.7211168701417787
Total Alkaloids,5141.29218988492,-1.2218735690339924
Total Alkaloids,5137.43525644807,-0.56595999285385612
Total Alkaloids,5133.57832301123,-0.95104588417442881
Total Alkaloids,5129.72138957438,-2.2959795467165378
Total Alkaloids,5125.86445613753,-1.0461772432826231
Total Alkaloids,5122.00752270069,-1.3472103001432871
Total Alkaloids,5118.15058926384,-2.9727880132675328
Total Alkaloids,5114.29365582699,-4.2446321825965745
Total Alkaloids,5110.43672239014,-4.0334355571903666
Total Alkaloids,5106.5797889533,-2.2131976321015379
Total Alkaloids,5102.72285551645,-0.75233722844476336
Total Alkaloids,5098.8659220796,0.50599446836205109
Total Alkaloids,5095.00898864275,-0.14308552580814071
Total Alkaloids,5091.15205520591,-1.1364041900565063
Total Alkaloids,5087.29512176906,-0.88237169560641115
Total Alkaloids,5083.43818833221,-0.57357351147397861
Total Alkaloids,5079.58125489536,-1.4731477272356637
Total Alkaloids,5075.72432145852,-0.97785563523190022
Total Alkaloids,5071.86738802167,1.18684668580471
Total Alkaloids,5068.01045458482,1.6791450977843092
Total Alkaloids,5064.15352114798,0.71926014564624607
Total Alkaloids,5060.29658771113,1.8327613934590661
Total Alkaloids,5056.43965427428,3.4342728851755471
Total Alkaloids,5052.58272083743,4.537687732340701
Total Alkaloids,5048.72578740059,3.4587583154500772
Total Alkaloids,5044.86885396374,3.6642282745578543
Total Alkaloids,5041.01192052689,3.6900225535858717
Total Alkaloids,5037.15498709004,4.9702565718782825
Total Alkaloids,5033.2980536532,4.4538634646433124
Total Alkaloids,5029.44112021635,5.0506497068568752
Total Alkaloids,5025.5841867795,4.578894212197584
Total Alkaloids,5021.72725334266,5.2076768877627551
Total Alkaloids,5017.87031990581,4.603144752389956
Total Alkaloids,5014.01338646896,1.8889974061355195
Total Alkaloids,5010.15645303211,1.0004881253112412
Total Alkaloids,5006.29951959527,2.2439530154076639
Total Alkaloids,5002.44258615842,1.6009679093485165
Total Alkaloids,4998.58565272157,1.1053669276504465
Total Alkaloids,4994.72871928472,1.2623027516484526
Total Alkaloids,4990.87178584788,1.6566889691665749
Total Alkaloids,4987.01485241103,2.5250519659022608
Total Alkaloids,4983.15791897418,0.92206181941148913
Total Alkaloids,4979.30098553734,-0.52190763467286394
Total Alkaloids,4975.44405210049,-0.32474783284161818
Total Alkaloids,4971.58711866364,-1.5607952132669616
Total Alkaloids,4967.73018522679,-2.5044198820584076
Total Alkaloids,4963.87325178995,-2.1410949781128976
Total Alkaloids,4960.0163183531,-0.092696358415948699
Total Alkaloids,4956.15938491625,-0.28688702874464428
Total Alkaloids,4952.3024514794,-1.4435464957012187
Total Alkaloids,4948.44551804256,-1.9637440808126234
Total Alkaloids,4944.58858460571,-1.6694738489383287
Total Alkaloids,4940.73165116886,-2.2817402583761397
Total Alkaloids,4936.87471773202,-2.5044614932449458
Total Alkaloids,4933.01778429517,-3.4032923316018544
Total Alkaloids,4929.16085085832,-2.9554630096304195
Total Alkaloids,4925.30391742147,-2.3201039831021157
Total Alkaloids,4921.44698398463,-1.2187420223837002
Total Alkaloids,4917.59005054778,-1.539122569525339
Total Alkaloids,4913.73311711093,-2.504906591002809
Total Alkaloids,4909.87618367408,-2.1918080753178106
Total Alkaloids,4906.01925023724,1.0952472802115845
Total Alkaloids,4902.16231680039,3.8387243850649058
Total Alkaloids,4898.30538336354,5.0401511767521994
Total Alkaloids,4894.4484499267,3.5012554306276975
Total Alkaloids,4890.59151648985,2.9056089425646543
Total Alkaloids,4886.734583053,0.97946134875787294
Total Alkaloids,4882.87764961615,2.3033163795836828
Total Alkaloids,4879.02071617931,3.6979747648520074
Total Alkaloids,4875.16378274246,3.2022176277643717
Total Alkaloids,4871.30684930561,3.0334548650351731
Total Alkaloids,4867.44991586876,3.9078980755361554
Total Alkaloids,4863.59298243192,3.2986819411287489
Total Alkaloids,4859.73604899507,3.4984917983250763
Total Alkaloids,4855.87911555822,3.2263563624728002
Total Alkaloids,4852.02218212137,3.305441328413572
Total Alkaloids,4848.16524868453,2.374989388127144
Total Alkaloids,4844.30831524768,1.406498328080019
Total Alkaloids,4840.45138181083,1.5387680859204083
Total Alkaloids,4836.59444837399,1.6071124522380658
Total Alkaloids,4832.73751493714,1.6054199618067524
Total Alkaloids,4828.88058150029,2.9479011278458112
Total Alkaloids,4825.02364806344,3.3187825250542966
Total Alkaloids,4821.1667146266,2.9086780495561344
Total Alkaloids,4817.30978118975,2.9377443543498001
Total Alkaloids,4813.4528477529,2.2864110538442244
Total Alkaloids,4809.59591431605,1.3021396383932815
Total Alkaloids,4805.73898087921,1.1446266929698707
Total Alkaloids,4801.88204744236,1.9758895736585247
Total Alkaloids,4798.02511400551,2.3909212164413951
Total Alkaloids,4794.16818056867,1.9874643212646099
Total Alkaloids,4790.31124713182,1.3472621399026343
Total Alkaloids,4786.45431369497,1.199390185560979
Total Alkaloids,4782.59738025812,0.73605179150182898
Total Alkaloids,4778.74044682128,-0.084411096128287871
Total Alkaloids,4774.88351338443,-1.3403883001876411
Total Alkaloids,4771.02657994758,-2.0405500349808476
Total Alkaloids,4767.16964651073,-1.8356420761122356
Total Alkaloids,4763.31271307389,-2.4546121814722008
Total Alkaloids,4759.45577963704,-3.537168992170276
Total Alkaloids,4755.59884620019,-5.3445937433965076
Total Alkaloids,4751.74191276335,-4.9455806637409685
Total Alkaloids,4747.8849793265,-5.2320147258689422
Total Alkaloids,4744.02804588965,-4.103121026084259
Total Alkaloids,4740.1711124528,-4.0883038855902223
Total Alkaloids,4736.31417901596,-5.4022014483602829
Total Alkaloids,4732.45724557911,-6.4838843063021594
Total Alkaloids,4728.60031214226,-7.0727721726668111
Total Alkaloids,4724.74337870541,-7.2583686427309102
Total Alkaloids,4720.88644526857,-6.226727013457217
Total Alkaloids,4717.02951183172,-5.4403193114869284
Total Alkaloids,4713.17257839487,-4.1685340350378448
Total Alkaloids,4709.31564495803,-4.3936738943129754
Total Alkaloids,4705.45871152118,-5.0563332205384208
Total Alkaloids,4701.60177808433,-6.5901872808972479
Total Alkaloids,4697.74484464748,-6.8842441794173865
Total Alkaloids,4693.88791121064,-6.4251788109212669
Total Alkaloids,4690.03097777379,-3.735346414688713
Total Alkaloids,4686.17404433694,-2.6466986641708976
Total Alkaloids,4682.31711090009,-1.6306272401338453
Total Alkaloids,4678.46017746325,0.16937573145755261
Total Alkaloids,4674.6032440264,-0.27848817787733748
Total Alkaloids,4670.74631058955,1.0064734470965369
Total Alkaloids,4666.88937715271,3.6785993418445071
Total Alkaloids,4663.03244371586,7.5471346313293282
Total Alkaloids,4659.17551027901,9.3278672404529317
Total Alkaloids,4655.31857684216,8.3490089185296235
Total Alkaloids,4651.46164340532,7.8640609741448735
Total Alkaloids,4647.60470996847,5.0658680813662817
Total Alkaloids,4643.74777653162,3.8858587697306737
Total Alkaloids,4639.89084309477,3.2093207119562619
Total Alkaloids,4636.03390965793,3.1926171596842017
Total Alkaloids,4632.17697622108,1.7605534376276557
Total Alkaloids,4628.32004278423,-0.20224494774182963
Total Alkaloids,4624.46310934739,0.68434624443822301
Total Alkaloids,4620.60617591054,1.9537501877153967
Total Alkaloids,4616.74924247369,-0.24629140174795167
Total Alkaloids,4612.89230903684,-0.73870746475171056
Total Alkaloids,4609.0353756,1.2909663463207597
Total Alkaloids,4605.17844216315,2.1164520443055328
Total Alkaloids,4601.3215087263,0.98716772610820136
Total Alkaloids,4597.46457528945,2.9861009999485826
Total Alkaloids,4593.60764185261,3.2398583601022732
Total Alkaloids,4589.75070841576,3.3305858178483962
Total Alkaloids,4585.89377497891,3.5821728655529688
Total Alkaloids,4582.03684154207,3.5106726680929818
Total Alkaloids,4578.17990810522,0.035304041134926675
Total Alkaloids,4574.32297466837,0.73464430711342132
Total Alkaloids,4570.46604123152,4.0994772097545704
Total Alkaloids,4566.60910779468,4.7459283719389687
Total Alkaloids,4562.75217435783,0.50442830878903466
Total Alkaloids,4558.89524092098,-1.500946819455067
Total Alkaloids,4555.03830748413,-1.968718507488799
Total Alkaloids,4551.18137404729,-2.1895349577107752
Total Alkaloids,4547.32444061044,-4.0864460392493491
Total Alkaloids,4543.46750717359,-7.7534878416662343
Total Alkaloids,4539.61057373675,-10.056989047674616
Total Alkaloids,4535.7536402999,-10.769899610521012
Total Alkaloids,4531.89670686305,-11.708945334512677
Total Alkaloids,4528.0397734262,-11.28531610379313
Total Alkaloids,4524.18283998936,-11.904171384206395
Total Alkaloids,4520.32590655251,-13.588498611511854
Total Alkaloids,4516.46897311566,-12.6868784552912
Total Alkaloids,4512.61203967881,-10.447008834774405
Total Alkaloids,4508.75510624197,-8.856556331856611
Total Alkaloids,4504.89817280512,-8.2426395340370533
Total Alkaloids,4501.04123936827,-7.2986090167378173
Total Alkaloids,4497.18430593143,-4.8024979570278745
Total Alkaloids,4493.32737249458,-3.9104334633639124
Total Alkaloids,4489.47043905773,-1.7893200732660088
Total Alkaloids,4485.61350562088,-1.5372363207385731
Total Alkaloids,4481.75657218404,0.75972563240390401
Total Alkaloids,4477.89963874719,0.67975070756849065
Total Alkaloids,4474.04270531034,2.1584237928535566
Total Alkaloids,4470.18577187349,5.7430666308137539
Total Alkaloids,4466.32883843665,9.0116586418495412
Total Alkaloids,4462.4719049998,8.6024238433963749
Total Alkaloids,4458.61497156295,8.1872424717470516
Total Alkaloids,4454.75803812611,8.8231775758694599
Total Alkaloids,4450.90110468926,9.5729892134291585
Total Alkaloids,4447.04417125241,12.996515394794978
Total Alkaloids,4443.18723781556,16.500991967855189
Total Alkaloids,4439.33030437872,13.688814316362125
Total Alkaloids,4435.47337094187,12.821385182284283
Total Alkaloids,4431.61643750502,9.9710465153030636
Total Alkaloids,4427.75950406817,7.6270119213510821
Total Alkaloids,4423.90257063133,6.5810574459079234
Total Alkaloids,4420.04563719448,5.7943571906182205
Total Alkaloids,4416.18870375763,3.7382937679975066
Total Alkaloids,4412.33177032078,3.5245300729156663
Total Alkaloids,4408.47483688394,3.3339319911850542
Total Alkaloids,4404.61790344709,2.1449775154245008
Total Alkaloids,4400.76097001024,2.5177505199988985
Total Alkaloids,4396.9040365734,0.9839554089959941
Total Alkaloids,4393.04710313655,-0.65194882432388968
Total Alkaloids,4389.1901696997,-1.8284496866984172
Total Alkaloids,4385.33323626285,-3.7116849389912074
Total Alkaloids,4381.47630282601,-4.0733073404347238
Total Alkaloids,4377.61936938916,-5.1038665265929026
Total Alkaloids,4373.76243595231,-4.1596538597393273
Total Alkaloids,4369.90550251546,-3.2570870839320998
Total Alkaloids,4366.04856907862,-0.035257677955241928
Total Alkaloids,4362.19163564177,3.0503550575820206
Total Alkaloids,4358.33470220492,4.4800335128561244
Total Alkaloids,4354.47776876808,5.1575833596142022
Total Alkaloids,4350.62083533123,6.5801043990296622
Total Alkaloids,4346.76390189438,5.8260889937851026
Total Alkaloids,4342.90696845753,5.7689142572337024
Total Alkaloids,4339.05003502069,5.7935668612658429
Total Alkaloids,4335.19310158384,5.6908913388659652
Total Alkaloids,4331.33616814699,2.3630859020414641
Total Alkaloids,4327.47923471014,-2.7395878522477544
Total Alkaloids,4323.6223012733,-7.945306473837884
Total Alkaloids,4319.76536783645,-6.0029297124580756
Total Alkaloids,4315.9084343996,-1.6750185381510814
Total Alkaloids,4312.05150096276,-0.055701412158734684
Total Alkaloids,4308.19456752591,-0.47239878097985988
Total Alkaloids,4304.33763408906,1.8368157862030534
Total Alkaloids,4300.48070065221,1.5927842579270599
Total Alkaloids,4296.62376721537,0.81192956611454092
Total Alkaloids,4292.76683377852,2.2512051739875751
Total Alkaloids,4288.90990034167,4.4961090351782769
Total Alkaloids,4285.05296690482,3.2196939923084318
Total Alkaloids,4281.19603346798,2.019922818658284
Total Alkaloids,4277.33910003113,3.0919619224331458
Total Alkaloids,4273.48216659428,4.0722974486991053
Total Alkaloids,4269.62523315744,2.3245091301134795
Total Alkaloids,4265.76829972059,1.0161256640690308
Total Alkaloids,4261.91136628374,0.76155584708156543
Total Alkaloids,4258.05443284689,0.99348979309543406
Total Alkaloids,4254.19749941005,0.083455363854244013
Total Alkaloids,4250.3405659732,-1.3236707774710477
Total Alkaloids,4246.48363253635,-1.8682088583783025
Total Alkaloids,4242.6266990995,-1.8335395414560971
Total Alkaloids,4238.76976566266,-3.2664940613925473
Total Alkaloids,4234.91283222581,-3.9805554674799044
Total Alkaloids,4231.05589878896,-5.6420809791119861
Total Alkaloids,4227.19896535212,-5.9954810257207187
Total Alkaloids,4223.34203191527,-6.0885602207649683
Total Alkaloids,4219.48509847842,-7.8588458200583808
Total Alkaloids,4215.62816504157,-6.8316438973393367
Total Alkaloids,4211.77123160473,-4.2202105184642766
Total Alkaloids,4207.91429816788,-2.989330981015053
Total Alkaloids,4204.05736473103,-1.583162336967215
Total Alkaloids,4200.20043129418,-0.14612233333882005
Total Alkaloids,4196.34349785734,0.0049628490081142585
Total Alkaloids,4192.48656442049,1.1092753656004763
Total Alkaloids,4188.62963098364,0.16675676167111361
Total Alkaloids,4184.7726975468,0.64399251554073178
Total Alkaloids,4180.91576410995,2.6671318945352325
Total Alkaloids,4177.0588306731,2.0968123152536622
Total Alkaloids,4173.20189723625,-0.11643100638481611
Total Alkaloids,4169.34496379941,-2.0200472309832604
Total Alkaloids,4165.48803036256,-0.96605643504120753
Total Alkaloids,4161.63109692571,-0.25741238469809663
Total Alkaloids,4157.77416348886,-0.9397395418673985
Total Alkaloids,4153.91723005202,-2.6909353039999018
Total Alkaloids,4150.06029661517,-3.020896470525817
Total Alkaloids,4146.20336317832,-1.9470377817204012
Total Alkaloids,4142.34642974148,-0.56917610859148204
Total Alkaloids,4138.48949630463,2.5944573958539023
Total Alkaloids,4134.63256286778,3.198149937024791
Total Alkaloids,4130.77562943093,2.0424895111748547
Total Alkaloids,4126.91869599409,1.8934604918173603
Total Alkaloids,4123.06176255724,0.79210313108055885
Total Alkaloids,4119.20482912039,-1.1447158300556066
Total Alkaloids,4115.34789568354,-4.4272557464442643
Total Alkaloids,4111.4909622467,-3.9538758304946371
Total Alkaloids,4107.63402880985,-2.8184973241141056
Total Alkaloids,4103.777095373,-2.7104929183291566
Total Alkaloids,4099.92016193616,-1.4414598454883059
Total Alkaloids,4096.06322849931,0.030308572584450386
Total Alkaloids,4092.20629506246,0.25190579466201335
Total Alkaloids,4088.34936162561,0.46313532631295934
Total Alkaloids,4084.49242818877,0.37633261633612336
Total Alkaloids,4080.63549475192,0.77065461154621762
Total Alkaloids,4076.77856131507,0.29707216734335307
Total Alkaloids,4072.92162787822,0.051908929498790085
Total Alkaloids,4069.06469444138,-1.0284343175064943
Total Alkaloids,4065.20776100453,-4.2100286948534569
Total Alkaloids,4061.35082756768,-5.2598029316699693
Total Alkaloids,4057.49389413083,-5.6223560126932961
Total Alkaloids,4053.63696069399,-6.5080207046642471
Total Alkaloids,4049.78002725714,-7.8128628142180521
Total Alkaloids,4045.92309382029,-8.2915803237232417
Total Alkaloids,4042.06616038345,-7.1566735678117954
Total Alkaloids,4038.2092269466,-6.3002352044760119
Total Alkaloids,4034.35229350975,-5.3266426631956998
Total Alkaloids,4030.4953600729,-3.9968955844574836
Total Alkaloids,4026.63842663606,-2.2818023333233461
Total Alkaloids,4022.78149319921,-0.36973807758720456
Total Alkaloids,4018.92455976236,2.1809214981499774
Total Alkaloids,4015.06762632551,4.5679963573637208
Total Alkaloids,4011.21069288867,7.3052506059574593
Total Alkaloids,4007.35375945182,10.660157260820217
Total Alkaloids,4003.49682601497,13.268256503100421
Total Alkaloids,3999.63989257813,17.264303050318698
Reducing Sugars,10001.0283203125,-48.33889928060276
Reducing Sugars,9997.17138687565,-59.61413721085011
Reducing Sugars,9993.31445343881,-147.20389405656724
Reducing Sugars,9989.45752000196,-146.83373480064213
Reducing Sugars,9985.60058656511,-54.852352266476117
Reducing Sugars,9981.74365312826,-15.562627668099553
Reducing Sugars,9977.88671969142,0.3259152385675344
Reducing Sugars,9974.02978625457,146.17083134021098
Reducing Sugars,9970.17285281772,192.68784667362792
Reducing Sugars,9966.31591938088,101.12082743863894
Reducing Sugars,9962.45898594403,-12.01068928139474
Reducing Sugars,9958.60205250718,-20.794883181406405
Reducing Sugars,9954.74511907033,205.67067154583418
Reducing Sugars,9950.88818563349,136.77777651765012
Reducing Sugars,9947.03125219664,22.285422806945373
Reducing Sugars,9943.17431875979,-59.010517205764664
Reducing Sugars,9939.31738532294,-195.77504542936825
Reducing Sugars,9935.4604518861,-3.9668027148033436
Reducing Sugars,9931.60351844925,190.41384120362895
Reducing Sugars,9927.7465850124,59.109015643581031
Reducing Sugars,9923.88965157556,-205.24584919516971
Reducing Sugars,9920.03271813871,-129.55903288629804
Reducing Sugars,9916.17578470186,-32.566157983891436
Reducing Sugars,9912.31885126501,-210.4343094209064
Reducing Sugars,9908.46191782817,-301.166302417032
Reducing Sugars,9904.60498439132,-225.9593117565623
Reducing Sugars,9900.74805095447,-173.16444697662101
Reducing Sugars,9896.89111751762,-234.53576087585893
Reducing Sugars,9893.03418408078,-210.90449455090001
Reducing Sugars,9889.17725064393,-13.10284249298684
Reducing Sugars,9885.32031720708,189.02329110020889
Reducing Sugars,9881.46338377024,160.94392463431018
Reducing Sugars,9877.60645033339,-18.453028442077738
Reducing Sugars,9873.74951689654,47.549045678653989
Reducing Sugars,9869.89258345969,112.98743801308126
Reducing Sugars,9866.03565002284,205.94835214007168
Reducing Sugars,9862.178716586,73.96050878290778
Reducing Sugars,9858.32178314915,-27.386929776115519
Reducing Sugars,9854.4648497123,-106.78108804214065
Reducing Sugars,9850.60791627546,-161.12361998029922
Reducing Sugars,9846.75098283861,-42.707315990603107
Reducing Sugars,9842.89404940176,205.06330162075244
Reducing Sugars,9839.03711596492,64.56938940098992
Reducing Sugars,9835.18018252807,-83.032452309855827
Reducing Sugars,9831.32324909122,20.864784153970895
Reducing Sugars,9827.46631565437,2.9809796380943205
Reducing Sugars,9823.60938221752,-130.12391284003024
Reducing Sugars,9819.75244878068,6.4012096152022862
Reducing Sugars,9815.89551534383,-22.034683114220197
Reducing Sugars,9812.03858190698,-134.38385858183833
Reducing Sugars,9808.18164847014,-34.816688408235841
Reducing Sugars,9804.32471503329,70.412195760886007
Reducing Sugars,9800.46778159644,107.86148131587682
Reducing Sugars,9796.6108481596,0.84856650142446144
Reducing Sugars,9792.75391472275,51.424068465805163
Reducing Sugars,9788.8969812859,75.893475931687689
Reducing Sugars,9785.04004784905,75.994150208401805
Reducing Sugars,9781.1831144122,107.08454384375042
Reducing Sugars,9777.32618097536,169.01653880742199
Reducing Sugars,9773.46924753851,232.85624354194121
Reducing Sugars,9769.61231410166,193.52860673856915
Reducing Sugars,9765.75538066482,141.75792139952122
Reducing Sugars,9761.89844722797,57.049430640775888
Reducing Sugars,9758.04151379112,-13.091559271338978
Reducing Sugars,9754.18458035428,162.43211653676093
Reducing Sugars,9750.32764691743,285.69598047634179
Reducing Sugars,9746.47071348058,221.92597410380222
Reducing Sugars,9742.61378004373,115.53456348341702
Reducing Sugars,9738.75684660688,-27.087444292904298
Reducing Sugars,9734.89991317004,167.21979246530998
Reducing Sugars,9731.04297973319,404.08718201839906
Reducing Sugars,9727.18604629634,233.27270787875651
Reducing Sugars,9723.3291128595,46.073499650998194
Reducing Sugars,9719.47217942265,-9.3416429427079262
Reducing Sugars,9715.6152459858,-87.073502041492574
Reducing Sugars,9711.75831254896,-69.313606862134009
Reducing Sugars,9707.90137911211,142.13958832993251
Reducing Sugars,9704.04444567526,202.96410960745811
Reducing Sugars,9700.18751223841,223.46187873956987
Reducing Sugars,9696.33057880156,21.72891866488019
Reducing Sugars,9692.47364536472,-114.7555825704322
Reducing Sugars,9688.61671192787,-5.6667678632495226
Reducing Sugars,9684.75977849102,22.253246848062467
Reducing Sugars,9680.90284505418,-84.341414876712875
Reducing Sugars,9677.04591161733,62.227253703411989
Reducing Sugars,9673.18897818048,32.110577357213892
Reducing Sugars,9669.33204474363,-41.116500170171214
Reducing Sugars,9665.47511130679,80.473452853955223
Reducing Sugars,9661.61817786994,257.17512509022481
Reducing Sugars,9657.76124443309,149.75621841264464
Reducing Sugars,9653.90431099624,30.423279352614816
Reducing Sugars,9650.0473775594,136.8427393482701
Reducing Sugars,9646.19044412255,152.90477508240951
Reducing Sugars,9642.3335106857,43.987518276899365
Reducing Sugars,9638.47657724886,-100.82641429171748
Reducing Sugars,9634.61964381201,-222.50672878661064
Reducing Sugars,9630.76271037516,-182.54977996262485
Reducing Sugars,9626.90577693831,-96.519217526123612
Reducing Sugars,9623.04884350147,-23.347853288340598
Reducing Sugars,9619.19191006462,136.54468017435539
Reducing Sugars,9615.33497662777,251.07388013597418
Reducing Sugars,9611.47804319092,161.86574011008952
Reducing Sugars,9607.62110975408,-5.2575457684856737
Reducing Sugars,9603.76417631723,-1.9670137600377364
Reducing Sugars,9599.90724288038,-88.548953169456254
Reducing Sugars,9596.05030944354,-69.589726751783829
Reducing Sugars,9592.19337600669,-35.049753231632586
Reducing Sugars,9588.33644256984,-104.39666286807569
Reducing Sugars,9584.47950913299,-197.92424968079908
Reducing Sugars,9580.62257569615,-208.27927147462006
Reducing Sugars,9576.7656422593,-224.111128212327
Reducing Sugars,9572.90870882245,-90.655020177247323
Reducing Sugars,9569.0517753856,-123.02596952051144
Reducing Sugars,9565.19484194876,-251.26196956193078
Reducing Sugars,9561.33790851191,-425.29014759578456
Reducing Sugars,9557.48097507506,-394.89553085184116
Reducing Sugars,9553.62404163822,-280.93508055982323
Reducing Sugars,9549.76710820137,-313.44871242685434
Reducing Sugars,9545.91017476452,-263.35446055405504
Reducing Sugars,9542.05324132767,-43.214943924865771
Reducing Sugars,9538.19630789083,-26.323055724152269
Reducing Sugars,9534.33937445398,-134.97425246005898
Reducing Sugars,9530.48244101713,-58.931632854462976
Reducing Sugars,9526.62550758028,-17.096499718388475
Reducing Sugars,9522.76857414344,-111.53712703051745
Reducing Sugars,9518.91164070659,-129.48216468150881
Reducing Sugars,9515.05470726974,-179.2346021439779
Reducing Sugars,9511.1977738329,-147.23154529554722
Reducing Sugars,9507.34084039605,-150.70108422790611
Reducing Sugars,9503.4839069592,-51.702397075044118
Reducing Sugars,9499.62697352235,-71.130719286646553
Reducing Sugars,9495.77004008551,-215.79244773718264
Reducing Sugars,9491.91310664866,-189.52089234698155
Reducing Sugars,9488.05617321181,-133.92097200207681
Reducing Sugars,9484.19923977496,-198.09690125635655
Reducing Sugars,9480.34230633812,-91.715615171368796
Reducing Sugars,9476.48537290127,-163.25484343668859
Reducing Sugars,9472.62843946442,-141.09750568711894
Reducing Sugars,9468.77150602758,38.025337482147641
Reducing Sugars,9464.91457259073,-67.377263254128167
Reducing Sugars,9461.05763915388,-255.91706720426086
Reducing Sugars,9457.20070571703,-23.163807233249411
Reducing Sugars,9453.34377228019,-99.917178974639782
Reducing Sugars,9449.48683884334,-242.78352808622174
Reducing Sugars,9445.62990540649,-156.92642577988383
Reducing Sugars,9441.77297196964,-6.7227930599284109
Reducing Sugars,9437.9160385328,-98.309158008576233
Reducing Sugars,9434.05910509595,-199.03098751692141
Reducing Sugars,9430.2021716591,-212.48472750297586
Reducing Sugars,9426.34523822226,-317.10232162655473
Reducing Sugars,9422.48830478541,-250.8909246522183
Reducing Sugars,9418.63137134856,-216.8839472965272
Reducing Sugars,9414.77443791171,-163.44335223864556
Reducing Sugars,9410.91750447487,-10.685379746266266
Reducing Sugars,9407.06057103802,44.677379645759999
Reducing Sugars,9403.20363760117,67.960265514162501
Reducing Sugars,9399.34670416432,41.215527146822296
Reducing Sugars,9395.48977072748,-3.1159757437719859
Reducing Sugars,9391.63283729063,7.2216329064207549
Reducing Sugars,9387.77590385378,39.316572062389589
Reducing Sugars,9383.91897041694,-46.119434355002262
Reducing Sugars,9380.06203698009,-226.28864598461044
Reducing Sugars,9376.20510354324,-264.84009299124506
Reducing Sugars,9372.34817010639,-89.665747956660582
Reducing Sugars,9368.49123666955,-33.115865889735183
Reducing Sugars,9364.6343032327,61.450129419269224
Reducing Sugars,9360.77736979585,119.77613733327448
Reducing Sugars,9356.920436359,77.563068102235405
Reducing Sugars,9353.06350292216,41.353073495028134
Reducing Sugars,9349.20656948531,14.962300941395569
Reducing Sugars,9345.34963604846,2.3229504379316466
Reducing Sugars,9341.49270261162,90.9749699584914
Reducing Sugars,9337.63576917477,149.32518962690131
Reducing Sugars,9333.77883573792,-11.735486262532286
Reducing Sugars,9329.92190230107,-70.994583820630851
Reducing Sugars,9326.06496886423,69.13931945417535
Reducing Sugars,9322.20803542738,-4.6736780248951701
Reducing Sugars,9318.35110199053,-205.98233646612991
Reducing Sugars,9314.49416855368,-139.17210210699918
Reducing Sugars,9310.63723511684,-57.773246232342132
Reducing Sugars,9306.78030167999,-8.9228880012332699
Reducing Sugars,9302.92336824314,34.188554545573268
Reducing Sugars,9299.0664348063,47.002110798981299
Reducing Sugars,9295.20950136945,92.113488238183891
Reducing Sugars,9291.3525679326,233.33735041675919
Reducing Sugars,9287.49563449575,119.53133629833452
Reducing Sugars,9283.63870105891,-41.6678494795907
Reducing Sugars,9279.78176762206,-17.325246990229566
Reducing Sugars,9275.92483418521,41.287456475561697
Reducing Sugars,9272.06790074836,63.399851599953195
Reducing Sugars,9268.21096731152,35.511265541763265
Reducing Sugars,9264.35403387467,112.0584283974591
Reducing Sugars,9260.49710043782,166.3030513481574
Reducing Sugars,9256.64016700098,67.386498480605255
Reducing Sugars,9252.78323356413,84.56835930135982
Reducing Sugars,9248.92630012728,183.0010417614038
Reducing Sugars,9245.06936669043,183.16986713662834
Reducing Sugars,9241.21243325358,187.48865577012418
Reducing Sugars,9237.35549981674,186.22193544894813
Reducing Sugars,9233.49856637989,107.61562873837626
Reducing Sugars,9229.64163294304,-6.7597203068007135
Reducing Sugars,9225.7846995062,3.5710201242209023
Reducing Sugars,9221.92776606935,113.6215605987215
Reducing Sugars,9218.0708326325,142.44815517158716
Reducing Sugars,9214.21389919565,90.607062199513166
Reducing Sugars,9210.35696575881,138.62744930018528
Reducing Sugars,9206.50003232196,155.17462473359046
Reducing Sugars,9202.64309888511,85.63137508642734
Reducing Sugars,9198.78616544826,77.967208147710679
Reducing Sugars,9194.92923201142,142.99696203654395
Reducing Sugars,9191.07229857457,204.91635345304709
Reducing Sugars,9187.21536513772,198.24894374604332
Reducing Sugars,9183.35843170088,269.91917266281695
Reducing Sugars,9179.50149826403,251.36571803305458
Reducing Sugars,9175.64456482718,43.047352180941658
Reducing Sugars,9171.78763139033,84.925495898936163
Reducing Sugars,9167.93069795349,22.58192445596033
Reducing Sugars,9164.07376451664,-78.447039156894647
Reducing Sugars,9160.21683107979,-1.2164819576411883
Reducing Sugars,9156.35989764294,285.10937247889717
Reducing Sugars,9152.5029642061,342.53374350359019
Reducing Sugars,9148.64603076925,188.58773574563014
Reducing Sugars,9144.7890973324,-8.031140506114312
Reducing Sugars,9140.93216389556,-27.633830905086619
Reducing Sugars,9137.07523045871,52.994044937050475
Reducing Sugars,9133.21829702186,127.60158072347684
Reducing Sugars,9129.36136358501,257.53289775329057
Reducing Sugars,9125.50443014817,367.70994492962791
Reducing Sugars,9121.64749671132,345.49001376514184
Reducing Sugars,9117.79056327447,262.21466548981363
Reducing Sugars,9113.93362983762,173.82715751268688
Reducing Sugars,9110.07669640078,120.50064558590273
Reducing Sugars,9106.21976296393,30.162464044023274
Reducing Sugars,9102.36282952708,-3.7868126241413527
Reducing Sugars,9098.50589609024,165.67940132488062
Reducing Sugars,9094.64896265339,156.85036680434581
Reducing Sugars,9090.79202921654,47.150025531452528
Reducing Sugars,9086.93509577969,162.9497149752417
Reducing Sugars,9083.07816234285,136.88266895246369
Reducing Sugars,9079.221228906,45.337616693580351
Reducing Sugars,9075.36429546915,129.14626076380043
Reducing Sugars,9071.5073620323,259.81867451877741
Reducing Sugars,9067.65042859546,226.59409346860107
Reducing Sugars,9063.79349515861,119.90277104412054
Reducing Sugars,9059.93656172176,37.484138199158295
Reducing Sugars,9056.07962828492,50.552410264354798
Reducing Sugars,9052.22269484807,178.06061653988706
Reducing Sugars,9048.36576141122,163.0927067656547
Reducing Sugars,9044.50882797437,108.33827474597031
Reducing Sugars,9040.65189453753,132.92721029691609
Reducing Sugars,9036.79496110068,114.78110264429631
Reducing Sugars,9032.93802766383,35.929425179066577
Reducing Sugars,9029.08109422698,93.262845143762192
Reducing Sugars,9025.22416079014,196.84906178194399
Reducing Sugars,9021.36722735329,86.756430306783017
Reducing Sugars,9017.51029391644,107.13109490032937
Reducing Sugars,9013.6533604796,169.80367993628118
Reducing Sugars,9009.79642704275,174.84500555649493
Reducing Sugars,9005.9394936059,176.8019530860976
Reducing Sugars,9002.08256016905,121.07770153825004
Reducing Sugars,8998.22562673221,-23.917269001404712
Reducing Sugars,8994.36869329536,4.6677686632932955
Reducing Sugars,8990.51175985851,34.444291257264844
Reducing Sugars,8986.65482642166,68.083039045507235
Reducing Sugars,8982.79789298482,38.511640576535903
Reducing Sugars,8978.94095954797,17.955680253403056
Reducing Sugars,8975.08402611112,63.132262400300498
Reducing Sugars,8971.22709267428,5.9021636900082903
Reducing Sugars,8967.37015923743,-56.60089314888392
Reducing Sugars,8963.51322580058,7.5714147624147934
Reducing Sugars,8959.65629236373,59.034361906714501
Reducing Sugars,8955.79935892689,103.43023234947117
Reducing Sugars,8951.94242549004,165.72283728461358
Reducing Sugars,8948.08549205319,208.27154138512495
Reducing Sugars,8944.22855861634,191.44580134540854
Reducing Sugars,8940.3716251795,122.69947328745387
Reducing Sugars,8936.51469174265,100.49450473618037
Reducing Sugars,8932.6577583058,289.64613103092819
Reducing Sugars,8928.80082486896,322.01918489394484
Reducing Sugars,8924.94389143211,119.39241272853927
Reducing Sugars,8921.08695799526,-115.64030950602358
Reducing Sugars,8917.23002455841,-7.1231194094342545
Reducing Sugars,8913.37309112157,149.66396044561577
Reducing Sugars,8909.51615768472,76.215957028193387
Reducing Sugars,8905.65922424787,-12.7278090631956
Reducing Sugars,8901.80229081102,-50.65003793181571
Reducing Sugars,8897.94535737418,-103.76059515783605
Reducing Sugars,8894.08842393733,-19.579941939608226
Reducing Sugars,8890.23149050048,58.821916669972325
Reducing Sugars,8886.37455706364,110.44559057226363
Reducing Sugars,8882.51762362679,85.529193610805336
Reducing Sugars,8878.66069018994,-40.684048311317063
Reducing Sugars,8874.80375675309,-181.02626035061994
Reducing Sugars,8870.94682331625,-213.21456861190089
Reducing Sugars,8867.0898898794,-235.70445275278669
Reducing Sugars,8863.23295644255,-209.69069816173152
Reducing Sugars,8859.3760230057,-180.47211371361308
Reducing Sugars,8855.51908956886,-72.261111022895207
Reducing Sugars,8851.66215613201,-88.374864600786069
Reducing Sugars,8847.80522269516,-189.24940491408333
Reducing Sugars,8843.94828925832,-165.49098894257736
Reducing Sugars,8840.09135582147,-104.36534517205249
Reducing Sugars,8836.23442238462,-90.652388091572732
Reducing Sugars,8832.37748894777,-145.91189361400183
Reducing Sugars,8828.52055551093,-99.505427811999027
Reducing Sugars,8824.66362207408,-12.77124975478255
Reducing Sugars,8820.80668863723,-86.644088710481398
Reducing Sugars,8816.94975520038,-37.4757835224395
Reducing Sugars,8813.09282176354,-67.631713735362823
Reducing Sugars,8809.23588832669,-262.33378606343962
Reducing Sugars,8805.37895488984,-297.2743884390112
Reducing Sugars,8801.522021453,-199.69665044715506
Reducing Sugars,8797.66508801615,-147.47617257289056
Reducing Sugars,8793.8081545793,-158.27645026948906
Reducing Sugars,8789.95122114245,-133.6086412083408
Reducing Sugars,8786.09428770561,-157.3314910385642
Reducing Sugars,8782.23735426876,-208.00319468942411
Reducing Sugars,8778.38042083191,-203.18952259075937
Reducing Sugars,8774.52348739506,-16.139260876511862
Reducing Sugars,8770.66655395822,-40.366771911807241
Reducing Sugars,8766.80962052137,-138.86535496118361
Reducing Sugars,8762.95268708452,-106.06210946209576
Reducing Sugars,8759.09575364767,-218.2274400524195
Reducing Sugars,8755.23882021083,-326.96702476361122
Reducing Sugars,8751.38188677398,-137.10915271921462
Reducing Sugars,8747.52495333713,-63.70079744784325
Reducing Sugars,8743.66801990029,-124.92072249432958
Reducing Sugars,8739.81108646344,-85.3665368793162
Reducing Sugars,8735.95415302659,-132.97782981127111
Reducing Sugars,8732.09721958974,-114.97860632487847
Reducing Sugars,8728.2402861529,-146.51869744857703
Reducing Sugars,8724.38335271605,-164.85048491356164
Reducing Sugars,8720.5264192792,-49.609777522141918
Reducing Sugars,8716.66948584235,-61.326708354489504
Reducing Sugars,8712.81255240551,-145.14446471303114
Reducing Sugars,8708.95561896866,-183.14683426501529
Reducing Sugars,8705.09868553181,-239.09802288926295
Reducing Sugars,8701.24175209497,-218.43818904111649
Reducing Sugars,8697.38481865812,-171.69560384619922
Reducing Sugars,8693.52788522127,-100.04620869572591
Reducing Sugars,8689.67095178442,-187.84367779216862
Reducing Sugars,8685.81401834758,-234.64386615132125
Reducing Sugars,8681.95708491073,-189.52923860293896
Reducing Sugars,8678.10015147388,-154.68943752973624
Reducing Sugars,8674.24321803703,-93.076594933688639
Reducing Sugars,8670.38628460019,49.885059815004858
Reducing Sugars,8666.52935116334,158.71947096890511
Reducing Sugars,8662.67241772649,26.272143117326642
Reducing Sugars,8658.81548428965,26.58009920583218
Reducing Sugars,8654.9585508528,113.02078887846631
Reducing Sugars,8651.10161741595,20.645609392253032
Reducing Sugars,8647.2446839791,-21.962004377542705
Reducing Sugars,8643.38775054226,45.908721589414768
Reducing Sugars,8639.53081710541,75.965469195612982
Reducing Sugars,8635.67388366856,60.963750151232425
Reducing Sugars,8631.81695023171,75.280318476678943
Reducing Sugars,8627.96001679487,-98.072721490246792
Reducing Sugars,8624.10308335802,-194.01674909202455
Reducing Sugars,8620.24614992117,-96.137797862175404
Reducing Sugars,8616.38921648433,-60.196685794388962
Reducing Sugars,8612.53228304748,-148.42301014298087
Reducing Sugars,8608.67534961063,-29.556740805378389
Reducing Sugars,8604.81841617378,110.15426555419931
Reducing Sugars,8600.96148273694,139.22720495299535
Reducing Sugars,8597.10454930009,136.6489779524596
Reducing Sugars,8593.24761586324,29.719946279249825
Reducing Sugars,8589.39068242639,-212.27844775891609
Reducing Sugars,8585.53374898955,-155.27181359913348
Reducing Sugars,8581.6768155527,35.47563276669689
Reducing Sugars,8577.81988211585,73.554842907537378
Reducing Sugars,8573.96294867901,31.360597592296504
Reducing Sugars,8570.10601524216,82.75872965370398
Reducing Sugars,8566.24908180531,83.939034211177983
Reducing Sugars,8562.39214836846,125.05130704242956
Reducing Sugars,8558.53521493162,44.993383186865032
Reducing Sugars,8554.67828149477,47.672937237577379
Reducing Sugars,8550.82134805792,-50.940775611441033
Reducing Sugars,8546.96441462107,-85.916016509543979
Reducing Sugars,8543.10748118423,-51.838665236960182
Reducing Sugars,8539.25054774738,19.630951281483618
Reducing Sugars,8535.39361431053,58.363895321317052
Reducing Sugars,8531.53668087368,119.9285294283814
Reducing Sugars,8527.67974743684,38.859079986357223
Reducing Sugars,8523.82281399999,-110.88553568925333
Reducing Sugars,8519.96588056314,-151.37285265582523
Reducing Sugars,8516.1089471263,-3.4926752177022409
Reducing Sugars,8512.25201368945,-52.771394397041533
Reducing Sugars,8508.3950802526,23.79200935922001
Reducing Sugars,8504.53814681575,109.19014935819952
Reducing Sugars,8500.68121337891,19.843057967080195
Reducing Sugars,8496.82427994206,-20.628959887167198
Reducing Sugars,8492.96734650521,-40.965948164138076
Reducing Sugars,8489.11041306836,-114.37550476263529
Reducing Sugars,8485.25347963152,-321.39255831957985
Reducing Sugars,8481.39654619467,-364.20988239427851
Reducing Sugars,8477.53961275782,-148.06436517218248
Reducing Sugars,8473.68267932098,-67.157567031966138
Reducing Sugars,8469.82574588413,-106.28183396068759
Reducing Sugars,8465.96881244728,21.655614251264808
Reducing Sugars,8462.11187901043,147.87838974961744
Reducing Sugars,8458.25494557359,-34.02029942405705
Reducing Sugars,8454.39801213674,-190.03768755701387
Reducing Sugars,8450.54107869989,-33.911970866750771
Reducing Sugars,8446.68414526304,94.797554162485454
Reducing Sugars,8442.8272118262,136.09967243113496
Reducing Sugars,8438.97027838935,6.8542196844609293
Reducing Sugars,8435.1133449525,-18.361650268678446
Reducing Sugars,8431.25641151566,20.919033920688914
Reducing Sugars,8427.39947807881,-201.55308901500069
Reducing Sugars,8423.54254464196,-143.90590099614025
Reducing Sugars,8419.68561120511,79.133772470739373
Reducing Sugars,8415.82867776827,210.74482683091739
Reducing Sugars,8411.97174433142,170.11396934300021
Reducing Sugars,8408.11481089457,72.62567422466303
Reducing Sugars,8404.25787745772,-146.9168691545014
Reducing Sugars,8400.40094402088,-75.594588494106517
Reducing Sugars,8396.54401058403,-25.915421577811824
Reducing Sugars,8392.68707714718,48.531392468429921
Reducing Sugars,8388.83014371034,301.21106207442978
Reducing Sugars,8384.97321027349,450.26948444991922
Reducing Sugars,8381.11627683664,155.72346146640209
Reducing Sugars,8377.25934339979,27.86001093586361
Reducing Sugars,8373.40240996295,121.09070911823055
Reducing Sugars,8369.5454765261,94.772800715808231
Reducing Sugars,8365.68854308925,9.2394342939256244
Reducing Sugars,8361.8316096524,13.317099304356896
Reducing Sugars,8357.97467621556,57.704914241833031
Reducing Sugars,8354.11774277871,190.57920666612333
Reducing Sugars,8350.26080934186,225.74036652334757
Reducing Sugars,8346.40387590502,172.07061679018304
Reducing Sugars,8342.54694246817,56.860290908496061
Reducing Sugars,8338.69000903132,67.645880656018733
Reducing Sugars,8334.83307559447,116.55635096670133
Reducing Sugars,8330.97614215763,122.71725788256155
Reducing Sugars,8327.11920872078,271.35235773435278
Reducing Sugars,8323.26227528393,392.80758600554753
Reducing Sugars,8319.40534184708,262.67880051005602
Reducing Sugars,8315.54840841024,222.46712388281443
Reducing Sugars,8311.69147497339,196.05866806862213
Reducing Sugars,8307.83454153654,70.196019618211082
Reducing Sugars,8303.97760809969,-25.957082768866545
Reducing Sugars,8300.12067466285,43.017552773354552
Reducing Sugars,8296.263741226,3.5894566117302658
Reducing Sugars,8292.40680778915,44.092969482089487
Reducing Sugars,8288.54987435231,176.00155539347807
Reducing Sugars,8284.69294091546,243.23957012741266
Reducing Sugars,8280.83600747861,192.99496667444498
Reducing Sugars,8276.97907404176,251.67207723808016
Reducing Sugars,8273.12214060492,187.46337403239059
Reducing Sugars,8269.26520716807,207.48352687576954
Reducing Sugars,8265.40827373122,218.73260319900763
Reducing Sugars,8261.55134029437,106.85199503838219
Reducing Sugars,8257.69440685753,-97.390967356965731
Reducing Sugars,8253.83747342068,-229.58516511342123
Reducing Sugars,8249.98053998383,-85.492234310887824
Reducing Sugars,8246.12360654699,31.040438366053671
Reducing Sugars,8242.26667311014,-21.207325201599328
Reducing Sugars,8238.40973967329,-150.6926249903093
Reducing Sugars,8234.55280623644,-95.125771291917644
Reducing Sugars,8230.6958727996,141.6365180840252
Reducing Sugars,8226.83893936275,-5.6824308956202882
Reducing Sugars,8222.9820059259,-192.56240827495412
Reducing Sugars,8219.12507248905,-107.49395067897937
Reducing Sugars,8215.26813905221,91.488203275438295
Reducing Sugars,8211.41120561536,66.025862356164922
Reducing Sugars,8207.55427217851,27.813337710875548
Reducing Sugars,8203.69733874167,-104.55857146003051
Reducing Sugars,8199.84040530482,-140.72320644761183
Reducing Sugars,8195.98347186797,-138.11995406984568
Reducing Sugars,8192.12653843112,-56.535474913520375
Reducing Sugars,8188.26960499428,-40.971036934802086
Reducing Sugars,8184.41267155743,-58.58209556952098
Reducing Sugars,8180.55573812058,-1.7020777881302391
Reducing Sugars,8176.69880468373,47.753884026738504
Reducing Sugars,8172.84187124689,-96.985396625878295
Reducing Sugars,8168.98493781004,-122.0297987473859
Reducing Sugars,8165.12800437319,76.986892672305814
Reducing Sugars,8161.27107093635,34.357566053034063
Reducing Sugars,8157.4141374995,-19.352893661849009
Reducing Sugars,8153.55720406265,11.464988699346991
Reducing Sugars,8149.7002706258,-25.899727964244637
Reducing Sugars,8145.84333718896,12.801459082569036
Reducing Sugars,8141.98640375211,-124.1761342867065
Reducing Sugars,8138.12947031526,2.3594945207958911
Reducing Sugars,8134.27253687841,93.059130496833589
Reducing Sugars,8130.41560344157,67.626386416519381
Reducing Sugars,8126.55867000472,-45.774501755364057
Reducing Sugars,8122.70173656787,-114.68279762961494
Reducing Sugars,8118.84480313103,-92.606647459709166
Reducing Sugars,8114.98786969418,-116.446242792232
Reducing Sugars,8111.13093625733,-149.63298290857276
Reducing Sugars,8107.27400282048,-78.978345249702045
Reducing Sugars,8103.41706938364,-43.120773897914994
Reducing Sugars,8099.56013594679,23.102597870838878
Reducing Sugars,8095.70320250994,-71.339966670650654
Reducing Sugars,8091.84626907309,-10.753378460746998
Reducing Sugars,8087.98933563625,-106.40889311451762
Reducing Sugars,8084.1324021994,-88.929528751761765
Reducing Sugars,8080.27546876255,-11.690571555574547
Reducing Sugars,8076.41853532571,19.458712377521167
Reducing Sugars,8072.56160188886,-114.76332528431956
Reducing Sugars,8068.70466845201,-40.479529688838554
Reducing Sugars,8064.84773501516,78.016133355238097
Reducing Sugars,8060.99080157832,89.364122877697085
Reducing Sugars,8057.13386814147,27.928253829036464
Reducing Sugars,8053.27693470462,-33.657521027630473
Reducing Sugars,8049.42000126777,-145.3366543996674
Reducing Sugars,8045.56306783093,-208.34940704666406
Reducing Sugars,8041.70613439408,-66.949956315104217
Reducing Sugars,8037.84920095723,-15.442991386068359
Reducing Sugars,8033.99226752039,-196.33834400555008
Reducing Sugars,8030.13533408354,-203.20839525479059
Reducing Sugars,8026.27840064669,-41.76355503753998
Reducing Sugars,8022.42146720984,39.676130869469745
Reducing Sugars,8018.564533773,25.132909695021524
Reducing Sugars,8014.70760033615,-44.798425572561108
Reducing Sugars,8010.8506668993,-147.24238285757426
Reducing Sugars,8006.99373346245,-108.8907846865349
Reducing Sugars,8003.13680002561,-117.894944124795
Reducing Sugars,7999.27986658876,-137.59423117223847
Reducing Sugars,7995.42293315191,-149.7537366654648
Reducing Sugars,7991.56599971507,-205.0355355220014
Reducing Sugars,7987.70906627822,-108.63103058987762
Reducing Sugars,7983.85213284137,-28.494875563543264
Reducing Sugars,7979.99519940452,-24.842100675820486
Reducing Sugars,7976.13826596768,-10.46178932525941
Reducing Sugars,7972.28133253083,-144.94274672025449
Reducing Sugars,7968.42439909398,-196.639878829049
Reducing Sugars,7964.56746565713,-132.63676650542843
Reducing Sugars,7960.71053222029,-213.58974126734964
Reducing Sugars,7956.85359878344,-190.75383107403923
Reducing Sugars,7952.99666534659,-8.7853359006067979
Reducing Sugars,7949.13973190975,87.905866959057334
Reducing Sugars,7945.2827984729,25.656777935023751
Reducing Sugars,7941.42586503605,-67.160946125031728
Reducing Sugars,7937.5689315992,-89.669188144137181
Reducing Sugars,7933.71199816236,-122.03793970949542
Reducing Sugars,7929.85506472551,-118.15868906738451
Reducing Sugars,7925.99813128866,-105.42018307769207
Reducing Sugars,7922.14119785181,-12.73700388866969
Reducing Sugars,7918.28426441497,-51.789790570664401
Reducing Sugars,7914.42733097812,-40.977221072085918
Reducing Sugars,7910.57039754127,-108.72424332703577
Reducing Sugars,7906.71346410443,-182.3419606018102
Reducing Sugars,7902.85653066758,-149.18556966772243
Reducing Sugars,7898.99959723073,-62.055842623433477
Reducing Sugars,7895.14266379388,17.0280477021868
Reducing Sugars,7891.28573035704,59.966823599346768
Reducing Sugars,7887.42879692019,-54.395925590630924
Reducing Sugars,7883.57186348334,-157.47962041382252
Reducing Sugars,7879.71493004649,-198.72664453873611
Reducing Sugars,7875.85799660965,-54.950088031634522
Reducing Sugars,7872.0010631728,-91.495584600866408
Reducing Sugars,7868.14412973595,-101.62757261413044
Reducing Sugars,7864.28719629911,-57.010982456986028
Reducing Sugars,7860.43026286226,-45.015661076642942
Reducing Sugars,7856.57332942541,-36.943508573397644
Reducing Sugars,7852.71639598856,77.340918160809636
Reducing Sugars,7848.85946255172,167.0491665075055
Reducing Sugars,7845.00252911487,43.553228127635919
Reducing Sugars,7841.14559567802,-190.69407902082065
Reducing Sugars,7837.28866224117,-230.80930283296749
Reducing Sugars,7833.43172880433,-174.39725619498765
Reducing Sugars,7829.57479536748,-50.123632426389591
Reducing Sugars,7825.71786193063,36.22216032437899
Reducing Sugars,7821.86092849379,6.2903738110736498
Reducing Sugars,7818.00399505694,-39.918643052709406
Reducing Sugars,7814.14706162009,19.756084302488382
Reducing Sugars,7810.29012818324,-45.558077557547072
Reducing Sugars,7806.4331947464,-45.958153942051389
Reducing Sugars,7802.57626130955,76.158976844239064
Reducing Sugars,7798.7193278727,78.646148555152237
Reducing Sugars,7794.86239443585,40.100874163084598
Reducing Sugars,7791.00546099901,26.979678742478757
Reducing Sugars,7787.14852756216,8.0779077095769765
Reducing Sugars,7783.29159412531,-50.85802894419529
Reducing Sugars,7779.43466068847,-72.621714137555585
Reducing Sugars,7775.57772725162,10.932189383181903
Reducing Sugars,7771.72079381477,45.125722829335494
Reducing Sugars,7767.86386037792,77.414506099573344
Reducing Sugars,7764.00692694107,65.056823433145567
Reducing Sugars,7760.14999350423,-56.559333510558744
Reducing Sugars,7756.29306006738,-79.371336334633099
Reducing Sugars,7752.43612663053,-1.6205660948748775
Reducing Sugars,7748.57919319369,82.288697036757256
Reducing Sugars,7744.72225975684,94.170407063348122
Reducing Sugars,7740.86532631999,-85.534537982833626
Reducing Sugars,7737.00839288315,-136.23871342696367
Reducing Sugars,7733.1514594463,-61.886477322046339
Reducing Sugars,7729.29452600945,43.151968638963695
Reducing Sugars,7725.4375925726,127.90940892228983
Reducing Sugars,7721.58065913575,137.42970081061307
Reducing Sugars,7717.72372569891,10.093766495967417
Reducing Sugars,7713.86679226206,17.593106278200199
Reducing Sugars,7710.00985882521,55.903428536396547
Reducing Sugars,7706.15292538837,5.6302962308671685
Reducing Sugars,7702.29599195152,-88.635197045423126
Reducing Sugars,7698.43905851467,-21.218785489488866
Reducing Sugars,7694.58212507782,5.8282721535737885
Reducing Sugars,7690.72519164098,-85.245875670114458
Reducing Sugars,7686.86825820413,-158.78403452153043
Reducing Sugars,7683.01132476728,-56.210527629859989
Reducing Sugars,7679.15439133043,13.535143420057073
Reducing Sugars,7675.29745789359,70.974085469272566
Reducing Sugars,7671.44052445674,25.514078096281271
Reducing Sugars,7667.58359101989,21.71387811314732
Reducing Sugars,7663.72665758305,12.738870940995074
Reducing Sugars,7659.8697241462,-21.054107191168765
Reducing Sugars,7656.01279070935,3.4467220589753729
Reducing Sugars,7652.1558572725,111.56087164306395
Reducing Sugars,7648.29892383566,105.97109922901889
Reducing Sugars,7644.44199039881,-57.478225158787524
Reducing Sugars,7640.58505696196,-109.23972025134134
Reducing Sugars,7636.72812352511,-29.131366555403787
Reducing Sugars,7632.87119008827,18.422374344371303
Reducing Sugars,7629.01425665142,-1.0411635450685426
Reducing Sugars,7625.15732321457,-75.388262287867022
Reducing Sugars,7621.30038977773,5.965379992278165
Reducing Sugars,7617.44345634088,27.981195640799868
Reducing Sugars,7613.58652290403,13.2018330665537
Reducing Sugars,7609.72958946718,-45.096276164504474
Reducing Sugars,7605.87265603034,-58.500359830365703
Reducing Sugars,7602.01572259349,-81.669536915037909
Reducing Sugars,7598.15878915664,-54.691777686903997
Reducing Sugars,7594.30185571979,-25.85135454611088
Reducing Sugars,7590.44492228295,95.505690526108154
Reducing Sugars,7586.5879888461,120.70909321331797
Reducing Sugars,7582.73105540925,78.609044206318188
Reducing Sugars,7578.87412197241,65.06592823403173
Reducing Sugars,7575.01718853556,52.083279184808724
Reducing Sugars,7571.16025509871,-9.1782519492225312
Reducing Sugars,7567.30332166186,-59.952879348246682
Reducing Sugars,7563.44638822502,20.693871842516774
Reducing Sugars,7559.58945478817,120.21001598749032
Reducing Sugars,7555.73252135132,136.66900206017507
Reducing Sugars,7551.87558791447,39.820367734248897
Reducing Sugars,7548.01865447763,5.8855520800631425
Reducing Sugars,7544.16172104078,-36.391684552940283
Reducing Sugars,7540.30478760393,-64.519979820655124
Reducing Sugars,7536.44785416709,85.519301796587996
Reducing Sugars,7532.59092073024,114.96775967558
Reducing Sugars,7528.73398729339,56.171673099961232
Reducing Sugars,7524.87705385654,16.82585178144415
Reducing Sugars,7521.0201204197,106.55772420790507
Reducing Sugars,7517.16318698285,107.42915653057646
Reducing Sugars,7513.306253546,81.196345614271522
Reducing Sugars,7509.44932010915,101.68676915415654
Reducing Sugars,7505.59238667231,207.00344547932681
Reducing Sugars,7501.73545323546,238.77063840924546
Reducing Sugars,7497.87851979861,261.14645409592055
Reducing Sugars,7494.02158636177,180.16474756188759
Reducing Sugars,7490.16465292492,106.61747586980063
Reducing Sugars,7486.30771948807,51.92630235882632
Reducing Sugars,7482.45078605122,110.7967558168998
Reducing Sugars,7478.59385261438,141.63335308757465
Reducing Sugars,7474.73691917753,56.283459307870096
Reducing Sugars,7470.87998574068,58.586001810344513
Reducing Sugars,7467.02305230383,204.5379575379701
Reducing Sugars,7463.16611886699,75.284788633282929
Reducing Sugars,7459.30918543014,56.008499849489098
Reducing Sugars,7455.45225199329,141.98129703555165
Reducing Sugars,7451.59531855645,168.6424124558867
Reducing Sugars,7447.7383851196,85.668034800091064
Reducing Sugars,7443.88145168275,1.0740576445609622
Reducing Sugars,7440.0245182459,25.888530456665361
Reducing Sugars,7436.16758480906,107.85635659568408
Reducing Sugars,7432.31065137221,141.14476618250822
Reducing Sugars,7428.45371793536,206.47425570074938
Reducing Sugars,7424.59678449851,62.122159749901655
Reducing Sugars,7420.73985106167,28.218055798453115
Reducing Sugars,7416.88291762482,180.85968874375948
Reducing Sugars,7413.02598418797,108.4251672806713
Reducing Sugars,7409.16905075113,53.479067777452826
Reducing Sugars,7405.31211731428,31.237323548032062
Reducing Sugars,7401.45518387743,-29.802998999211916
Reducing Sugars,7397.59825044058,25.720120725635656
Reducing Sugars,7393.74131700374,-27.551123217765625
Reducing Sugars,7389.88438356689,43.432034951989465
Reducing Sugars,7386.02745013004,131.50522054955761
Reducing Sugars,7382.17051669319,204.9827932455637
Reducing Sugars,7378.31358325635,22.047379110649345
Reducing Sugars,7374.4566498195,117.25269756445216
Reducing Sugars,7370.59971638265,176.67062085540911
Reducing Sugars,7366.74278294581,-72.139800172770819
Reducing Sugars,7362.88584950896,-17.459781471378914
Reducing Sugars,7359.02891607211,179.18545027341108
Reducing Sugars,7355.17198263526,191.44501466567854
Reducing Sugars,7351.31504919842,-27.688317373301413
Reducing Sugars,7347.45811576157,-112.37744704396775
Reducing Sugars,7343.60118232472,-120.59456953569044
Reducing Sugars,7339.74424888787,-207.89336633865102
Reducing Sugars,7335.88731545103,-103.64507886946535
Reducing Sugars,7332.03038201418,-121.33211829112349
Reducing Sugars,7328.17344857733,-75.090365118084236
Reducing Sugars,7324.31651514049,-44.047695228338817
Reducing Sugars,7320.45958170364,-78.110956262477359
Reducing Sugars,7316.60264826679,39.590918378139406
Reducing Sugars,7312.74571482994,86.964411760209032
Reducing Sugars,7308.8887813931,-200.05354459695556
Reducing Sugars,7305.03184795625,-265.8729640579013
Reducing Sugars,7301.1749145194,-158.91813750878433
Reducing Sugars,7297.31798108255,-271.16438794590033
Reducing Sugars,7293.46104764571,-183.79430363442947
Reducing Sugars,7289.60411420886,-12.625750184566058
Reducing Sugars,7285.74718077201,174.44246431941158
Reducing Sugars,7281.89024733516,318.85440103334838
Reducing Sugars,7278.03331389832,120.58376396379182
Reducing Sugars,7274.17638046147,157.91768238410646
Reducing Sugars,7270.31944702462,155.98132334014139
Reducing Sugars,7266.46251358778,162.46757604262001
Reducing Sugars,7262.60558015093,124.9050994779234
Reducing Sugars,7258.74864671408,116.13833578001743
Reducing Sugars,7254.89171327723,168.98689250257542
Reducing Sugars,7251.03477984039,302.12225369304588
Reducing Sugars,7247.17784640354,136.25942522357332
Reducing Sugars,7243.32091296669,-131.61128109243532
Reducing Sugars,7239.46397952984,-131.74183720974722
Reducing Sugars,7235.607046093,-3.6941366104124915
Reducing Sugars,7231.75011265615,27.983412274885854
Reducing Sugars,7227.8931792193,-239.22133167245872
Reducing Sugars,7224.03624578246,-378.97198498251794
Reducing Sugars,7220.17931234561,-149.90077157729795
Reducing Sugars,7216.32237890876,62.506478932260023
Reducing Sugars,7212.46544547191,245.95920364137766
Reducing Sugars,7208.60851203507,111.72708683804534
Reducing Sugars,7204.75157859822,-2.430308166370188
Reducing Sugars,7200.89464516137,-94.302216226342793
Reducing Sugars,7197.03771172452,-95.873069990482648
Reducing Sugars,7193.18077828768,-79.836924187004982
Reducing Sugars,7189.32384485083,-96.664197309748573
Reducing Sugars,7185.46691141398,-127.33022799263004
Reducing Sugars,7181.60997797714,-210.84179641185443
Reducing Sugars,7177.75304454029,-128.9251392280199
Reducing Sugars,7173.89611110344,3.2722392430938605
Reducing Sugars,7170.03917766659,21.490775631929552
Reducing Sugars,7166.18224422975,140.08250109637339
Reducing Sugars,7162.3253107929,-10.107367578477707
Reducing Sugars,7158.46837735605,-199.1261107198109
Reducing Sugars,7154.6114439192,-230.98623588585235
Reducing Sugars,7150.75451048236,-141.65042373676104
Reducing Sugars,7146.89757704551,-41.527696186065086
Reducing Sugars,7143.04064360866,36.905712689773267
Reducing Sugars,7139.18371017182,5.3152418986864092
Reducing Sugars,7135.32677673497,-250.00401060176577
Reducing Sugars,7131.46984329812,-325.80014304419706
Reducing Sugars,7127.61290986127,-132.5268072423292
Reducing Sugars,7123.75597642443,-1.6972905312010689
Reducing Sugars,7119.89904298758,38.957116720234772
Reducing Sugars,7116.04210955073,-101.77878794168552
Reducing Sugars,7112.18517611388,-68.159155276312475
Reducing Sugars,7108.32824267704,41.256785328408043
Reducing Sugars,7104.47130924019,45.987473472822856
Reducing Sugars,7100.61437580334,-7.7388348327058711
Reducing Sugars,7096.7574423665,-11.764037933311636
Reducing Sugars,7092.90050892965,-126.10538906034914
Reducing Sugars,7089.0435754928,-52.466390530007324
Reducing Sugars,7085.18664205595,62.950172947975773
Reducing Sugars,7081.32970861911,60.392172879808768
Reducing Sugars,7077.47277518226,-42.348035749453409
Reducing Sugars,7073.61584174541,157.90037822750082
Reducing Sugars,7069.75890830856,219.53758376681662
Reducing Sugars,7065.90197487172,87.766758530611426
Reducing Sugars,7062.04504143487,-33.826143610460946
Reducing Sugars,7058.18810799802,19.383831972377667
Reducing Sugars,7054.33117456117,48.073839788766435
Reducing Sugars,7050.47424112433,41.170294297136365
Reducing Sugars,7046.61730768748,67.591180297066941
Reducing Sugars,7042.76037425063,40.435794964064748
Reducing Sugars,7038.90344081379,-41.16443332982783
Reducing Sugars,7035.04650737694,57.798255367643108
Reducing Sugars,7031.18957394009,35.986314295466762
Reducing Sugars,7027.33264050324,50.974975318550214
Reducing Sugars,7023.4757070664,72.02877306421199
Reducing Sugars,7019.61877362955,79.657400947908869
Reducing Sugars,7015.7618401927,96.447088450271579
Reducing Sugars,7011.90490675585,82.871933671481372
Reducing Sugars,7008.04797331901,3.2519617694646272
Reducing Sugars,7004.19103988216,9.3855072653032448
Reducing Sugars,7000.33410644531,9.3261059740871168
Reducing Sugars,6996.47717300847,40.696473843154891
Reducing Sugars,6992.62023957162,59.916815846190531
Reducing Sugars,6988.76330613477,102.44068988034174
Reducing Sugars,6984.90637269792,79.958507563807458
Reducing Sugars,6981.04943926108,42.915549866838901
Reducing Sugars,6977.19250582423,56.55994130017924
Reducing Sugars,6973.33557238738,79.229163438025424
Reducing Sugars,6969.47863895053,61.61760907925305
Reducing Sugars,6965.62170551369,67.267014177155005
Reducing Sugars,6961.76477207684,53.040506154823746
Reducing Sugars,6957.90783863999,42.443558621091505
Reducing Sugars,6954.05090520315,-18.968188807914839
Reducing Sugars,6950.1939717663,-26.870257178815844
Reducing Sugars,6946.33703832945,18.443003388404996
Reducing Sugars,6942.4801048926,56.456393129761494
Reducing Sugars,6938.62317145576,38.492199153108878
Reducing Sugars,6934.76623801891,8.167765251352888
Reducing Sugars,6930.90930458206,-5.1313065255857166
Reducing Sugars,6927.05237114521,-29.946623534372097
Reducing Sugars,6923.19543770837,-25.363990843533546
Reducing Sugars,6919.33850427152,-4.9247285464106731
Reducing Sugars,6915.48157083467,-83.999826150730868
Reducing Sugars,6911.62463739783,-47.129874384294013
Reducing Sugars,6907.76770396098,35.780877521901935
Reducing Sugars,6903.91077052413,13.17772393006886
Reducing Sugars,6900.05383708728,-48.075651937321211
Reducing Sugars,6896.19690365044,-17.949040667372355
Reducing Sugars,6892.33997021359,-26.373785857666544
Reducing Sugars,6888.48303677674,-42.5768573038536
Reducing Sugars,6884.62610333989,-70.909512274699836
Reducing Sugars,6880.76916990305,-46.149861945302369
Reducing Sugars,6876.9122364662,-39.987192437181278
Reducing Sugars,6873.05530302935,-28.425906719138581
Reducing Sugars,6869.19836959251,-16.079921367949751
Reducing Sugars,6865.34143615566,12.947525424566004
Reducing Sugars,6861.48450271881,-10.872529742854999
Reducing Sugars,6857.62756928196,-34.615614726220137
Reducing Sugars,6853.77063584512,-51.730822019618984
Reducing Sugars,6849.91370240827,-56.593069235792953
Reducing Sugars,6846.05676897142,-42.38635911430729
Reducing Sugars,6842.19983553457,-34.160870294529076
Reducing Sugars,6838.34290209773,-48.396862790449177
Reducing Sugars,6834.48596866088,-28.532909984445105
Reducing Sugars,6830.62903522403,-3.0471059295562339
Reducing Sugars,6826.77210178718,10.011271896192209
Reducing Sugars,6822.91516835034,-27.066281586364408
Reducing Sugars,6819.05823491349,-52.61451340478515
Reducing Sugars,6815.20130147664,-9.0344736355936828
Reducing Sugars,6811.3443680398,-13.783900329984906
Reducing Sugars,6807.48743460295,-37.848145719168322
Reducing Sugars,6803.6305011661,-13.778231264237952
Reducing Sugars,6799.77356772925,-18.006165579954168
Reducing Sugars,6795.91663429241,-5.2915088305227558
Reducing Sugars,6792.05970085556,-34.851789864001162
Reducing Sugars,6788.20276741871,-45.674881634795284
Reducing Sugars,6784.34583398186,-41.024492577563088
Reducing Sugars,6780.48890054502,-33.825496337439048
Reducing Sugars,6776.63196710817,-60.653262345807228
Reducing Sugars,6772.77503367132,-28.070366102004822
Reducing Sugars,6768.91810023448,-7.7087161015063925
Reducing Sugars,6765.06116679763,17.349300677641939
Reducing Sugars,6761.20423336078,1.0603745730062886
Reducing Sugars,6757.34729992393,24.543721847422322
Reducing Sugars,6753.49036648709,48.338661624644153
Reducing Sugars,6749.63343305024,32.64442046012158
Reducing Sugars,6745.77649961339,-0.97278501287581387
Reducing Sugars,6741.91956617654,32.948349505889304
Reducing Sugars,6738.0626327397,44.277727161424608
Reducing Sugars,6734.20569930285,12.706672570353552
Reducing Sugars,6730.348765866,3.5171394904212798
Reducing Sugars,6726.49183242916,56.192967465052888
Reducing Sugars,6722.63489899231,82.939845915804611
Reducing Sugars,6718.77796555546,84.888726019407457
Reducing Sugars,6714.92103211861,60.882871343208471
Reducing Sugars,6711.06409868177,61.543775199900985
Reducing Sugars,6707.20716524492,45.564496097477161
Reducing Sugars,6703.35023180807,37.507285528321162
Reducing Sugars,6699.49329837122,11.20097141639369
Reducing Sugars,6695.63636493438,23.982803459578573
Reducing Sugars,6691.77943149753,80.048839018214807
Reducing Sugars,6687.92249806068,76.857575585797193
Reducing Sugars,6684.06556462384,55.124256182070638
Reducing Sugars,6680.20863118699,47.215122359022935
Reducing Sugars,6676.35169775014,1.4638089140797592
Reducing Sugars,6672.49476431329,47.066812861082695
Reducing Sugars,6668.63783087645,74.577838827447678
Reducing Sugars,6664.7808974396,92.860480024182749
Reducing Sugars,6660.92396400275,66.483784703169505
Reducing Sugars,6657.0670305659,90.161383600166189
Reducing Sugars,6653.21009712906,130.90607875586997
Reducing Sugars,6649.35316369221,112.77469013113574
Reducing Sugars,6645.49623025536,42.896683004658414
Reducing Sugars,6641.63929681852,30.128538427550566
Reducing Sugars,6637.78236338167,28.95938613752288
Reducing Sugars,6633.92542994482,56.610460486373917
Reducing Sugars,6630.06849650797,57.813952210744375
Reducing Sugars,6626.21156307113,63.592936296452081
Reducing Sugars,6622.35462963428,51.287704147615059
Reducing Sugars,6618.49769619743,21.372946770512751
Reducing Sugars,6614.64076276058,13.312896809679135
Reducing Sugars,6610.78382932374,11.155197707090508
Reducing Sugars,6606.92689588689,9.254544067347684
Reducing Sugars,6603.06996245004,31.940425993309983
Reducing Sugars,6599.2130290132,12.500447910391523
Reducing Sugars,6595.35609557635,15.222574759289207
Reducing Sugars,6591.4991621395,49.51011639522995
Reducing Sugars,6587.64222870265,32.309725559131799
Reducing Sugars,6583.78529526581,20.477574389032856
Reducing Sugars,6579.92836182896,29.144060265021576
Reducing Sugars,6576.07142839211,46.887793993592588
Reducing Sugars,6572.21449495526,33.103270124277316
Reducing Sugars,6568.35756151842,-3.3562297917079813
Reducing Sugars,6564.50062808157,-31.939589017544449
Reducing Sugars,6560.64369464472,26.980301841169567
Reducing Sugars,6556.78676120788,26.7866229013609
Reducing Sugars,6552.92982777103,-28.668286249412883
Reducing Sugars,6549.07289433418,-38.041389165069809
Reducing Sugars,6545.21596089733,-21.667150811336302
Reducing Sugars,6541.35902746049,11.997704245777872
Reducing Sugars,6537.50209402364,-8.4337607213444574
Reducing Sugars,6533.64516058679,-0.91538157678136889
Reducing Sugars,6529.78822714994,34.120766410672012
Reducing Sugars,6525.9312937131,27.817350595194792
Reducing Sugars,6522.07436027625,5.3860917543918303
Reducing Sugars,6518.2174268394,-4.3473936186795052
Reducing Sugars,6514.36049340256,-26.4153720188914
Reducing Sugars,6510.50355996571,-38.81107153869732
Reducing Sugars,6506.64662652886,-7.4054627683500938
Reducing Sugars,6502.78969309201,7.5880052611362947
Reducing Sugars,6498.93275965517,-7.2808119346048645
Reducing Sugars,6495.07582621832,-29.074885125529512
Reducing Sugars,6491.21889278147,-26.030141063077902
Reducing Sugars,6487.36195934462,-48.852734905582537
Reducing Sugars,6483.50502590778,-103.75276449797632
Reducing Sugars,6479.64809247093,-122.87320782820406
Reducing Sugars,6475.79115903408,-103.44891344953857
Reducing Sugars,6471.93422559724,-86.799498805675327
Reducing Sugars,6468.07729216039,-56.696949384144631
Reducing Sugars,6464.22035872354,-28.707934669558504
Reducing Sugars,6460.36342528669,-58.357573342694252
Reducing Sugars,6456.50649184985,-78.401556052153708
Reducing Sugars,6452.649558413,-63.271925289134096
Reducing Sugars,6448.79262497615,-92.194739302039466
Reducing Sugars,6444.9356915393,-72.217217549050005
Reducing Sugars,6441.07875810246,-1.2117549736268476
Reducing Sugars,6437.22182466561,-9.0845592267509367
Reducing Sugars,6433.36489122876,-9.9751381004640276
Reducing Sugars,6429.50795779192,-44.047535120266517
Reducing Sugars,6425.65102435507,-66.088785981669702
Reducing Sugars,6421.79409091822,-42.164126842480876
Reducing Sugars,6417.93715748137,-56.591976749552401
Reducing Sugars,6414.08022404453,-49.836286548427921
Reducing Sugars,6410.22329060768,-25.165600722408229
Reducing Sugars,6406.36635717083,-26.122291885559502
Reducing Sugars,6402.50942373398,-46.387734230919214
Reducing Sugars,6398.65249029714,-45.045107046473227
Reducing Sugars,6394.79555686029,-30.450260918343364
Reducing Sugars,6390.93862342344,-27.574093542127084
Reducing Sugars,6387.08168998659,6.2097760233689439
Reducing Sugars,6383.22475654975,-19.951143981355877
Reducing Sugars,6379.3678231129,-83.677062601613869
Reducing Sugars,6375.51088967605,-69.210078599699131
Reducing Sugars,6371.6539562392,-31.935059020137238
Reducing Sugars,6367.79702280236,-39.333684389086258
Reducing Sugars,6363.94008936551,-50.511703870908669
Reducing Sugars,6360.08315592866,7.2463660930791463
Reducing Sugars,6356.22622249182,11.963842069678687
Reducing Sugars,6352.36928905497,-20.651453358830157
Reducing Sugars,6348.51235561812,-30.969376097068164
Reducing Sugars,6344.65542218127,-38.814944056483291
Reducing Sugars,6340.79848874443,-33.284762494422729
Reducing Sugars,6336.94155530758,17.565325431618046
Reducing Sugars,6333.08462187073,-9.3176932477893057
Reducing Sugars,6329.22768843388,-47.356485050879073
Reducing Sugars,6325.37075499704,-48.605412226138789
Reducing Sugars,6321.51382156019,-46.385167345759058
Reducing Sugars,6317.65688812334,3.7193392580764431
Reducing Sugars,6313.7999546865,21.138964918267252
Reducing Sugars,6309.94302124965,9.7971226024978311
Reducing Sugars,6306.0860878128,18.844513685470684
Reducing Sugars,6302.22915437595,-21.339546272104478
Reducing Sugars,6298.37222093911,-28.60898258202208
Reducing Sugars,6294.51528750226,6.4552110036132966
Reducing Sugars,6290.65835406541,37.496620171996106
Reducing Sugars,6286.80142062856,39.434954728502326
Reducing Sugars,6282.94448719172,-19.079059329161147
Reducing Sugars,6279.08755375487,-32.921193428686522
Reducing Sugars,6275.23062031802,0.21674613502955595
Reducing Sugars,6271.37368688118,0.34345797804407324
Reducing Sugars,6267.51675344433,-21.549470231925188
Reducing Sugars,6263.65982000748,-41.977460314645803
Reducing Sugars,6259.80288657063,-26.295861445112134
Reducing Sugars,6255.94595313379,-21.22520853802996
Reducing Sugars,6252.08901969694,-25.875448963609003
Reducing Sugars,6248.23208626009,-6.2265799068683956
Reducing Sugars,6244.37515282324,-28.61536766985537
Reducing Sugars,6240.5182193864,-59.057543098411678
Reducing Sugars,6236.66128594955,-49.924917929233352
Reducing Sugars,6232.8043525127,-40.960841274062162
Reducing Sugars,6228.94741907586,-14.212954559113053
Reducing Sugars,6225.09048563901,-24.518415727431925
Reducing Sugars,6221.23355220216,-74.316440573143254
Reducing Sugars,6217.37661876531,-40.003667745882218
Reducing Sugars,6213.51968532847,-5.3129221047134303
Reducing Sugars,6209.66275189162,-69.338826457294999
Reducing Sugars,6205.80581845477,-68.75529533610063
Reducing Sugars,6201.94888501792,-55.327201733562895
Reducing Sugars,6198.09195158108,-37.413703627850474
Reducing Sugars,6194.23501814423,-83.685315552699308
Reducing Sugars,6190.37808470738,-87.848922489553544
Reducing Sugars,6186.52115127054,-44.118171617560812
Reducing Sugars,6182.66421783369,2.6218981522365818
Reducing Sugars,6178.80728439684,-7.8274971457099989
Reducing Sugars,6174.95035095999,-22.943418006433529
Reducing Sugars,6171.09341752315,-31.446608936496361
Reducing Sugars,6167.2364840863,-45.268267329749129
Reducing Sugars,6163.37955064945,-22.99494305530704
Reducing Sugars,6159.5226172126,16.451060177641772
Reducing Sugars,6155.66568377576,-2.6964817688880913
Reducing Sugars,6151.80875033891,-16.516304104356578
Reducing Sugars,6147.95181690206,9.8637997208392623
Reducing Sugars,6144.09488346522,-7.8409967460009353
Reducing Sugars,6140.23795002837,-59.067056080937952
Reducing Sugars,6136.38101659152,-0.6377932631533656
Reducing Sugars,6132.52408315467,8.8381901423440539
Reducing Sugars,6128.66714971783,-14.247056270567549
Reducing Sugars,6124.81021628098,-10.170153546915614
Reducing Sugars,6120.95328284413,9.7637847932686022
Reducing Sugars,6117.09634940728,24.947645440020089
Reducing Sugars,6113.23941597044,34.802133144278351
Reducing Sugars,6109.38248253359,-0.0058985834546293808
Reducing Sugars,6105.52554909674,4.7950067145818567
Reducing Sugars,6101.6686156599,37.787989201497062
Reducing Sugars,6097.81168222305,25.854480290729185
Reducing Sugars,6093.9547487862,33.356837135306101
Reducing Sugars,6090.09781534935,70.17172766125708
Reducing Sugars,6086.24088191251,90.496797323991231
Reducing Sugars,6082.38394847566,121.90058579788641
Reducing Sugars,6078.52701503881,103.52519506214898
Reducing Sugars,6074.67008160196,118.2193385639423
Reducing Sugars,6070.81314816512,112.93072172307028
Reducing Sugars,6066.95621472827,103.72206590691709
Reducing Sugars,6063.09928129142,73.084595100632086
Reducing Sugars,6059.24234785458,87.522565406167786
Reducing Sugars,6055.38541441773,101.97952862115211
Reducing Sugars,6051.52848098088,95.155340699299956
Reducing Sugars,6047.67154754403,30.032900198986134
Reducing Sugars,6043.81461410719,38.698595466312803
Reducing Sugars,6039.95768067034,39.275360698432358
Reducing Sugars,6036.10074723349,80.100868086095318
Reducing Sugars,6032.24381379664,79.253919951913417
Reducing Sugars,6028.3868803598,64.548022195853136
Reducing Sugars,6024.52994692295,15.152531921234756
Reducing Sugars,6020.6730134861,52.331621927484733
Reducing Sugars,6016.81608004926,43.181229646293943
Reducing Sugars,6012.95914661241,35.125721108458521
Reducing Sugars,6009.10221317556,18.696463898755525
Reducing Sugars,6005.24527973871,7.5422451286955203
Reducing Sugars,6001.38834630187,-63.339378924992168
Reducing Sugars,5997.53141286502,-37.198135093983353
Reducing Sugars,5993.67447942817,-14.245672521496838
Reducing Sugars,5989.81754599132,-33.391273881520064
Reducing Sugars,5985.96061255448,-3.510829037257174
Reducing Sugars,5982.10367911763,44.427591153376518
Reducing Sugars,5978.24674568078,-11.883753969873469
Reducing Sugars,5974.38981224394,-72.522687454667008
Reducing Sugars,5970.53287880709,-60.224013487852503
Reducing Sugars,5966.67594537024,-29.912827003005141
Reducing Sugars,5962.81901193339,-46.354987410572711
Reducing Sugars,5958.96207849655,-71.544713100739301
Reducing Sugars,5955.1051450597,-101.14725462654503
Reducing Sugars,5951.24821162285,-122.35302228380964
Reducing Sugars,5947.391278186,-104.43933765455051
Reducing Sugars,5943.53434474916,-88.974936155941307
Reducing Sugars,5939.67741131231,-84.010339480633817
Reducing Sugars,5935.82047787546,-110.3124355752736
Reducing Sugars,5931.96354443862,-150.86410348227852
Reducing Sugars,5928.10661100177,-172.41936937016649
Reducing Sugars,5924.24967756492,-163.3894266240992
Reducing Sugars,5920.39274412807,-126.91453205202036
Reducing Sugars,5916.53581069123,-161.21607079758994
Reducing Sugars,5912.67887725438,-134.97453829325968
Reducing Sugars,5908.82194381753,-89.162450269775334
Reducing Sugars,5904.96501038068,-71.745421169001602
Reducing Sugars,5901.10807694384,-69.447716517879741
Reducing Sugars,5897.25114350699,-51.08451644972493
Reducing Sugars,5893.39421007014,-32.464352383079387
Reducing Sugars,5889.5372766333,-33.02423491579971
Reducing Sugars,5885.68034319645,-42.366657577915404
Reducing Sugars,5881.8234097596,-32.095465957354143
Reducing Sugars,5877.96647632275,-18.120194987756044
Reducing Sugars,5874.10954288591,19.025091309699363
Reducing Sugars,5870.25260944906,2.6335328324385499
Reducing Sugars,5866.39567601221,36.949523739446548
Reducing Sugars,5862.53874257536,53.899787435004647
Reducing Sugars,5858.68180913852,70.972179271471063
Reducing Sugars,5854.82487570167,92.778737540030477
Reducing Sugars,5850.96794226482,102.14524923260205
Reducing Sugars,5847.11100882798,133.29408323143755
Reducing Sugars,5843.25407539113,172.70262041887969
Reducing Sugars,5839.39714195428,159.03368051402433
Reducing Sugars,5835.54020851743,209.58446405847033
Reducing Sugars,5831.68327508059,245.38642508363168
Reducing Sugars,5827.82634164374,230.76042147311551
Reducing Sugars,5823.96940820689,199.51814584164532
Reducing Sugars,5820.11247477004,200.94936972776836
Reducing Sugars,5816.2555413332,180.03270360984857
Reducing Sugars,5812.39860789635,203.75242607929181
Reducing Sugars,5808.5416744595,136.26954755167313
Reducing Sugars,5804.68474102266,44.028243427830404
Reducing Sugars,5800.82780758581,-28.803021845968775
Reducing Sugars,5796.97087414896,-40.395237392500654
Reducing Sugars,5793.11394071211,-35.245693860643975
Reducing Sugars,5789.25700727527,-68.462498975620548
Reducing Sugars,5785.40007383842,-91.674278754722977
Reducing Sugars,5781.54314040157,-57.176392202475519
Reducing Sugars,5777.68620696472,-65.24394026735574
Reducing Sugars,5773.82927352788,-70.867615539839178
Reducing Sugars,5769.97234009103,-106.42891749295929
Reducing Sugars,5766.11540665418,-114.95710589135342
Reducing Sugars,5762.25847321733,-104.0244580085031
Reducing Sugars,5758.40153978049,-62.363423564661083
Reducing Sugars,5754.54460634364,-87.407908187101071
Reducing Sugars,5750.68767290679,-137.70408470555324
Reducing Sugars,5746.83073946995,-173.24103952763761
Reducing Sugars,5742.9738060331,-153.87955303589766
Reducing Sugars,5739.11687259625,-141.69768109804471
Reducing Sugars,5735.2599391594,-130.96814557164063
Reducing Sugars,5731.40300572256,-175.30352428700439
Reducing Sugars,5727.54607228571,-184.87649418556248
Reducing Sugars,5723.68913884886,-208.45307466809848
Reducing Sugars,5719.83220541201,-190.44612799850373
Reducing Sugars,5715.97527197517,-169.65054597741556
Reducing Sugars,5712.11833853832,-122.52803805237338
Reducing Sugars,5708.26140510147,-139.17122716389576
Reducing Sugars,5704.40447166463,-122.27831904800092
Reducing Sugars,5700.54753822778,-102.58302138517757
Reducing Sugars,5696.69060479093,-42.069248023786812
Reducing Sugars,5692.83367135408,-59.992256210421338
Reducing Sugars,5688.97673791724,-38.032144590902405
Reducing Sugars,5685.11980448039,3.4782839560566763
Reducing Sugars,5681.26287104354,55.975923901418312
Reducing Sugars,5677.40593760669,16.287096839658641
Reducing Sugars,5673.54900416985,24.748798552949459
Reducing Sugars,5669.692070733,50.536426686999121
Reducing Sugars,5665.83513729615,110.77428529728273
Reducing Sugars,5661.97820385931,106.74962112442597
Reducing Sugars,5658.12127042246,70.897429331691157
Reducing Sugars,5654.26433698561,73.239601057457165
Reducing Sugars,5650.40740354876,81.868712615553804
Reducing Sugars,5646.55047011192,41.664337822638387
Reducing Sugars,5642.69353667507,40.625060086240204
Reducing Sugars,5638.83660323822,3.2023492358943058
Reducing Sugars,5634.97966980137,42.783375733413038
Reducing Sugars,5631.12273636453,93.11206304804432
Reducing Sugars,5627.26580292768,82.252858823838423
Reducing Sugars,5623.40886949083,87.973901519668118
Reducing Sugars,5619.55193605399,97.021010706306754
Reducing Sugars,5615.69500261714,55.574920584456457
Reducing Sugars,5611.83806918029,60.309152733204193
Reducing Sugars,5607.98113574344,56.479651319609175
Reducing Sugars,5604.1242023066,144.4881332602655
Reducing Sugars,5600.26726886975,107.35803182422619
Reducing Sugars,5596.4103354329,111.40527342660529
Reducing Sugars,5592.55340199605,60.180292209881962
Reducing Sugars,5588.69646855921,65.76604482900747
Reducing Sugars,5584.83953512236,62.055733266765891
Reducing Sugars,5580.98260168551,41.072747609243841
Reducing Sugars,5577.12566824867,-19.676277446976407
Reducing Sugars,5573.26873481182,-34.537954092013074
Reducing Sugars,5569.41180137497,8.3435332609129595
Reducing Sugars,5565.55486793812,52.572546576823456
Reducing Sugars,5561.69793450128,13.262052067843291
Reducing Sugars,5557.84100106443,-9.5233840659462707
Reducing Sugars,5553.98406762758,60.349797672117106
Reducing Sugars,5550.12713419073,74.346541746194816
Reducing Sugars,5546.27020075389,-34.965341813745873
Reducing Sugars,5542.41326731704,-45.94885078704646
Reducing Sugars,5538.55633388019,61.337054244295054
Reducing Sugars,5534.69940044334,125.80358196525565
Reducing Sugars,5530.8424670065,-15.021255949086838
Reducing Sugars,5526.98553356965,-18.851865909200924
Reducing Sugars,5523.1286001328,52.984853631920252
Reducing Sugars,5519.27166669596,161.82578207813989
Reducing Sugars,5515.41473325911,75.541844204452644
Reducing Sugars,5511.55779982226,28.81417070153503
Reducing Sugars,5507.70086638541,148.55354906729204
Reducing Sugars,5503.84393294857,148.64654522880159
Reducing Sugars,5499.98699951172,50.915064495891805
Reducing Sugars,5496.13006607487,135.74878113115372
Reducing Sugars,5492.27313263802,167.32607274239334
Reducing Sugars,5488.41619920118,142.92456262315682
Reducing Sugars,5484.55926576433,13.845343360010602
Reducing Sugars,5480.70233232748,-44.303044953834267
Reducing Sugars,5476.84539889064,1.199792718413802
Reducing Sugars,5472.98846545379,120.98337302036235
Reducing Sugars,5469.13153201694,21.790027833417422
Reducing Sugars,5465.27459858009,67.972290578182978
Reducing Sugars,5461.41766514325,34.173571660474352
Reducing Sugars,5457.5607317064,77.354243604157148
Reducing Sugars,5453.70379826955,-20.394360536004342
Reducing Sugars,5449.8468648327,-63.84575126992258
Reducing Sugars,5445.98993139586,68.769447502152843
Reducing Sugars,5442.13299795901,146.05880982048569
Reducing Sugars,5438.27606452216,-25.086453018207639
Reducing Sugars,5434.41913108532,-9.3336927670554406
Reducing Sugars,5430.56219764847,-74.397415197194917
Reducing Sugars,5426.70526421162,51.361961793877065
Reducing Sugars,5422.84833077477,-77.728698655738
Reducing Sugars,5418.99139733793,-116.43346137221224
Reducing Sugars,5415.13446390108,-81.416349207374424
Reducing Sugars,5411.27753046423,38.105330560487751
Reducing Sugars,5407.42059702738,-71.401011389786262
Reducing Sugars,5403.56366359054,-38.934498790758894
Reducing Sugars,5399.70673015369,-153.13939342646518
Reducing Sugars,5395.84979671684,-74.811371613818082
Reducing Sugars,5391.99286328,-110.20060649920936
Reducing Sugars,5388.13592984315,-1.5758441169723949
Reducing Sugars,5384.2789964063,71.539959961294869
Reducing Sugars,5380.42206296945,119.47934915690651
Reducing Sugars,5376.56512953261,144.35540781393561
Reducing Sugars,5372.70819609576,91.412338328278082
Reducing Sugars,5368.85126265891,-7.7578585054767037
Reducing Sugars,5364.99432922206,113.62399991167085
Reducing Sugars,5361.13739578522,60.030044477916228
Reducing Sugars,5357.28046234837,186.14231560287152
Reducing Sugars,5353.42352891152,274.36059646785043
Reducing Sugars,5349.56659547468,264.08785761992425
Reducing Sugars,5345.70966203783,36.649865680276662
Reducing Sugars,5341.85272860098,-30.051563027516458
Reducing Sugars,5337.99579516413,-64.813100069466998
Reducing Sugars,5334.13886172729,9.5332252830679032
Reducing Sugars,5330.28192829044,-102.89159927746203
Reducing Sugars,5326.42499485359,-115.83905345000142
Reducing Sugars,5322.56806141674,-191.81056280843438
Reducing Sugars,5318.7111279799,-76.064143385508871
Reducing Sugars,5314.85419454305,-45.797077493488231
Reducing Sugars,5310.9972611062,-12.989069310903007
Reducing Sugars,5307.14032766935,-158.6203971035612
Reducing Sugars,5303.28339423251,-115.77986171774651
Reducing Sugars,5299.42646079566,-147.98305996453095
Reducing Sugars,5295.56952735881,-86.327942436834391
Reducing Sugars,5291.71259392197,-114.8354029836335
Reducing Sugars,5287.85566048512,-142.60577563443996
Reducing Sugars,5283.99872704827,-185.19617125729505
Reducing Sugars,5280.14179361142,-117.18661678365633
Reducing Sugars,5276.28486017458,-144.99652996296271
Reducing Sugars,5272.42792673773,-71.359580805043066
Reducing Sugars,5268.57099330088,-25.112436074011057
Reducing Sugars,5264.71405986403,-54.961305704068472
Reducing Sugars,5260.85712642719,-139.80990227759065
Reducing Sugars,5257.00019299034,-51.147409636560951
Reducing Sugars,5253.14325955349,-53.906331512558424
Reducing Sugars,5249.28632611665,38.327202159091371
Reducing Sugars,5245.4293926798,-22.609239883172702
Reducing Sugars,5241.57245924295,-74.663687806971595
Reducing Sugars,5237.7155258061,0.60430269127149538
Reducing Sugars,5233.85859236926,49.969383966741461
Reducing Sugars,5230.00165893241,70.395035350730339
Reducing Sugars,5226.14472549556,57.976899931514779
Reducing Sugars,5222.28779205871,4.4750916965472243
Reducing Sugars,5218.43085862187,2.6095828495271718
Reducing Sugars,5214.57392518502,0.023116828565665229
Reducing Sugars,5210.71699174817,72.821708695523839
Reducing Sugars,5206.86005831133,71.642474415660089
Reducing Sugars,5203.00312487448,-19.367502833319143
Reducing Sugars,5199.14619143763,16.494817904005846
Reducing Sugars,5195.28925800078,20.470114481478909
Reducing Sugars,5191.43232456394,24.678059787765726
Reducing Sugars,5187.57539112709,40.780081446311961
Reducing Sugars,5183.71845769024,15.417333934800043
Reducing Sugars,5179.86152425339,-2.3672001075601994
Reducing Sugars,5176.00459081655,-8.4718372578544923
Reducing Sugars,5172.1476573797,-3.2422824618899142
Reducing Sugars,5168.29072394285,24.910073062941301
Reducing Sugars,5164.43379050601,3.6004816095667356
Reducing Sugars,5160.57685706916,-11.219091948381292
Reducing Sugars,5156.71992363231,-14.595013900334457
Reducing Sugars,5152.86299019546,-16.845653957331646
Reducing Sugars,5149.00605675862,-23.850428273669852
Reducing Sugars,5145.14912332177,-16.55241046505521
Reducing Sugars,5141.29218988492,-13.082860850591436
Reducing Sugars,5137.43525644807,-12.022300443308232
Reducing Sugars,5133.57832301123,-26.887852632273091
Reducing Sugars,5129.72138957438,-17.233791640949711
Reducing Sugars,5125.86445613753,-26.469326854252628
Reducing Sugars,5122.00752270069,-11.43304324838279
Reducing Sugars,5118.15058926384,-21.100819059084955
Reducing Sugars,5114.29365582699,4.4976525054021401
Reducing Sugars,5110.43672239014,-14.040577058107024
Reducing Sugars,5106.5797889533,-16.970189900746774
Reducing Sugars,5102.72285551645,-17.616535518278578
Reducing Sugars,5098.8659220796,-12.39986679646943
Reducing Sugars,5095.00898864275,-16.868193876771969
Reducing Sugars,5091.15205520591,18.963325613456906
Reducing Sugars,5087.29512176906,-6.1252989346005373
Reducing Sugars,5083.43818833221,-0.34182793968443953
Reducing Sugars,5079.58125489536,7.6626317484741593
Reducing Sugars,5075.72432145852,43.979868893562895
Reducing Sugars,5071.86738802167,21.396587527069283
Reducing Sugars,5068.01045458482,11.254931629749322
Reducing Sugars,5064.15352114798,-4.8809296163337974
Reducing Sugars,5060.29658771113,18.141610657670533
Reducing Sugars,5056.43965427428,3.049183677900321
Reducing Sugars,5052.58272083743,19.744531283397123
Reducing Sugars,5048.72578740059,19.892537519964979
Reducing Sugars,5044.86885396374,36.139226871385887
Reducing Sugars,5041.01192052689,5.3354585191615573
Reducing Sugars,5037.15498709004,17.739086727255604
Reducing Sugars,5033.2980536532,10.741907966810119
Reducing Sugars,5029.44112021635,15.415080036133267
Reducing Sugars,5025.5841867795,-4.5896904224365418
Reducing Sugars,5021.72725334266,16.193119203984061
Reducing Sugars,5017.87031990581,-8.9393399637090187
Reducing Sugars,5014.01338646896,8.4629178971884773
Reducing Sugars,5010.15645303211,3.3409287490631945
Reducing Sugars,5006.29951959527,19.857765239955267
Reducing Sugars,5002.44258615842,-13.398468837052377
Reducing Sugars,4998.58565272157,-5.1615706324747794
Reducing Sugars,4994.72871928472,-14.475991457397361
Reducing Sugars,4990.87178584788,-17.588231952454993
Reducing Sugars,4987.01485241103,-41.372733008834665
Reducing Sugars,4983.15791897418,-10.813198858995081
Reducing Sugars,4979.30098553734,-37.536555931879434
Reducing Sugars,4975.44405210049,-14.13259533801903
Reducing Sugars,4971.58711866364,-21.531109397981169
Reducing Sugars,4967.73018522679,-7.2059520407732691
Reducing Sugars,4963.87325178995,-22.352964518185086
Reducing Sugars,4960.0163183531,-6.8056833375949823
Reducing Sugars,4956.15938491625,-3.5033695302655752
Reducing Sugars,4952.3024514794,4.1065604025859939
Reducing Sugars,4948.44551804256,-16.861860360739318
Reducing Sugars,4944.58858460571,-1.961622200103367
Reducing Sugars,4940.73165116886,-24.918602293611407
Reducing Sugars,4936.87471773202,-12.52745099591124
Reducing Sugars,4933.01778429517,-29.412202705601004
Reducing Sugars,4929.16085085832,7.3739827893699808
Reducing Sugars,4925.30391742147,6.1715886437494998
Reducing Sugars,4921.44698398463,7.7849167352228319
Reducing Sugars,4917.59005054778,-12.003264715109061
Reducing Sugars,4913.73311711093,4.5754934796979176
Reducing Sugars,4909.87618367408,-14.838986881745404
Reducing Sugars,4906.01925023724,5.012003376583646
Reducing Sugars,4902.16231680039,5.9672950686161013
Reducing Sugars,4898.30538336354,44.214066774103792
Reducing Sugars,4894.4484499267,31.719577445583603
Reducing Sugars,4890.59151648985,33.455571470853037
Reducing Sugars,4886.734583053,29.135834982059823
Reducing Sugars,4882.87764961615,49.483250076666792
Reducing Sugars,4879.02071617931,26.321962294778501
Reducing Sugars,4875.16378274246,62.952015748473272
Reducing Sugars,4871.30684930561,51.380440135630366
Reducing Sugars,4867.44991586876,54.65781299241533
Reducing Sugars,4863.59298243192,41.563161270213101
Reducing Sugars,4859.73604899507,62.820386915275527
Reducing Sugars,4855.87911555822,41.849743240440731
Reducing Sugars,4852.02218212137,47.098800833889619
Reducing Sugars,4848.16524868453,22.773964522037875
Reducing Sugars,4844.30831524768,38.38911971282009
Reducing Sugars,4840.45138181083,17.147255182156837
Reducing Sugars,4836.59444837399,12.988764716362979
Reducing Sugars,4832.73751493714,-25.40960245224656
Reducing Sugars,4828.88058150029,-0.61994914627330433
Reducing Sugars,4825.02364806344,-6.6949582564641927
Reducing Sugars,4821.1667146266,-4.859440676659772
Reducing Sugars,4817.30978118975,-40.636452188357161
Reducing Sugars,4813.4528477529,-30.656146097264696
Reducing Sugars,4809.59591431605,-39.110535568285414
Reducing Sugars,4805.73898087921,-32.529559581921127
Reducing Sugars,4801.88204744236,-52.02101380562106
Reducing Sugars,4798.02511400551,-24.035945554778309
Reducing Sugars,4794.16818056867,-32.66041088998972
Reducing Sugars,4790.31124713182,-21.390404020229393
Reducing Sugars,4786.45431369497,-33.11656777671849
Reducing Sugars,4782.59738025812,-23.748171267330665
Reducing Sugars,4778.74044682128,-42.054369964739372
Reducing Sugars,4774.88351338443,-25.745336377009714
Reducing Sugars,4771.02657994758,-59.223799471791203
Reducing Sugars,4767.16964651073,-54.642896002477073
Reducing Sugars,4763.31271307389,-49.573632033903017
Reducing Sugars,4759.45577963704,-31.702556391968223
Reducing Sugars,4755.59884620019,-30.107307417050642
Reducing Sugars,4751.74191276335,-5.2147580026971836
Reducing Sugars,4747.8849793265,-24.053765363082618
Reducing Sugars,4744.02804588965,-11.897672052198809
Reducing Sugars,4740.1711124528,-16.377107354071999
Reducing Sugars,4736.31417901596,8.5241497217747035
Reducing Sugars,4732.45724557911,-1.2891254129762983
Reducing Sugars,4728.60031214226,8.6551838603336062
Reducing Sugars,4724.74337870541,-4.3608476723203315
Reducing Sugars,4720.88644526857,4.9978559273545597
Reducing Sugars,4717.02951183172,6.0376415319430858
Reducing Sugars,4713.17257839487,32.699229749184276
Reducing Sugars,4709.31564495803,17.669351327287771
Reducing Sugars,4705.45871152118,40.516942677147313
Reducing Sugars,4701.60177808433,35.108669852259304
Reducing Sugars,4697.74484464748,37.431618835137463
Reducing Sugars,4693.88791121064,18.176947537921151
Reducing Sugars,4690.03097777379,44.142629817290114
Reducing Sugars,4686.17404433694,28.73124152795387
Reducing Sugars,4682.31711090009,40.329220973499012
Reducing Sugars,4678.46017746325,25.022997763035352
Reducing Sugars,4674.6032440264,20.352325077801563
Reducing Sugars,4670.74631058955,2.076569040705178
Reducing Sugars,4666.88937715271,9.5795162074220137
Reducing Sugars,4663.03244371586,-8.0717661054211707
Reducing Sugars,4659.17551027901,12.056727376214647
Reducing Sugars,4655.31857684216,8.0237361074262115
Reducing Sugars,4651.46164340532,45.865939020423404
Reducing Sugars,4647.60470996847,-0.29078654137037546
Reducing Sugars,4643.74777653162,19.38287364011984
Reducing Sugars,4639.89084309477,25.789853238017802
Reducing Sugars,4636.03390965793,65.268496774566856
Reducing Sugars,4632.17697622108,28.069606138700479
Reducing Sugars,4628.32004278423,51.376759230018287
Reducing Sugars,4624.46310934739,42.780149019892839
Reducing Sugars,4620.60617591054,39.798581479208828
Reducing Sugars,4616.74924247369,22.731694717429701
Reducing Sugars,4612.89230903684,56.237153786988387
Reducing Sugars,4609.0353756,33.804615073708064
Reducing Sugars,4605.17844216315,57.076341463089342
Reducing Sugars,4601.3215087263,27.835415369218389
Reducing Sugars,4597.46457528945,26.045224840213031
Reducing Sugars,4593.60764185261,5.1997092683731125
Reducing Sugars,4589.75070841576,27.272397662494718
Reducing Sugars,4585.89377497891,27.667067212730526
Reducing Sugars,4582.03684154207,45.093602499521396
Reducing Sugars,4578.17990810522,21.245560720604434
Reducing Sugars,4574.32297466837,42.279503191044633
Reducing Sugars,4570.46604123152,-5.9855022424367572
Reducing Sugars,4566.60910779468,-11.815029203811834
Reducing Sugars,4562.75217435783,-52.173417350958999
Reducing Sugars,4558.89524092098,-49.39521471779603
Reducing Sugars,4555.03830748413,-28.379805663024687
Reducing Sugars,4551.18137404729,-5.9182613511112212
Reducing Sugars,4547.32444061044,-53.675496556258473
Reducing Sugars,4543.46750717359,-64.887815202022551
Reducing Sugars,4539.61057373675,-72.237788925667658
Reducing Sugars,4535.7536402999,-36.508148504027346
Reducing Sugars,4531.89670686305,-22.17254901131772
Reducing Sugars,4528.0397734262,13.174432121027523
Reducing Sugars,4524.18283998936,-15.200274423403696
Reducing Sugars,4520.32590655251,2.91570660000371
Reducing Sugars,4516.46897311566,-20.044358010801417
Reducing Sugars,4512.61203967881,22.039539257451505
Reducing Sugars,4508.75510624197,39.425429330348194
Reducing Sugars,4504.89817280512,44.990852467610118
Reducing Sugars,4501.04123936827,15.459373735089182
Reducing Sugars,4497.18430593143,56.045672108922915
Reducing Sugars,4493.32737249458,46.682339016008711
Reducing Sugars,4489.47043905773,49.213131498826669
Reducing Sugars,4485.61350562088,0.45246169490492272
Reducing Sugars,4481.75657218404,33.031419450759337
Reducing Sugars,4477.89963874719,17.865945178455281
Reducing Sugars,4474.04270531034,29.606384195577935
Reducing Sugars,4470.18577187349,21.688707930919641
Reducing Sugars,4466.32883843665,52.856720606896346
Reducing Sugars,4462.4719049998,25.663863773854086
Reducing Sugars,4458.61497156295,44.97721703337028
Reducing Sugars,4454.75803812611,38.843151731205914
Reducing Sugars,4450.90110468926,54.290417602400282
Reducing Sugars,4447.04417125241,12.762099272317606
Reducing Sugars,4443.18723781556,35.485756236445695
Reducing Sugars,4439.33030437872,31.580651109856635
Reducing Sugars,4435.47337094187,58.692173853960171
Reducing Sugars,4431.61643750502,29.136645160918157
Reducing Sugars,4427.75950406817,51.82459635622903
Reducing Sugars,4423.90257063133,26.230278339899293
Reducing Sugars,4420.04563719448,28.104381804969275
Reducing Sugars,4416.18870375763,14.842182382563848
Reducing Sugars,4412.33177032078,33.5721409470612
Reducing Sugars,4408.47483688394,-9.2412663471662793
Reducing Sugars,4404.61790344709,21.692613018148901
Reducing Sugars,4400.76097001024,1.7942645273773725
Reducing Sugars,4396.9040365734,7.4600348702636596
Reducing Sugars,4393.04710313655,-11.576381869873918
Reducing Sugars,4389.1901696997,6.0958789446086783
Reducing Sugars,4385.33323626285,-2.2103389051489626
Reducing Sugars,4381.47630282601,24.630575146105251
Reducing Sugars,4377.61936938916,1.7204846290819042
Reducing Sugars,4373.76243595231,32.290611507212311
Reducing Sugars,4369.90550251546,18.354687229081183
Reducing Sugars,4366.04856907862,10.287853264990803
Reducing Sugars,4362.19163564177,-54.793380311129958
Reducing Sugars,4358.33470220492,-70.141910727102555
Reducing Sugars,4354.47776876808,-103.62494006623744
Reducing Sugars,4350.62083533123,-71.451173847372559
Reducing Sugars,4346.76390189438,-74.657990694760031
Reducing Sugars,4342.90696845753,-32.677923539001455
Reducing Sugars,4339.05003502069,-1.7635525090415201
Reducing Sugars,4335.19310158384,73.705172926729901
Reducing Sugars,4331.33616814699,96.776223433206127
Reducing Sugars,4327.47923471014,131.93369584219354
Reducing Sugars,4323.6223012733,88.899122705846807
Reducing Sugars,4319.76536783645,76.745026633088926
Reducing Sugars,4315.9084343996,38.087996900777327
Reducing Sugars,4312.05150096276,35.465735460050141
Reducing Sugars,4308.19456752591,8.4669188834753886
Reducing Sugars,4304.33763408906,15.351399574533922
Reducing Sugars,4300.48070065221,-18.604240943441539
Reducing Sugars,4296.62376721537,-13.421296875967524
Reducing Sugars,4292.76683377852,-50.214288116817983
Reducing Sugars,4288.90990034167,-60.807228276467981
Reducing Sugars,4285.05296690482,-106.78807507333281
Reducing Sugars,4281.19603346798,-117.63969039783326
Reducing Sugars,4277.33910003113,-170.60390609371024
Reducing Sugars,4273.48216659428,-135.54915280984758
Reducing Sugars,4269.62523315744,-145.36346209444068
Reducing Sugars,4265.76829972059,-131.18603593334288
Reducing Sugars,4261.91136628374,-153.39676520500331
Reducing Sugars,4258.05443284689,-107.90948453348371
Reducing Sugars,4254.19749941005,-120.31277244532228
Reducing Sugars,4250.3405659732,-89.41584902039753
Reducing Sugars,4246.48363253635,-82.768798728822588
Reducing Sugars,4242.6266990995,-55.507687259816009
Reducing Sugars,4238.76976566266,-86.856432623734108
Reducing Sugars,4234.91283222581,-56.56442520767024
Reducing Sugars,4231.05589878896,-51.391361553853905
Reducing Sugars,4227.19896535212,-20.874900158751775
Reducing Sugars,4223.34203191527,-31.061322545018115
Reducing Sugars,4219.48509847842,-2.3451026247167017
Reducing Sugars,4215.62816504157,-35.238673333951034
Reducing Sugars,4211.77123160473,-26.842333512036703
Reducing Sugars,4207.91429816788,-49.416697163512183
Reducing Sugars,4204.05736473103,-13.767864899658152
Reducing Sugars,4200.20043129418,-26.797036705717503
Reducing Sugars,4196.34349785734,-2.7587991312315334
Reducing Sugars,4192.48656442049,-34.004346723974436
Reducing Sugars,4188.62963098364,-21.239265544301606
Reducing Sugars,4184.7726975468,-19.744562398305714
Reducing Sugars,4180.91576410995,14.236746481363465
Reducing Sugars,4177.0588306731,-16.768320092277282
Reducing Sugars,4173.20189723625,15.5374750517732
Reducing Sugars,4169.34496379941,26.801439221330533
Reducing Sugars,4165.48803036256,47.961584130878485
Reducing Sugars,4161.63109692571,21.591774433960047
Reducing Sugars,4157.77416348886,44.448694822474877
Reducing Sugars,4153.91723005202,44.335052599538002
Reducing Sugars,4150.06029661517,69.05478280330162
Reducing Sugars,4146.20336317832,33.994375411115804
Reducing Sugars,4142.34642974148,50.940984461958706
Reducing Sugars,4138.48949630463,44.153043403331012
Reducing Sugars,4134.63256286778,63.708666932209127
Reducing Sugars,4130.77562943093,32.694625213012124
Reducing Sugars,4126.91869599409,27.406300062583327
Reducing Sugars,4123.06176255724,-8.9567651798013053
Reducing Sugars,4119.20482912039,7.4849777131423769
Reducing Sugars,4115.34789568354,-16.726518357661142
Reducing Sugars,4111.4909622467,-2.9288008240543504
Reducing Sugars,4107.63402880985,-4.4987617083348015
Reducing Sugars,4103.777095373,5.5590747028689851
Reducing Sugars,4099.92016193616,-18.950631375606562
Reducing Sugars,4096.06322849931,-1.0305634917044881
Reducing Sugars,4092.20629506246,-11.996200383659687
Reducing Sugars,4088.34936162561,22.244584847243555
Reducing Sugars,4084.49242818877,2.5146012871696937
Reducing Sugars,4080.63549475192,19.329555180007489
Reducing Sugars,4076.77856131507,20.372300555551259
Reducing Sugars,4072.92162787822,40.598015431008001
Reducing Sugars,4069.06469444138,28.600560155708287
Reducing Sugars,4065.20776100453,62.792099055819264
Reducing Sugars,4061.35082756768,59.999338818096241
Reducing Sugars,4057.49389413083,78.315669279630399
Reducing Sugars,4053.63696069399,70.170764620055493
Reducing Sugars,4049.78002725714,102.4829160316493
Reducing Sugars,4045.92309382029,80.991245349737554
Reducing Sugars,4042.06616038345,83.18296442607128
Reducing Sugars,4038.2092269466,41.648026579145942
Reducing Sugars,4034.35229350975,41.170129567390283
Reducing Sugars,4030.4953600729,17.942329958952261
Reducing Sugars,4026.63842663606,37.075593416857423
Reducing Sugars,4022.78149319921,1.6240714981093949
Reducing Sugars,4018.92455976236,-4.1379349425317091
Reducing Sugars,4015.06762632551,-46.692324782535948
Reducing Sugars,4011.21069288867,-53.30838578172213
Reducing Sugars,4007.35375945182,-100.83365900205173
Reducing Sugars,4003.49682601497,-122.4329551065955
Reducing Sugars,3999.63989257813,-169.49281331020617
Total Sugars,10001.0283203125,-67.833956268650667
Total Sugars,9997.17138687565,-112.523723686853
Total Sugars,9993.31445343881,-216.22407786506761
Total Sugars,9989.45752000196,-217.3623532781597
Total Sugars,9985.60058656511,-112.26682488117625
Total Sugars,9981.74365312826,2.2320832347078436
Total Sugars,9977.88671969142,-11.773776891086221
Total Sugars,9974.02978625457,58.670115035741532
Total Sugars,9970.17285281772,69.888479092034586
Total Sugars,9966.31591938088,61.589555739219129
Total Sugars,9962.45898594403,51.100762053147889
Total Sugars,9958.60205250718,-49.327512100612751
Total Sugars,9954.74511907033,98.872745918987306
Total Sugars,9950.88818563349,72.989627739551324
Total Sugars,9947.03125219664,-51.323972341533434
Total Sugars,9943.17431875979,-119.84441278305947
Total Sugars,9939.31738532294,-216.52922569577771
Total Sugars,9935.4604518861,-82.758845050498678
Total Sugars,9931.60351844925,66.514874242925117
Total Sugars,9927.7465850124,-28.463065375066204
Total Sugars,9923.88965157556,-189.2162004366364
Total Sugars,9920.03271813871,-73.239879368713815
Total Sugars,9916.17578470186,29.147267166419912
Total Sugars,9912.31885126501,-157.5385663810691
Total Sugars,9908.46191782817,-248.9276392221725
Total Sugars,9904.60498439132,-149.76731609816082
Total Sugars,9900.74805095447,-152.53397055331635
Total Sugars,9896.89111751762,-234.66285184482641
Total Sugars,9893.03418408078,-173.32834420361218
Total Sugars,9889.17725064393,-5.1909088658169846
Total Sugars,9885.32031720708,143.77944766907638
Total Sugars,9881.46338377024,97.115427389577988
Total Sugars,9877.60645033339,-51.104837987071342
Total Sugars,9873.74951689654,-7.6955415747799858
Total Sugars,9869.89258345969,4.6994376522129411
Total Sugars,9866.03565002284,77.299796911821389
Total Sugars,9862.178716586,59.459802881910505
Total Sugars,9858.32178314915,12.523862000218017
Total Sugars,9854.4648497123,-17.008111132587999
Total Sugars,9850.60791627546,-112.45006449487811
Total Sugars,9846.75098283861,-63.610515963045387
Total Sugars,9842.89404940176,176.73693649499057
Total Sugars,9839.03711596492,45.594447774059539
Total Sugars,9835.18018252807,-81.242993024714082
Total Sugars,9831.32324909122,70.912190550122645
Total Sugars,9827.46631565437,83.261910942762057
Total Sugars,9823.60938221752,-59.833490537538964
Total Sugars,9819.75244878068,-5.8453776634876204
Total Sugars,9815.89551534383,-26.02885235113083
Total Sugars,9812.03858190698,-99.494897684303837
Total Sugars,9808.18164847014,24.927468607556079
Total Sugars,9804.32471503329,127.61850137724326
Total Sugars,9800.46778159644,95.691006752757346
Total Sugars,9796.6108481596,-54.365921970647229
Total Sugars,9792.75391472275,32.498449092963313
Total Sugars,9788.8969812859,114.46443982957291
Total Sugars,9785.04004784905,83.761147750488618
Total Sugars,9781.1831144122,67.114004525327189
Total Sugars,9777.32618097536,146.03661370587227
Total Sugars,9773.46924753851,218.41067005355316
Total Sugars,9769.61231410166,222.58299960343155
Total Sugars,9765.75538066482,240.86867624715552
Total Sugars,9761.89844722797,131.82421957096304
Total Sugars,9758.04151379112,-24.020544117057486
Total Sugars,9754.18458035428,97.482759781877931
Total Sugars,9750.32764691743,241.5077708544674
Total Sugars,9746.47071348058,183.00073002878429
Total Sugars,9742.61378004373,112.76900076107378
Total Sugars,9738.75684660688,38.334912180935035
Total Sugars,9734.89991317004,178.20255117525571
Total Sugars,9731.04297973319,260.14002474035146
Total Sugars,9727.18604629634,94.106863150172657
Total Sugars,9723.3291128595,-27.318058126303661
Total Sugars,9719.47217942265,-56.058456457235678
Total Sugars,9715.6152459858,-100.45199418620984
Total Sugars,9711.75831254896,-74.775475584994425
Total Sugars,9707.90137911211,109.28431998660436
Total Sugars,9704.04444567526,189.6359996416208
Total Sugars,9700.18751223841,204.39419149146843
Total Sugars,9696.33057880156,31.814998918991108
Total Sugars,9692.47364536472,-91.465526180215832
Total Sugars,9688.61671192787,-16.464939571951469
Total Sugars,9684.75977849102,64.509119584651415
Total Sugars,9680.90284505418,-57.683972868357237
Total Sugars,9677.04591161733,17.631228914830206
Total Sugars,9673.18897818048,60.749875229954377
Total Sugars,9669.33204474363,60.895370176705228
Total Sugars,9665.47511130679,125.92404387636634
Total Sugars,9661.61817786994,269.59048135607782
Total Sugars,9657.76124443309,174.52710057785731
Total Sugars,9653.90431099624,70.132023742482161
Total Sugars,9650.0473775594,160.61983371655577
Total Sugars,9646.19044412255,168.14457843785891
Total Sugars,9642.3335106857,50.3046709306469
Total Sugars,9638.47657724886,-84.329967261826638
Total Sugars,9634.61964381201,-150.62966846989661
Total Sugars,9630.76271037516,-138.29816208256199
Total Sugars,9626.90577693831,-65.967379004277944
Total Sugars,9623.04884350147,86.189174363184975
Total Sugars,9619.19191006462,213.77533909014878
Total Sugars,9615.33497662777,244.94468992939591
Total Sugars,9611.47804319092,130.85039024130228
Total Sugars,9607.62110975408,-4.3621331690921217
Total Sugars,9603.76417631723,10.878909765168672
Total Sugars,9599.90724288038,-63.91180070198088
Total Sugars,9596.05030944354,-13.131640317263901
Total Sugars,9592.19337600669,40.671213280043148
Total Sugars,9588.33644256984,-40.587143281727073
Total Sugars,9584.47950913299,-101.12509309208072
Total Sugars,9580.62257569615,-86.147253986967655
Total Sugars,9576.7656422593,-127.60527373307652
Total Sugars,9572.90870882245,-47.513640605397093
Total Sugars,9569.0517753856,-75.440187666403844
Total Sugars,9565.19484194876,-195.39314969354882
Total Sugars,9561.33790851191,-291.94403152423644
Total Sugars,9557.48097507506,-233.62887580507331
Total Sugars,9553.62404163822,-176.52888206601963
Total Sugars,9549.76710820137,-207.84975572025203
Total Sugars,9545.91017476452,-204.49024166746358
Total Sugars,9542.05324132767,0.81818941227546249
Total Sugars,9538.19630789083,28.06342032498673
Total Sugars,9534.33937445398,-89.342663094834123
Total Sugars,9530.48244101713,-34.745675547786682
Total Sugars,9526.62550758028,7.6846825815374409
Total Sugars,9522.76857414344,-70.814107112817609
Total Sugars,9518.91164070659,-102.37548285661002
Total Sugars,9515.05470726974,-155.91100693956474
Total Sugars,9511.1977738329,-123.77571218270192
Total Sugars,9507.34084039605,-98.026006722297566
Total Sugars,9503.4839069592,27.495535601708614
Total Sugars,9499.62697352235,18.507648675164912
Total Sugars,9495.77004008551,-121.75846190681771
Total Sugars,9491.91310664866,-139.34077066522448
Total Sugars,9488.05617321181,-103.77655781047571
Total Sugars,9484.19923977496,-123.69887093667658
Total Sugars,9480.34230633812,-56.233558147181945
Total Sugars,9476.48537290127,-95.621847059165404
Total Sugars,9472.62843946442,-88.352432009726542
Total Sugars,9468.77150602758,17.09782027817954
Total Sugars,9464.91457259073,-65.588036099024464
Total Sugars,9461.05763915388,-213.77495602240316
Total Sugars,9457.20070571703,-14.343713604508475
Total Sugars,9453.34377228019,-60.523522067427059
Total Sugars,9449.48683884334,-173.46015859326616
Total Sugars,9445.62990540649,-100.86639844144543
Total Sugars,9441.77297196964,15.040276402521535
Total Sugars,9437.9160385328,-35.90407080576351
Total Sugars,9434.05910509595,-100.3062752965285
Total Sugars,9430.2021716591,-100.18490682001561
Total Sugars,9426.34523822226,-200.07408763025589
Total Sugars,9422.48830478541,-220.95929188612331
Total Sugars,9418.63137134856,-207.76389410572352
Total Sugars,9414.77443791171,-168.13077402171029
Total Sugars,9410.91750447487,-92.848616624578398
Total Sugars,9407.06057103802,-49.930424201251384
Total Sugars,9403.20363760117,-36.7682685832457
Total Sugars,9399.34670416432,-33.738358295411018
Total Sugars,9395.48977072748,-20.975093350127963
Total Sugars,9391.63283729063,13.597780176903322
Total Sugars,9387.77590385378,7.9033978769414359
Total Sugars,9383.91897041694,-103.28397920685273
Total Sugars,9380.06203698009,-222.05777737129276
Total Sugars,9376.20510354324,-254.2817643400189
Total Sugars,9372.34817010639,-158.97548823984849
Total Sugars,9368.49123666955,-54.155580190187109
Total Sugars,9364.6343032327,35.309132319039648
Total Sugars,9360.77736979585,69.619295741248379
Total Sugars,9356.920436359,55.121769617889441
Total Sugars,9353.06350292216,23.732081151432983
Total Sugars,9349.20656948531,-20.332619269636048
Total Sugars,9345.34963604846,3.051787168773493
Total Sugars,9341.49270261162,89.329979889400192
Total Sugars,9337.63576917477,117.71920147424143
Total Sugars,9333.77883573792,-16.256581089636388
Total Sugars,9329.92190230107,-85.58589661706111
Total Sugars,9326.06496886423,48.957819547190077
Total Sugars,9322.20803542738,64.039737334595472
Total Sugars,9318.35110199053,-95.827262084314128
Total Sugars,9314.49416855368,-79.881206241088449
Total Sugars,9310.63723511684,-39.922673671936423
Total Sugars,9306.78030167999,-33.464943511684687
Total Sugars,9302.92336824314,-48.733624683943042
Total Sugars,9299.0664348063,-36.693466615395934
Total Sugars,9295.20950136945,26.053195927430306
Total Sugars,9291.3525679326,192.6422677601058
Total Sugars,9287.49563449575,105.98210772217713
Total Sugars,9283.63870105891,-33.692166407889914
Total Sugars,9279.78176762206,10.454027769331205
Total Sugars,9275.92483418521,59.690055657140903
Total Sugars,9272.06790074836,63.049533960816127
Total Sugars,9268.21096731152,66.312191910134032
Total Sugars,9264.35403387467,63.92895209389102
Total Sugars,9260.49710043782,47.97407789742816
Total Sugars,9256.64016700098,-7.826935316640883
Total Sugars,9252.78323356413,6.8925681462018105
Total Sugars,9248.92630012728,56.712477611577228
Total Sugars,9245.06936669043,42.054890552885709
Total Sugars,9241.21243325358,-0.90899678705170028
Total Sugars,9237.35549981674,47.131947536504136
Total Sugars,9233.49856637989,78.626414280107014
Total Sugars,9229.64163294304,19.066572026832127
Total Sugars,9225.7846995062,25.588033413385244
Total Sugars,9221.92776606935,91.432160440182599
Total Sugars,9218.0708326325,78.383223566968184
Total Sugars,9214.21389919565,31.337655857480751
Total Sugars,9210.35696575881,58.891715754591935
Total Sugars,9206.50003232196,68.458870647151187
Total Sugars,9202.64309888511,97.073877872822834
Total Sugars,9198.78616544826,104.95594678469159
Total Sugars,9194.92923201142,98.969511513942891
Total Sugars,9191.07229857457,123.98572390660259
Total Sugars,9187.21536513772,137.90303031981378
Total Sugars,9183.35843170088,167.68986565122344
Total Sugars,9179.50149826403,120.62194307583043
Total Sugars,9175.64456482718,5.0346101811757338
Total Sugars,9171.78763139033,78.968602924435331
Total Sugars,9167.93069795349,31.423752018175076
Total Sugars,9164.07376451664,-58.481867999490639
Total Sugars,9160.21683107979,-19.524144237444872
Total Sugars,9156.35989764294,156.88709689905102
Total Sugars,9152.5029642061,219.31358569737725
Total Sugars,9148.64603076925,126.94978511231402
Total Sugars,9144.7890973324,-7.715560770178203
Total Sugars,9140.93216389556,-10.93450185655211
Total Sugars,9137.07523045871,80.273385770801156
Total Sugars,9133.21829702186,118.47177932540946
Total Sugars,9129.36136358501,187.72882677767734
Total Sugars,9125.50443014817,284.5032924046368
Total Sugars,9121.64749671132,254.74301113046673
Total Sugars,9117.79056327447,196.56237808250887
Total Sugars,9113.93362983762,92.372772161077194
Total Sugars,9110.07669640078,49.174855418869363
Total Sugars,9106.21976296393,15.274648889784116
Total Sugars,9102.36282952708,4.5365946104944088
Total Sugars,9098.50589609024,148.50376066655286
Total Sugars,9094.64896265339,141.83173471116373
Total Sugars,9090.79202921654,67.635888268951504
Total Sugars,9086.93509577969,178.46443477874826
Total Sugars,9083.07816234285,132.1447582609851
Total Sugars,9079.221228906,44.456777530898158
Total Sugars,9075.36429546915,146.94816503977916
Total Sugars,9071.5073620323,237.91357766250852
Total Sugars,9067.65042859546,178.53522699480135
Total Sugars,9063.79349515861,104.85278795988282
Total Sugars,9059.93656172176,100.96284878915343
Total Sugars,9056.07962828492,86.377476176319973
Total Sugars,9052.22269484807,112.46266696156859
Total Sugars,9048.36576141122,86.942591146638748
Total Sugars,9044.50882797437,65.569938435532308
Total Sugars,9040.65189453753,94.009239168933505
Total Sugars,9036.79496110068,72.926715701114205
Total Sugars,9032.93802766383,6.640654497296719
Total Sugars,9029.08109422698,30.093954753122798
Total Sugars,9025.22416079014,145.28564185907152
Total Sugars,9021.36722735329,79.526341277962743
Total Sugars,9017.51029391644,96.893645699945296
Total Sugars,9013.6533604796,159.43605449027694
Total Sugars,9009.79642704275,169.59589597680042
Total Sugars,9005.9394936059,136.66120783389584
Total Sugars,9002.08256016905,52.512537435006251
Total Sugars,8998.22562673221,-19.69217150194612
Total Sugars,8994.36869329536,12.855279185689957
Total Sugars,8990.51175985851,14.170492816104437
Total Sugars,8986.65482642166,77.373379967221339
Total Sugars,8982.79789298482,62.010615333218688
Total Sugars,8978.94095954797,42.666314905205311
Total Sugars,8975.08402611112,78.235009463554348
Total Sugars,8971.22709267428,36.529258597446649
Total Sugars,8967.37015923743,-5.1973169694942296
Total Sugars,8963.51322580058,44.445287346643489
Total Sugars,8959.65629236373,46.250943890180899
Total Sugars,8955.79935892689,60.909570109880761
Total Sugars,8951.94242549004,138.50937558888702
Total Sugars,8948.08549205319,173.45671513934911
Total Sugars,8944.22855861634,153.44857641343233
Total Sugars,8940.3716251795,113.22788115733687
Total Sugars,8936.51469174265,106.7240115557249
Total Sugars,8932.6577583058,221.79202309100293
Total Sugars,8928.80082486896,255.334574407753
Total Sugars,8924.94389143211,105.57428424782259
Total Sugars,8921.08695799526,-73.030364242017143
Total Sugars,8917.23002455841,8.2740290238090388
Total Sugars,8913.37309112157,98.313914900131437
Total Sugars,8909.51615768472,45.267155566932836
Total Sugars,8905.65922424787,-38.463272344468578
Total Sugars,8901.80229081102,-89.886387509760667
Total Sugars,8897.94535737418,-104.67201971766039
Total Sugars,8894.08842393733,1.6732701657797342
Total Sugars,8890.23149050048,79.014516266491981
Total Sugars,8886.37455706364,96.551146689121907
Total Sugars,8882.51762362679,84.868710637545149
Total Sugars,8878.66069018994,18.171666270484717
Total Sugars,8874.80375675309,-80.406814077703572
Total Sugars,8870.94682331625,-133.32548878789601
Total Sugars,8867.0898898794,-189.78766021074927
Total Sugars,8863.23295644255,-163.69514952082469
Total Sugars,8859.3760230057,-106.18436104682154
Total Sugars,8855.51908956886,-23.422684723607496
Total Sugars,8851.66215613201,-72.113024252036794
Total Sugars,8847.80522269516,-161.58571283487825
Total Sugars,8843.94828925832,-116.18094444055711
Total Sugars,8840.09135582147,-44.652024908093772
Total Sugars,8836.23442238462,-63.239659704617097
Total Sugars,8832.37748894777,-119.31085194376426
Total Sugars,8828.52055551093,-70.38579756812787
Total Sugars,8824.66362207408,28.121393956057045
Total Sugars,8820.80668863723,-25.734185973427323
Total Sugars,8816.94975520038,-19.858741131407388
Total Sugars,8813.09282176354,-34.006167221997131
Total Sugars,8809.23588832669,-198.37419021095661
Total Sugars,8805.37895488984,-268.8884691240936
Total Sugars,8801.522021453,-191.3226629556053
Total Sugars,8797.66508801615,-126.66887362682792
Total Sugars,8793.8081545793,-131.14952096125253
Total Sugars,8789.95122114245,-100.80256998799996
Total Sugars,8786.09428770561,-91.832949872016911
Total Sugars,8782.23735426876,-109.85181687538066
Total Sugars,8778.38042083191,-104.01994955751952
Total Sugars,8774.52348739506,31.316815611297915
Total Sugars,8770.66655395822,-10.858896963037809
Total Sugars,8766.80962052137,-109.72885039594061
Total Sugars,8762.95268708452,-121.41377663444177
Total Sugars,8759.09575364767,-200.92909510358427
Total Sugars,8755.23882021083,-233.37222276349601
Total Sugars,8751.38188677398,-83.906344896017018
Total Sugars,8747.52495333713,-40.796646346316521
Total Sugars,8743.66801990029,-106.53286560295206
Total Sugars,8739.81108646344,-89.741989356786277
Total Sugars,8735.95415302659,-119.25668400675883
Total Sugars,8732.09721958974,-94.530898833459105
Total Sugars,8728.2402861529,-101.02885581734961
Total Sugars,8724.38335271605,-125.36165594823763
Total Sugars,8720.5264192792,-52.748807861524867
Total Sugars,8716.66948584235,-53.770784102916195
Total Sugars,8712.81255240551,-101.70479798961041
Total Sugars,8708.95561896866,-148.05979020949809
Total Sugars,8705.09868553181,-193.31355144959684
Total Sugars,8701.24175209497,-180.75104556239089
Total Sugars,8697.38481865812,-107.32757623256404
Total Sugars,8693.52788522127,-59.51569932624863
Total Sugars,8689.67095178442,-130.33350263397878
Total Sugars,8685.81401834758,-180.92780695678351
Total Sugars,8681.95708491073,-146.38766575863158
Total Sugars,8678.10015147388,-161.65789154645228
Total Sugars,8674.24321803703,-107.60753899419971
Total Sugars,8670.38628460019,41.91272651245874
Total Sugars,8666.52935116334,87.322801727339851
Total Sugars,8662.67241772649,-52.659644269364549
Total Sugars,8658.81548428965,-5.3151888726043355
Total Sugars,8654.9585508528,101.89322165537206
Total Sugars,8651.10161741595,19.370282583848141
Total Sugars,8647.2446839791,-1.1262001755316069
Total Sugars,8643.38775054226,69.468929834923856
Total Sugars,8639.53081710541,95.159146485244321
Total Sugars,8635.67388366856,83.661456803979618
Total Sugars,8631.81695023171,67.030548630103837
Total Sugars,8627.96001679487,-69.835028595883927
Total Sugars,8624.10308335802,-173.11058243421473
Total Sugars,8620.24614992117,-121.47235612742026
Total Sugars,8616.38921648433,-53.957529878451304
Total Sugars,8612.53228304748,-89.492932807812011
Total Sugars,8608.67534961063,11.806093681075341
Total Sugars,8604.81841617378,144.64552063020409
Total Sugars,8600.96148273694,156.62939159605449
Total Sugars,8597.10454930009,146.88543036885153
Total Sugars,8593.24761586324,35.359410205883819
Total Sugars,8589.39068242639,-176.69977879537061
Total Sugars,8585.53374898955,-101.25517726767379
Total Sugars,8581.6768155527,67.555306610090597
Total Sugars,8577.81988211585,75.09205556060509
Total Sugars,8573.96294867901,23.663556087386734
Total Sugars,8570.10601524216,51.761608595482954
Total Sugars,8566.24908180531,108.4159257855371
Total Sugars,8562.39214836846,217.28203454833914
Total Sugars,8558.53521493162,154.30360247995335
Total Sugars,8554.67828149477,96.825973015572274
Total Sugars,8550.82134805792,-3.500348728896634
Total Sugars,8546.96441462107,-65.692391155872784
Total Sugars,8543.10748118423,-76.48729228182539
Total Sugars,8539.25054774738,-6.609587741071997
Total Sugars,8535.39361431053,38.653959447569306
Total Sugars,8531.53668087368,75.989031191151611
Total Sugars,8527.67974743684,25.386644718207815
Total Sugars,8523.82281399999,-100.06385659108803
Total Sugars,8519.96588056314,-108.92338515793833
Total Sugars,8516.1089471263,38.409631313051342
Total Sugars,8512.25201368945,3.525578765139409
Total Sugars,8508.3950802526,44.403128533902205
Total Sugars,8504.53814681575,93.673279157831018
Total Sugars,8500.68121337891,2.6096008032626146
Total Sugars,8496.82427994206,-6.6230146765924713
Total Sugars,8492.96734650521,14.086883535827702
Total Sugars,8489.11041306836,-26.686247004944867
Total Sugars,8485.25347963152,-263.18510667983657
Total Sugars,8481.39654619467,-307.54653064747129
Total Sugars,8477.53961275782,-107.90956830693101
Total Sugars,8473.68267932098,-48.362808022083861
Total Sugars,8469.82574588413,-102.3012056559356
Total Sugars,8465.96881244728,-1.0724444789652998
Total Sugars,8462.11187901043,89.067452895953835
Total Sugars,8458.25494557359,-84.00588960361442
Total Sugars,8454.39801213674,-171.42158435862544
Total Sugars,8450.54107869989,-11.49162578236135
Total Sugars,8446.68414526304,90.415504291929892
Total Sugars,8442.8272118262,131.40089617209401
Total Sugars,8438.97027838935,41.487778750633218
Total Sugars,8435.1133449525,-21.497976277275491
Total Sugars,8431.25641151566,-40.25503388687703
Total Sugars,8427.39947807881,-198.11898550287438
Total Sugars,8423.54254464196,-132.19171884543184
Total Sugars,8419.68561120511,53.587711771094661
Total Sugars,8415.82867776827,152.29227755769318
Total Sugars,8411.97174433142,123.04140823677008
Total Sugars,8408.11481089457,46.573787873634188
Total Sugars,8404.25787745772,-131.06727499587876
Total Sugars,8400.40094402088,-89.286644970734883
Total Sugars,8396.54401058403,-25.524625961318769
Total Sugars,8392.68707714718,49.230477260659931
Total Sugars,8388.83014371034,250.33197061630165
Total Sugars,8384.97321027349,316.83888986448437
Total Sugars,8381.11627683664,48.448371269911412
Total Sugars,8377.25934339979,-45.815631402781847
Total Sugars,8373.40240996295,-8.7280183904985567
Total Sugars,8369.5454765261,-17.447896742449764
Total Sugars,8365.68854308925,-40.721163009272935
Total Sugars,8361.8316096524,-1.78439308226647
Total Sugars,8357.97467621556,-3.568870789181056
Total Sugars,8354.11774277871,44.839049874775348
Total Sugars,8350.26080934186,141.15624301782699
Total Sugars,8346.40387590502,148.13648546542012
Total Sugars,8342.54694246817,16.182635198034426
Total Sugars,8338.69000903132,-4.3027447287177401
Total Sugars,8334.83307559447,18.538968051944988
Total Sugars,8330.97614215763,-0.063598421577263628
Total Sugars,8327.11920872078,126.07640005537705
Total Sugars,8323.26227528393,273.21635097187379
Total Sugars,8319.40534184708,206.70996255489359
Total Sugars,8315.54840841024,185.17437339717739
Total Sugars,8311.69147497339,131.97473017272486
Total Sugars,8307.83454153654,4.5356139564955322
Total Sugars,8303.97760809969,-65.518649836857236
Total Sugars,8300.12067466285,32.971569309733049
Total Sugars,8296.263741226,2.1217487974220579
Total Sugars,8292.40680778915,2.3668288593032636
Total Sugars,8288.54987435231,108.77426898856132
Total Sugars,8284.69294091546,147.69076814282872
Total Sugars,8280.83600747861,123.61399413945067
Total Sugars,8276.97907404176,185.03373437688489
Total Sugars,8273.12214060492,116.36237981848495
Total Sugars,8269.26520716807,137.34629947343828
Total Sugars,8265.40827373122,167.15488618836218
Total Sugars,8261.55134029437,74.599105499601706
Total Sugars,8257.69440685753,-131.01306425428473
Total Sugars,8253.83747342068,-235.26135248847393
Total Sugars,8249.98053998383,-94.905194402482223
Total Sugars,8246.12360654699,23.726666188961694
Total Sugars,8242.26667311014,-31.108924283787694
Total Sugars,8238.40973967329,-95.376010031206036
Total Sugars,8234.55280623644,-37.726332669673205
Total Sugars,8230.6958727996,119.91151554302245
Total Sugars,8226.83893936275,-8.5919409926236039
Total Sugars,8222.9820059259,-157.22599995836825
Total Sugars,8219.12507248905,-95.562929828813239
Total Sugars,8215.26813905221,120.73607543822926
Total Sugars,8211.41120561536,102.01528508938574
Total Sugars,8207.55427217851,3.3238167862674826
Total Sugars,8203.69733874167,-124.39663002513474
Total Sugars,8199.84040530482,-85.917146592863347
Total Sugars,8195.98347186797,-91.163209131240706
Total Sugars,8192.12653843112,-33.455714735008989
Total Sugars,8188.26960499428,2.4163339885201105
Total Sugars,8184.41267155743,-44.799047399517598
Total Sugars,8180.55573812058,-43.999304577354721
Total Sugars,8176.69880468373,1.3581861081021214
Total Sugars,8172.84187124689,-61.937238493878823
Total Sugars,8168.98493781004,-79.026766334920239
Total Sugars,8165.12800437319,48.920909910753416
Total Sugars,8161.27107093635,40.662983817888993
Total Sugars,8157.4141374995,-8.7081488375123293
Total Sugars,8153.55720406265,-21.597893271420723
Total Sugars,8149.7002706258,-32.701419137901794
Total Sugars,8145.84333718896,29.01138182305942
Total Sugars,8141.98640375211,-53.923831565544049
Total Sugars,8138.12947031526,61.874181196735748
Total Sugars,8134.27253687841,158.69163814334726
Total Sugars,8130.41560344157,91.052562196290765
Total Sugars,8126.55867000472,-36.23085261240881
Total Sugars,8122.70173656787,-118.82127691092062
Total Sugars,8118.84480313103,-76.682810897797623
Total Sugars,8114.98786969418,-63.720757828573731
Total Sugars,8111.13093625733,-80.671841972848668
Total Sugars,8107.27400282048,-31.767608126833313
Total Sugars,8103.41706938364,-9.8723681746036664
Total Sugars,8099.56013594679,57.91147933091878
Total Sugars,8095.70320250994,21.268857872784857
Total Sugars,8091.84626907309,59.776915135415038
Total Sugars,8087.98933563625,-23.341856836376888
Total Sugars,8084.1324021994,9.1446888997643647
Total Sugars,8080.27546876255,83.844788775442623
Total Sugars,8076.41853532571,76.706640132270735
Total Sugars,8072.56160188886,-43.807052857664921
Total Sugars,8068.70466845201,-1.2563016858556966
Total Sugars,8064.84773501516,50.552751445158471
Total Sugars,8060.99080157832,83.21373890953349
Total Sugars,8057.13386814147,67.227442021860057
Total Sugars,8053.27693470462,18.450496350316293
Total Sugars,8049.42000126777,-80.025298391561719
Total Sugars,8045.56306783093,-130.46203965855275
Total Sugars,8041.70613439408,-20.516183387206237
Total Sugars,8037.84920095723,16.232342548676979
Total Sugars,8033.99226752039,-143.84559710061617
Total Sugars,8030.13533408354,-159.77942412913686
Total Sugars,8026.27840064669,-16.352081384062345
Total Sugars,8022.42146720984,89.206714807259658
Total Sugars,8018.564533773,84.564635500113695
Total Sugars,8014.70760033615,24.78202748669413
Total Sugars,8010.8506668993,-63.763517693431012
Total Sugars,8006.99373346245,-75.97697327715872
Total Sugars,8003.13680002561,-92.602143739701418
Total Sugars,7999.27986658876,-90.684424495886645
Total Sugars,7995.42293315191,-70.001901830954594
Total Sugars,7991.56599971507,-107.57330642305442
Total Sugars,7987.70906627822,-62.356262606772148
Total Sugars,7983.85213284137,-28.968543484278879
Total Sugars,7979.99519940452,62.257834811355991
Total Sugars,7976.13826596768,93.047858484225586
Total Sugars,7972.28133253083,-62.411256984912058
Total Sugars,7968.42439909398,-154.25660686397745
Total Sugars,7964.56746565713,-102.33666317487125
Total Sugars,7960.71053222029,-157.07526030049172
Total Sugars,7956.85359878344,-117.78418825751767
Total Sugars,7952.99666534659,7.1993588057295783
Total Sugars,7949.13973190975,79.703957577105299
Total Sugars,7945.2827984729,13.480573394944281
Total Sugars,7941.42586503605,-76.120100520924495
Total Sugars,7937.5689315992,-96.824819486348872
Total Sugars,7933.71199816236,-131.66805826660635
Total Sugars,7929.85506472551,-110.21707589035083
Total Sugars,7925.99813128866,-85.89519335051061
Total Sugars,7922.14119785181,-37.720570645082894
Total Sugars,7918.28426441497,-58.060409267317048
Total Sugars,7914.42733097812,-52.619594788338361
Total Sugars,7910.57039754127,-119.24668550789642
Total Sugars,7906.71346410443,-158.16226585134748
Total Sugars,7902.85653066758,-101.12412794850913
Total Sugars,7898.99959723073,-55.465129159878089
Total Sugars,7895.14266379388,-33.174073116984104
Total Sugars,7891.28573035704,-39.331921493788208
Total Sugars,7887.42879692019,-113.845055681625
Total Sugars,7883.57186348334,-155.50288996892584
Total Sugars,7879.71493004649,-160.48923613950961
Total Sugars,7875.85799660965,-62.697345430575638
Total Sugars,7872.0010631728,-118.5838620738654
Total Sugars,7868.14412973595,-108.19323050808961
Total Sugars,7864.28719629911,-63.708933794518778
Total Sugars,7860.43026286226,-64.597603360798871
Total Sugars,7856.57332942541,-85.976085881777607
Total Sugars,7852.71639598856,16.280127806850846
Total Sugars,7848.85946255172,100.09764865944489
Total Sugars,7845.00252911487,2.4949395266218422
Total Sugars,7841.14559567802,-214.56157970197839
Total Sugars,7837.28866224117,-263.18083627164219
Total Sugars,7833.43172880433,-221.68596654746221
Total Sugars,7829.57479536748,-113.24458664107274
Total Sugars,7825.71786193063,-22.546300699951388
Total Sugars,7821.86092849379,-46.503934670736093
Total Sugars,7818.00399505694,-64.874682333822818
Total Sugars,7814.14706162009,2.3100016730603512
Total Sugars,7810.29012818324,-43.166398903036267
Total Sugars,7806.4331947464,-79.983751887510863
Total Sugars,7802.57626130955,5.8488827900123148
Total Sugars,7798.7193278727,-10.512965552112178
Total Sugars,7794.86239443585,-40.902112502319135
Total Sugars,7791.00546099901,-55.404054429786164
Total Sugars,7787.14852756216,-91.17651239083466
Total Sugars,7783.29159412531,-135.07602084866352
Total Sugars,7779.43466068847,-105.47514293454222
Total Sugars,7775.57772725162,-14.597744889764867
Total Sugars,7771.72079381477,-15.897270967887982
Total Sugars,7767.86386037792,-27.808578974455578
Total Sugars,7764.00692694107,-32.583582424939706
Total Sugars,7760.14999350423,-108.87971338262435
Total Sugars,7756.29306006738,-136.32409828167232
Total Sugars,7752.43612663053,-85.515917085027169
Total Sugars,7748.57919319369,-8.8408655787837951
Total Sugars,7744.72225975684,-28.181266981552003
Total Sugars,7740.86532631999,-168.99610563398932
Total Sugars,7737.00839288315,-160.45944273301089
Total Sugars,7733.1514594463,-84.26801924228846
Total Sugars,7729.29452600945,-7.1913501560473456
Total Sugars,7725.4375925726,19.567941533348943
Total Sugars,7721.58065913575,20.206954367495733
Total Sugars,7717.72372569891,-52.563246529011735
Total Sugars,7713.86679226206,-31.33487083818838
Total Sugars,7710.00985882521,21.755946983500703
Total Sugars,7706.15292538837,-42.022460641094526
Total Sugars,7702.29599195152,-111.80724372983654
Total Sugars,7698.43905851467,-54.175944637773291
Total Sugars,7694.58212507782,-39.910106969166648
Total Sugars,7690.72519164098,-124.66422844727634
Total Sugars,7686.86825820413,-152.02614776993457
Total Sugars,7683.01132476728,-80.053487539846145
Total Sugars,7679.15439133043,-44.487397766848453
Total Sugars,7675.29745789359,-2.1472737756487352
Total Sugars,7671.44052445674,-59.275324619446053
Total Sugars,7667.58359101989,-57.736592295626743
Total Sugars,7663.72665758305,-29.139457434410929
Total Sugars,7659.8697241462,-42.620255287668272
Total Sugars,7656.01279070935,-6.7270760773171476
Total Sugars,7652.1558572725,87.159736332676317
Total Sugars,7648.29892383566,68.527645483732243
Total Sugars,7644.44199039881,-63.278722810767967
Total Sugars,7640.58505696196,-99.079659824665939
Total Sugars,7636.72812352511,-13.092752526698181
Total Sugars,7632.87119008827,-5.9373413080094757
Total Sugars,7629.01425665142,-36.799501685863582
Total Sugars,7625.15732321457,-64.159068834184779
Total Sugars,7621.30038977773,20.659560693845016
Total Sugars,7617.44345634088,40.876279174092183
Total Sugars,7613.58652290403,12.00657304027091
Total Sugars,7609.72958946718,-55.964797487933524
Total Sugars,7605.87265603034,-80.746525438965094
Total Sugars,7602.01572259349,-90.028022749581396
Total Sugars,7598.15878915664,-53.013409790423822
Total Sugars,7594.30185571979,-8.955483524304821
Total Sugars,7590.44492228295,87.559252385960207
Total Sugars,7586.5879888461,86.207839520230451
Total Sugars,7582.73105540925,16.124051496341117
Total Sugars,7578.87412197241,-4.2478273257442982
Total Sugars,7575.01718853556,20.32777955459057
Total Sugars,7571.16025509871,11.931838734993223
Total Sugars,7567.30332166186,-27.533997415060476
Total Sugars,7563.44638822502,40.265962833057053
Total Sugars,7559.58945478817,121.5109322857588
Total Sugars,7555.73252135132,153.97123159040956
Total Sugars,7551.87558791447,115.65670668470759
Total Sugars,7548.01865447763,110.82679915554598
Total Sugars,7544.16172104078,52.760929164680881
Total Sugars,7540.30478760393,4.9543566668791907
Total Sugars,7536.44785416709,134.14447677387355
Total Sugars,7532.59092073024,147.61092829683167
Total Sugars,7528.73398729339,96.744057632278469
Total Sugars,7524.87705385654,65.140838147605749
Total Sugars,7521.0201204197,136.38276514054184
Total Sugars,7517.16318698285,133.2991748728366
Total Sugars,7513.306253546,104.01068263201356
Total Sugars,7509.44932010915,164.00338042782144
Total Sugars,7505.59238667231,268.06908231942737
Total Sugars,7501.73545323546,271.3153132602439
Total Sugars,7497.87851979861,272.8699799908328
Total Sugars,7494.02158636177,180.90699484595004
Total Sugars,7490.16465292492,153.51060513361904
Total Sugars,7486.30771948807,138.2787564931279
Total Sugars,7482.45078605122,186.17251996245031
Total Sugars,7478.59385261438,201.59086498263073
Total Sugars,7474.73691917753,104.34547855727386
Total Sugars,7470.87998574068,139.74924088824079
Total Sugars,7467.02305230383,309.15787027936534
Total Sugars,7463.16611886699,199.42705318422009
Total Sugars,7459.30918543014,112.23525941057338
Total Sugars,7455.45225199329,174.64468510543244
Total Sugars,7451.59531855645,229.42322618104066
Total Sugars,7447.7383851196,164.90176080812208
Total Sugars,7443.88145168275,76.767605645958909
Total Sugars,7440.0245182459,132.99123722188602
Total Sugars,7436.16758480906,211.50211833140438
Total Sugars,7432.31065137221,198.52743512454083
Total Sugars,7428.45371793536,258.1878690481052
Total Sugars,7424.59678449851,195.0045001075915
Total Sugars,7420.73985106167,122.57587382808761
Total Sugars,7416.88291762482,180.262425416876
Total Sugars,7413.02598418797,163.59972494084514
Total Sugars,7409.16905075113,96.571611303030096
Total Sugars,7405.31211731428,69.931324075900179
Total Sugars,7401.45518387743,34.623925544745028
Total Sugars,7397.59825044058,32.244893759540375
Total Sugars,7393.74131700374,0.88023707727126788
Total Sugars,7389.88438356689,80.593225617697939
Total Sugars,7386.02745013004,106.19638601967002
Total Sugars,7382.17051669319,73.993999587200236
Total Sugars,7378.31358325635,-114.82942012235608
Total Sugars,7374.4566498195,82.839729782049432
Total Sugars,7370.59971638265,142.90978962947568
Total Sugars,7366.74278294581,-128.82007087872685
Total Sugars,7362.88584950896,-86.206309069696076
Total Sugars,7359.02891607211,154.22150198531634
Total Sugars,7355.17198263526,214.65771232459289
Total Sugars,7351.31504919842,6.8425408611157277
Total Sugars,7347.45811576157,-100.19946420231059
Total Sugars,7343.60118232472,-95.383120785345312
Total Sugars,7339.74424888787,-95.913316247651323
Total Sugars,7335.88731545103,-20.862532243191492
Total Sugars,7332.03038201418,-46.04966358566071
Total Sugars,7328.17344857733,17.047732973300171
Total Sugars,7324.31651514049,11.870034924888644
Total Sugars,7320.45958170364,-43.851817365394709
Total Sugars,7316.60264826679,79.612932182282506
Total Sugars,7312.74571482994,84.951264824946563
Total Sugars,7308.8887813931,-152.52372896441778
Total Sugars,7305.03184795625,-188.34921006103534
Total Sugars,7301.1749145194,-154.67363623003479
Total Sugars,7297.31798108255,-257.06884950433891
Total Sugars,7293.46104764571,-176.58821940456167
Total Sugars,7289.60411420886,-4.1947521112879187
Total Sugars,7285.74718077201,100.56011271126576
Total Sugars,7281.89024733516,161.23591100264483
Total Sugars,7278.03331389832,23.676074987604334
Total Sugars,7274.17638046147,-2.8680897807136754
Total Sugars,7270.31944702462,-17.323248287967754
Total Sugars,7266.46251358778,13.592082161679416
Total Sugars,7262.60558015093,22.526210786778737
Total Sugars,7258.74864671408,20.151511372899083
Total Sugars,7254.89171327723,101.88809107146942
Total Sugars,7251.03477984039,242.34016473557955
Total Sugars,7247.17784640354,114.66585062063832
Total Sugars,7243.32091296669,-48.976227629963645
Total Sugars,7239.46397952984,-115.63008482375989
Total Sugars,7235.607046093,-43.487842104110726
Total Sugars,7231.75011265615,76.818221315110023
Total Sugars,7227.8931792193,-131.17568961908336
Total Sugars,7224.03624578246,-283.25668177832313
Total Sugars,7220.17931234561,-162.07258016380248
Total Sugars,7216.32237890876,18.490645443935399
Total Sugars,7212.46544547191,149.47076980948111
Total Sugars,7208.60851203507,35.744517608125875
Total Sugars,7204.75157859822,-83.982975511441239
Total Sugars,7200.89464516137,-186.82488270595991
Total Sugars,7197.03771172452,-161.72558385611163
Total Sugars,7193.18077828768,-107.53928591420504
Total Sugars,7189.32384485083,-123.479100726261
Total Sugars,7185.46691141398,-166.3323724939865
Total Sugars,7181.60997797714,-187.77164816898295
Total Sugars,7177.75304454029,-68.806463398896227
Total Sugars,7173.89611110344,15.086674616924235
Total Sugars,7170.03917766659,20.032761700889608
Total Sugars,7166.18224422975,153.70554116854183
Total Sugars,7162.3253107929,-14.355987529197758
Total Sugars,7158.46837735605,-233.8261984726266
Total Sugars,7154.6114439192,-191.86555114515787
Total Sugars,7150.75451048236,-51.613849789906034
Total Sugars,7146.89757704551,10.878960962393299
Total Sugars,7143.04064360866,31.20413100142018
Total Sugars,7139.18371017182,5.6524322957427939
Total Sugars,7135.32677673497,-195.39273684491005
Total Sugars,7131.46984329812,-250.97632327126479
Total Sugars,7127.61290986127,-30.521533009999722
Total Sugars,7123.75597642443,78.29047759202048
Total Sugars,7119.89904298758,45.515103654839351
Total Sugars,7116.04210955073,-41.599279580223623
Total Sugars,7112.18517611388,-29.206009456116327
Total Sugars,7108.32824267704,33.629006831552445
Total Sugars,7104.47130924019,49.066895525742886
Total Sugars,7100.61437580334,-13.442027125126435
Total Sugars,7096.7574423665,-47.304811574465383
Total Sugars,7092.90050892965,-122.98082983751993
Total Sugars,7089.0435754928,-55.84159641937525
Total Sugars,7085.18664205595,37.212754383578428
Total Sugars,7081.32970861911,10.495733733845542
Total Sugars,7077.47277518226,-71.079244764223347
Total Sugars,7073.61584174541,67.013848765691947
Total Sugars,7069.75890830856,95.786851599056234
Total Sugars,7065.90197487172,29.061315938674142
Total Sugars,7062.04504143487,-38.030724560762962
Total Sugars,7058.18810799802,-0.32272246584644348
Total Sugars,7054.33117456117,11.618678571825328
Total Sugars,7050.47424112433,2.9429147166631799
Total Sugars,7046.61730768748,-1.1324572435645741
Total Sugars,7042.76037425063,-15.571262157912026
Total Sugars,7038.90344081379,-28.562985087177147
Total Sugars,7035.04650737694,60.02514756141656
Total Sugars,7031.18957394009,18.441861772537546
Total Sugars,7027.33264050324,13.818166613100878
Total Sugars,7023.4757070664,12.928040929942577
Total Sugars,7019.61877362955,32.975746243751111
Total Sugars,7015.7618401927,76.683298914650152
Total Sugars,7011.90490675585,65.573548541531352
Total Sugars,7008.04797331901,-11.887342122609699
Total Sugars,7004.19103988216,-7.9666614034364462
Total Sugars,7000.33410644531,-12.219667389955644
Total Sugars,6996.47717300847,10.42784329076062
Total Sugars,6992.62023957162,34.121521406923982
Total Sugars,6988.76330613477,60.831640875877909
Total Sugars,6984.90637269792,45.940929527336827
Total Sugars,6981.04943926108,12.381883812447459
Total Sugars,6977.19250582423,39.536518692813466
Total Sugars,6973.33557238738,60.174622915045084
Total Sugars,6969.47863895053,69.043301539221758
Total Sugars,6965.62170551369,84.141685393914017
Total Sugars,6961.76477207684,69.355487062468455
Total Sugars,6957.90783863999,49.260443816266303
Total Sugars,6954.05090520315,-2.2667898488959679
Total Sugars,6950.1939717663,-12.861002398684844
Total Sugars,6946.33703832945,17.580220045473737
Total Sugars,6942.4801048926,39.239855629230412
Total Sugars,6938.62317145576,42.300372432375127
Total Sugars,6934.76623801891,24.819934831907812
Total Sugars,6930.90930458206,8.1487184298550286
Total Sugars,6927.05237114521,-22.427336840602599
Total Sugars,6923.19543770837,-24.587293706369628
Total Sugars,6919.33850427152,-13.639437343386239
Total Sugars,6915.48157083467,-74.010806862613109
Total Sugars,6911.62463739783,-36.761789733781704
Total Sugars,6907.76770396098,30.469453808364047
Total Sugars,6903.91077052413,21.905030860853866
Total Sugars,6900.05383708728,-23.346592607296234
Total Sugars,6896.19690365044,-10.709731419849941
Total Sugars,6892.33997021359,-32.323675368038863
Total Sugars,6888.48303677674,-45.044762304781152
Total Sugars,6884.62610333989,-48.656179038498749
Total Sugars,6880.76916990305,-19.97937820563785
Total Sugars,6876.9122364662,-21.087161212415943
Total Sugars,6873.05530302935,-37.161333241775225
Total Sugars,6869.19836959251,-29.446429653071956
Total Sugars,6865.34143615566,12.304867135278432
Total Sugars,6861.48450271881,-3.7804802816293117
Total Sugars,6857.62756928196,-24.14456372291604
Total Sugars,6853.77063584512,-28.924568443839963
Total Sugars,6849.91370240827,-37.911067839273755
Total Sugars,6846.05676897142,-40.652917079253477
Total Sugars,6842.19983553457,-16.135032398289031
Total Sugars,6838.34290209773,-7.3909592343410964
Total Sugars,6834.48596866088,-0.026252403218256708
Total Sugars,6830.62903522403,21.013847303003715
Total Sugars,6826.77210178718,27.731028325463924
Total Sugars,6822.91516835034,-5.7951296999026525
Total Sugars,6819.05823491349,-21.793143700752271
Total Sugars,6815.20130147664,20.767504173780544
Total Sugars,6811.3443680398,18.815652322916836
Total Sugars,6807.48743460295,-9.2377632223035935
Total Sugars,6803.6305011661,1.6977678455243057
Total Sugars,6799.77356772925,5.8248914673824466
Total Sugars,6795.91663429241,12.444372544882089
Total Sugars,6792.05970085556,-14.081145470905952
Total Sugars,6788.20276741871,-26.667389023792289
Total Sugars,6784.34583398186,-17.635466082466763
Total Sugars,6780.48890054502,5.2337262247323517
Total Sugars,6776.63196710817,-6.6687021724005318
Total Sugars,6772.77503367132,11.919792506664763
Total Sugars,6768.91810023448,22.056942044973887
Total Sugars,6765.06116679763,30.216278268144308
Total Sugars,6761.20423336078,9.153214074160152
Total Sugars,6757.34729992393,28.491666346049104
Total Sugars,6753.49036648709,54.280682432566053
Total Sugars,6749.63343305024,43.699925946835208
Total Sugars,6745.77649961339,15.199082448053131
Total Sugars,6741.91956617654,31.2029431394011
Total Sugars,6738.0626327397,34.54631007670222
Total Sugars,6734.20569930285,17.810364139519905
Total Sugars,6730.348765866,21.941664429466915
Total Sugars,6726.49183242916,64.485551665818292
Total Sugars,6722.63489899231,81.342405066935314
Total Sugars,6718.77796555546,82.04839068581218
Total Sugars,6714.92103211861,57.438243158343319
Total Sugars,6711.06409868177,65.688691422728681
Total Sugars,6707.20716524492,48.688436226966161
Total Sugars,6703.35023180807,40.900270401192124
Total Sugars,6699.49329837122,33.373931111954533
Total Sugars,6695.63636493438,50.076117656204786
Total Sugars,6691.77943149753,108.31545249397819
Total Sugars,6687.92249806068,99.33351164049472
Total Sugars,6684.06556462384,57.632525591554611
Total Sugars,6680.20863118699,33.951617936931555
Total Sugars,6676.35169775014,12.501134461964931
Total Sugars,6672.49476431329,62.181865195303374
Total Sugars,6668.63783087645,92.136656236951112
Total Sugars,6664.7808974396,95.567618513424449
Total Sugars,6660.92396400275,61.679645203440558
Total Sugars,6657.0670305659,78.5704285757012
Total Sugars,6653.21009712906,112.40097730341203
Total Sugars,6649.35316369221,99.766413740675205
Total Sugars,6645.49623025536,53.263739115555786
Total Sugars,6641.63929681852,47.996195158798244
Total Sugars,6637.78236338167,46.940151920493918
Total Sugars,6633.92542994482,46.865239578547609
Total Sugars,6630.06849650797,63.019248658710886
Total Sugars,6626.21156307113,78.890470233451168
Total Sugars,6622.35462963428,64.718814136694505
Total Sugars,6618.49769619743,44.664117265987421
Total Sugars,6614.64076276058,51.980132228140043
Total Sugars,6610.78382932374,52.212047787112233
Total Sugars,6606.92689588689,55.675109145863352
Total Sugars,6603.06996245004,76.444075870762475
Total Sugars,6599.2130290132,55.495001915836284
Total Sugars,6595.35609557635,46.224089349247372
Total Sugars,6591.4991621395,54.593068701427498
Total Sugars,6587.64222870265,50.299134078466999
Total Sugars,6583.78529526581,45.015108123893285
Total Sugars,6579.92836182896,55.253328922428295
Total Sugars,6576.07142839211,65.421269350106954
Total Sugars,6572.21449495526,37.415129787054646
Total Sugars,6568.35756151842,20.677224144688306
Total Sugars,6564.50062808157,12.542974663790686
Total Sugars,6560.64369464472,54.839524968602952
Total Sugars,6556.78676120788,41.361859539493217
Total Sugars,6552.92982777103,-6.8838169119011852
Total Sugars,6549.07289433418,-18.503106095605936
Total Sugars,6545.21596089733,0.57178075309342757
Total Sugars,6541.35902746049,24.362558764363595
Total Sugars,6537.50209402364,5.089975588674263
Total Sugars,6533.64516058679,12.278613574151056
Total Sugars,6529.78822714994,37.526554383703385
Total Sugars,6525.9312937131,35.973870892267342
Total Sugars,6522.07436027625,28.260868331324474
Total Sugars,6518.2174268394,12.283550782324207
Total Sugars,6514.36049340256,-19.936046247810459
Total Sugars,6510.50355996571,-38.15427853384935
Total Sugars,6506.64662652886,-26.850074214606543
Total Sugars,6502.78969309201,-15.129037098146387
Total Sugars,6498.93275965517,-25.690543883842
Total Sugars,6495.07582621832,-34.792212897127236
Total Sugars,6491.21889278147,-26.60855724380912
Total Sugars,6487.36195934462,-51.780026190098198
Total Sugars,6483.50502590778,-114.7455669732195
Total Sugars,6479.64809247093,-129.19927775171405
Total Sugars,6475.79115903408,-90.05154746594431
Total Sugars,6471.93422559724,-58.558534347785425
Total Sugars,6468.07729216039,-42.651898815898996
Total Sugars,6464.22035872354,-41.174587326742184
Total Sugars,6460.36342528669,-71.458840100728935
Total Sugars,6456.50649184985,-94.626189930186754
Total Sugars,6452.649558413,-82.156800176496418
Total Sugars,6448.79262497615,-93.036535657897602
Total Sugars,6444.9356915393,-77.5205785217764
Total Sugars,6441.07875810246,-19.061989052998623
Total Sugars,6437.22182466561,-30.378547969700119
Total Sugars,6433.36489122876,-42.096443046564275
Total Sugars,6429.50795779192,-61.842734880162084
Total Sugars,6425.65102435507,-82.281454456334686
Total Sugars,6421.79409091822,-70.259314957484378
Total Sugars,6417.93715748137,-82.591467196973028
Total Sugars,6414.08022404453,-82.705360104026397
Total Sugars,6410.22329060768,-63.924189190189814
Total Sugars,6406.36635717083,-52.588365471219532
Total Sugars,6402.50942373398,-55.677469439978132
Total Sugars,6398.65249029714,-44.591385282107822
Total Sugars,6394.79555686029,-42.359624768830862
Total Sugars,6390.93862342344,-68.605200496195565
Total Sugars,6387.08168998659,-44.090938503809866
Total Sugars,6383.22475654975,-58.155038042251626
Total Sugars,6379.3678231129,-96.903279447931695
Total Sugars,6375.51088967605,-90.17365476054772
Total Sugars,6371.6539562392,-58.264566987453215
Total Sugars,6367.79702280236,-58.757929536634258
Total Sugars,6363.94008936551,-75.301696498997302
Total Sugars,6360.08315592866,-25.298500624048977
Total Sugars,6356.22622249182,-26.165971173768753
Total Sugars,6352.36928905497,-62.160143955594002
Total Sugars,6348.51235561812,-68.832489656703984
Total Sugars,6344.65542218127,-68.788564610269702
Total Sugars,6340.79848874443,-65.628766845118349
Total Sugars,6336.94155530758,-34.770296531268976
Total Sugars,6333.08462187073,-59.952924136383345
Total Sugars,6329.22768843388,-84.607261354681143
Total Sugars,6325.37075499704,-84.549539855947074
Total Sugars,6321.51382156019,-69.890026459215477
Total Sugars,6317.65688812334,-34.279306062506727
Total Sugars,6313.7999546865,-40.978007230280667
Total Sugars,6309.94302124965,-42.208010052700118
Total Sugars,6306.0860878128,-28.26995627591112
Total Sugars,6302.22915437595,-63.978787954047384
Total Sugars,6298.37222093911,-60.736722402078307
Total Sugars,6294.51528750226,-26.116405073228485
Total Sugars,6290.65835406541,-8.3741714346099805
Total Sugars,6286.80142062856,-9.2459704888337129
Total Sugars,6282.94448719172,-44.318556731408307
Total Sugars,6279.08755375487,-52.19265261095255
Total Sugars,6275.23062031802,-28.514448179773673
Total Sugars,6271.37368688118,-25.047104917669383
Total Sugars,6267.51675344433,-50.006242329489652
Total Sugars,6263.65982000748,-69.559097102671728
Total Sugars,6259.80288657063,-45.277826518474981
Total Sugars,6255.94595313379,-47.431435584439384
Total Sugars,6252.08901969694,-43.175434008405276
Total Sugars,6248.23208626009,-5.832566434037358
Total Sugars,6244.37515282324,-22.510306498406987
Total Sugars,6240.5182193864,-59.918199884092616
Total Sugars,6236.66128594955,-49.009925193201212
Total Sugars,6232.8043525127,-36.864980048449638
Total Sugars,6228.94741907586,-11.062415177873838
Total Sugars,6225.09048563901,-15.448018002928709
Total Sugars,6221.23355220216,-39.068095964334148
Total Sugars,6217.37661876531,-4.5133020546208291
Total Sugars,6213.51968532847,25.896898746099303
Total Sugars,6209.66275189162,-29.310555373923847
Total Sugars,6205.80581845477,-25.256833577106917
Total Sugars,6201.94888501792,-15.026793887543143
Total Sugars,6198.09195158108,-6.3466711947689696
Total Sugars,6194.23501814423,-43.12388336584857
Total Sugars,6190.37808470738,-46.776843895595427
Total Sugars,6186.52115127054,-2.8950215325097051
Total Sugars,6182.66421783369,43.751862425396915
Total Sugars,6178.80728439684,24.840778697090517
Total Sugars,6174.95035095999,5.6525889892947356
Total Sugars,6171.09341752315,3.62225623534985
Total Sugars,6167.2364840863,3.4531533466571558
Total Sugars,6163.37955064945,24.375525739384717
Total Sugars,6159.5226172126,37.822827790468907
Total Sugars,6155.66568377576,9.2379259591567013
Total Sugars,6151.80875033891,-0.080823130662588089
Total Sugars,6147.95181690206,27.588158927299382
Total Sugars,6144.09488346522,8.6750791666749141
Total Sugars,6140.23795002837,-47.948245606946813
Total Sugars,6136.38101659152,4.7434894337549522
Total Sugars,6132.52408315467,34.967829517943599
Total Sugars,6128.66714971783,5.069919447644593
Total Sugars,6124.81021628098,-23.87903364849608
Total Sugars,6120.95328284413,-2.0885932165211116
Total Sugars,6117.09634940728,-0.95703090787909872
Total Sugars,6113.23941597044,-4.3429474131988703
Total Sugars,6109.38248253359,-12.532114972725115
Total Sugars,6105.52554909674,-2.7223516129993239
Total Sugars,6101.6686156599,20.868106691905659
Total Sugars,6097.81168222305,14.734540414832587
Total Sugars,6093.9547487862,25.441777383115141
Total Sugars,6090.09781534935,50.4800142948176
Total Sugars,6086.24088191251,67.720204193046442
Total Sugars,6082.38394847566,82.289471008900748
Total Sugars,6078.52701503881,79.048314044880428
Total Sugars,6074.67008160196,96.134609030195989
Total Sugars,6070.81314816512,77.001503836181072
Total Sugars,6066.95621472827,72.751499991147995
Total Sugars,6063.09928129142,70.240199388495711
Total Sugars,6059.24234785458,83.523387161281789
Total Sugars,6055.38541441773,100.05878707762017
Total Sugars,6051.52848098088,107.17363110744998
Total Sugars,6047.67154754403,48.686724967571138
Total Sugars,6043.81461410719,71.700566315498278
Total Sugars,6039.95768067034,88.384670612770776
Total Sugars,6036.10074723349,107.7227492841624
Total Sugars,6032.24381379664,102.72323978692972
Total Sugars,6028.3868803598,92.106859711262672
Total Sugars,6024.52994692295,82.225672297678386
Total Sugars,6020.6730134861,109.84515790293871
Total Sugars,6016.81608004926,89.020798921040111
Total Sugars,6012.95914661241,75.737105921920417
Total Sugars,6009.10221317556,62.611816629145622
Total Sugars,6005.24527973871,59.542807155032968
Total Sugars,6001.38834630187,8.4768406402463832
Total Sugars,5997.53141286502,5.0600982364741149
Total Sugars,5993.67447942817,21.537111623956118
Total Sugars,5989.81754599132,15.510399663130542
Total Sugars,5985.96061255448,52.842802866293894
Total Sugars,5982.10367911763,94.295988600614791
Total Sugars,5978.24674568078,29.788429562774482
Total Sugars,5974.38981224394,-22.750530759678597
Total Sugars,5970.53287880709,-25.309764432179758
Total Sugars,5966.67594537024,-6.8971936480276437
Total Sugars,5962.81901193339,-14.148872273509093
Total Sugars,5958.96207849655,-42.425512736642396
Total Sugars,5955.1051450597,-82.182594963722849
Total Sugars,5951.24821162285,-100.38757714260113
Total Sugars,5947.391278186,-98.13326841163537
Total Sugars,5943.53434474916,-92.482379276990486
Total Sugars,5939.67741131231,-100.78350011317389
Total Sugars,5935.82047787546,-119.5490124918654
Total Sugars,5931.96354443862,-148.28828879016729
Total Sugars,5928.10661100177,-154.23693868676128
Total Sugars,5924.24967756492,-120.52887194608743
Total Sugars,5920.39274412807,-82.920243975580647
Total Sugars,5916.53581069123,-118.27136351970198
Total Sugars,5912.67887725438,-94.84672920949572
Total Sugars,5908.82194381753,-62.446636736093396
Total Sugars,5904.96501038068,-49.162242263806391
Total Sugars,5901.10807694384,-44.871306423961606
Total Sugars,5897.25114350699,-50.70951448748631
Total Sugars,5893.39421007014,-41.798971840395048
Total Sugars,5889.5372766333,-60.007475332269806
Total Sugars,5885.68034319645,-59.849857409781499
Total Sugars,5881.8234097596,-48.89253682228243
Total Sugars,5877.96647632275,-32.50765219872676
Total Sugars,5874.10954288591,-13.165707861018742
Total Sugars,5870.25260944906,-18.699448394625833
Total Sugars,5866.39567601221,13.545007678063573
Total Sugars,5862.53874257536,28.535811903865916
Total Sugars,5858.68180913852,42.446410307764886
Total Sugars,5854.82487570167,78.591403847289357
Total Sugars,5850.96794226482,100.68521955254079
Total Sugars,5847.11100882798,134.32446744001265
Total Sugars,5843.25407539113,170.51193550301423
Total Sugars,5839.39714195428,160.47630574067236
Total Sugars,5835.54020851743,185.82902854806787
Total Sugars,5831.68327508059,197.80252492157575
Total Sugars,5827.82634164374,178.27701294956816
Total Sugars,5823.96940820689,153.04722175000984
Total Sugars,5820.11247477004,149.73005693480707
Total Sugars,5816.2555413332,127.68738278589122
Total Sugars,5812.39860789635,133.80081091190638
Total Sugars,5808.5416744595,76.481430205560841
Total Sugars,5804.68474102266,15.391168939993671
Total Sugars,5800.82780758581,-45.930619700499896
Total Sugars,5796.97087414896,-62.316438434331289
Total Sugars,5793.11394071211,-69.075277556900801
Total Sugars,5789.25700727527,-101.16927682993162
Total Sugars,5785.40007383842,-112.38057278142495
Total Sugars,5781.54314040157,-96.036500079584897
Total Sugars,5777.68620696472,-97.198199115375132
Total Sugars,5773.82927352788,-87.452835148187944
Total Sugars,5769.97234009103,-112.12127689064636
Total Sugars,5766.11540665418,-126.6248420434065
Total Sugars,5762.25847321733,-113.00797163999989
Total Sugars,5758.40153978049,-78.008867901972948
Total Sugars,5754.54460634364,-99.964265354327736
Total Sugars,5750.68767290679,-139.16005924334024
Total Sugars,5746.83073946995,-150.91059860186033
Total Sugars,5742.9738060331,-123.85748901781632
Total Sugars,5739.11687259625,-106.54694211173744
Total Sugars,5735.2599391594,-103.51986122343456
Total Sugars,5731.40300572256,-131.49439398465188
Total Sugars,5727.54607228571,-133.79531807914972
Total Sugars,5723.68913884886,-159.87907422541053
Total Sugars,5719.83220541201,-147.18571333250341
Total Sugars,5715.97527197517,-117.7271313061735
Total Sugars,5712.11833853832,-72.801319462864512
Total Sugars,5708.26140510147,-81.449328035615849
Total Sugars,5704.40447166463,-65.171902587364727
Total Sugars,5700.54753822778,-55.377373050050025
Total Sugars,5696.69060479093,1.7793865005034539
Total Sugars,5692.83367135408,-10.455720769573199
Total Sugars,5688.97673791724,13.372804808865872
Total Sugars,5685.11980448039,63.754824556945024
Total Sugars,5681.26287104354,106.29888115391246
Total Sugars,5677.40593760669,66.16086973468424
Total Sugars,5673.54900416985,70.303797136827598
Total Sugars,5669.692070733,79.758876435330308
Total Sugars,5665.83513729615,121.48839444745316
Total Sugars,5661.97820385931,132.98216959547108
Total Sugars,5658.12127042246,115.07790964658656
Total Sugars,5654.26433698561,112.3462817960946
Total Sugars,5650.40740354876,121.79533638002707
Total Sugars,5646.55047011192,87.943109346360828
Total Sugars,5642.69353667507,73.898705525878583
Total Sugars,5638.83660323822,28.282422983515449
Total Sugars,5634.97966980137,45.757041672156873
Total Sugars,5631.12273636453,84.433395214696858
Total Sugars,5627.26580292768,80.062278403734325
Total Sugars,5623.40886949083,87.57476787723229
Total Sugars,5619.55193605399,89.606029608498204
Total Sugars,5615.69500261714,50.45265234933867
Total Sugars,5611.83806918029,48.282461774440847
Total Sugars,5607.98113574344,44.128139474394118
Total Sugars,5604.1242023066,101.24889284475429
Total Sugars,5600.26726886975,65.580450303363932
Total Sugars,5596.4103354329,67.172235713977045
Total Sugars,5592.55340199605,48.817775047258849
Total Sugars,5588.69646855921,62.080241596255192
Total Sugars,5584.83953512236,31.52901705196847
Total Sugars,5580.98260168551,-11.405442759231283
Total Sugars,5577.12566824867,-55.979510292780567
Total Sugars,5573.26873481182,-39.319601959594031
Total Sugars,5569.41180137497,4.4204614909430076
Total Sugars,5565.55486793812,33.022312281371256
Total Sugars,5561.69793450128,0.10393073564387401
Total Sugars,5557.84100106443,-17.913217037987984
Total Sugars,5553.98406762758,20.177339156804415
Total Sugars,5550.12713419073,22.091411440213108
Total Sugars,5546.27020075389,-66.166590897359995
Total Sugars,5542.41326731704,-58.322718928454599
Total Sugars,5538.55633388019,54.512562075201885
Total Sugars,5534.69940044334,111.70163875105534
Total Sugars,5530.8424670065,-26.575530982641094
Total Sugars,5526.98553356965,-51.117093228346945
Total Sugars,5523.1286001328,-6.4102536977391047
Total Sugars,5519.27166669596,77.291512245330935
Total Sugars,5515.41473325911,32.363339424345519
Total Sugars,5511.55779982226,0.91587144224197048
Total Sugars,5507.70086638541,78.677118576418763
Total Sugars,5503.84393294857,91.726060902896876
Total Sugars,5499.98699951172,22.586922459649006
Total Sugars,5496.13006607487,81.938828641519251
Total Sugars,5492.27313263802,90.657356166370775
Total Sugars,5488.41619920118,66.957814486128925
Total Sugars,5484.55926576433,-5.3094854187832414
Total Sugars,5480.70233232748,-38.887252896247027
Total Sugars,5476.84539889064,5.2952488505002542
Total Sugars,5472.98846545379,77.254879979084023
Total Sugars,5469.13153201694,-10.977759962263699
Total Sugars,5465.27459858009,35.935611775787002
Total Sugars,5461.41766514325,65.803750721941725
Total Sugars,5457.5607317064,133.91782097926452
Total Sugars,5453.70379826955,30.748272929532074
Total Sugars,5449.8468648327,-28.58771113151213
Total Sugars,5445.98993139586,43.293305852235868
Total Sugars,5442.13299795901,168.39471742416887
Total Sugars,5438.27606452216,88.485280473524355
Total Sugars,5434.41913108532,65.359863426706852
Total Sugars,5430.56219764847,-15.523581194030143
Total Sugars,5426.70526421162,96.94074043018162
Total Sugars,5422.84833077477,18.825570560725271
Total Sugars,5418.99139733793,-21.330670278448675
Total Sugars,5415.13446390108,-13.098765291576044
Total Sugars,5411.27753046423,36.576152239024672
Total Sugars,5407.42059702738,-50.120702191461149
Total Sugars,5403.56366359054,-16.348890014853566
Total Sugars,5399.70673015369,-72.159769795835814
Total Sugars,5395.84979671684,-21.36776044546508
Total Sugars,5391.99286328,-81.516395354394277
Total Sugars,5388.13592984315,-13.637769656303561
Total Sugars,5384.2789964063,80.673759644384731
Total Sugars,5380.42206296945,123.53900790993188
Total Sugars,5376.56512953261,132.5070977421974
Total Sugars,5372.70819609576,37.428918414968258
Total Sugars,5368.85126265891,-57.762014588536324
Total Sugars,5364.99432922206,34.318095274605184
Total Sugars,5361.13739578522,30.668443620574394
Total Sugars,5357.28046234837,138.63965515587998
Total Sugars,5353.42352891152,209.93633480060845
Total Sugars,5349.56659547468,201.99079909563332
Total Sugars,5345.70966203783,30.385375553065725
Total Sugars,5341.85272860098,-38.679295812661408
Total Sugars,5337.99579516413,-44.121958875453352
Total Sugars,5334.13886172729,28.872168741524145
Total Sugars,5330.28192829044,-84.787883884657418
Total Sugars,5326.42499485359,-140.5989238316823
Total Sugars,5322.56806141674,-202.27962171325746
Total Sugars,5318.7111279799,-94.002590714745409
Total Sugars,5314.85419454305,-59.368247055819587
Total Sugars,5310.9972611062,-30.707095118384544
Total Sugars,5307.14032766935,-145.71498800613216
Total Sugars,5303.28339423251,-159.06642705843996
Total Sugars,5299.42646079566,-186.68094579239835
Total Sugars,5295.56952735881,-130.43611941639128
Total Sugars,5291.71259392197,-144.1359813401204
Total Sugars,5287.85566048512,-180.54631031035049
Total Sugars,5283.99872704827,-212.06168382925705
Total Sugars,5280.14179361142,-145.63601955997356
Total Sugars,5276.28486017458,-135.38582092761953
Total Sugars,5272.42792673773,-73.311213914178552
Total Sugars,5268.57099330088,-48.703370622428437
Total Sugars,5264.71405986403,-74.434970129807965
Total Sugars,5260.85712642719,-131.46089854113526
Total Sugars,5257.00019299034,-56.060459802622134
Total Sugars,5253.14325955349,-37.019132440795509
Total Sugars,5249.28632611665,33.824222383737421
Total Sugars,5245.4293926798,-9.1467936998816288
Total Sugars,5241.57245924295,-52.294364768511592
Total Sugars,5237.7155258061,10.213104617866744
Total Sugars,5233.85859236926,54.110295485816387
Total Sugars,5230.00165893241,78.088495706579579
Total Sugars,5226.14472549556,67.487278746134407
Total Sugars,5222.28779205871,26.991858798399157
Total Sugars,5218.43085862187,33.595097714711635
Total Sugars,5214.57392518502,40.375081365345622
Total Sugars,5210.71699174817,84.112741449629695
Total Sugars,5206.86005831133,75.440713719598605
Total Sugars,5203.00312487448,10.654123269745448
Total Sugars,5199.14619143763,37.945669807016266
Total Sugars,5195.28925800078,35.853833502875837
Total Sugars,5191.43232456394,31.659259413181143
Total Sugars,5187.57539112709,39.948433193375735
Total Sugars,5183.71845769024,20.37977673637824
Total Sugars,5179.86152425339,-0.94321814637342805
Total Sugars,5176.00459081655,-8.0653795766358236
Total Sugars,5172.1476573797,-2.9485580535306695
Total Sugars,5168.29072394285,11.779218037884107
Total Sugars,5164.43379050601,-9.324198402974158
Total Sugars,5160.57685706916,-22.228710417933321
Total Sugars,5156.71992363231,-24.311786716816162
Total Sugars,5152.86299019546,-25.518872497202754
Total Sugars,5149.00605675862,-29.129333473151686
Total Sugars,5145.14912332177,-22.248110526747503
Total Sugars,5141.29218988492,-18.297705976735728
Total Sugars,5137.43525644807,-17.226643054144237
Total Sugars,5133.57832301123,-32.407711506033195
Total Sugars,5129.72138957438,-20.915046932934377
Total Sugars,5125.86445613753,-21.313084524876142
Total Sugars,5122.00752270069,-12.237895546451607
Total Sugars,5118.15058926384,-24.56680230074549
Total Sugars,5114.29365582699,-5.6607910280262201
Total Sugars,5110.43672239014,-18.866547971665391
Total Sugars,5106.5797889533,-23.378250619441499
Total Sugars,5102.72285551645,-19.487137690358004
Total Sugars,5098.8659220796,-15.575331403408248
Total Sugars,5095.00898864275,-17.573415557109204
Total Sugars,5091.15205520591,11.432546067210081
Total Sugars,5087.29512176906,-10.471198425278329
Total Sugars,5083.43818833221,-8.4565771105285528
Total Sugars,5079.58125489536,1.989423642789937
Total Sugars,5075.72432145852,28.49244813246781
Total Sugars,5071.86738802167,6.5599791745595128
Total Sugars,5068.01045458482,-6.7480972653539721
Total Sugars,5064.15352114798,-15.639796640221062
Total Sugars,5060.29658771113,-1.0589913750428823
Total Sugars,5056.43965427428,-11.973107595797616
Total Sugars,5052.58272083743,7.1143827695489152
Total Sugars,5048.72578740059,10.46423791847106
Total Sugars,5044.86885396374,17.193677908174319
Total Sugars,5041.01192052689,-7.4003200509174549
Total Sugars,5037.15498709004,2.6672184808916359
Total Sugars,5033.2980536532,-0.81325376720331155
Total Sugars,5029.44112021635,0.84138252602210339
Total Sugars,5025.5841867795,-6.618892701495124
Total Sugars,5021.72725334266,14.816907278510817
Total Sugars,5017.87031990581,-0.81591980723482949
Total Sugars,5014.01338646896,3.9402962527207648
Total Sugars,5010.15645303211,0.54865899660119333
Total Sugars,5006.29951959527,17.0657290063353
Total Sugars,5002.44258615842,7.9891185138044154
Total Sugars,4998.58565272157,17.268414764108144
Total Sugars,4994.72871928472,8.4606547824133127
Total Sugars,4990.87178584788,10.213378978647055
Total Sugars,4987.01485241103,-5.5589249174012938
Total Sugars,4983.15791897418,10.561295723234137
Total Sugars,4979.30098553734,-14.270682268667782
Total Sugars,4975.44405210049,1.8251405718630898
Total Sugars,4971.58711866364,-4.8641396336787208
Total Sugars,4967.73018522679,5.1870916056828262
Total Sugars,4963.87325178995,-13.252474123203928
Total Sugars,4960.0163183531,-3.308466843355732
Total Sugars,4956.15938491625,0.93603364777352194
Total Sugars,4952.3024514794,-2.5828296664584767
Total Sugars,4948.44551804256,-23.075617312593415
Total Sugars,4944.58858460571,-10.00605659543878
Total Sugars,4940.73165116886,-29.255679805652658
Total Sugars,4936.87471773202,-31.529389486593328
Total Sugars,4933.01778429517,-43.605483896303816
Total Sugars,4929.16085085832,-5.8324696370751505
Total Sugars,4925.30391742147,-3.8591168534514413
Total Sugars,4921.44698398463,-6.3725230494731164
Total Sugars,4917.59005054778,-28.800543638850698
Total Sugars,4913.73311711093,-15.82031816143447
Total Sugars,4909.87618367408,-21.560156521045702
Total Sugars,4906.01925023724,2.7282605240737934
Total Sugars,4902.16231680039,9.1428575372652503
Total Sugars,4898.30538336354,35.350479683192091
Total Sugars,4894.4484499267,25.261425933797952
Total Sugars,4890.59151648985,27.334607489548986
Total Sugars,4886.734583053,26.735887158418883
Total Sugars,4882.87764961615,44.130061108111555
Total Sugars,4879.02071617931,31.35797137126799
Total Sugars,4875.16378274246,57.613448526862584
Total Sugars,4871.30684930561,46.068691548659061
Total Sugars,4867.44991586876,42.760673366431178
Total Sugars,4863.59298243192,35.787064555813998
Total Sugars,4859.73604899507,58.745477222412759
Total Sugars,4855.87911555822,47.968634783099397
Total Sugars,4852.02218212137,47.565494938425495
Total Sugars,4848.16524868453,28.829369157494483
Total Sugars,4844.30831524768,44.409607169626732
Total Sugars,4840.45138181083,29.226571463058175
Total Sugars,4836.59444837399,22.219885621518848
Total Sugars,4832.73751493714,-4.6832841516558998
Total Sugars,4828.88058150029,19.618386830373517
Total Sugars,4825.02364806344,17.592357263641066
Total Sugars,4821.1667146266,16.586740311816953
Total Sugars,4817.30978118975,-6.3709679721390922
Total Sugars,4813.4528477529,1.3183156520448103
Total Sugars,4809.59591431605,-5.2095524631897598
Total Sugars,4805.73898087921,-1.5289842781188172
Total Sugars,4801.88204744236,-14.847237198770609
Total Sugars,4798.02511400551,3.4259611130170775
Total Sugars,4794.16818056867,-6.4456660192050093
Total Sugars,4790.31124713182,0.86143918433245248
Total Sugars,4786.45431369497,-8.555885433683768
Total Sugars,4782.59738025812,-1.9237708483542251
Total Sugars,4778.74044682128,-16.135251724877673
Total Sugars,4774.88351338443,-8.0706406362752698
Total Sugars,4771.02657994758,-35.991137287127636
Total Sugars,4767.16964651073,-37.378407471589156
Total Sugars,4763.31271307389,-34.112573155666617
Total Sugars,4759.45577963704,-25.075684817412391
Total Sugars,4755.59884620019,-24.430180392800231
Total Sugars,4751.74191276335,-7.1818917689155359
Total Sugars,4747.8849793265,-23.735997763829648
Total Sugars,4744.02804588965,-21.121603275230612
Total Sugars,4740.1711124528,-26.467761914302322
Total Sugars,4736.31417901596,-6.167462649585449
Total Sugars,4732.45724557911,-10.380037590901791
Total Sugars,4728.60031214226,-8.9848038782445681
Total Sugars,4724.74337870541,-24.881089559070261
Total Sugars,4720.88644526857,-22.711259752828965
Total Sugars,4717.02951183172,-18.533793322715475
Total Sugars,4713.17257839487,6.5188892809673602
Total Sugars,4709.31564495803,0.43135215396312226
Total Sugars,4705.45871152118,11.899702963689604
Total Sugars,4701.60177808433,2.389094739134185
Total Sugars,4697.74484464748,3.041303755955489
Total Sugars,4693.88791121064,-9.220544306999944
Total Sugars,4690.03097777379,13.946439450212429
Total Sugars,4686.17404433694,6.8189884212725032
Total Sugars,4682.31711090009,10.582646960066608
Total Sugars,4678.46017746325,-1.0202192524815137
Total Sugars,4674.6032440264,-6.6873020122689777
Total Sugars,4670.74631058955,-23.749578793306952
Total Sugars,4666.88937715271,-22.772979210540296
Total Sugars,4663.03244371586,-27.650676972692413
Total Sugars,4659.17551027901,-2.137322375630446
Total Sugars,4655.31857684216,-7.5931040516591501
Total Sugars,4651.46164340532,17.306777684744219
Total Sugars,4647.60470996847,-16.468240210973729
Total Sugars,4643.74777653162,4.7728040327363788
Total Sugars,4639.89084309477,22.560697764970122
Total Sugars,4636.03390965793,52.243066642060811
Total Sugars,4632.17697622108,12.784338103605778
Total Sugars,4628.32004278423,24.477528286198794
Total Sugars,4624.46310934739,25.145228099339413
Total Sugars,4620.60617591054,31.119586488617834
Total Sugars,4616.74924247369,10.039069353821414
Total Sugars,4612.89230903684,31.646501185759863
Total Sugars,4609.0353756,20.8560907185099
Total Sugars,4605.17844216315,39.984557595333222
Total Sugars,4601.3215087263,18.635539649617392
Total Sugars,4597.46457528945,14.527128070221902
Total Sugars,4593.60764185261,4.6144044030362501
Total Sugars,4589.75070841576,33.728236393475093
Total Sugars,4585.89377497891,39.379773895570523
Total Sugars,4582.03684154207,34.779121805254263
Total Sugars,4578.17990810522,10.321024646321439
Total Sugars,4574.32297466837,28.020400876677282
Total Sugars,4570.46604123152,5.1263550484349727
Total Sugars,4566.60910779468,-6.931078151213458
Total Sugars,4562.75217435783,-44.231982294742039
Total Sugars,4558.89524092098,-39.571457066659598
Total Sugars,4555.03830748413,-18.504834196538248
Total Sugars,4551.18137404729,-13.151100082885156
Total Sugars,4547.32444061044,-62.560510000388412
Total Sugars,4543.46750717359,-70.730462956025519
Total Sugars,4539.61057373675,-69.650234909239003
Total Sugars,4535.7536402999,-34.666444188435761
Total Sugars,4531.89670686305,-15.809426407557927
Total Sugars,4528.0397734262,1.3168893207116592
Total Sugars,4524.18283998936,-20.285993526917018
Total Sugars,4520.32590655251,-4.4687779631144817
Total Sugars,4516.46897311566,-11.82147529825982
Total Sugars,4512.61203967881,26.110917234975453
Total Sugars,4508.75510624197,38.237646924356461
Total Sugars,4504.89817280512,45.211261793991547
Total Sugars,4501.04123936827,30.583123047384781
Total Sugars,4497.18430593143,71.714636302769591
Total Sugars,4493.32737249458,74.894557572776989
Total Sugars,4489.47043905773,81.794231340723954
Total Sugars,4485.61350562088,40.61408053670678
Total Sugars,4481.75657218404,50.102534279803479
Total Sugars,4477.89963874719,28.603858236911098
Total Sugars,4474.04270531034,41.479286410597268
Total Sugars,4470.18577187349,45.552186188443606
Total Sugars,4466.32883843665,77.551017703717704
Total Sugars,4462.4719049998,53.797017405615925
Total Sugars,4458.61497156295,48.876949790932727
Total Sugars,4454.75803812611,31.326955322276412
Total Sugars,4450.90110468926,41.379037492262164
Total Sugars,4447.04417125241,12.549770084556496
Total Sugars,4443.18723781556,16.472309752268345
Total Sugars,4439.33030437872,-8.3130774962639009
Total Sugars,4435.47337094187,-14.334886883919649
Total Sugars,4431.61643750502,-46.310151625872059
Total Sugars,4427.75950406817,-28.10593810081394
Total Sugars,4423.90257063133,-33.183159589372003
Total Sugars,4420.04563719448,-30.069393276700286
Total Sugars,4416.18870375763,-42.214763725212528
Total Sugars,4412.33177032078,-30.07544834922609
Total Sugars,4408.47483688394,-51.337771532036697
Total Sugars,4404.61790344709,-8.8783534706780216
Total Sugars,4400.76097001024,-6.2741531661689338
Total Sugars,4396.9040365734,3.1277762101996247
Total Sugars,4393.04710313655,-5.131700359120531
Total Sugars,4389.1901696997,5.5290140733030713
Total Sugars,4385.33323626285,-9.8148647326739251
Total Sugars,4381.47630282601,3.6401074850291568
Total Sugars,4377.61936938916,-8.2885493679888569
Total Sugars,4373.76243595231,27.753809030450462
Total Sugars,4369.90550251546,27.039017807592238
Total Sugars,4366.04856907862,30.225821181262791
Total Sugars,4362.19163564177,-3.84008144132188
Total Sugars,4358.33470220492,4.572606149238915
Total Sugars,4354.47776876808,-5.068412806007152
Total Sugars,4350.62083533123,27.086613563868397
Total Sugars,4346.76390189438,34.660731765560911
Total Sugars,4342.90696845753,68.761555279069469
Total Sugars,4339.05003502069,89.770080056345847
Total Sugars,4335.19310158384,135.78960499523703
Total Sugars,4331.33616814699,143.10131621805323
Total Sugars,4327.47923471014,152.70706945317778
Total Sugars,4323.6223012733,120.34941614612272
Total Sugars,4319.76536783645,117.52469460040516
Total Sugars,4315.9084343996,75.313258637411607
Total Sugars,4312.05150096276,52.828051753048406
Total Sugars,4308.19456752591,25.315819830196336
Total Sugars,4304.33763408906,23.265762182018847
Total Sugars,4300.48070065221,1.114414298964904
Total Sugars,4296.62376721537,8.3509384955118584
Total Sugars,4292.76683377852,-22.354422861170821
Total Sugars,4288.90990034167,-39.288712760387099
Total Sugars,4285.05296690482,-80.345385071435544
Total Sugars,4281.19603346798,-98.582910120690158
Total Sugars,4277.33910003113,-135.49157962227918
Total Sugars,4273.48216659428,-106.52820458082499
Total Sugars,4269.62523315744,-115.30569675625166
Total Sugars,4265.76829972059,-120.27255089813588
Total Sugars,4261.91136628374,-143.72906158123536
Total Sugars,4258.05443284689,-114.33787576906741
Total Sugars,4254.19749941005,-129.2820920851261
Total Sugars,4250.3405659732,-108.43946144528452
Total Sugars,4246.48363253635,-107.52275793485315
Total Sugars,4242.6266990995,-103.70233950138612
Total Sugars,4238.76976566266,-130.96205925209571
Total Sugars,4234.91283222581,-101.23873606100413
Total Sugars,4231.05589878896,-86.253378532992741
Total Sugars,4227.19896535212,-52.228611236928728
Total Sugars,4223.34203191527,-62.304012815418439
Total Sugars,4219.48509847842,-49.707207071242479
Total Sugars,4215.62816504157,-76.909464261794156
Total Sugars,4211.77123160473,-69.212865779825194
Total Sugars,4207.91429816788,-83.379145549117311
Total Sugars,4204.05736473103,-52.73684349348374
Total Sugars,4200.20043129418,-57.060125372805828
Total Sugars,4196.34349785734,-31.254609246499001
Total Sugars,4192.48656442049,-47.783291372932375
Total Sugars,4188.62963098364,-29.248943513322555
Total Sugars,4184.7726975468,-6.866704084395284
Total Sugars,4180.91576410995,29.862218848133573
Total Sugars,4177.0588306731,9.2540146736017963
Total Sugars,4173.20189723625,32.054891917738942
Total Sugars,4169.34496379941,46.160736906581143
Total Sugars,4165.48803036256,64.984370751668152
Total Sugars,4161.63109692571,40.088498063446764
Total Sugars,4157.77416348886,48.377926804212912
Total Sugars,4153.91723005202,47.811987980365878
Total Sugars,4150.06029661517,61.752666965946297
Total Sugars,4146.20336317832,32.575378305055558
Total Sugars,4142.34642974148,39.341475351551132
Total Sugars,4138.48949630463,27.644824784586891
Total Sugars,4134.63256286778,29.681685029625786
Total Sugars,4130.77562943093,14.443011206705524
Total Sugars,4126.91869599409,23.136459743955232
Total Sugars,4123.06176255724,-6.8951551647887772
Total Sugars,4119.20482912039,1.9822139677494937
Total Sugars,4115.34789568354,-16.301425120590533
Total Sugars,4111.4909622467,-10.469005108274366
Total Sugars,4107.63402880985,-4.2585852486260709
Total Sugars,4103.777095373,10.044120896337336
Total Sugars,4099.92016193616,-3.7179680804445998
Total Sugars,4096.06322849931,2.4120522853239392
Total Sugars,4092.20629506246,-13.494217458705018
Total Sugars,4088.34936162561,2.495226723023257
Total Sugars,4084.49242818877,-15.332093827901675
Total Sugars,4080.63549475192,3.5899590778248043
Total Sugars,4076.77856131507,17.006281782890493
Total Sugars,4072.92162787822,28.40011233823774
Total Sugars,4069.06469444138,5.7010067836866805
Total Sugars,4065.20776100453,24.846646252850597
Total Sugars,4061.35082756768,36.761276005303607
Total Sugars,4057.49389413083,64.818997098953218
Total Sugars,4053.63696069399,57.186350304411803
Total Sugars,4049.78002725714,69.997805605060066
Total Sugars,4045.92309382029,49.266475584160652
Total Sugars,4042.06616038345,55.547051799432083
Total Sugars,4038.2092269466,30.116900211830998
Total Sugars,4034.35229350975,29.073355800535676
Total Sugars,4030.4953600729,18.65246777689773
Total Sugars,4026.63842663606,38.336373708487059
Total Sugars,4022.78149319921,15.886162723027564
Total Sugars,4018.92455976236,7.5376427418111103
Total Sugars,4015.06762632551,-23.568702789349711
Total Sugars,4011.21069288867,-23.961396242062339
Total Sugars,4007.35375945182,-56.701841830523946
Total Sugars,4003.49682601497,-78.01326679013664
Total Sugars,3999.63989257813,-111.24891056592054
Total Nitrogen,10001.0283203125,-3.0407882707371794
Total Nitrogen,9997.17138687565,16.894522628729923
Total Nitrogen,9993.31445343881,24.635267044563545
Total Nitrogen,9989.45752000196,7.3021311457442843
Total Nitrogen,9985.60058656511,-1.1612660874411525
Total Nitrogen,9981.74365312826,-3.7510028199905023
Total Nitrogen,9977.88671969142,3.0751258588804364
Total Nitrogen,9974.02978625457,8.0566074471029765
Total Nitrogen,9970.17285281772,11.654589729430558
Total Nitrogen,9966.31591938088,12.589423594808332
Total Nitrogen,9962.45898594403,1.8506073994832895
Total Nitrogen,9958.60205250718,14.081984039159673
Total Nitrogen,9954.74511907033,16.87448729078416
Total Nitrogen,9950.88818563349,-1.9496649581050252
Total Nitrogen,9947.03125219664,-2.2092798622815351
Total Nitrogen,9943.17431875979,-0.049229267840039358
Total Nitrogen,9939.31738532294,9.5085962714508661
Total Nitrogen,9935.4604518861,25.4687857931163
Total Nitrogen,9931.60351844925,32.154926226990433
Total Nitrogen,9927.7465850124,24.900589329482475
Total Nitrogen,9923.88965157556,3.1944258922222368
Total Nitrogen,9920.03271813871,-10.915713525649254
Total Nitrogen,9916.17578470186,-16.650555500508712
Total Nitrogen,9912.31885126501,-3.2340887622549701
Total Nitrogen,9908.46191782817,-1.4538366818028985
Total Nitrogen,9904.60498439132,-12.794429571589589
Total Nitrogen,9900.74805095447,4.3589463492121645
Total Nitrogen,9896.89111751762,11.078156631909795
Total Nitrogen,9893.03418408078,-8.1039484411161364
Total Nitrogen,9889.17725064393,-11.237565803742855
Total Nitrogen,9885.32031720708,5.6532043225576638
Total Nitrogen,9881.46338377024,15.714449355871464
Total Nitrogen,9877.60645033339,2.6605246761534573
Total Nitrogen,9873.74951689654,13.166010086149834
Total Nitrogen,9869.89258345969,25.229366244573541
Total Nitrogen,9866.03565002284,14.00006941016763
Total Nitrogen,9862.178716586,-15.68770300372865
Total Nitrogen,9858.32178314915,-15.566506686038839
Total Nitrogen,9854.4648497123,-13.329294348237671
Total Nitrogen,9850.60791627546,-5.7599325985595478
Total Nitrogen,9846.75098283861,-0.37415808356909863
Total Nitrogen,9842.89404940176,-7.4696548931232307
Total Nitrogen,9839.03711596492,-6.6484954373692231
Total Nitrogen,9835.18018252807,-5.3695279147304547
Total Nitrogen,9831.32324909122,-6.9018312192304263
Total Nitrogen,9827.46631565437,-10.922265056018851
Total Nitrogen,9823.60938221752,-14.82954160979936
Total Nitrogen,9819.75244878068,8.8253198501713044
Total Nitrogen,9815.89551534383,13.837037867450768
Total Nitrogen,9812.03858190698,2.7826797706166726
Total Nitrogen,9808.18164847014,-12.912618839493458
Total Nitrogen,9804.32471503329,-14.827263237546973
Total Nitrogen,9800.46778159644,-4.6909997563780284
Total Nitrogen,9796.6108481596,7.9633876538222905
Total Nitrogen,9792.75391472275,6.2731527594863623
Total Nitrogen,9788.8969812859,-16.701565949392002
Total Nitrogen,9785.04004784905,-11.764076236253178
Total Nitrogen,9781.1831144122,8.6061904988224711
Total Nitrogen,9777.32618097536,3.8890031466370574
Total Nitrogen,9773.46924753851,1.7264306924815662
Total Nitrogen,9769.61231410166,-7.2130545129893298
Total Nitrogen,9765.75538066482,-29.244565557881511
Total Nitrogen,9761.89844722797,-25.774869858465859
Total Nitrogen,9758.04151379112,-1.1720431692570648
Total Nitrogen,9754.18458035428,11.817511860411722
Total Nitrogen,9750.32764691743,7.2535191137111612
Total Nitrogen,9746.47071348058,1.496467196489556
Total Nitrogen,9742.61378004373,-6.7318317467424391
Total Nitrogen,9738.75684660688,-8.7208737657328772
Total Nitrogen,9734.89991317004,0.41978661958394736
Total Nitrogen,9731.04297973319,19.041834032246566
Total Nitrogen,9727.18604629634,27.515991822264713
Total Nitrogen,9723.3291128595,24.406914195444685
Total Nitrogen,9719.47217942265,16.004064922934127
Total Nitrogen,9715.6152459858,2.7387238789888642
Total Nitrogen,9711.75831254896,-7.0223279370830891
Total Nitrogen,9707.90137911211,-1.0139326649812896
Total Nitrogen,9704.04444567526,-4.6375749931624242
Total Nitrogen,9700.18751223841,0.72742161210050449
Total Nitrogen,9696.33057880156,1.72330579529186
Total Nitrogen,9692.47364536472,-2.0095071548837828
Total Nitrogen,9688.61671192787,0.099532423465162778
Total Nitrogen,9684.75977849102,-14.085991483679139
Total Nitrogen,9680.90284505418,-9.7826404425526672
Total Nitrogen,9677.04591161733,5.4975521582818514
Total Nitrogen,9673.18897818048,-3.671159046482138
Total Nitrogen,9669.33204474363,-12.444591040363568
Total Nitrogen,9665.47511130679,4.4584020874154362
Total Nitrogen,9661.61817786994,4.8681202587507535
Total Nitrogen,9657.76124443309,-1.2866040836618426
Total Nitrogen,9653.90431099624,-12.228594021400685
Total Nitrogen,9650.0473775594,-14.570378398412448
Total Nitrogen,9646.19044412255,-0.68207160363503416
Total Nitrogen,9642.3335106857,7.9663518320028954
Total Nitrogen,9638.47657724886,-3.0771290307434835
Total Nitrogen,9634.61964381201,-16.802610534912056
Total Nitrogen,9630.76271037516,-4.7176862020022732
Total Nitrogen,9626.90577693831,2.0376783296588967
Total Nitrogen,9623.04884350147,-17.161572170687155
Total Nitrogen,9619.19191006462,-21.801205262095749
Total Nitrogen,9615.33497662777,-19.539055570796478
Total Nitrogen,9611.47804319092,-10.657168970197052
Total Nitrogen,9607.62110975408,-4.8097624301284867
Total Nitrogen,9603.76417631723,2.31757342309943
Total Nitrogen,9599.90724288038,-1.3195951262062611
Total Nitrogen,9596.05030944354,-13.614232093255499
Total Nitrogen,9592.19337600669,-24.392139563540788
Total Nitrogen,9588.33644256984,-14.157863597754506
Total Nitrogen,9584.47950913299,-12.56882092620245
Total Nitrogen,9580.62257569615,-19.3096722789236
Total Nitrogen,9576.7656422593,-17.820895092544784
Total Nitrogen,9572.90870882245,-6.8546501514178741
Total Nitrogen,9569.0517753856,-4.8108314402057442
Total Nitrogen,9565.19484194876,-8.9229165761524811
Total Nitrogen,9561.33790851191,-20.103212450539719
Total Nitrogen,9557.48097507506,-23.616869889328829
Total Nitrogen,9553.62404163822,-14.968301476267921
Total Nitrogen,9549.76710820137,-17.340716335161517
Total Nitrogen,9545.91017476452,-10.743808585286958
Total Nitrogen,9542.05324132767,-7.0942682932389536
Total Nitrogen,9538.19630789083,-7.4117272290398573
Total Nitrogen,9534.33937445398,-8.0216804847868097
Total Nitrogen,9530.48244101713,-1.3604223292624524
Total Nitrogen,9526.62550758028,-2.667850971603539
Total Nitrogen,9522.76857414344,-10.105851152139461
Total Nitrogen,9518.91164070659,2.0605705042502147
Total Nitrogen,9515.05470726974,18.234514532225553
Total Nitrogen,9511.1977738329,11.266784468253954
Total Nitrogen,9507.34084039605,-11.444743655287654
Total Nitrogen,9503.4839069592,-21.284728657565804
Total Nitrogen,9499.62697352235,-19.563623877454585
Total Nitrogen,9495.77004008551,-17.26590137374091
Total Nitrogen,9491.91310664866,-9.1095369497853014
Total Nitrogen,9488.05617321181,-3.5467885497921063
Total Nitrogen,9484.19923977496,-8.2479342552384889
Total Nitrogen,9480.34230633812,1.3075649640407438
Total Nitrogen,9476.48537290127,-1.7203499122960257
Total Nitrogen,9472.62843946442,1.2534609758987794
Total Nitrogen,9468.77150602758,3.9897869643077093
Total Nitrogen,9464.91457259073,-5.3350220234571815
Total Nitrogen,9461.05763915388,-6.056339238145287
Total Nitrogen,9457.20070571703,-5.3242165373104831
Total Nitrogen,9453.34377228019,-4.8481391777232741
Total Nitrogen,9449.48683884334,-1.2938712574133495
Total Nitrogen,9445.62990540649,-0.88123208703377653
Total Nitrogen,9441.77297196964,-2.1030158525440821
Total Nitrogen,9437.9160385328,-17.309701031247787
Total Nitrogen,9434.05910509595,-16.051786338840248
Total Nitrogen,9430.2021716591,-9.6237001962653057
Total Nitrogen,9426.34523822226,-8.7373984094477564
Total Nitrogen,9422.48830478541,1.1894012191354351
Total Nitrogen,9418.63137134856,-2.0002057446067392
Total Nitrogen,9414.77443791171,-0.058565620260587543
Total Nitrogen,9410.91750447487,17.208841389801744
Total Nitrogen,9407.06057103802,21.797175712358886
Total Nitrogen,9403.20363760117,23.852987338895886
Total Nitrogen,9399.34670416432,14.930279041295735
Total Nitrogen,9395.48977072748,5.9352512549319254
Total Nitrogen,9391.63283729063,0.79471308731366808
Total Nitrogen,9387.77590385378,12.057505056008921
Total Nitrogen,9383.91897041694,26.043859659184971
Total Nitrogen,9380.06203698009,11.356551395206118
Total Nitrogen,9376.20510354324,1.121274771090661
Total Nitrogen,9372.34817010639,14.259611931648591
Total Nitrogen,9368.49123666955,9.8435323665099084
Total Nitrogen,9364.6343032327,16.754923690827471
Total Nitrogen,9360.77736979585,13.08095823850797
Total Nitrogen,9356.920436359,1.9609664698784008
Total Nitrogen,9353.06350292216,1.5427797487189741
Total Nitrogen,9349.20656948531,16.760464808704956
Total Nitrogen,9345.34963604846,14.995513398013337
Total Nitrogen,9341.49270261162,10.326118655086068
Total Nitrogen,9337.63576917477,8.7673409455223403
Total Nitrogen,9333.77883573792,1.4004021472760941
Total Nitrogen,9329.92190230107,-1.7651123679777165
Total Nitrogen,9326.06496886423,4.6544270283351956
Total Nitrogen,9322.20803542738,-3.9242897243032346
Total Nitrogen,9318.35110199053,-10.660457694675566
Total Nitrogen,9314.49416855368,-5.4246894122090312
Total Nitrogen,9310.63723511684,3.3374965412288717
Total Nitrogen,9306.78030167999,2.2541011450610355
Total Nitrogen,9302.92336824314,9.9682267790077077
Total Nitrogen,9299.0664348063,7.9179845175703809
Total Nitrogen,9295.20950136945,15.279984042155357
Total Nitrogen,9291.3525679326,16.105864460907842
Total Nitrogen,9287.49563449575,6.7481822114873129
Total Nitrogen,9283.63870105891,3.1148268946930804
Total Nitrogen,9279.78176762206,-8.1697366042847364
Total Nitrogen,9275.92483418521,-6.5044798535956261
Total Nitrogen,9272.06790074836,-1.3979300012749278
Total Nitrogen,9268.21096731152,-16.183712567650907
Total Nitrogen,9264.35403387467,-2.0459474316056894
Total Nitrogen,9260.49710043782,20.465443920085608
Total Nitrogen,9256.64016700098,19.883732756110849
Total Nitrogen,9252.78323356413,15.940273609986169
Total Nitrogen,9248.92630012728,18.322036328558099
Total Nitrogen,9245.06936669043,21.997458400383938
Total Nitrogen,9241.21243325358,38.995969454037208
Total Nitrogen,9237.35549981674,23.286635044961926
Total Nitrogen,9233.49856637989,-5.8717292837173023
Total Nitrogen,9229.64163294304,-6.4903117030469462
Total Nitrogen,9225.7846995062,-0.13453707981348612
Total Nitrogen,9221.92776606935,5.3515829821065681
Total Nitrogen,9218.0708326325,11.30234216127535
Total Nitrogen,9214.21389919565,3.7891801260492413
Total Nitrogen,9210.35696575881,7.0875333845494888
Total Nitrogen,9206.50003232196,11.354144079134738
Total Nitrogen,9202.64309888511,-5.684808238021664
Total Nitrogen,9198.78616544826,-9.8601011459825809
Total Nitrogen,9194.92923201142,-2.9045654895048498
Total Nitrogen,9191.07229857457,2.7931190124134337
Total Nitrogen,9187.21536513772,6.1947591999225571
Total Nitrogen,9183.35843170088,17.411289279546157
Total Nitrogen,9179.50149826403,24.183086627991468
Total Nitrogen,9175.64456482718,5.2798812599308942
Total Nitrogen,9171.78763139033,-2.9245016804734378
Total Nitrogen,9167.93069795349,-3.2099220322733202
Total Nitrogen,9164.07376451664,-2.9915745416224522
Total Nitrogen,9160.21683107979,-4.0468703096872503
Total Nitrogen,9156.35989764294,13.0268670215477
Total Nitrogen,9152.5029642061,18.805773111226042
Total Nitrogen,9148.64603076925,12.669217538708345
Total Nitrogen,9144.7890973324,2.507521794630037
Total Nitrogen,9140.93216389556,-5.9465728361207288
Total Nitrogen,9137.07523045871,-16.310677789680131
Total Nitrogen,9133.21829702186,-7.085684373471846
Total Nitrogen,9129.36136358501,6.7742428774947738
Total Nitrogen,9125.50443014817,4.9554358700989214
Total Nitrogen,9121.64749671132,9.0308557344653497
Total Nitrogen,9117.79056327447,7.2418866753153281
Total Nitrogen,9113.93362983762,11.937139704838323
Total Nitrogen,9110.07669640078,5.3453621523544674
Total Nitrogen,9106.21976296393,-11.871706638308668
Total Nitrogen,9102.36282952708,-17.564751487843711
Total Nitrogen,9098.50589609024,-7.1454083409431508
Total Nitrogen,9094.64896265339,1.5502144248686747
Total Nitrogen,9090.79202921654,1.334662490977869
Total Nitrogen,9086.93509577969,0.72362033851496865
Total Nitrogen,9083.07816234285,-2.1626004967286292
Total Nitrogen,9079.221228906,-8.8612473108257745
Total Nitrogen,9075.36429546915,-13.126434171176111
Total Nitrogen,9071.5073620323,-2.4600420324031766
Total Nitrogen,9067.65042859546,7.6877078805451573
Total Nitrogen,9063.79349515861,7.8222605638293823
Total Nitrogen,9059.93656172176,-7.245280831824406
Total Nitrogen,9056.07962828492,-3.9428906669802464
Total Nitrogen,9052.22269484807,14.102839911079432
Total Nitrogen,9048.36576141122,12.472344191192098
Total Nitrogen,9044.50882797437,1.8693702918069397
Total Nitrogen,9040.65189453753,2.5836720922071419
Total Nitrogen,9036.79496110068,6.1654717475118614
Total Nitrogen,9032.93802766383,3.0611718522901685
Total Nitrogen,9029.08109422698,11.103588783152741
Total Nitrogen,9025.22416079014,9.5571672423306229
Total Nitrogen,9021.36722735329,0.21672997820186729
Total Nitrogen,9017.51029391644,-0.14426775906606149
Total Nitrogen,9013.6533604796,-5.0468607131249632
Total Nitrogen,9009.79642704275,-5.8757847523825566
Total Nitrogen,9005.9394936059,6.694765928771429
Total Nitrogen,9002.08256016905,18.072548653832637
Total Nitrogen,8998.22562673221,1.3325453635668412
Total Nitrogen,8994.36869329536,2.4351444074067667
Total Nitrogen,8990.51175985851,12.578584217080838
Total Nitrogen,8986.65482642166,6.4734947469230599
Total Nitrogen,8982.79789298482,-0.16144537510870627
Total Nitrogen,8978.94095954797,-2.1100256118298732
Total Nitrogen,8975.08402611112,-2.2078528881658683
Total Nitrogen,8971.22709267428,-4.3044209855085853
Total Nitrogen,8967.37015923743,-10.488013843843072
Total Nitrogen,8963.51322580058,-13.288769956923961
Total Nitrogen,8959.65629236373,-5.3514521954430476
Total Nitrogen,8955.79935892689,1.8925573830460616
Total Nitrogen,8951.94242549004,-0.36701932682215577
Total Nitrogen,8948.08549205319,-0.86816480896016246
Total Nitrogen,8944.22855861634,-1.2509824583413029
Total Nitrogen,8940.3716251795,-0.58463881842312848
Total Nitrogen,8936.51469174265,2.5024522469197388
Total Nitrogen,8932.6577583058,11.928447359694836
Total Nitrogen,8928.80082486896,6.3881949387595389
Total Nitrogen,8924.94389143211,-4.1347178011886596
Total Nitrogen,8921.08695799526,-5.6837544526455206
Total Nitrogen,8917.23002455841,2.4573029777938715
Total Nitrogen,8913.37309112157,14.365791730977042
Total Nitrogen,8909.51615768472,10.642047076236411
Total Nitrogen,8905.65922424787,5.3444762767751381
Total Nitrogen,8901.80229081102,7.0669268133649901
Total Nitrogen,8897.94535737418,1.3070817188032946
Total Nitrogen,8894.08842393733,-1.4957284219678775
Total Nitrogen,8890.23149050048,2.5886319175812913
Total Nitrogen,8886.37455706364,9.4174271138823116
Total Nitrogen,8882.51762362679,5.3820768867045512
Total Nitrogen,8878.66069018994,-12.627481028616382
Total Nitrogen,8874.80375675309,-15.144732122271364
Total Nitrogen,8870.94682331625,-8.1598326002975234
Total Nitrogen,8867.0898898794,-1.6080303732711236
Total Nitrogen,8863.23295644255,-2.8490031175227086
Total Nitrogen,8859.3760230057,-12.658279947795485
Total Nitrogen,8855.51908956886,-10.513848908203235
Total Nitrogen,8851.66215613201,0.29583310484945835
Total Nitrogen,8847.80522269516,2.2600531163227564
Total Nitrogen,8843.94828925832,-5.4049403791115092
Total Nitrogen,8840.09135582147,-8.6363133106513263
Total Nitrogen,8836.23442238462,-2.8475126924406449
Total Nitrogen,8832.37748894777,-0.24806129271042374
Total Nitrogen,8828.52055551093,-0.78739737099436702
Total Nitrogen,8824.66362207408,-5.0396705716502757
Total Nitrogen,8820.80668863723,-11.895319972768597
Total Nitrogen,8816.94975520038,-3.1207445671569043
Total Nitrogen,8813.09282176354,0.16790041059966207
Total Nitrogen,8809.23588832669,-0.24552240686681392
Total Nitrogen,8805.37895488984,2.0204640107470353
Total Nitrogen,8801.522021453,0.2383484225535337
Total Nitrogen,8797.66508801615,-4.5846027400406406
Total Nitrogen,8793.8081545793,0.58165732435751683
Total Nitrogen,8789.95122114245,-0.80487446191850143
Total Nitrogen,8786.09428770561,-9.2138299423260026
Total Nitrogen,8782.23735426876,-12.453237048963935
Total Nitrogen,8778.38042083191,-12.538604631213502
Total Nitrogen,8774.52348739506,-6.636270331318511
Total Nitrogen,8770.66655395822,-4.3980593212404244
Total Nitrogen,8766.80962052137,-6.1394124043174312
Total Nitrogen,8762.95268708452,-0.4799384333182517
Total Nitrogen,8759.09575364767,0.67847196400012988
Total Nitrogen,8755.23882021083,-9.2021403264928505
Total Nitrogen,8751.38188677398,-7.7326060682374544
Total Nitrogen,8747.52495333713,-5.1669236085339758
Total Nitrogen,8743.66801990029,-2.7397445042190234
Total Nitrogen,8739.81108646344,-1.3336248143682583
Total Nitrogen,8735.95415302659,-0.12423207150028619
Total Nitrogen,8732.09721958974,3.1801200358992281
Total Nitrogen,8728.2402861529,-6.0348436326247938
Total Nitrogen,8724.38335271605,-11.048562339055328
Total Nitrogen,8720.5264192792,-0.1112057891724495
Total Nitrogen,8716.66948584235,-1.685661121547402
Total Nitrogen,8712.81255240551,-6.3344054353954098
Total Nitrogen,8708.95561896866,2.3586089178303529
Total Nitrogen,8705.09868553181,1.9308333726111695
Total Nitrogen,8701.24175209497,-7.7540565707465792
Total Nitrogen,8697.38481865812,-14.462381359927901
Total Nitrogen,8693.52788522127,-5.3061205832332332
Total Nitrogen,8689.67095178442,-6.1947129648145287
Total Nitrogen,8685.81401834758,-4.4546230557790807
Total Nitrogen,8681.95708491073,5.3104784500160482
Total Nitrogen,8678.10015147388,21.466995054068093
Total Nitrogen,8674.24321803703,15.675000658642515
Total Nitrogen,8670.38628460019,5.0956415334603626
Total Nitrogen,8666.52935116334,12.382894151023383
Total Nitrogen,8662.67241772649,20.992121036180819
Total Nitrogen,8658.81548428965,10.358978967558796
Total Nitrogen,8654.9585508528,-1.7623198747628457
Total Nitrogen,8651.10161741595,-4.8609824308603198
Total Nitrogen,8647.2446839791,-12.937953740188131
Total Nitrogen,8643.38775054226,-10.377486256886678
Total Nitrogen,8639.53081710541,-3.2826563698974032
Total Nitrogen,8635.67388366856,-3.9057385644191176
Total Nitrogen,8631.81695023171,3.7223149630016716
Total Nitrogen,8627.96001679487,1.3929984935253348
Total Nitrogen,8624.10308335802,2.2589704487560343
Total Nitrogen,8620.24614992117,2.5555294242490825
Total Nitrogen,8616.38921648433,-4.5054945260620798
Total Nitrogen,8612.53228304748,-13.082876643687852
Total Nitrogen,8608.67534961063,-14.564245007352124
Total Nitrogen,8604.81841617378,-13.244887870473811
Total Nitrogen,8600.96148273694,-7.7860834036363444
Total Nitrogen,8597.10454930009,-9.1332414272909137
Total Nitrogen,8593.24761586324,-6.5774230066989157
Total Nitrogen,8589.39068242639,-9.6331508764091804
Total Nitrogen,8585.53374898955,-11.49579606455428
Total Nitrogen,8581.6768155527,-10.505670169305217
Total Nitrogen,8577.81988211585,-13.10684491256449
Total Nitrogen,8573.96294867901,-10.829611097638407
Total Nitrogen,8570.10601524216,4.5208684273497539
Total Nitrogen,8566.24908180531,-6.281818114960287
Total Nitrogen,8562.39214836846,-34.817613108099515
Total Nitrogen,8558.53521493162,-34.927943495312419
Total Nitrogen,8554.67828149477,-16.577628942036821
Total Nitrogen,8550.82134805792,-18.32664924283279
Total Nitrogen,8546.96441462107,-9.1657062640594713
Total Nitrogen,8543.10748118423,4.935256466186984
Total Nitrogen,8539.25054774738,2.0473888966328904
Total Nitrogen,8535.39361431053,1.2415871147589264
Total Nitrogen,8531.53668087368,-1.3906210703330801
Total Nitrogen,8527.67974743684,-2.5624866884458219
Total Nitrogen,8523.82281399999,-4.9104178914383603
Total Nitrogen,8519.96588056314,-12.006178619199584
Total Nitrogen,8516.1089471263,-16.882296341379792
Total Nitrogen,8512.25201368945,-19.17358678140765
Total Nitrogen,8508.3950802526,-9.8305064814095235
Total Nitrogen,8504.53814681575,-6.7529407358329152
Total Nitrogen,8500.68121337891,-3.6952494281206474
Total Nitrogen,8496.82427994206,-4.5067152662648438
Total Nitrogen,8492.96734650521,-14.134396385934043
Total Nitrogen,8489.11041306836,-19.200640676050664
Total Nitrogen,8485.25347963152,-10.026001376664873
Total Nitrogen,8481.39654619467,-6.2713135274241667
Total Nitrogen,8477.53961275782,-0.42014884139599196
Total Nitrogen,8473.68267932098,4.2523060861735642
Total Nitrogen,8469.82574588413,11.642637243758951
Total Nitrogen,8465.96881244728,11.079034952637834
Total Nitrogen,8462.11187901043,9.9335213777093045
Total Nitrogen,8458.25494557359,4.4821192692716041
Total Nitrogen,8454.39801213674,-3.5887697749455683
Total Nitrogen,8450.54107869989,-2.1735936519152417
Total Nitrogen,8446.68414526304,2.4070439931368663
Total Nitrogen,8442.8272118262,2.9631711748466687
Total Nitrogen,8438.97027838935,-10.772129843910037
Total Nitrogen,8435.1133449525,-9.6166912999546756
Total Nitrogen,8431.25641151566,8.364867822312231
Total Nitrogen,8427.39947807881,10.68170458705722
Total Nitrogen,8423.54254464196,13.991907163216055
Total Nitrogen,8419.68561120511,16.975655214450402
Total Nitrogen,8415.82867776827,17.856424266972169
Total Nitrogen,8411.97174433142,6.5198007048092981
Total Nitrogen,8408.11481089457,-4.2176812846580374
Total Nitrogen,8404.25787745772,-5.9166792144296547
Total Nitrogen,8400.40094402088,5.2509605223168974
Total Nitrogen,8396.54401058403,5.83826949487863
Total Nitrogen,8392.68707714718,8.4870876823954191
Total Nitrogen,8388.83014371034,9.71026126719938
Total Nitrogen,8384.97321027349,23.676242752225154
Total Nitrogen,8381.11627683664,25.245982266809293
Total Nitrogen,8377.25934339979,20.741807957451126
Total Nitrogen,8373.40240996295,29.415338614681602
Total Nitrogen,8369.5454765261,28.633577691615361
Total Nitrogen,8365.68854308925,23.278596936212804
Total Nitrogen,8361.8316096524,18.52259916751234
Total Nitrogen,8357.97467621556,21.88334628747662
Total Nitrogen,8354.11774277871,36.256624602172963
Total Nitrogen,8350.26080934186,18.185794703789675
Total Nitrogen,8346.40387590502,1.2008695329795251
Total Nitrogen,8342.54694246817,8.2706243941791602
Total Nitrogen,8338.69000903132,18.020179076015797
Total Nitrogen,8334.83307559447,22.699671349995999
Total Nitrogen,8330.97614215763,21.283143969961944
Total Nitrogen,8327.11920872078,25.756471659921061
Total Nitrogen,8323.26227528393,22.268821221977667
Total Nitrogen,8319.40534184708,5.2342665155610275
Total Nitrogen,8315.54840841024,-4.7195414712847379
Total Nitrogen,8311.69147497339,-1.308167471528197
Total Nitrogen,8307.83454153654,6.6508492270104362
Total Nitrogen,8303.97760809969,6.3027042721788966
Total Nitrogen,8300.12067466285,-6.0877931097343616
Total Nitrogen,8296.263741226,5.8533170045123004
Total Nitrogen,8292.40680778915,15.485184924562375
Total Nitrogen,8288.54987435231,5.5956165277531795
Total Nitrogen,8284.69294091546,11.45723876372363
Total Nitrogen,8280.83600747861,13.805286657404949
Total Nitrogen,8276.97907404176,13.461552589057462
Total Nitrogen,8273.12214060492,10.734212111967139
Total Nitrogen,8269.26520716807,5.844484582595098
Total Nitrogen,8265.40827373122,-3.986227507092126
Total Nitrogen,8261.55134029437,-5.247691972115601
Total Nitrogen,8257.69440685753,5.3797843801003946
Total Nitrogen,8253.83747342068,2.9465390834220617
Total Nitrogen,8249.98053998383,-2.987884298601367
Total Nitrogen,8246.12360654699,2.2471218019869137
Total Nitrogen,8242.26667311014,14.400658125980797
Total Nitrogen,8238.40973967329,4.3896025799785123
Total Nitrogen,8234.55280623644,-0.52831775239824819
Total Nitrogen,8230.6958727996,6.1247242270707147
Total Nitrogen,8226.83893936275,-4.3929846650673774
Total Nitrogen,8222.9820059259,-6.0487574816588658
Total Nitrogen,8219.12507248905,3.8833836849987726
Total Nitrogen,8215.26813905221,-2.5637523697162772
Total Nitrogen,8211.41120561536,-2.073007986640758
Total Nitrogen,8207.55427217851,11.381599318105032
Total Nitrogen,8203.69733874167,9.4737337763785785
Total Nitrogen,8199.84040530482,1.8519730839911395
Total Nitrogen,8195.98347186797,13.26337065680122
Total Nitrogen,8192.12653843112,11.509717503032951
Total Nitrogen,8188.26960499428,-11.857181356028551
Total Nitrogen,8184.41267155743,-9.7243351104749358
Total Nitrogen,8180.55573812058,2.5358175177469566
Total Nitrogen,8176.69880468373,5.4385972575739201
Total Nitrogen,8172.84187124689,-11.267032786434335
Total Nitrogen,8168.98493781004,-18.313448489018956
Total Nitrogen,8165.12800437319,-1.0734173171663595
Total Nitrogen,8161.27107093635,-0.23885497367457512
Total Nitrogen,8157.4141374995,-3.8910528314806361
Total Nitrogen,8153.55720406265,5.3173037258795999
Total Nitrogen,8149.7002706258,7.9007600559926958
Total Nitrogen,8145.84333718896,0.38010678765731737
Total Nitrogen,8141.98640375211,-15.085597422296194
Total Nitrogen,8138.12947031526,-19.913460903381271
Total Nitrogen,8134.27253687841,-16.013056877185601
Total Nitrogen,8130.41560344157,-4.9695807896017392
Total Nitrogen,8126.55867000472,2.8875212275804176
Total Nitrogen,8122.70173656787,8.8890742244778593
Total Nitrogen,8118.84480313103,-2.4099913611379407
Total Nitrogen,8114.98786969418,-13.28979170670317
Total Nitrogen,8111.13093625733,-8.8292438026693176
Total Nitrogen,8107.27400282048,-1.7102648119331099
Total Nitrogen,8103.41706938364,-6.6673634875928975
Total Nitrogen,8099.56013594679,-9.299016846649911
Total Nitrogen,8095.70320250994,-17.529199170939641
Total Nitrogen,8091.84626907309,-17.249718514926521
Total Nitrogen,8087.98933563625,-28.993076522454277
Total Nitrogen,8084.1324021994,-34.739495387546313
Total Nitrogen,8080.27546876255,-31.001348054404026
Total Nitrogen,8076.41853532571,-20.656643869820975
Total Nitrogen,8072.56160188886,-17.886591972290176
Total Nitrogen,8068.70466845201,-6.0371882461164681
Total Nitrogen,8064.84773501516,2.4956368052441378
Total Nitrogen,8060.99080157832,-2.1361306579923567
Total Nitrogen,8057.13386814147,-7.9054580178600142
Total Nitrogen,8053.27693470462,-12.147138176373019
Total Nitrogen,8049.42000126777,-13.626132043915609
Total Nitrogen,8045.56306783093,-10.099055539641846
Total Nitrogen,8041.70613439408,-10.490685555204841
Total Nitrogen,8037.84920095723,-14.4089800777689
Total Nitrogen,8033.99226752039,-15.78514063076671
Total Nitrogen,8030.13533408354,-12.86321335301106
Total Nitrogen,8026.27840064669,-12.716945648617521
Total Nitrogen,8022.42146720984,-17.805428913864741
Total Nitrogen,8018.564533773,-25.867654278028933
Total Nitrogen,8014.70760033615,-26.888616405599706
Total Nitrogen,8010.8506668993,-17.787100585748014
Total Nitrogen,8006.99373346245,-7.8975186605662806
Total Nitrogen,8003.13680002561,-9.885963210853177
Total Nitrogen,7999.27986658876,-11.466264301916805
Total Nitrogen,7995.42293315191,-19.339344664729026
Total Nitrogen,7991.56599971507,-22.016641357105968
Total Nitrogen,7987.70906627822,-9.9890128458513292
Total Nitrogen,7983.85213284137,-0.51051662546223853
Total Nitrogen,7979.99519940452,-19.555188788755245
Total Nitrogen,7976.13826596768,-24.372959956051012
Total Nitrogen,7972.28133253083,-19.246782021272065
Total Nitrogen,7968.42439909398,-7.5014189915200857
Total Nitrogen,7964.56746565713,-3.3026270983300932
Total Nitrogen,7960.71053222029,-7.2478843362103831
Total Nitrogen,7956.85359878344,-11.524865037725593
Total Nitrogen,7952.99666534659,-9.1206965917691925
Total Nitrogen,7949.13973190975,-9.3354960906171893
Total Nitrogen,7945.2827984729,-1.5470600364602085
Total Nitrogen,7941.42586503605,3.3432141806776152
Total Nitrogen,7937.5689315992,1.519661589641895
Total Nitrogen,7933.71199816236,4.7032428581991832
Total Nitrogen,7929.85506472551,1.1590973734484895
Total Nitrogen,7925.99813128866,-4.9838376530715562
Total Nitrogen,7922.14119785181,4.912675036401037
Total Nitrogen,7918.28426441497,0.46500250235391166
Total Nitrogen,7914.42733097812,2.846025919464545
Total Nitrogen,7910.57039754127,8.0843017215093234
Total Nitrogen,7906.71346410443,-4.1833782447359278
Total Nitrogen,7902.85653066758,-12.856165281509009
Total Nitrogen,7898.99959723073,-7.0166483455275053
Total Nitrogen,7895.14266379388,4.819856285809661
Total Nitrogen,7891.28573035704,15.859364260477612
Total Nitrogen,7887.42879692019,7.9345073066961413
Total Nitrogen,7883.57186348334,-8.511284570933622
Total Nitrogen,7879.71493004649,-13.51202252311041
Total Nitrogen,7875.85799660965,-0.19764070209887086
Total Nitrogen,7872.0010631728,-2.2395955727505648
Total Nitrogen,7868.14412973595,-3.0276202843681705
Total Nitrogen,7864.28719629911,-2.6514335703210112
Total Nitrogen,7860.43026286226,-3.6564740616030798
Total Nitrogen,7856.57332942541,4.5456791555648532
Total Nitrogen,7852.71639598856,5.3988624974202777
Total Nitrogen,7848.85946255172,5.5697800596851748
Total Nitrogen,7845.00252911487,5.2680718249371994
Total Nitrogen,7841.14559567802,9.7151280382972605
Total Nitrogen,7837.28866224117,15.897204099018131
Total Nitrogen,7833.43172880433,15.629438081583002
Total Nitrogen,7829.57479536748,11.713711689153291
Total Nitrogen,7825.71786193063,7.801977515451382
Total Nitrogen,7821.86092849379,6.1974777106806149
Total Nitrogen,7818.00399505694,-0.47899699222809022
Total Nitrogen,7814.14706162009,-0.88414736328402066
Total Nitrogen,7810.29012818324,0.73661490946876107
Total Nitrogen,7806.4331947464,9.6801351691766655
Total Nitrogen,7802.57626130955,15.753328126193162
Total Nitrogen,7798.7193278727,19.865367272289497
Total Nitrogen,7794.86239443585,19.243001126281822
Total Nitrogen,7791.00546099901,19.183002320492356
Total Nitrogen,7787.14852756216,16.493416609307832
Total Nitrogen,7783.29159412531,10.729891371141163
Total Nitrogen,7779.43466068847,3.1505512708741152
Total Nitrogen,7775.57772725162,1.7853260656778498
Total Nitrogen,7771.72079381477,9.9946723283961312
Total Nitrogen,7767.86386037792,20.163909913628626
Total Nitrogen,7764.00692694107,18.87919427405264
Total Nitrogen,7760.14999350423,10.075986963654914
Total Nitrogen,7756.29306006738,15.444733001324897
Total Nitrogen,7752.43612663053,15.978177445251744
Total Nitrogen,7748.57919319369,12.398163202148893
Total Nitrogen,7744.72225975684,22.806630381723124
Total Nitrogen,7740.86532631999,19.789987395100599
Total Nitrogen,7737.00839288315,9.5291805160143284
Total Nitrogen,7733.1514594463,8.3164000445748645
Total Nitrogen,7729.29452600945,8.8302256747237333
Total Nitrogen,7725.4375925726,15.650501205873777
Total Nitrogen,7721.58065913575,18.036595513522691
Total Nitrogen,7717.72372569891,13.227636414016525
Total Nitrogen,7713.86679226206,13.883336446661652
Total Nitrogen,7710.00985882521,14.334456103187193
Total Nitrogen,7706.15292538837,16.451162333711018
Total Nitrogen,7702.29599195152,8.8754488476054245
Total Nitrogen,7698.43905851467,8.9578274955643451
Total Nitrogen,7694.58212507782,7.796572818531776
Total Nitrogen,7690.72519164098,7.6806115795237968
Total Nitrogen,7686.86825820413,-1.0466387891071034
Total Nitrogen,7683.01132476728,2.7819108280231863
Total Nitrogen,7679.15439133043,11.713176176797138
Total Nitrogen,7675.29745789359,17.686497300599157
Total Nitrogen,7671.44052445674,18.004998701180458
Total Nitrogen,7667.58359101989,15.557907939965432
Total Nitrogen,7663.72665758305,8.1988662497299956
Total Nitrogen,7659.8697241462,5.1703343768273067
Total Nitrogen,7656.01279070935,5.5068691371485539
Total Nitrogen,7652.1558572725,11.592088267764479
Total Nitrogen,7648.29892383566,14.228326280914294
Total Nitrogen,7644.44199039881,8.2816393295428892
Total Nitrogen,7640.58505696196,3.8365583420688214
Total Nitrogen,7636.72812352511,-2.9447199042934362
Total Nitrogen,7632.87119008827,7.1463806850676264
Total Nitrogen,7629.01425665142,10.970009273412186
Total Nitrogen,7625.15732321457,6.7121399672968725
Total Nitrogen,7621.30038977773,2.0061895217252284
Total Nitrogen,7617.44345634088,-3.6514967444669439
Total Nitrogen,7613.58652290403,-0.071721965971333276
Total Nitrogen,7609.72958946718,7.5264566269324691
Total Nitrogen,7605.87265603034,11.592288909585953
Total Nitrogen,7602.01572259349,7.657360216213875
Total Nitrogen,7598.15878915664,2.6907282458378954
Total Nitrogen,7594.30185571979,-2.2500621473398947
Total Nitrogen,7590.44492228295,1.0667283072004115
Total Nitrogen,7586.5879888461,8.6962307603694367
Total Nitrogen,7582.73105540925,17.917987189842666
Total Nitrogen,7578.87412197241,16.715907268697499
Total Nitrogen,7575.01718853556,7.0884274423922671
Total Nitrogen,7571.16025509871,-5.524765914644636
Total Nitrogen,7567.30332166186,-5.3334333456053775
Total Nitrogen,7563.44638822502,-1.7032343993741623
Total Nitrogen,7559.58945478817,0.93627395581639428
Total Nitrogen,7555.73252135132,-2.1795595332504747
Total Nitrogen,7551.87558791447,-13.406263314140553
Total Nitrogen,7548.01865447763,-20.493974267889953
Total Nitrogen,7544.16172104078,-16.978395873197201
Total Nitrogen,7540.30478760393,-8.9683343555927824
Total Nitrogen,7536.44785416709,-12.132291797716636
Total Nitrogen,7532.59092073024,-16.936673082644297
Total Nitrogen,7528.73398729339,-17.900062911281147
Total Nitrogen,7524.87705385654,-16.537995018232181
Total Nitrogen,7521.0201204197,-5.9278241506907561
Total Nitrogen,7517.16318698285,-3.9278046897287973
Total Nitrogen,7513.306253546,-4.6461396816015244
Total Nitrogen,7509.44932010915,-14.35894516264713
Total Nitrogen,7505.59238667231,-16.309552753720958
Total Nitrogen,7501.73545323546,-14.668112345032414
Total Nitrogen,7497.87851979861,-5.1719922727545349
Total Nitrogen,7494.02158636177,2.5782485226333924
Total Nitrogen,7490.16465292492,-0.44713315337425819
Total Nitrogen,7486.30771948807,-7.0722876084626645
Total Nitrogen,7482.45078605122,-10.805856302235581
Total Nitrogen,7478.59385261438,-3.8372383779579202
Total Nitrogen,7474.73691917753,0.93371513499819803
Total Nitrogen,7470.87998574068,-10.577822960419272
Total Nitrogen,7467.02305230383,-23.477370870524087
Total Nitrogen,7463.16611886699,-31.379467621930683
Total Nitrogen,7459.30918543014,-11.84153066606121
Total Nitrogen,7455.45225199329,-6.6390658312857598
Total Nitrogen,7451.59531855645,-13.690165898618849
Total Nitrogen,7447.7383851196,-14.697356872652831
Total Nitrogen,7443.88145168275,-10.232773003025008
Total Nitrogen,7440.0245182459,-18.133501369269538
Total Nitrogen,7436.16758480906,-24.231381965855544
Total Nitrogen,7432.31065137221,-14.382052693233117
Total Nitrogen,7428.45371793536,-12.563368990901134
Total Nitrogen,7424.59678449851,-23.367618370031604
Total Nitrogen,7420.73985106167,-13.000024620955271
Total Nitrogen,7416.88291762482,1.1799717076329745
Total Nitrogen,7413.02598418797,-17.121017387135229
Total Nitrogen,7409.16905075113,-13.44854495475845
Total Nitrogen,7405.31211731428,0.37364342514187188
Total Nitrogen,7401.45518387743,6.5459416255847689
Total Nitrogen,7397.59825044058,14.958050424929009
Total Nitrogen,7393.74131700374,0.68378043809610234
Total Nitrogen,7389.88438356689,-12.883207185210811
Total Nitrogen,7386.02745013004,3.6704402956894864
Total Nitrogen,7382.17051669319,33.976861373405661
Total Nitrogen,7378.31358325635,37.680351438748261
Total Nitrogen,7374.4566498195,-1.342539151995622
Total Nitrogen,7370.59971638265,1.6508895156733443
Total Nitrogen,7366.74278294581,27.532084080715048
Total Nitrogen,7362.88584950896,32.081165912522742
Total Nitrogen,7359.02891607211,11.343871229234745
Total Nitrogen,7355.17198263526,-1.3262720861466881
Total Nitrogen,7351.31504919842,1.1042452692908953
Total Nitrogen,7347.45811576157,11.800482320361736
Total Nitrogen,7343.60118232472,6.7723866125576606
Total Nitrogen,7339.74424888787,-16.834430437019808
Total Nitrogen,7335.88731545103,-13.698191824373295
Total Nitrogen,7332.03038201418,-14.062864183251998
Total Nitrogen,7328.17344857733,-13.853872604830082
Total Nitrogen,7324.31651514049,-6.6568738154764375
Total Nitrogen,7320.45958170364,-12.497067322205922
Total Nitrogen,7316.60264826679,-14.649355655455425
Total Nitrogen,7312.74571482994,8.2589289268604116
Total Nitrogen,7308.8887813931,-3.814994953557143
Total Nitrogen,7305.03184795625,-19.463188654941472
Total Nitrogen,7301.1749145194,-2.010178417613814
Total Nitrogen,7297.31798108255,-4.352621048209393
Total Nitrogen,7293.46104764571,1.2676152780673002
Total Nitrogen,7289.60411420886,6.133965212278226
Total Nitrogen,7285.74718077201,8.9952206740571246
Total Nitrogen,7281.89024733516,9.4498393938206728
Total Nitrogen,7278.03331389832,-1.5075114224545403
Total Nitrogen,7274.17638046147,17.330761055624759
Total Nitrogen,7270.31944702462,23.474805449611399
Total Nitrogen,7266.46251358778,7.7301896147183786
Total Nitrogen,7262.60558015093,3.2174113915827718
Total Nitrogen,7258.74864671408,12.237302230317148
Total Nitrogen,7254.89171327723,11.070270909272933
Total Nitrogen,7251.03477984039,-3.8615515023181644
Total Nitrogen,7247.17784640354,-17.652401669284298
Total Nitrogen,7243.32091296669,-19.475672973244944
Total Nitrogen,7239.46397952984,-11.655935857221925
Total Nitrogen,7235.607046093,-3.7626460890555005
Total Nitrogen,7231.75011265615,-6.4963074227750806
Total Nitrogen,7227.8931792193,-14.454304555101606
Total Nitrogen,7224.03624578246,-14.428023441920264
Total Nitrogen,7220.17931234561,14.519121892247917
Total Nitrogen,7216.32237890876,16.880223211726033
Total Nitrogen,7212.46544547191,13.752399799217024
Total Nitrogen,7208.60851203507,8.0862419310692193
Total Nitrogen,7204.75157859822,15.49885799401979
Total Nitrogen,7200.89464516137,18.918883244225778
Total Nitrogen,7197.03771172452,16.493401363286054
Total Nitrogen,7193.18077828768,13.530977920842762
Total Nitrogen,7189.32384485083,11.295420900958286
Total Nitrogen,7185.46691141398,10.172077786597452
Total Nitrogen,7181.60997797714,-5.5405198003287834
Total Nitrogen,7177.75304454029,-23.47565422546441
Total Nitrogen,7173.89611110344,-14.520428169222262
Total Nitrogen,7170.03917766659,-8.5820042513781001
Total Nitrogen,7166.18224422975,-9.2364715247544247
Total Nitrogen,7162.3253107929,7.3635058146551629
Total Nitrogen,7158.46837735605,14.784451576780855
Total Nitrogen,7154.6114439192,-7.3647685599561123
Total Nitrogen,7150.75451048236,-19.139969804485673
Total Nitrogen,7146.89757704551,-3.8870035609326168
Total Nitrogen,7143.04064360866,14.997599421861887
Total Nitrogen,7139.18371017182,6.4468594817406659
Total Nitrogen,7135.32677673497,-2.4455638070270584
Total Nitrogen,7131.46984329812,-4.6341645856961424
Total Nitrogen,7127.61290986127,-11.566987126647469
Total Nitrogen,7123.75597642443,-2.909072466199667
Total Nitrogen,7119.89904298758,13.063360545558242
Total Nitrogen,7116.04210955073,-12.085319979858836
Total Nitrogen,7112.18517611388,-11.891772701100615
Total Nitrogen,7108.32824267704,6.7637904745305777
Total Nitrogen,7104.47130924019,9.6125032523404972
Total Nitrogen,7100.61437580334,9.7372995922847974
Total Nitrogen,7096.7574423665,16.531326066184405
Total Nitrogen,7092.90050892965,0.27492403508477836
Total Nitrogen,7089.0435754928,-6.8153970801162727
Total Nitrogen,7085.18664205595,-5.0384389835403773
Total Nitrogen,7081.32970861911,1.1583879278552947
Total Nitrogen,7077.47277518226,-9.0893349742022913
Total Nitrogen,7073.61584174541,-7.6288462574464546
Total Nitrogen,7069.75890830856,-2.4250950001415448
Total Nitrogen,7065.90197487172,-14.650586852301085
Total Nitrogen,7062.04504143487,-20.811365523746865
Total Nitrogen,7058.18810799802,-8.7786348483125849
Total Nitrogen,7054.33117456117,2.4611299614338638
Total Nitrogen,7050.47424112433,7.8203421126712787
Total Nitrogen,7046.61730768748,17.835496818499252
Total Nitrogen,7042.76037425063,16.657277625246333
Total Nitrogen,7038.90344081379,3.9678535156339598
Total Nitrogen,7035.04650737694,0.7505145435042937
Total Nitrogen,7031.18957394009,1.0260538318791006
Total Nitrogen,7027.33264050324,7.6638886691930601
Total Nitrogen,7023.4757070664,17.289601212153439
Total Nitrogen,7019.61877362955,10.453816676645143
Total Nitrogen,7015.7618401927,1.084989642865678
Total Nitrogen,7011.90490675585,2.6677245940406613
Total Nitrogen,7008.04797331901,4.7739129867136949
Total Nitrogen,7004.19103988216,4.1271945447134408
Total Nitrogen,7000.33410644531,4.1959946468266507
Total Nitrogen,6996.47717300847,5.0424067232624346
Total Nitrogen,6992.62023957162,0.39954009694646758
Total Nitrogen,6988.76330613477,5.8301827300365305
Total Nitrogen,6984.90637269792,9.2725282048624162
Total Nitrogen,6981.04943926108,10.014923666585917
Total Nitrogen,6977.19250582423,4.6053952238318621
Total Nitrogen,6973.33557238738,4.9382459359612989
Total Nitrogen,6969.47863895053,-2.5024489421240861
Total Nitrogen,6965.62170551369,-4.0788128258808038
Total Nitrogen,6961.76477207684,-3.212727852888507
Total Nitrogen,6957.90783863999,-0.81983390055765271
Total Nitrogen,6954.05090520315,0.95316112165007194
Total Nitrogen,6950.1939717663,-0.64320874947236961
Total Nitrogen,6946.33703832945,-0.035602667023237555
Total Nitrogen,6942.4801048926,4.3109865117206798
Total Nitrogen,6938.62317145576,0.7521169935066665
Total Nitrogen,6934.76623801891,-0.58649804060609911
Total Nitrogen,6930.90930458206,0.82112827380831643
Total Nitrogen,6927.05237114521,0.89914546118049798
Total Nitrogen,6923.19543770837,0.39549826345708922
Total Nitrogen,6919.33850427152,4.8002952270185943
Total Nitrogen,6915.48157083467,4.1860687511292243
Total Nitrogen,6911.62463739783,1.8225262677521736
Total Nitrogen,6907.76770396098,0.98390874135666906
Total Nitrogen,6903.91077052413,-3.2065301522013718
Total Nitrogen,6900.05383708728,-5.493770469761178
Total Nitrogen,6896.19690365044,-0.52204808983284068
Total Nitrogen,6892.33997021359,2.1585413152808561
Total Nitrogen,6888.48303677674,0.43705720892249167
Total Nitrogen,6884.62610333989,-5.6630933261859839
Total Nitrogen,6880.76916990305,-7.6170404818008208
Total Nitrogen,6876.9122364662,-3.9309180962010437
Total Nitrogen,6873.05530302935,3.4510792699668698
Total Nitrogen,6869.19836959251,3.8952169206835046
Total Nitrogen,6865.34143615566,0.43691080658558795
Total Nitrogen,6861.48450271881,-1.8261980896215233
Total Nitrogen,6857.62756928196,-3.2991783120963629
Total Nitrogen,6853.77063584512,-8.1564566785285706
Total Nitrogen,6849.91370240827,-5.6908220316991711
Total Nitrogen,6846.05676897142,-0.1948168108373384
Total Nitrogen,6842.19983553457,-5.85590775654964
Total Nitrogen,6838.34290209773,-10.654208705055215
Total Nitrogen,6834.48596866088,-4.9308428659332808
Total Nitrogen,6830.62903522403,-3.8681740697451832
Total Nitrogen,6826.77210178718,-3.5989222938934211
Total Nitrogen,6822.91516835034,-4.2922773861445522
Total Nitrogen,6819.05823491349,-4.72381433353529
Total Nitrogen,6815.20130147664,-3.7000802568675781
Total Nitrogen,6811.3443680398,-5.2203546434291574
Total Nitrogen,6807.48743460295,-6.8714625647867535
Total Nitrogen,6803.6305011661,-3.9069695618762199
Total Nitrogen,6799.77356772925,-4.3121043550752747
Total Nitrogen,6795.91663429241,-0.96645907120888885
Total Nitrogen,6792.05970085556,-1.758413114353333
Total Nitrogen,6788.20276741871,-1.99747323195384
Total Nitrogen,6784.34583398186,-2.1324560398382397
Total Nitrogen,6780.48890054502,-8.0276405975550951
Total Nitrogen,6776.63196710817,-13.312201636937941
Total Nitrogen,6772.77503367132,-8.435614824347212
Total Nitrogen,6768.91810023448,-4.1437501986826479
Total Nitrogen,6765.06116679763,-1.8285587578354057
Total Nitrogen,6761.20423336078,-1.7144304830396297
Total Nitrogen,6757.34729992393,-0.52899660790645053
Total Nitrogen,6753.49036648709,-1.5004202887099811
Total Nitrogen,6749.63343305024,-2.5898018190625041
Total Nitrogen,6745.77649961339,-4.7713231616662712
Total Nitrogen,6741.91956617654,-1.7900291286046042
Total Nitrogen,6738.0626327397,0.39391389356585998
Total Nitrogen,6734.20569930285,-0.47609479471992272
Total Nitrogen,6730.348765866,-4.5999106674766077
Total Nitrogen,6726.49183242916,-4.3681143490955288
Total Nitrogen,6722.63489899231,-1.8750712072782469
Total Nitrogen,6718.77796555546,-0.86933542602355118
Total Nitrogen,6714.92103211861,-1.3976913338760826
Total Nitrogen,6711.06409868177,-0.9914250576360728
Total Nitrogen,6707.20716524492,0.2042077340160881
Total Nitrogen,6703.35023180807,0.65212955487847724
Total Nitrogen,6699.49329837122,-3.1370613969655805
Total Nitrogen,6695.63636493438,-6.5728354182685846
Total Nitrogen,6691.77943149753,-10.302388387479294
Total Nitrogen,6687.92249806068,-8.5789604522580607
Total Nitrogen,6684.06556462384,-2.6101848826359668
Total Nitrogen,6680.20863118699,2.7120429858358213
Total Nitrogen,6676.35169775014,-2.7342334917494204
Total Nitrogen,6672.49476431329,-5.7675338963483176
Total Nitrogen,6668.63783087645,-5.6529673125084017
Total Nitrogen,6664.7808974396,-0.3866113335369728
Total Nitrogen,6660.92396400275,1.4569910684373699
Total Nitrogen,6657.0670305659,1.6310930531008809
Total Nitrogen,6653.21009712906,1.8531165306618083
Total Nitrogen,6649.35316369221,2.2815987832366753
Total Nitrogen,6645.49623025536,-2.4733725844478505
Total Nitrogen,6641.63929681852,-3.3770106802517801
Total Nitrogen,6637.78236338167,-1.4839888086823754
Total Nitrogen,6633.92542994482,4.5505853868151158
Total Nitrogen,6630.06849650797,1.330728395025143
Total Nitrogen,6626.21156307113,-0.20090645964873483
Total Nitrogen,6622.35462963428,1.2150918092974656
Total Nitrogen,6618.49769619743,1.1236274377516344
Total Nitrogen,6614.64076276058,-3.1066254338562334
Total Nitrogen,6610.78382932374,-3.4002845909249073
Total Nitrogen,6606.92689588689,-4.8693213858164919
Total Nitrogen,6603.06996245004,-6.840361135891686
Total Nitrogen,6599.2130290132,-8.7533433828404732
Total Nitrogen,6595.35609557635,-5.7495679801655282
Total Nitrogen,6591.4991621395,2.0818826384926012
Total Nitrogen,6587.64222870265,-0.96945406205942264
Total Nitrogen,6583.78529526581,-1.0393791305976563
Total Nitrogen,6579.92836182896,-0.4951762864194672
Total Nitrogen,6576.07142839211,-1.2697844476179458
Total Nitrogen,6572.21449495526,1.9465905943017521
Total Nitrogen,6568.35756151842,-0.46292982855130055
Total Nitrogen,6564.50062808157,-5.5932489111934425
Total Nitrogen,6560.64369464472,-3.9008548323375956
Total Nitrogen,6556.78676120788,-0.20456514958845542
Total Nitrogen,6552.92982777103,0.017880362575771941
Total Nitrogen,6549.07289433418,2.896827543234505
Total Nitrogen,6545.21596089733,1.5226383933248915
Total Nitrogen,6541.35902746049,1.0916660280319674
Total Nitrogen,6537.50209402364,2.4279376218678341
Total Nitrogen,6533.64516058679,-0.29058144780066569
Total Nitrogen,6529.78822714994,-0.13335189507353154
Total Nitrogen,6525.9312937131,0.1670524643989188
Total Nitrogen,6522.07436027625,-2.686836961376899
Total Nitrogen,6518.2174268394,-0.99254538306259954
Total Nitrogen,6514.36049340256,1.5678010582958013
Total Nitrogen,6510.50355996571,1.3478005217447744
Total Nitrogen,6506.64662652886,4.4289372257863047
Total Nitrogen,6502.78969309201,3.2182448513200925
Total Nitrogen,6498.93275965517,1.8445648707176707
Total Nitrogen,6495.07582621832,1.597200964882991
Total Nitrogen,6491.21889278147,0.93295651743262853
Total Nitrogen,6487.36195934462,3.596193455781191
Total Nitrogen,6483.50502590778,6.9410684497870756
Total Nitrogen,6479.64809247093,5.8497869132599174
Total Nitrogen,6475.79115903408,-1.8052271053515716
Total Nitrogen,6471.93422559724,-5.6339328329171376
Total Nitrogen,6468.07729216039,-1.9535856908180409
Total Nitrogen,6464.22035872354,2.5726311993338267
Total Nitrogen,6460.36342528669,1.3061938317396478
Total Nitrogen,6456.50649184985,2.370034701381015
Total Nitrogen,6452.649558413,3.6138581969458059
Total Nitrogen,6448.79262497615,0.015239808341252067
Total Nitrogen,6444.9356915393,0.76478272207764741
Total Nitrogen,6441.07875810246,0.97717752748429476
Total Nitrogen,6437.22182466561,3.2322193887322315
Total Nitrogen,6433.36489122876,6.2552061820820803
Total Nitrogen,6429.50795779192,3.7789139969855352
Total Nitrogen,6425.65102435507,2.240608551598398
Total Nitrogen,6421.79409091822,2.4276473723781131
Total Nitrogen,6417.93715748137,2.7112442629398203
Total Nitrogen,6414.08022404453,7.0344828439792586
Total Nitrogen,6410.22329060768,8.6466867230484521
Total Nitrogen,6406.36635717083,5.4050087116537844
Total Nitrogen,6402.50942373398,1.8363164104984686
Total Nitrogen,6398.65249029714,-1.0688667112818597
Total Nitrogen,6394.79555686029,1.1766101468662702
Total Nitrogen,6390.93862342344,8.166336810660578
Total Nitrogen,6387.08168998659,8.3060874006858061
Total Nitrogen,6383.22475654975,5.4760015950074834
Total Nitrogen,6379.3678231129,2.3691595877474616
Total Nitrogen,6375.51088967605,4.798333791280629
Total Nitrogen,6371.6539562392,3.3154567378384043
Total Nitrogen,6367.79702280236,2.2656864294508567
Total Nitrogen,6363.94008936551,3.2712297271398274
Total Nitrogen,6360.08315592866,3.9082649432300118
Total Nitrogen,6356.22622249182,5.4849831780441765
Total Nitrogen,6352.36928905497,6.8744101063597283
Total Nitrogen,6348.51235561812,6.2601470817146287
Total Nitrogen,6344.65542218127,4.3413081495595067
Total Nitrogen,6340.79848874443,4.1881384276305704
Total Nitrogen,6336.94155530758,6.0415584846300172
Total Nitrogen,6333.08462187073,6.486177818291611
Total Nitrogen,6329.22768843388,3.8526606726851114
Total Nitrogen,6325.37075499704,3.6586923167426302
Total Nitrogen,6321.51382156019,1.2754980553740072
Total Nitrogen,6317.65688812334,4.1344522221752991
Total Nitrogen,6313.7999546865,10.195654754495779
Total Nitrogen,6309.94302124965,6.7876105731915404
Total Nitrogen,6306.0860878128,4.1213308659100916
Total Nitrogen,6302.22915437595,5.3728549756230004
Total Nitrogen,6298.37222093911,5.1397970283406869
Total Nitrogen,6294.51528750226,2.74441338823096
Total Nitrogen,6290.65835406541,2.4814588848666341
Total Nitrogen,6286.80142062856,3.5392104102636481
Total Nitrogen,6282.94448719172,1.292604670131428
Total Nitrogen,6279.08755375487,1.3071334066085611
Total Nitrogen,6275.23062031802,3.826542523843576
Total Nitrogen,6271.37368688118,3.7806027973420937
Total Nitrogen,6267.51675344433,4.296005012632242
Total Nitrogen,6263.65982000748,3.9911179423258725
Total Nitrogen,6259.80288657063,1.9240476215475277
Total Nitrogen,6255.94595313379,4.0523163600498551
Total Nitrogen,6252.08901969694,3.1662920415178473
Total Nitrogen,6248.23208626009,-1.4105140371221405
Total Nitrogen,6244.37515282324,-2.9196162260260361
Total Nitrogen,6240.5182193864,-4.3981228090104132
Total Nitrogen,6236.66128594955,-4.7308270577248033
Total Nitrogen,6232.8043525127,-4.0792001323186362
Total Nitrogen,6228.94741907586,-5.0726640829553338
Total Nitrogen,6225.09048563901,-6.2287233513482141
Total Nitrogen,6221.23355220216,-10.825652921902671
Total Nitrogen,6217.37661876531,-8.6583787446492533
Total Nitrogen,6213.51968532847,-4.6317345250441164
Total Nitrogen,6209.66275189162,-3.3375498102030958
Total Nitrogen,6205.80581845477,-5.2851699989750793
Total Nitrogen,6201.94888501792,-6.317038820793579
Total Nitrogen,6198.09195158108,-6.2206562150342011
Total Nitrogen,6194.23501814423,-7.9548319531851135
Total Nitrogen,6190.37808470738,-5.7001928171498948
Total Nitrogen,6186.52115127054,-7.1017822893634301
Total Nitrogen,6182.66421783369,-6.4458647756207625
Total Nitrogen,6178.80728439684,-3.2303382797770674
Total Nitrogen,6174.95035095999,-2.8891702112796565
Total Nitrogen,6171.09341752315,-5.1883480487138751
Total Nitrogen,6167.2364840863,-7.6453193163865292
Total Nitrogen,6163.37955064945,-9.2392091262333054
Total Nitrogen,6159.5226172126,-4.4723658379861044
Total Nitrogen,6155.66568377576,-2.2490298820004733
Total Nitrogen,6151.80875033891,-5.1712208505659003
Total Nitrogen,6147.95181690206,-5.3446011769096637
Total Nitrogen,6144.09488346522,-2.0425305016702779
Total Nitrogen,6140.23795002837,0.9864638146228889
Total Nitrogen,6136.38101659152,1.2178955595577368
Total Nitrogen,6132.52408315467,-4.1667452691536599
Total Nitrogen,6128.66714971783,-3.5125274760579912
Total Nitrogen,6124.81021628098,3.2910242336666253
Total Nitrogen,6120.95328284413,4.7775448797862623
Total Nitrogen,6117.09634940728,4.5281266192026557
Total Nitrogen,6113.23941597044,3.3689091238000586
Total Nitrogen,6109.38248253359,-2.1769206162435708
Total Nitrogen,6105.52554909674,-0.8682897193241299
Total Nitrogen,6101.6686156599,1.1485566762764194
Total Nitrogen,6097.81168222305,-0.12759930481652135
Total Nitrogen,6093.9547487862,1.2119593714575447
Total Nitrogen,6090.09781534935,2.9688981579096039
Total Nitrogen,6086.24088191251,3.198966255514073
Total Nitrogen,6082.38394847566,5.4372969085709082
Total Nitrogen,6078.52701503881,4.104275155671103
Total Nitrogen,6074.67008160196,7.9292319206402198
Total Nitrogen,6070.81314816512,10.999264331385168
Total Nitrogen,6066.95621472827,11.647326629877565
Total Nitrogen,6063.09928129142,7.550966474688833
Total Nitrogen,6059.24234785458,7.614809491511453
Total Nitrogen,6055.38541441773,6.0765769366721534
Total Nitrogen,6051.52848098088,6.490231105197803
Total Nitrogen,6047.67154754403,7.4874730019898266
Total Nitrogen,6043.81461410719,6.494892614981886
Total Nitrogen,6039.95768067034,4.2947185769773384
Total Nitrogen,6036.10074723349,7.6309277099159152
Total Nitrogen,6032.24381379664,9.9579835830234362
Total Nitrogen,6028.3868803598,9.2168884405825899
Total Nitrogen,6024.52994692295,3.2831782963474456
Total Nitrogen,6020.6730134861,5.7818702737059322
Total Nitrogen,6016.81608004926,4.6815277617459641
Total Nitrogen,6012.95914661241,5.7940894294985785
Total Nitrogen,6009.10221317556,6.827101154151177
Total Nitrogen,6005.24527973871,5.4479535706588331
Total Nitrogen,6001.38834630187,-1.6031051914135996
Total Nitrogen,5997.53141286502,1.3179686515115421
Total Nitrogen,5993.67447942817,2.4901137228309858
Total Nitrogen,5989.81754599132,-0.53150068044933707
Total Nitrogen,5985.96061255448,-7.7871857064421688
Total Nitrogen,5982.10367911763,-10.694321968833401
Total Nitrogen,5978.24674568078,-6.7700225125762969
Total Nitrogen,5974.38981224394,-5.4157588973836468
Total Nitrogen,5970.53287880709,-5.2745002086715935
Total Nitrogen,5966.67594537024,-4.7615678095726759
Total Nitrogen,5962.81901193339,-8.5617297503288903
Total Nitrogen,5958.96207849655,-9.2652620178330967
Total Nitrogen,5955.1051450597,-5.4975947728233887
Total Nitrogen,5951.24821162285,-6.8396622789773032
Total Nitrogen,5947.391278186,-7.4575118013580299
Total Nitrogen,5943.53434474916,-7.2237228086149639
Total Nitrogen,5939.67741131231,-6.7012041356841197
Total Nitrogen,5935.82047787546,-6.4562966540830287
Total Nitrogen,5931.96354443862,-4.1556094550286273
Total Nitrogen,5928.10661100177,-3.4616885456241118
Total Nitrogen,5924.24967756492,-7.026025658620803
Total Nitrogen,5920.39274412807,-6.7296543608713222
Total Nitrogen,5916.53581069123,-3.9958758159107632
Total Nitrogen,5912.67887725438,-1.6779198053660065
Total Nitrogen,5908.82194381753,2.1201769815788776
Total Nitrogen,5904.96501038068,5.2294487751235748
Total Nitrogen,5901.10807694384,6.8992721370904917
Total Nitrogen,5897.25114350699,13.600030814932623
Total Nitrogen,5893.39421007014,16.600470122976802
Total Nitrogen,5889.5372766333,21.116804511460892
Total Nitrogen,5885.68034319645,19.382019580798527
Total Nitrogen,5881.8234097596,19.452456378402051
Total Nitrogen,5877.96647632275,17.529083712283679
Total Nitrogen,5874.10954288591,19.663265173032986
Total Nitrogen,5870.25260944906,17.136039140910611
Total Nitrogen,5866.39567601221,16.556007359654583
Total Nitrogen,5862.53874257536,15.656294824933061
Total Nitrogen,5858.68180913852,14.446152078505611
Total Nitrogen,5854.82487570167,11.324424379859879
Total Nitrogen,5850.96794226482,5.4441227936324506
Total Nitrogen,5847.11100882798,-0.41789975124496437
Total Nitrogen,5843.25407539113,-0.34048054761513091
Total Nitrogen,5839.39714195428,-0.026278550909998089
Total Nitrogen,5835.54020851743,0.69450129031381658
Total Nitrogen,5831.68327508059,2.1434646938350874
Total Nitrogen,5827.82634164374,2.5803949402001156
Total Nitrogen,5823.96940820689,1.0125846774034459
Total Nitrogen,5820.11247477004,-4.2243227018510989
Total Nitrogen,5816.2555413332,-8.9023873155025104
Total Nitrogen,5812.39860789635,-8.9140113372729317
Total Nitrogen,5808.5416744595,-12.879205828791545
Total Nitrogen,5804.68474102266,-18.737597702215233
Total Nitrogen,5800.82780758581,-17.587334889701996
Total Nitrogen,5796.97087414896,-13.976220597664128
Total Nitrogen,5793.11394071211,-11.452262636701855
Total Nitrogen,5789.25700727527,-10.780585002398624
Total Nitrogen,5785.40007383842,-12.98918823653951
Total Nitrogen,5781.54314040157,-8.7137455726973094
Total Nitrogen,5777.68620696472,-8.382925579236721
Total Nitrogen,5773.82927352788,-10.85434928622213
Total Nitrogen,5769.97234009103,-9.1321172534383326
Total Nitrogen,5766.11540665418,-4.2474636216495361
Total Nitrogen,5762.25847321733,-5.4112081172143727
Total Nitrogen,5758.40153978049,-5.2033692931465092
Total Nitrogen,5754.54460634364,-4.3343113226826242
Total Nitrogen,5750.68767290679,-2.6344718349958574
Total Nitrogen,5746.83073946995,-5.8137729798967124
Total Nitrogen,5742.9738060331,-6.6773381250118726
Total Nitrogen,5739.11687259625,-6.7053394583207737
Total Nitrogen,5735.2599391594,-2.9674528250401608
Total Nitrogen,5731.40300572256,-4.8223086160511741
Total Nitrogen,5727.54607228571,-6.1707074861867683
Total Nitrogen,5723.68913884886,-6.3426642602051357
Total Nitrogen,5719.83220541201,-3.8120634934785609
Total Nitrogen,5715.97527197517,-4.920099030091226
Total Nitrogen,5712.11833853832,-4.0339143095054881
Total Nitrogen,5708.26140510147,-3.9226500058051448
Total Nitrogen,5704.40447166463,-3.7050474577857559
Total Nitrogen,5700.54753822778,-1.346320771775033
Total Nitrogen,5696.69060479093,-2.8794672748161445
Total Nitrogen,5692.83367135408,-5.2306304783644828
Total Nitrogen,5688.97673791724,-4.8624449832184977
Total Nitrogen,5685.11980448039,-5.3120315838324714
Total Nitrogen,5681.26287104354,-5.1748409060297496
Total Nitrogen,5677.40593760669,-5.0027125891052107
Total Nitrogen,5673.54900416985,-2.0024320186394711
Total Nitrogen,5669.692070733,1.9259715368911146
Total Nitrogen,5665.83513729615,4.7090431914998883
Total Nitrogen,5661.97820385931,1.0488758713171755
Total Nitrogen,5658.12127042246,-2.0915707070305105
Total Nitrogen,5654.26433698561,-0.01861479927003401
Total Nitrogen,5650.40740354876,0.17476873381748964
Total Nitrogen,5646.55047011192,-3.3571231334807905
Total Nitrogen,5642.69353667507,-1.9916965420083903
Total Nitrogen,5638.83660323822,-1.9425296052204284
Total Nitrogen,5634.97966980137,2.4833206212090659
Total Nitrogen,5631.12273636453,5.0750964806925767
Total Nitrogen,5627.26580292768,3.3981449512897499
Total Nitrogen,5623.40886949083,2.1761911462658698
Total Nitrogen,5619.55193605399,4.3125786294398836
Total Nitrogen,5615.69500261714,3.8596050720092618
Total Nitrogen,5611.83806918029,8.012134803320313
Total Nitrogen,5607.98113574344,6.0757118744316188
Total Nitrogen,5604.1242023066,9.498596994426487
Total Nitrogen,5600.26726886975,8.9591513657989772
Total Nitrogen,5596.4103354329,9.4714806259449116
Total Nitrogen,5592.55340199605,1.6110110768551786
Total Nitrogen,5588.69646855921,0.10016961274998057
Total Nitrogen,5584.83953512236,7.6060877212065021
Total Nitrogen,5580.98260168551,12.115249571219474
Total Nitrogen,5577.12566824867,8.6895929383837576
Total Nitrogen,5573.26873481182,3.0165270628156584
Total Nitrogen,5569.41180137497,1.76797211826873
Total Nitrogen,5565.55486793812,4.2359388457160421
Total Nitrogen,5561.69793450128,4.3126796258547939
Total Nitrogen,5557.84100106443,1.2229488123257715
Total Nitrogen,5553.98406762758,6.3748534109733512
Total Nitrogen,5550.12713419073,8.4786458077233675
Total Nitrogen,5546.27020075389,4.9649072650815746
Total Nitrogen,5542.41326731704,0.62921747880881951
Total Nitrogen,5538.55633388019,-1.7533142575729692
Total Nitrogen,5534.69940044334,-0.52709752932934684
Total Nitrogen,5530.8424670065,-1.8661911934531812
Total Nitrogen,5526.98553356965,2.872943209005034
Total Nitrogen,5523.1286001328,9.94553666838517
Total Nitrogen,5519.27166669596,17.207341529999411
Total Nitrogen,5515.41473325911,7.517225351788051
Total Nitrogen,5511.55779982226,4.2794019225371613
Total Nitrogen,5507.70086638541,12.628468639736015
Total Nitrogen,5503.84393294857,6.6508458398691293
Total Nitrogen,5499.98699951172,-1.6799974773858233
Total Nitrogen,5496.13006607487,6.9380526661472786
Total Nitrogen,5492.27313263802,17.717531872584669
Total Nitrogen,5488.41619920118,16.57998406574238
Total Nitrogen,5484.55926576433,-1.6822083546511382
Total Nitrogen,5480.70233232748,-7.4557796080275978
Total Nitrogen,5476.84539889064,-3.3984648231441947
Total Nitrogen,5472.98846545379,5.4772244930012013
Total Nitrogen,5469.13153201694,3.5938429120214104
Total Nitrogen,5465.27459858009,9.0704016663576059
Total Nitrogen,5461.41766514325,-3.3950986156583953
Total Nitrogen,5457.5607317064,-11.505433994953417
Total Nitrogen,5453.70379826955,-11.548702051974551
Total Nitrogen,5449.8468648327,-5.3246628595156782
Total Nitrogen,5445.98993139586,5.5695946387098338
Total Nitrogen,5442.13299795901,-7.4587760716749409
Total Nitrogen,5438.27606452216,-28.54564923268045
Total Nitrogen,5434.41913108532,-14.448157739697788
Total Nitrogen,5430.56219764847,-5.7829685406754177
Total Nitrogen,5426.70526421162,-10.106715031181368
Total Nitrogen,5422.84833077477,-26.599216389711284
Total Nitrogen,5418.99139733793,-27.635844502050229
Total Nitrogen,5415.13446390108,-14.561859396733862
Total Nitrogen,5411.27753046423,8.8788722390041546
Total Nitrogen,5407.42059702738,-5.3483392658913749
Total Nitrogen,5403.56366359054,-8.3411615755223991
Total Nitrogen,5399.70673015369,-19.271059433717593
Total Nitrogen,5395.84979671684,-9.0457624431352759
Total Nitrogen,5391.99286328,-11.00242766831667
Total Nitrogen,5388.13592984315,-12.220950481462804
Total Nitrogen,5384.2789964063,-20.237870923298807
Total Nitrogen,5380.42206296945,-19.853174858986087
Total Nitrogen,5376.56512953261,-6.8913150144626414
Total Nitrogen,5372.70819609576,2.13844554260363
Total Nitrogen,5368.85126265891,-5.5396049967072116
Total Nitrogen,5364.99432922206,3.0083112782045447
Total Nitrogen,5361.13739578522,-6.624726732106585
Total Nitrogen,5357.28046234837,0.1313931107476643
Total Nitrogen,5353.42352891152,9.4204011450187526
Total Nitrogen,5349.56659547468,3.5855659610319579
Total Nitrogen,5345.70966203783,-3.7025914408460054
Total Nitrogen,5341.85272860098,2.9943475940258244
Total Nitrogen,5337.99579516413,-1.5281584620387525
Total Nitrogen,5334.13886172729,-7.5958430870312723
Total Nitrogen,5330.28192829044,-8.3670774707186446
Total Nitrogen,5326.42499485359,0.31094046153290922
Total Nitrogen,5322.56806141674,-6.2376112150971199
Total Nitrogen,5318.7111279799,-3.2370887781321054
Total Nitrogen,5314.85419454305,-2.0791704919928886
Total Nitrogen,5310.9972611062,-1.2010290412166127
Total Nitrogen,5307.14032766935,-7.3796497008888569
Total Nitrogen,5303.28339423251,5.4319309935702931
Total Nitrogen,5299.42646079566,4.5993427989675082
Total Nitrogen,5295.56952735881,8.1860892371110481
Total Nitrogen,5291.71259392197,9.901093601711576
Total Nitrogen,5287.85566048512,11.90432033011197
Total Nitrogen,5283.99872704827,10.660325345012344
Total Nitrogen,5280.14179361142,9.6246770632673062
Total Nitrogen,5276.28486017458,0.2498844173282595
Total Nitrogen,5272.42792673773,4.7121890902755741
Total Nitrogen,5268.57099330088,10.348048902772852
Total Nitrogen,5264.71405986403,11.447716833177635
Total Nitrogen,5260.85712642719,0.48185926887189112
Total Nitrogen,5257.00019299034,2.6888075185007696
Total Nitrogen,5253.14325955349,0.50151651754573356
Total Nitrogen,5249.28632611665,7.1326184704724058
Total Nitrogen,5245.4293926798,3.6215629456711422
Total Nitrogen,5241.57245924295,-3.8249272374691947
Total Nitrogen,5237.7155258061,-3.8180753479490344
Total Nitrogen,5233.85859236926,-1.1458706252223614
Total Nitrogen,5230.00165893241,-0.74837152305352139
Total Nitrogen,5226.14472549556,-0.5377372775062238
Total Nitrogen,5222.28779205871,-3.4483569689342586
Total Nitrogen,5218.43085862187,-5.7991653565379018
Total Nitrogen,5214.57392518502,-8.3954056233541312
Total Nitrogen,5210.71699174817,-0.52922889387045213
Total Nitrogen,5206.86005831133,1.5949356021942238
Total Nitrogen,5203.00312487448,-5.5229055781642566
Total Nitrogen,5199.14619143763,-3.3261618314984238
Total Nitrogen,5195.28925800078,-0.57947345040367848
Total Nitrogen,5191.43232456394,1.5120490331328662
Total Nitrogen,5187.57539112709,2.8779463056612817
Total Nitrogen,5183.71845769024,0.9701675625350995
Total Nitrogen,5179.86152425339,1.084969785125008
Total Nitrogen,5176.00459081655,1.0850806188093198
Total Nitrogen,5172.1476573797,1.226874137120052
Total Nitrogen,5168.29072394285,4.1112354790940255
Total Nitrogen,5164.43379050601,4.4198627430536854
Total Nitrogen,5160.57685706916,3.8989179141617933
Total Nitrogen,5156.71992363231,3.400387935542458
Total Nitrogen,5152.86299019546,3.1011731673846072
Total Nitrogen,5149.00605675862,1.4193109181393408
Total Nitrogen,5145.14912332177,1.8233948904972503
Total Nitrogen,5141.29218988492,1.1884291942088478
Total Nitrogen,5137.43525644807,0.7522661288379805
Total Nitrogen,5133.57832301123,0.80195245268160964
Total Nitrogen,5129.72138957438,-0.80117352606413794
Total Nitrogen,5125.86445613753,-2.8223088186010572
Total Nitrogen,5122.00752270069,-1.6986772755114043
Total Nitrogen,5118.15058926384,-1.3471501906390684
Total Nitrogen,5114.29365582699,-0.85400277931335666
Total Nitrogen,5110.43672239014,-2.4945045771533989
Total Nitrogen,5106.5797889533,-1.1788990734257578
Total Nitrogen,5102.72285551645,-1.7816335141673754
Total Nitrogen,5098.8659220796,-0.74293369200279935
Total Nitrogen,5095.00898864275,-1.8762536903041591
Total Nitrogen,5091.15205520591,-2.0024955241876308
Total Nitrogen,5087.29512176906,-2.911214867529154
Total Nitrogen,5083.43818833221,-2.372838407112928
Total Nitrogen,5079.58125489536,-3.8378952125128474
Total Nitrogen,5075.72432145852,-3.0501971942748352
Total Nitrogen,5071.86738802167,-2.2485874100803054
Total Nitrogen,5068.01045458482,-1.4596056254352385
Total Nitrogen,5064.15352114798,-3.677537664383618
Total Nitrogen,5060.29658771113,-2.7273050380454911
Total Nitrogen,5056.43965427428,-2.9980760075554818
Total Nitrogen,5052.58272083743,-2.9427649591129832
Total Nitrogen,5048.72578740059,-4.0572070689992996
Total Nitrogen,5044.86885396374,-2.4149114536748875
Total Nitrogen,5041.01192052689,-3.217254251720691
Total Nitrogen,5037.15498709004,-1.7928990124025832
Total Nitrogen,5033.2980536532,-2.3448136955623236
Total Nitrogen,5029.44112021635,-1.15448175107346
Total Nitrogen,5025.5841867795,-3.438295432416377
Total Nitrogen,5021.72725334266,-2.6235558678385202
Total Nitrogen,5017.87031990581,-3.8761503171860126
Total Nitrogen,5014.01338646896,-1.2553568057760494
Total Nitrogen,5010.15645303211,-0.73311092045182247
Total Nitrogen,5006.29951959527,0.83560493565900429
Total Nitrogen,5002.44258615842,-3.2518007677417113
Total Nitrogen,4998.58565272157,-2.0413474821203863
Total Nitrogen,4994.72871928472,-0.73442146650697659
Total Nitrogen,4990.87178584788,-0.96996338846241137
Total Nitrogen,4987.01485241103,-1.9433893350405054
Total Nitrogen,4983.15791897418,0.75499323481334923
Total Nitrogen,4979.30098553734,1.2914519546808048
Total Nitrogen,4975.44405210049,3.2655838007228613
Total Nitrogen,4971.58711866364,2.3286540021620192
Total Nitrogen,4967.73018522679,3.3465763778427999
Total Nitrogen,4963.87325178995,3.8398658991057544
Total Nitrogen,4960.0163183531,4.5732991710470516
Total Nitrogen,4956.15938491625,4.198027301807195
Total Nitrogen,4952.3024514794,7.3312209879650654
Total Nitrogen,4948.44551804256,6.9309444428581006
Total Nitrogen,4944.58858460571,6.7416404704379653
Total Nitrogen,4940.73165116886,4.4882353525434473
Total Nitrogen,4936.87471773202,7.3099500001790556
Total Nitrogen,4933.01778429517,7.081335425483207
Total Nitrogen,4929.16085085832,6.0234151223690287
Total Nitrogen,4925.30391742147,4.2619722486741543
Total Nitrogen,4921.44698398463,5.5869182259151451
Total Nitrogen,4917.59005054778,6.0566549503678013
Total Nitrogen,4913.73311711093,5.8955438084079921
Total Nitrogen,4909.87618367408,3.3474013509901592
Total Nitrogen,4906.01925023724,3.9027807912715464
Total Nitrogen,4902.16231680039,3.8899509503204643
Total Nitrogen,4898.30538336354,5.5864179328471124
Total Nitrogen,4894.4484499267,3.2777994368771322
Total Nitrogen,4890.59151648985,2.605445131333668
Total Nitrogen,4886.734583053,0.91947133086286637
Total Nitrogen,4882.87764961615,1.6971439490382252
Total Nitrogen,4879.02071617931,0.10956234402723772
Total Nitrogen,4875.16378274246,0.94226489381735745
Total Nitrogen,4871.30684930561,-0.67329687997365595
Total Nitrogen,4867.44991586876,0.45244860187212488
Total Nitrogen,4863.59298243192,-1.7549161969319484
Total Nitrogen,4859.73604899507,-1.9740714431271589
Total Nitrogen,4855.87911555822,-4.0933045163710338
Total Nitrogen,4852.02218212137,-3.0040198234140858
Total Nitrogen,4848.16524868453,-3.9009612314695312
Total Nitrogen,4844.30831524768,-3.6452517489371936
Total Nitrogen,4840.45138181083,-4.9399753309431027
Total Nitrogen,4836.59444837399,-3.9677800219685344
Total Nitrogen,4832.73751493714,-5.7200433666539805
Total Nitrogen,4828.88058150029,-5.198252789779862
Total Nitrogen,4825.02364806344,-6.4464798397370702
Total Nitrogen,4821.1667146266,-6.3873538658223179
Total Nitrogen,4817.30978118975,-8.5503808459398698
Total Nitrogen,4813.4528477529,-8.0282709135607853
Total Nitrogen,4809.59591431605,-8.9753225869500479
Total Nitrogen,4805.73898087921,-8.2773288375807059
Total Nitrogen,4801.88204744236,-9.1616172649533674
Total Nitrogen,4798.02511400551,-7.357845271213443
Total Nitrogen,4794.16818056867,-7.1894653587185529
Total Nitrogen,4790.31124713182,-6.7208115999654403
Total Nitrogen,4786.45431369497,-6.9302901940140336
Total Nitrogen,4782.59738025812,-6.3385774959136647
Total Nitrogen,4778.74044682128,-7.6546454244544995
Total Nitrogen,4774.88351338443,-6.4583304444124936
Total Nitrogen,4771.02657994758,-6.807843700523418
Total Nitrogen,4767.16964651073,-4.9754401569532831
Total Nitrogen,4763.31271307389,-5.1951079800277178
Total Nitrogen,4759.45577963704,-3.978159465036069
Total Nitrogen,4755.59884620019,-3.6869623135683076
Total Nitrogen,4751.74191276335,-0.76856990773658207
Total Nitrogen,4747.8849793265,-1.2512928106313146
Total Nitrogen,4744.02804588965,0.22629536205490783
Total Nitrogen,4740.1711124528,-0.27596344938076378
Total Nitrogen,4736.31417901596,-0.53970746870359099
Total Nitrogen,4732.45724557911,-1.7818159787902113
Total Nitrogen,4728.60031214226,0.24994953727901881
Total Nitrogen,4724.74337870541,0.49720052986454938
Total Nitrogen,4720.88644526857,1.7022686964909026
Total Nitrogen,4717.02951183172,1.0756097262105124
Total Nitrogen,4713.17257839487,1.9240060610764
Total Nitrogen,4709.31564495803,0.40466440570510986
Total Nitrogen,4705.45871152118,2.1113715112357601
Total Nitrogen,4701.60177808433,2.6588709865680884
Total Nitrogen,4697.74484464748,3.7201461800405604
Total Nitrogen,4693.88791121064,2.7580514950146426
Total Nitrogen,4690.03097777379,4.1147983884657418
Total Nitrogen,4686.17404433694,2.7624769685714221
Total Nitrogen,4682.31711090009,4.9811145882696417
Total Nitrogen,4678.46017746325,4.5665276775112877
Total Nitrogen,4674.6032440264,4.7297594992970726
Total Nitrogen,4670.74631058955,4.6160205018219074
Total Nitrogen,4666.88937715271,7.0992767757317852
Total Nitrogen,4663.03244371586,5.6917366200582951
Total Nitrogen,4659.17551027901,4.9672488040271068
Total Nitrogen,4655.31857684216,3.650252877117079
Total Nitrogen,4651.46164340532,4.7355969457545983
Total Nitrogen,4647.60470996847,2.1870412808486446
Total Nitrogen,4643.74777653162,1.9603090424470246
Total Nitrogen,4639.89084309477,-0.74191923581115549
Total Nitrogen,4636.03390965793,1.0785575266092724
Total Nitrogen,4632.17697622108,0.79033114972498508
Total Nitrogen,4628.32004278423,2.2319636314320324
Total Nitrogen,4624.46310934739,1.1847134093937954
Total Nitrogen,4620.60617591054,0.58740482366149371
Total Nitrogen,4616.74924247369,0.40843993978974669
Total Nitrogen,4612.89230903684,3.2001993640330086
Total Nitrogen,4609.0353756,2.3909300491523027
Total Nitrogen,4605.17844216315,3.1187979185977004
Total Nitrogen,4601.3215087263,2.1711692890557481
Total Nitrogen,4597.46457528945,3.9144959228301324
Total Nitrogen,4593.60764185261,1.785634016146584
Total Nitrogen,4589.75070841576,0.48376417275164374
Total Nitrogen,4585.89377497891,-0.63366959894596619
Total Nitrogen,4582.03684154207,3.7303177882708507
Total Nitrogen,4578.17990810522,3.6618701728172902
Total Nitrogen,4574.32297466837,5.1035707221215256
Total Nitrogen,4570.46604123152,2.0826104360854498
Total Nitrogen,4566.60910779468,4.7527247290704171
Total Nitrogen,4562.75217435783,3.1196326723210799
Total Nitrogen,4558.89524092098,3.1308462928067624
Total Nitrogen,4555.03830748413,2.5674443506013258
Total Nitrogen,4551.18137404729,6.1150246351056605
Total Nitrogen,4547.32444061044,6.2230165374626019
Total Nitrogen,4543.46750717359,4.4828516654403074
Total Nitrogen,4539.61057373675,0.13048656331724806
Total Nitrogen,4535.7536402999,-1.5690941081354017
Total Nitrogen,4531.89670686305,-3.7191680605127599
Total Nitrogen,4528.0397734262,-2.1349303388931302
Total Nitrogen,4524.18283998936,-3.9967485990210769
Total Nitrogen,4520.32590655251,-0.85018100200737734
Total Nitrogen,4516.46897311566,-1.4204981514950752
Total Nitrogen,4512.61203967881,1.0891881705651836
Total Nitrogen,4508.75510624197,3.1109462111097437
Total Nitrogen,4504.89817280512,2.1055189886719861
Total Nitrogen,4501.04123936827,-0.80194391114921071
Total Nitrogen,4497.18430593143,-0.25040664388563511
Total Nitrogen,4493.32737249458,-2.513895438532411
Total Nitrogen,4489.47043905773,-2.0582982224050883
Total Nitrogen,4485.61350562088,-3.7003392751608559
Total Nitrogen,4481.75657218404,0.56550773322649772
Total Nitrogen,4477.89963874719,1.2927658687742722
Total Nitrogen,4474.04270531034,2.596992710827517
Total Nitrogen,4470.18577187349,1.1962951288054684
Total Nitrogen,4466.32883843665,1.874791554557375
Total Nitrogen,4462.4719049998,1.3407562267454973
Total Nitrogen,4458.61497156295,4.9166606780355497
Total Nitrogen,4454.75803812611,4.5012424914269742
Total Nitrogen,4450.90110468926,3.2429692504385472
Total Nitrogen,4447.04417125241,-1.4171489261477666
Total Nitrogen,4443.18723781556,-0.23791836317778448
Total Nitrogen,4439.33030437872,0.086751097878416658
Total Nitrogen,4435.47337094187,3.7550316838748534
Total Nitrogen,4431.61643750502,1.8694013654345305
Total Nitrogen,4427.75950406817,2.5660387952744133
Total Nitrogen,4423.90257063133,-0.31322011526200405
Total Nitrogen,4420.04563719448,1.5063212497424945
Total Nitrogen,4416.18870375763,2.2265488562434252
Total Nitrogen,4412.33177032078,6.4482164682095382
Total Nitrogen,4408.47483688394,4.0717194051201044
Total Nitrogen,4404.61790344709,2.1624431603165988
Total Nitrogen,4400.76097001024,-0.55656032438940228
Total Nitrogen,4396.9040365734,-0.69693360505464241
Total Nitrogen,4393.04710313655,-3.2520366428295371
Total Nitrogen,4389.1901696997,-1.3043307564091007
Total Nitrogen,4385.33323626285,-0.067203203465457287
Total Nitrogen,4381.47630282601,2.9580610960240281
Total Nitrogen,4377.61936938916,0.88764412248836455
Total Nitrogen,4373.76243595231,-0.58388501571852347
Total Nitrogen,4369.90550251546,-3.9636242112326072
Total Nitrogen,4366.04856907862,-5.5785748290945989
Total Nitrogen,4362.19163564177,-10.497140768518943
Total Nitrogen,4358.33470220492,-13.159986449918998
Total Nitrogen,4354.47776876808,-17.668479641442666
Total Nitrogen,4350.62083533123,-16.693246269807695
Total Nitrogen,4346.76390189438,-17.421456307767986
Total Nitrogen,4342.90696845753,-13.275335396921493
Total Nitrogen,4339.05003502069,-9.8686357359790406
Total Nitrogen,4335.19310158384,-3.2557251026072556
Total Nitrogen,4331.33616814699,-0.7505068315148512
Total Nitrogen,4327.47923471014,2.3836688419159855
Total Nitrogen,4323.6223012733,-0.78742375091531913
Total Nitrogen,4319.76536783645,0.071768325174257394
Total Nitrogen,4315.9084343996,1.8150506871141818
Total Nitrogen,4312.05150096276,4.7436738267935521
Total Nitrogen,4308.19456752591,3.2059566319719037
Total Nitrogen,4304.33763408906,4.7304325286183166
Total Nitrogen,4300.48070065221,1.491768656155912
Total Nitrogen,4296.62376721537,0.70646679937481904
Total Nitrogen,4292.76683377852,-0.37410556826016211
Total Nitrogen,4288.90990034167,2.1780997343353889
Total Nitrogen,4285.05296690482,-0.46257099827168147
Total Nitrogen,4281.19603346798,0.86276332372715336
Total Nitrogen,4277.33910003113,-2.0400260408218798
Total Nitrogen,4273.48216659428,-1.4158329518443322
Total Nitrogen,4269.62523315744,-3.7506980347979888
Total Nitrogen,4265.76829972059,-0.81434083353736597
Total Nitrogen,4261.91136628374,-1.8459104116802714
Total Nitrogen,4258.05443284689,-0.96382706610587576
Total Nitrogen,4254.19749941005,-2.3515301861562818
Total Nitrogen,4250.3405659732,-1.246184404618573
Total Nitrogen,4246.48363253635,-2.2783947547129393
Total Nitrogen,4242.6266990995,1.284828178178087
Total Nitrogen,4238.76976566266,0.98817306279566142
Total Nitrogen,4234.91283222581,3.1161486794881106
Total Nitrogen,4231.05589878896,1.601612745568298
Total Nitrogen,4227.19896535212,1.4805288915759887
Total Nitrogen,4223.34203191527,2.9531237396807168
Total Nitrogen,4219.48509847842,6.3980307044195355
Total Nitrogen,4215.62816504157,5.9874768841315049
Total Nitrogen,4211.77123160473,7.6138034957048033
Total Nitrogen,4207.91429816788,6.5931284138751485
Total Nitrogen,4204.05736473103,7.5861440106726041
Total Nitrogen,4200.20043129418,5.9623748081279624
Total Nitrogen,4196.34349785734,5.2758748678358955
Total Nitrogen,4192.48656442049,2.8262958268032459
Total Nitrogen,4188.62963098364,1.7954703090412827
Total Nitrogen,4184.7726975468,-2.1064250918466572
Total Nitrogen,4180.91576410995,-1.9600922457115995
Total Nitrogen,4177.0588306731,-4.3681886380846882
Total Nitrogen,4173.20189723625,-2.7966390075770273
Total Nitrogen,4169.34496379941,-3.7580330118624419
Total Nitrogen,4165.48803036256,-2.985629093623039
Total Nitrogen,4161.63109692571,-2.8481865971461828
Total Nitrogen,4157.77416348886,-0.52579086445177581
Total Nitrogen,4153.91723005202,-2.3349735766578479
Total Nitrogen,4150.06029661517,0.11085634860351391
Total Nitrogen,4146.20336317832,-0.34877926052994151
Total Nitrogen,4142.34642974148,2.085953089541734
Total Nitrogen,4138.48949630463,3.7963394851095842
Total Nitrogen,4134.63256286778,7.4854849654726818
Total Nitrogen,4130.77562943093,4.1518444099243865
Total Nitrogen,4126.91869599409,3.7417793792059681
Total Nitrogen,4123.06176255724,2.4573680417763799
Total Nitrogen,4119.20482912039,2.2895775253337565
Total Nitrogen,4115.34789568354,0.50068710937122929
Total Nitrogen,4111.4909622467,3.1939748950061748
Total Nitrogen,4107.63402880985,2.3291495234460959
Total Nitrogen,4103.777095373,1.436967989101916
Total Nitrogen,4099.92016193616,-0.90617074527349328
Total Nitrogen,4096.06322849931,1.6245678244720401
Total Nitrogen,4092.20629506246,1.7587630146688422
Total Nitrogen,4088.34936162561,4.7467790400753529
Total Nitrogen,4084.49242818877,3.6031907153065741
Total Nitrogen,4080.63549475192,4.1045327597756227
Total Nitrogen,4076.77856131507,1.3117272027784765
Total Nitrogen,4072.92162787822,1.8059026644550087
Total Nitrogen,4069.06469444138,2.9553881494202394
Total Nitrogen,4065.20776100453,4.7776930750560327
Total Nitrogen,4061.35082756768,2.1419659679138192
Total Nitrogen,4057.49389413083,0.66129687382985913
Total Nitrogen,4053.63696069399,0.19461110418220498
Total Nitrogen,4049.78002725714,2.578343142916435
Total Nitrogen,4045.92309382029,2.0343721245105288
Total Nitrogen,4042.06616038345,2.0613100653989762
Total Nitrogen,4038.2092269466,-0.63612031131713109
Total Nitrogen,4034.35229350975,0.41662336925686777
Total Nitrogen,4030.4953600729,-1.8669267227464659
Total Nitrogen,4026.63842663606,-1.3708362726126622
Total Nitrogen,4022.78149319921,-3.1848407836006642
Total Nitrogen,4018.92455976236,-1.7151050575659053
Total Nitrogen,4015.06762632551,-2.6575017081294758
Total Nitrogen,4011.21069288867,-1.5319527126586119
Total Nitrogen,4007.35375945182,-1.8717769700234539
Total Nitrogen,4003.49682601497,-0.11705445670627693
Total Nitrogen,3999.63989257813,0.24517985010018262
K,10001.0283203125,-7.7352030632517508
K,9997.17138687565,-2.303765506542498
K,9993.31445343881,-10.509847463018076
K,9989.45752000196,1.6326758870713645
K,9985.60058656511,7.3570738004850353
K,9981.74365312826,-0.76598170030828616
K,9977.88671969142,-2.4756868710713005
K,9974.02978625457,1.8396326852360094
K,9970.17285281772,-5.6355580318215708
K,9966.31591938088,-19.361304762413404
K,9962.45898594403,-27.069810650397944
K,9958.60205250718,-31.388557054063757
K,9954.74511907033,-49.75229734782468
K,9950.88818563349,-45.773280328848948
K,9947.03125219664,-18.479041370689096
K,9943.17431875979,-6.4745016131121114
K,9939.31738532294,-3.4886052664116707
K,9935.4604518861,-12.301423709225045
K,9931.60351844925,-27.426028637730717
K,9927.7465850124,-26.184055056995227
K,9923.88965157556,-9.498808318312026
K,9920.03271813871,8.2835026639136728
K,9916.17578470186,10.567126805160125
K,9912.31885126501,-1.8649334757132114
K,9908.46191782817,17.932573921006622
K,9904.60498439132,34.686323337728112
K,9900.74805095447,8.6638959821531767
K,9896.89111751762,5.7668701574454504
K,9893.03418408078,24.037552901564563
K,9889.17725064393,20.132653282368363
K,9885.32031720708,1.568612714639412
K,9881.46338377024,10.531836612285502
K,9877.60645033339,18.560799981831803
K,9873.74951689654,-6.8448139945473576
K,9869.89258345969,-18.573739167526544
K,9866.03565002284,14.618324696402874
K,9862.178716586,35.346332465047411
K,9858.32178314915,26.614219164359696
K,9854.4648497123,21.699928210323417
K,9850.60791627546,30.41605094510814
K,9846.75098283861,34.396707082531869
K,9842.89404940176,17.251440348484252
K,9839.03711596492,8.4426664068964481
K,9835.18018252807,18.110824686911105
K,9831.32324909122,-11.390924505284266
K,9827.46631565437,-14.503422375556248
K,9823.60938221752,3.4065656092992076
K,9819.75244878068,-21.488414762392843
K,9815.89551534383,-23.697955175437155
K,9812.03858190698,-1.6917440885672295
K,9808.18164847014,18.519810057858763
K,9804.32471503329,6.0075634168327916
K,9800.46778159644,4.1926350865496458
K,9796.6108481596,4.2173733663847033
K,9792.75391472275,-17.804209261519652
K,9788.8969812859,-22.927428700277218
K,9785.04004784905,-17.660220342345827
K,9781.1831144122,-0.49746977870918557
K,9777.32618097536,16.605522527179463
K,9773.46924753851,-6.3250112468260946
K,9769.61231410166,-15.485095206426772
K,9765.75538066482,2.9319867366554773
K,9761.89844722797,-8.3207901397327113
K,9758.04151379112,-25.020696746933154
K,9754.18458035428,-24.856719404118813
K,9750.32764691743,-5.821612729433391
K,9746.47071348058,5.5692135135947378
K,9742.61378004373,9.0369059375243008
K,9738.75684660688,18.381712183180511
K,9734.89991317004,26.643746923306303
K,9731.04297973319,15.875037937185731
K,9727.18604629634,0.019098130924941305
K,9723.3291128595,-10.578400859494852
K,9719.47217942265,-16.494695692332698
K,9715.6152459858,6.3121648737903451
K,9711.75831254896,23.615214031556913
K,9707.90137911211,12.506470175309854
K,9704.04444567526,12.510675833887582
K,9700.18751223841,13.531520074345723
K,9696.33057880156,5.6126833241233953
K,9692.47364536472,-10.093106467695765
K,9688.61671192787,-4.7256101913376698
K,9684.75977849102,16.666892761243666
K,9680.90284505418,20.933969487624555
K,9677.04591161733,3.9839142019351166
K,9673.18897818048,3.3152126823933683
K,9669.33204474363,12.846561937076308
K,9665.47511130679,3.7654957528625728
K,9661.61817786994,-20.486225543740581
K,9657.76124443309,-26.863656733127105
K,9653.90431099624,-0.83039044564757247
K,9650.0473775594,-1.1143611315109718
K,9646.19044412255,-16.027876231839468
K,9642.3335106857,2.4542294227437829
K,9638.47657724886,25.288113295960947
K,9634.61964381201,12.793583994079317
K,9630.76271037516,-15.62436217756435
K,9626.90577693831,-19.608564088619751
K,9623.04884350147,-15.879742926857407
K,9619.19191006462,-4.0425783543488159
K,9615.33497662777,-6.6069456699891056
K,9611.47804319092,-17.635415034174073
K,9607.62110975408,-16.766038552076953
K,9603.76417631723,-14.314512049061094
K,9599.90724288038,2.0698927290100628
K,9596.05030944354,20.848109083112728
K,9592.19337600669,18.497217420164709
K,9588.33644256984,-1.2242065179435424
K,9584.47950913299,-22.832918190852222
K,9580.62257569615,-11.686220778903948
K,9576.7656422593,18.692607483191225
K,9572.90870882245,1.0643109952023992
K,9569.0517753856,-15.920761156774869
K,9565.19484194876,-11.680817197400339
K,9561.33790851191,-17.037913262931916
K,9557.48097507506,-6.0101889179500789
K,9553.62404163822,7.4480378837024608
K,9549.76710820137,0.92556982891646056
K,9545.91017476452,-14.739802777420485
K,9542.05324132767,-22.765838523340868
K,9538.19630789083,-20.452631010862959
K,9534.33937445398,-4.6050706983713239
K,9530.48244101713,-0.11955258335507152
K,9526.62550758028,-4.4435244986840532
K,9522.76857414344,-19.94813359604364
K,9518.91164070659,-29.297156977991875
K,9515.05470726974,-27.376920746567635
K,9511.1977738329,-14.818843941257454
K,9507.34084039605,13.603093854919953
K,9503.4839069592,29.208929399880944
K,9499.62697352235,29.940923242764327
K,9495.77004008551,20.77146136094769
K,9491.91310664866,7.9457171318338879
K,9488.05617321181,0.6304287519441093
K,9484.19923977496,2.2234443091143872
K,9480.34230633812,-7.4556704663465272
K,9476.48537290127,-2.6999941408701615
K,9472.62843946442,4.0440058603776361
K,9468.77150602758,-0.77269363413806169
K,9464.91457259073,4.0299237632007552
K,9461.05763915388,27.924876534747099
K,9457.20070571703,5.9559078842936506
K,9453.34377228019,-5.081136634101167
K,9449.48683884334,8.2216383235181443
K,9445.62990540649,8.5108386225822006
K,9441.77297196964,-9.2840685278158741
K,9437.9160385328,-2.5578338178299203
K,9434.05910509595,0.051154418416679642
K,9430.2021716591,10.44967713267444
K,9426.34523822226,23.408774441205225
K,9422.48830478541,5.3653194147745218
K,9418.63137134856,-9.7834342904307334
K,9414.77443791171,-17.870663461633345
K,9410.91750447487,-11.75719176709843
K,9407.06057103802,1.5989776731930796
K,9403.20363760117,2.8366597903177575
K,9399.34670416432,3.7458710460868687
K,9395.48977072748,7.160604782380652
K,9391.63283729063,9.200266853611005
K,9387.77590385378,-6.1549368851669186
K,9383.91897041694,-24.359499221623857
K,9380.06203698009,-10.131422746741498
K,9376.20510354324,-1.5056376650386463
K,9372.34817010639,-3.1457099114615756
K,9368.49123666955,-6.2046494615282777
K,9364.6343032327,-11.23688003048345
K,9360.77736979585,12.313704644938623
K,9356.920436359,15.091979152554769
K,9353.06350292216,7.6504768988781109
K,9349.20656948531,10.468544115331138
K,9345.34963604846,-4.7342695435931379
K,9341.49270261162,-3.6488444636088118
K,9337.63576917477,7.2968186310855812
K,9333.77883573792,12.01435009883631
K,9329.92190230107,13.436617140622772
K,9326.06496886423,2.6929725821086237
K,9322.20803542738,1.9529377383909328
K,9318.35110199053,7.6555253271376333
K,9314.49416855368,15.088266416055291
K,9310.63723511684,15.519005023504276
K,9306.78030167999,12.701740069952843
K,9302.92336824314,11.943550977972171
K,9299.0664348063,15.243490195473971
K,9295.20950136945,2.1401314350408027
K,9291.3525679326,-12.513005336848511
K,9287.49563449575,-3.7291845777015866
K,9283.63870105891,0.39112574180169435
K,9279.78176762206,4.9777568690929277
K,9275.92483418521,-10.099713264006105
K,9272.06790074836,-13.262918605031965
K,9268.21096731152,10.839975774289694
K,9264.35403387467,24.638290241755641
K,9260.49710043782,10.178804718995641
K,9256.64016700098,-12.49468071890553
K,9252.78323356413,-8.7366183986274102
K,9248.92630012728,22.670408974182436
K,9245.06936669043,22.967713130250917
K,9241.21243325358,-10.068444489566307
K,9237.35549981674,-11.277276423083284
K,9233.49856637989,2.9223676990183494
K,9229.64163294304,16.186439096405973
K,9225.7846995062,20.92256097850774
K,9221.92776606935,11.582244625879193
K,9218.0708326325,8.6762913423429993
K,9214.21389919565,9.9748160481615038
K,9210.35696575881,9.5079262146853853
K,9206.50003232196,1.4748512065790347
K,9202.64309888511,5.949783705503485
K,9198.78616544826,2.3723954920570458
K,9194.92923201142,0.81396156732369374
K,9191.07229857457,11.909627201931839
K,9187.21536513772,22.524756000684683
K,9183.35843170088,13.72007326279704
K,9179.50149826403,-2.7792160849990268
K,9175.64456482718,2.1074751989923008
K,9171.78763139033,-0.4437854493778649
K,9167.93069795349,6.1155585010584863
K,9164.07376451664,11.018996884929864
K,9160.21683107979,21.734750090621102
K,9156.35989764294,15.519431221871606
K,9152.5029642061,-0.19756510034723579
K,9148.64603076925,4.0170764944387898
K,9144.7890973324,-1.5476618237735933
K,9140.93216389556,7.4941809328059659
K,9137.07523045871,20.283812618796432
K,9133.21829702186,15.434758899446836
K,9129.36136358501,13.919595308781643
K,9125.50443014817,9.4835113968202176
K,9121.64749671132,-2.6378242372578504
K,9117.79056327447,3.500866325981645
K,9113.93362983762,16.306881653270835
K,9110.07669640078,21.459426840644387
K,9106.21976296393,24.866419595637254
K,9102.36282952708,25.313656611057009
K,9098.50589609024,17.592722910387749
K,9094.64896265339,4.6542142901729981
K,9090.79202921654,4.0125990665343734
K,9086.93509577969,8.5056357229222801
K,9083.07816234285,15.698069415113782
K,9079.221228906,22.386346980165644
K,9075.36429546915,5.178057700323885
K,9071.5073620323,-10.23885832461294
K,9067.65042859546,-1.7950380784174171
K,9063.79349515861,14.674852006389617
K,9059.93656172176,17.024028446064833
K,9056.07962828492,-3.0243304269546814
K,9052.22269484807,-14.919625624694232
K,9048.36576141122,5.2305907724963978
K,9044.50882797437,20.028315828608676
K,9040.65189453753,4.077403998459185
K,9036.79496110068,-14.493903534333631
K,9032.93802766383,-20.769532850185076
K,9029.08109422698,-17.411256187860587
K,9025.22416079014,-10.256848614494505
K,9021.36722735329,0.49042510491093466
K,9017.51029391644,18.983339362557938
K,9013.6533604796,11.234720422976842
K,9009.79642704275,-2.5686470656120801
K,9005.9394936059,-8.5280333702455184
K,9002.08256016905,-17.204457008361693
K,8998.22562673221,-0.28254532528577425
K,8994.36869329536,3.9349101938606932
K,8990.51175985851,-21.202899516357075
K,8986.65482642166,-30.973362121211867
K,8982.79789298482,-23.558151857815286
K,8978.94095954797,0.70599414399295768
K,8975.08402611112,5.5564127749922649
K,8971.22709267428,-5.018676197353817
K,8967.37015923743,3.9359624117476031
K,8963.51322580058,13.325736965930028
K,8959.65629236373,11.119255179735287
K,8955.79935892689,10.959254213377434
K,8951.94242549004,1.1853737816458665
K,8948.08549205319,3.5941463265502351
K,8944.22855861634,16.862472207590152
K,8940.3716251795,11.410170754619669
K,8936.51469174265,-6.9365617778421509
K,8932.6577583058,-9.1622443893636145
K,8928.80082486896,-6.6164865298217599
K,8924.94389143211,10.295451506697068
K,8921.08695799526,9.5619636090129099
K,8917.23002455841,-13.716386282245079
K,8913.37309112157,-13.53067568926677
K,8909.51615768472,-5.2339275816173787
K,8905.65922424787,-1.2794688892989243
K,8901.80229081102,1.2877798979077508
K,8897.94535737418,0.16355604512533894
K,8894.08842393733,-12.900881687515005
K,8890.23149050048,-12.79381886159322
K,8886.37455706364,-14.040458154081636
K,8882.51762362679,-11.654071463610208
K,8878.66069018994,8.230532654428929
K,8874.80375675309,13.207887297045385
K,8870.94682331625,19.20212548334618
K,8867.0898898794,10.517127851518888
K,8863.23295644255,0.54233784903179882
K,8859.3760230057,-2.9210619338381609
K,8855.51908956886,-5.3046632676999277
K,8851.66215613201,-5.3119394138736737
K,8847.80522269516,2.4106937238597865
K,8843.94828925832,4.6596863897830136
K,8840.09135582147,-13.334830974936306
K,8836.23442238462,-16.268496039560496
K,8832.37748894777,-9.670658914935272
K,8828.52055551093,-11.584720204792005
K,8824.66362207408,-16.526376027577395
K,8820.80668863723,-6.471202327299423
K,8816.94975520038,-0.25742620987612191
K,8813.09282176354,-16.284621906831543
K,8809.23588832669,-9.0349753119955096
K,8805.37895488984,7.0446788433342391
K,8801.522021453,2.4708093193799221
K,8797.66508801615,-11.139047270451123
K,8793.8081545793,-18.036508977577213
K,8789.95122114245,-19.435362347154403
K,8786.09428770561,-15.455208645476047
K,8782.23735426876,-20.404980850433812
K,8778.38042083191,-13.461397935632368
K,8774.52348739506,-6.7088578006789952
K,8770.66655395822,13.398084952042119
K,8766.80962052137,12.132659286515107
K,8762.95268708452,-13.504532998649978
K,8759.09575364767,-23.734000002164702
K,8755.23882021083,0.68531167094809498
K,8751.38188677398,-0.37201861150921406
K,8747.52495333713,-2.4957451992867101
K,8743.66801990029,-7.1948001374694694
K,8739.81108646344,-5.5474464989957939
K,8735.95415302659,-8.0875606385797543
K,8732.09721958974,-17.396607042821461
K,8728.2402861529,-26.445996721414428
K,8724.38335271605,-13.484985874332667
K,8720.5264192792,-17.371346430750382
K,8716.66948584235,-20.523257092384068
K,8712.81255240551,-22.463808940165364
K,8708.95561896866,-13.271594346627838
K,8705.09868553181,-12.228158111905334
K,8701.24175209497,-12.290945385010293
K,8697.38481865812,-14.557524745763892
K,8693.52788522127,-15.58538470870268
K,8689.67095178442,-1.9431273294419489
K,8685.81401834758,11.203755669254049
K,8681.95708491073,-14.319134327332208
K,8678.10015147388,-31.387193713361938
K,8674.24321803703,-30.238854282732216
K,8670.38628460019,-23.705062120432135
K,8666.52935116334,-19.012970558095681
K,8662.67241772649,-31.156700339377032
K,8658.81548428965,-37.789611640816389
K,8654.9585508528,-28.134621249885267
K,8651.10161741595,-14.378539388394406
K,8647.2446839791,1.4048308263505584
K,8643.38775054226,0.58012768290194727
K,8639.53081710541,12.755455920961781
K,8635.67388366856,16.519674986351728
K,8631.81695023171,-0.51337226048101736
K,8627.96001679487,-19.490346637166674
K,8624.10308335802,-24.216473694591819
K,8620.24614992117,-20.360333811852371
K,8616.38921648433,-11.896815330198589
K,8612.53228304748,-12.738826516994047
K,8608.67534961063,-15.838997234084719
K,8604.81841617378,-23.138061909252141
K,8600.96148273694,-10.438859691315058
K,8597.10454930009,-6.3128915493844984
K,8593.24761586324,-14.73632071010743
K,8589.39068242639,-11.160273668722382
K,8585.53374898955,-8.3295324283900403
K,8581.6768155527,-23.277750556123767
K,8577.81988211585,-13.950344404453054
K,8573.96294867901,9.2269900893004593
K,8570.10601524216,19.82032233152281
K,8566.24908180531,21.178674168192213
K,8562.39214836846,11.355774330670037
K,8558.53521493162,-9.3109033946131756
K,8554.67828149477,-26.884267934567816
K,8550.82134805792,-18.823844903957283
K,8546.96441462107,-7.35164796636841
K,8543.10748118423,-26.170867824101471
K,8539.25054774738,-12.143774466804322
K,8535.39361431053,-6.23361862079794
K,8531.53668087368,1.6302026979716968
K,8527.67974743684,3.2008645394097761
K,8523.82281399999,17.765653649893459
K,8519.96588056314,16.924217343509273
K,8516.1089471263,16.94718246562789
K,8512.25201368945,20.501679918855054
K,8508.3950802526,2.0137235499274961
K,8504.53814681575,-17.020942931551833
K,8500.68121337891,0.17473356826002023
K,8496.82427994206,20.118603393416713
K,8492.96734650521,19.651451784360699
K,8489.11041306836,1.452062782940907
K,8485.25347963152,-0.66216215326409289
K,8481.39654619467,4.3091366487763745
K,8477.53961275782,-6.2441379121440566
K,8473.68267932098,3.9011342531468087
K,8469.82574588413,0.43842962283684378
K,8465.96881244728,-3.3014226917942677
K,8462.11187901043,14.546690199432398
K,8458.25494557359,28.53061690360688
K,8454.39801213674,23.785365803681827
K,8450.54107869989,10.281027221277677
K,8446.68414526304,-5.4819251735921029
K,8442.8272118262,-5.4229765570105748
K,8438.97027838935,14.65820648912514
K,8435.1133449525,33.982278347203348
K,8431.25641151566,37.210108768246613
K,8427.39947807881,16.015766607663874
K,8423.54254464196,17.730492901558577
K,8419.68561120511,26.884751497363972
K,8415.82867776827,36.945301883964454
K,8411.97174433142,32.336194066956558
K,8408.11481089457,23.346096072806471
K,8404.25787745772,3.1425943087796195
K,8400.40094402088,1.2131030070466293
K,8396.54401058403,10.276616573655716
K,8392.68707714718,12.355838716964659
K,8388.83014371034,-4.599299176980038
K,8384.97321027349,-19.686091315267291
K,8381.11627683664,-10.85858510625259
K,8377.25934339979,-9.3801699194013022
K,8373.40240996295,-15.673783148216977
K,8369.5454765261,-14.27557320977925
K,8365.68854308925,-26.452836895251885
K,8361.8316096524,-25.632193551410065
K,8357.97467621556,-21.33555015327131
K,8354.11774277871,-25.783986942221141
K,8350.26080934186,-10.623907933696245
K,8346.40387590502,10.080517910841539
K,8342.54694246817,7.5577456799954215
K,8338.69000903132,18.747234998486508
K,8334.83307559447,34.212076397095579
K,8330.97614215763,15.755595098468909
K,8327.11920872078,-13.960832799899782
K,8323.26227528393,0.10009032494161833
K,8319.40534184708,14.744144245157562
K,8315.54840841024,19.008086012476308
K,8311.69147497339,20.404738201177302
K,8307.83454153654,18.363480054596071
K,8303.97760809969,10.797975850973772
K,8300.12067466285,13.54559091640524
K,8296.263741226,9.0819155025236871
K,8292.40680778915,6.4077245802219274
K,8288.54987435231,2.2876908615399598
K,8284.69294091546,1.8543436535902638
K,8280.83600747861,-12.363215279545404
K,8276.97907404176,-18.49108009397661
K,8273.12214060492,-5.4272879859939822
K,8269.26520716807,9.2017679383610513
K,8265.40827373122,16.775454762314897
K,8261.55134029437,6.3940856029824928
K,8257.69440685753,-5.0196535551167791
K,8253.83747342068,3.4126939061282235
K,8249.98053998383,13.145503197965335
K,8246.12360654699,22.902870962138945
K,8242.26667311014,13.31750845316494
K,8238.40973967329,-3.6078991390202426
K,8234.55280623644,-10.429063410161698
K,8230.6958727996,7.0213949718830468
K,8226.83893936275,19.138267178226794
K,8222.9820059259,26.870197168064706
K,8219.12507248905,24.064906814020482
K,8215.26813905221,19.945552255992546
K,8211.41120561536,14.625594685435454
K,8207.55427217851,13.809648984478644
K,8203.69733874167,22.857668889863358
K,8199.84040530482,2.8293844404400694
K,8195.98347186797,-23.661516196235414
K,8192.12653843112,-6.9146026364663573
K,8188.26960499428,14.091691894414998
K,8184.41267155743,13.988273342656885
K,8180.55573812058,9.7530581688921192
K,8176.69880468373,-3.9328178905415747
K,8172.84187124689,-8.0545436569230731
K,8168.98493781004,13.745810185262389
K,8165.12800437319,-4.355039607830026
K,8161.27107093635,-15.98646746677321
K,8157.4141374995,-11.960862459364865
K,8153.55720406265,-9.7297231100078765
K,8149.7002706258,6.4946128491627952
K,8145.84333718896,10.125972911491983
K,8141.98640375211,10.484018367912297
K,8138.12947031526,9.4051620389031925
K,8134.27253687841,-0.74185565270322584
K,8130.41560344157,6.346576164431573
K,8126.55867000472,-7.9128379212495652
K,8122.70173656787,-17.220830823207319
K,8118.84480313103,5.7934519327362866
K,8114.98786969418,23.635731777513726
K,8111.13093625733,0.19200043742005155
K,8107.27400282048,-19.216050406165714
K,8103.41706938364,-5.225441440201906
K,8099.56013594679,2.2730496467464976
K,8095.70320250994,2.620764937732599
K,8091.84626907309,5.5945150978422289
K,8087.98933563625,23.809377278471811
K,8084.1324021994,42.815498711899167
K,8080.27546876255,30.872716062320755
K,8076.41853532571,20.895039044255913
K,8072.56160188886,10.575091158943124
K,8068.70466845201,1.1244515977663594
K,8064.84773501516,0.46482574669062865
K,8060.99080157832,-14.774929028191048
K,8057.13386814147,-20.336354984030383
K,8053.27693470462,-17.293072574188106
K,8049.42000126777,-16.54874266374468
K,8045.56306783093,-4.6135993357266525
K,8041.70613439408,-1.0646645140389293
K,8037.84920095723,4.212525981212738
K,8033.99226752039,0.39755663348709158
K,8030.13533408354,2.0109855584841441
K,8026.27840064669,1.8999307942195249
K,8022.42146720984,0.47814802496371317
K,8018.564533773,9.3052553142158931
K,8014.70760033615,11.409108994012556
K,8010.8506668993,3.7197446725348038
K,8006.99373346245,-1.0916439088639158
K,8003.13680002561,-1.2803433545150154
K,7999.27986658876,0.44358091509843978
K,7995.42293315191,-1.0549475274239564
K,7991.56599971507,3.0837184662471584
K,7987.70906627822,-2.8453162946605448
K,7983.85213284137,-1.0622841061988915
K,7979.99519940452,12.211250183527252
K,7976.13826596768,18.356313548482124
K,7972.28133253083,2.3266054838635704
K,7968.42439909398,-13.030021213200781
K,7964.56746565713,-5.1995107085380337
K,7960.71053222029,7.0430347511670073
K,7956.85359878344,-0.88079218977546314
K,7952.99666534659,-11.408423852908529
K,7949.13973190975,-8.8121954990867764
K,7945.2827984729,-3.7975348560106825
K,7941.42586503605,-3.6518403321086561
K,7937.5689315992,5.3697402501965321
K,7933.71199816236,9.7245056860630363
K,7929.85506472551,-7.2940003219258367
K,7925.99813128866,-11.812950113866508
K,7922.14119785181,-12.988273592781477
K,7918.28426441497,-10.345039129046949
K,7914.42733097812,-15.867648322824854
K,7910.57039754127,-25.242796540554554
K,7906.71346410443,-6.8657607181797182
K,7902.85653066758,9.7331881426728337
K,7898.99959723073,20.599174237393633
K,7895.14266379388,-5.327293932466473
K,7891.28573035704,-22.271748880519315
K,7887.42879692019,-7.4013710106064581
K,7883.57186348334,3.2169041226700088
K,7879.71493004649,-14.259342011308664
K,7875.85799660965,-13.677950616835805
K,7872.0010631728,-1.634014778177816
K,7868.14412973595,-2.8790036691004728
K,7864.28719629911,-8.4080105229489313
K,7860.43026286226,-8.3494450335840344
K,7856.57332942541,-11.504466452093604
K,7852.71639598856,-6.8977074413394979
K,7848.85946255172,-2.1224851002723675
K,7845.00252911487,9.1047199713965377
K,7841.14559567802,10.097804924038144
K,7837.28866224117,-4.6096787766508864
K,7833.43172880433,-9.3074479944958384
K,7829.57479536748,-14.069897274939832
K,7825.71786193063,-4.3719337513549439
K,7821.86092849379,3.933816759514241
K,7818.00399505694,-5.321819788137236
K,7814.14706162009,-2.6301456647224724
K,7810.29012818324,5.0843715700255316
K,7806.4331947464,-11.798084665315566
K,7802.57626130955,-17.045704824675141
K,7798.7193278727,-3.7307532728570725
K,7794.86239443585,-5.0593496142592222
K,7791.00546099901,-12.729045618513455
K,7787.14852756216,-14.502461096066677
K,7783.29159412531,-2.8906086737733903
K,7779.43466068847,-4.4789777245682876
K,7775.57772725162,-1.9908288340769649
K,7771.72079381477,-2.987506173938828
K,7767.86386037792,-5.6878825555367518
K,7764.00692694107,0.13560234487210629
K,7760.14999350423,9.6166596012650665
K,7756.29306006738,-4.2975962756300792
K,7752.43612663053,-5.4110890137400141
K,7748.57919319369,-0.88042232880988014
K,7744.72225975684,-5.9868433577147613
K,7740.86532631999,-9.3916246377562231
K,7737.00839288315,4.6660516542272124
K,7733.1514594463,14.039302789445301
K,7729.29452600945,7.0536260574973619
K,7725.4375925726,-3.9897632467228621
K,7721.58065913575,-9.7807816735015862
K,7717.72372569891,-5.8076264368806259
K,7713.86679226206,0.25415447943617964
K,7710.00985882521,-5.1552470940339923
K,7706.15292538837,-4.6195330947754281
K,7702.29599195152,-5.8420058645943147
K,7698.43905851467,-9.2455838027269586
K,7694.58212507782,-8.6851602088023849
K,7690.72519164098,0.25557223372570226
K,7686.86825820413,1.6465080442844546
K,7683.01132476728,-6.727104788797388
K,7679.15439133043,-7.4482537386720677
K,7675.29745789359,-10.750016536937608
K,7671.44052445674,-16.949593447551173
K,7667.58359101989,-12.631316715550215
K,7663.72665758305,9.0738732301912943
K,7659.8697241462,9.6913441692443563
K,7656.01279070935,7.385760566622813
K,7652.1558572725,-3.1373281271910942
K,7648.29892383566,-5.0787316982452646
K,7644.44199039881,5.9449952224014009
K,7640.58505696196,6.6423701866558398
K,7636.72812352511,1.7723425666997046
K,7632.87119008827,-8.4660803785105365
K,7629.01425665142,-14.152078643046597
K,7625.15732321457,-10.22236540185898
K,7621.30038977773,-0.92529173765979644
K,7617.44345634088,14.492607254311949
K,7613.58652290403,12.191247042451465
K,7609.72958946718,-1.8377443855787203
K,7605.87265603034,-6.3950978927601909
K,7602.01572259349,-5.0517753589426766
K,7598.15878915664,-2.8299894304096607
K,7594.30185571979,-0.69645455030454173
K,7590.44492228295,-5.39603213671798
K,7586.5879888461,-10.895133073490241
K,7582.73105540925,-14.744521244926727
K,7578.87412197241,-9.928305647538501
K,7575.01718853556,-1.5265435626621375
K,7571.16025509871,7.1304967230164964
K,7567.30332166186,21.359706126926575
K,7563.44638822502,9.2357524460746507
K,7559.58945478817,-8.1433568303821851
K,7555.73252135132,-3.2179727564299103
K,7551.87558791447,13.591043438991749
K,7548.01865447763,5.4976719913552454
K,7544.16172104078,7.0713768846930787
K,7540.30478760393,3.4487660261045132
K,7536.44785416709,13.070667386232746
K,7532.59092073024,21.128294330244486
K,7528.73398729339,17.823989148792908
K,7524.87705385654,22.726552084133054
K,7521.0201204197,12.139464502095022
K,7517.16318698285,2.1192975944484846
K,7513.306253546,-3.6216740153147029
K,7509.44932010915,-2.0717324415484604
K,7505.59238667231,8.7632266357202067
K,7501.73545323546,12.113576369183871
K,7497.87851979861,-2.0788374295911991
K,7494.02158636177,-7.0612578430209005
K,7490.16465292492,-10.061389614625792
K,7486.30771948807,-9.851972473599595
K,7482.45078605122,-6.2874716956048449
K,7478.59385261438,-11.112995650597565
K,7474.73691917753,-7.5925952835967969
K,7470.87998574068,0.98806723647688688
K,7467.02305230383,7.5062530778858934
K,7463.16611886699,18.137363668536899
K,7459.30918543014,13.58994009771409
K,7455.45225199329,6.7970172805724127
K,7451.59531855645,7.4371411650596775
K,7447.7383851196,2.1131316337016388
K,7443.88145168275,5.6284520834904672
K,7440.0245182459,17.353889112929345
K,7436.16758480906,24.183596350130092
K,7432.31065137221,28.7365929492031
K,7428.45371793536,17.950147679267356
K,7424.59678449851,8.0761656421791024
K,7420.73985106167,3.4135247423813331
K,7416.88291762482,-6.7812978325668025
K,7413.02598418797,7.1771338664882016
K,7409.16905075113,11.9509802551561
K,7405.31211731428,7.5788228187249755
K,7401.45518387743,10.079890712809677
K,7397.59825044058,-0.80151071735131996
K,7393.74131700374,1.702468504007614
K,7389.88438356689,11.409699936228083
K,7386.02745013004,13.361418211240375
K,7382.17051669319,-7.4245895486743434
K,7378.31358325635,-21.890831094693862
K,7374.4566498195,1.289022369003171
K,7370.59971638265,8.7873693656645191
K,7366.74278294581,-9.0862443816639722
K,7362.88584950896,-22.795364502095818
K,7359.02891607211,-10.555449135453411
K,7355.17198263526,-7.4761115255848747
K,7351.31504919842,-1.9739145138826506
K,7347.45811576157,-0.4357351635127471
K,7343.60118232472,13.447955679573145
K,7339.74424888787,-1.0217785840242219
K,7335.88731545103,-10.399340777055071
K,7332.03038201418,0.61530455210349244
K,7328.17344857733,-16.8603682559405
K,7324.31651514049,-21.858219517120581
K,7320.45958170364,7.3594060320298649
K,7316.60264826679,10.571771517965621
K,7312.74571482994,-8.3309951751402327
K,7308.8887813931,-2.4296662465862977
K,7305.03184795625,5.9698853520919997
K,7301.1749145194,-6.674158793856801
K,7297.31798108255,-10.793909724202853
K,7293.46104764571,-2.6238337586625202
K,7289.60411420886,-2.2166410694952661
K,7285.74718077201,-16.209926218927073
K,7281.89024733516,-11.103406642120026
K,7278.03331389832,20.423938531265023
K,7274.17638046147,4.8592519294063319
K,7270.31944702462,-11.175358416416902
K,7266.46251358778,-2.8815602689585846
K,7262.60558015093,4.7464530118352792
K,7258.74864671408,27.601702540739886
K,7254.89171327723,12.534332462004757
K,7251.03477984039,0.74393175149761881
K,7247.17784640354,51.605686257852184
K,7243.32091296669,16.561114197978835
K,7239.46397952984,-8.0734084240473276
K,7235.607046093,16.948766281480584
K,7231.75011265615,-27.504016765105803
K,7227.8931792193,-19.298896346740296
K,7224.03624578246,-0.43215008434222757
K,7220.17931234561,-21.739466078896672
K,7216.32237890876,-40.428805906939445
K,7212.46544547191,-37.117862523834837
K,7208.60851203507,-12.277678904592412
K,7204.75157859822,-8.3930492619026502
K,7200.89464516137,-30.699376000020308
K,7197.03771172452,-10.651266286504327
K,7193.18077828768,9.3420108039136966
K,7189.32384485083,21.146894433591214
K,7185.46691141398,35.492974579453929
K,7181.60997797714,51.795615508405589
K,7177.75304454029,48.613855916996258
K,7173.89611110344,35.842624745535907
K,7170.03917766659,16.21298259844118
K,7166.18224422975,30.61962725886351
K,7162.3253107929,26.886819585489423
K,7158.46837735605,14.375827197505538
K,7154.6114439192,28.449141669929393
K,7150.75451048236,19.782887650390496
K,7146.89757704551,0.022158726325794742
K,7143.04064360866,-19.392356011952128
K,7139.18371017182,-27.353942740346298
K,7135.32677673497,0.93855477646027796
K,7131.46984329812,7.5189794648213537
K,7127.61290986127,-7.7889514747408688
K,7123.75597642443,-5.8565749125909443
K,7119.89904298758,-18.158683295593779
K,7116.04210955073,-22.235945125727614
K,7112.18517611388,19.959123347993785
K,7108.32824267704,4.2367798332052642
K,7104.47130924019,-38.999344559745822
K,7100.61437580334,-24.330413446410347
K,7096.7574423665,-20.328431227117889
K,7092.90050892965,-19.116933425131386
K,7089.0435754928,8.6503300329730255
K,7085.18664205595,6.7814440839018664
K,7081.32970861911,3.9652845513956785
K,7077.47277518226,17.567315787662661
K,7073.61584174541,27.608893068063516
K,7069.75890830856,30.106809090113835
K,7065.90197487172,40.788538548286979
K,7062.04504143487,31.669483694371557
K,7058.18810799802,19.105959245046172
K,7054.33117456117,2.3952645977178455
K,7050.47424112433,2.9618767546228644
K,7046.61730768748,-10.783732734369055
K,7042.76037425063,-11.801020084942735
K,7038.90344081379,-3.9518793275819299
K,7035.04650737694,-2.8872209016973982
K,7031.18957394009,-0.89565070525112123
K,7027.33264050324,-6.1782721015429916
K,7023.4757070664,-28.257499708191947
K,7019.61877362955,-24.295603493263133
K,7015.7618401927,-20.391030724034906
K,7011.90490675585,-12.314706159589191
K,7008.04797331901,-7.992889429303176
K,7004.19103988216,-9.12069635449609
K,7000.33410644531,-10.72784169977818
K,6996.47717300847,-8.9220133169479823
K,6992.62023957162,-9.836008920628414
K,6988.76330613477,-3.8904422810949799
K,6984.90637269792,-7.1939960954447866
K,6981.04943926108,-14.334421807090246
K,6977.19250582423,-15.615060323202552
K,6973.33557238738,-17.933017408447277
K,6969.47863895053,-20.048291417710239
K,6965.62170551369,-19.348797563922318
K,6961.76477207684,-17.118249155434739
K,6957.90783863999,-11.743208266287827
K,6954.05090520315,-11.062622707766065
K,6950.1939717663,-11.211427310512768
K,6946.33703832945,-12.52323893422825
K,6942.4801048926,-8.1010221476376483
K,6938.62317145576,-3.1972761979575313
K,6934.76623801891,-1.9131344695198516
K,6930.90930458206,-2.5292562304984547
K,6927.05237114521,1.0878562861910182
K,6923.19543770837,1.7840752320072766
K,6919.33850427152,-4.5082606789813031
K,6915.48157083467,-11.742859797800815
K,6911.62463739783,-8.6727507447871783
K,6907.76770396098,-5.5271800406330112
K,6903.91077052413,-0.98153177622559806
K,6900.05383708728,4.254236398439593
K,6896.19690365044,2.8940463330604511
K,6892.33997021359,-2.8414445284546499
K,6888.48303677674,-3.5993102495630036
K,6884.62610333989,-1.6193703318525507
K,6880.76916990305,3.863014875982004
K,6876.9122364662,1.6662471261576994
K,6873.05530302935,-1.505001223546278
K,6869.19836959251,-3.4262060581459566
K,6865.34143615566,-0.29425800401963514
K,6861.48450271881,3.8668725653222689
K,6857.62756928196,5.041472385153102
K,6853.77063584512,6.670990399343113
K,6849.91370240827,7.0806375580626106
K,6846.05676897142,5.8983761593746786
K,6842.19983553457,10.574637582369574
K,6838.34290209773,9.5695798196428736
K,6834.48596866088,4.3473133121162348
K,6830.62903522403,1.7773656852810946
K,6826.77210178718,5.3833435742231233
K,6822.91516835034,7.6339460075464443
K,6819.05823491349,7.586223106443672
K,6815.20130147664,5.7223075084089077
K,6811.3443680398,2.7193377594415615
K,6807.48743460295,4.8521110448358655
K,6803.6305011661,9.2603205729410512
K,6799.77356772925,9.1311425289285051
K,6795.91663429241,3.8796257157797784
K,6792.05970085556,2.9300850578605626
K,6788.20276741871,4.8025750309624762
K,6784.34583398186,4.0044740170750046
K,6780.48890054502,10.619311989548251
K,6776.63196710817,12.257559381313079
K,6772.77503367132,8.5492018371233574
K,6768.91810023448,0.55806072274264784
K,6765.06116679763,-3.209199335847019
K,6761.20423336078,-1.4722872544439933
K,6757.34729992393,3.7047301029526576
K,6753.49036648709,4.6228070533584189
K,6749.63343305024,4.7920221370465175
K,6745.77649961339,1.4739639977252328
K,6741.91956617654,2.1953686325046204
K,6738.0626327397,4.6022526387201417
K,6734.20569930285,6.4273259272817622
K,6730.348765866,6.7889250191671273
K,6726.49183242916,6.1196227624453803
K,6722.63489899231,3.2164532225966025
K,6718.77796555546,2.7273320623548409
K,6714.92103211861,2.9605412474590564
K,6711.06409868177,3.5076303783251115
K,6707.20716524492,2.6777972275741124
K,6703.35023180807,1.4005585567923606
K,6699.49329837122,3.9998555818409103
K,6695.63636493438,8.5868949624260544
K,6691.77943149753,0.87694516727113803
K,6687.92249806068,-1.1786086293260896
K,6684.06556462384,-0.50919818655934268
K,6680.20863118699,2.6796801410334377
K,6676.35169775014,4.8505391200153198
K,6672.49476431329,2.7585266745186043
K,6668.63783087645,3.9503076984307279
K,6664.7808974396,1.0912426132936852
K,6660.92396400275,-4.6034818690364991
K,6657.0670305659,-6.388277276329176
K,6653.21009712906,-8.4474815564979977
K,6649.35316369221,-10.193985098542996
K,6645.49623025536,-6.4162027423267194
K,6641.63929681852,-6.3753405989634224
K,6637.78236338167,-8.1730168154265534
K,6633.92542994482,-7.3705518733755424
K,6630.06849650797,-4.4630365580334006
K,6626.21156307113,-6.6861672820542717
K,6622.35462963428,-6.0280829219439669
K,6618.49769619743,-3.1373060974061082
K,6614.64076276058,-1.6902950011203977
K,6610.78382932374,-2.3000477738487701
K,6606.92689588689,0.47425104885121627
K,6603.06996245004,-0.055011774637399709
K,6599.2130290132,-4.5164531112536714
K,6595.35609557635,-3.2675720590013104
K,6591.4991621395,-3.2180847724689206
K,6587.64222870265,-4.4862096288793181
K,6583.78529526581,-4.6800788365847268
K,6579.92836182896,-4.3036367118944714
K,6576.07142839211,-3.2030554507449174
K,6572.21449495526,0.24680369535553165
K,6568.35756151842,3.8113230202789938
K,6564.50062808157,4.271122101377447
K,6560.64369464472,-1.2718489439399279
K,6556.78676120788,-6.5992594166053653
K,6552.92982777103,-4.5032372354525068
K,6549.07289433418,-3.9367210148393355
K,6545.21596089733,-3.2378587420716372
K,6541.35902746049,-1.5106920052945838
K,6537.50209402364,-5.8183171076716418
K,6533.64516058679,-8.5386098257434107
K,6529.78822714994,-9.1498948623104148
K,6525.9312937131,-5.9736743141730564
K,6522.07436027625,-4.8601063026501352
K,6518.2174268394,-4.80007257534273
K,6514.36049340256,-6.2736079889785739
K,6510.50355996571,-9.0489012721848479
K,6506.64662652886,-10.432916222594875
K,6502.78969309201,-8.2605000079319719
K,6498.93275965517,-8.8289640794189364
K,6495.07582621832,-9.3006279669107936
K,6491.21889278147,-7.9177489262508649
K,6487.36195934462,-5.6546754587040118
K,6483.50502590778,-2.893565231573862
K,6479.64809247093,-5.1797184795715232
K,6475.79115903408,-1.2730397456786906
K,6471.93422559724,1.4127990645392114
K,6468.07729216039,-2.0181717017893988
K,6464.22035872354,-6.5609378440605104
K,6460.36342528669,-4.3546239462313077
K,6456.50649184985,1.7589238316186173
K,6452.649558413,1.507651824962142
K,6448.79262497615,0.49498544441280573
K,6444.9356915393,-5.5169707729251565
K,6441.07875810246,-4.9455789556022207
K,6437.22182466561,-3.0701788491412016
K,6433.36489122876,-0.16617509016786899
K,6429.50795779192,5.6169936384883616
K,6425.65102435507,8.2313623557298961
K,6421.79409091822,3.1918148985820189
K,6417.93715748137,1.8216598195991438
K,6414.08022404453,-0.24681957436306579
K,6410.22329060768,2.5073279807278932
K,6406.36635717083,0.95202729388825125
K,6402.50942373398,4.1398946340621103
K,6398.65249029714,1.8033915228880926
K,6394.79555686029,-3.1529952018565868
K,6390.93862342344,-3.0939700509959396
K,6387.08168998659,-2.7482688804533466
K,6383.22475654975,1.8955201136399231
K,6379.3678231129,2.7206777298670115
K,6375.51088967605,-5.5388401825978404
K,6371.6539562392,-1.2390600959998095
K,6367.79702280236,3.8393352892231758
K,6363.94008936551,-2.6217742025221797
K,6360.08315592866,-8.8905057245920069
K,6356.22622249182,-6.6753404141501607
K,6352.36928905497,-2.3813368489788629
K,6348.51235561812,-1.4520783206507264
K,6344.65542218127,-1.9360186026284911
K,6340.79848874443,-1.5500407251653705
K,6336.94155530758,0.67970098628492459
K,6333.08462187073,3.0156503671024191
K,6329.22768843388,1.379552092026801
K,6325.37075499704,1.633339412013594
K,6321.51382156019,4.1189486504793846
K,6317.65688812334,-1.3096977066638973
K,6313.7999546865,-9.7320755511963402
K,6309.94302124965,-4.4687705524929591
K,6306.0860878128,2.1649378246722608
K,6302.22915437595,-1.4439692847227035
K,6298.37222093911,-6.7888037487599142
K,6294.51528750226,-5.9579414530855273
K,6290.65835406541,-0.91836191771617803
K,6286.80142062856,2.1835256515199153
K,6282.94448719172,5.4615361162854468
K,6279.08755375487,9.2369520315558056
K,6275.23062031802,2.3394884817359891
K,6271.37368688118,-7.9953774284207899
K,6267.51675344433,-6.0271928504836723
K,6263.65982000748,-1.072711965791127
K,6259.80288657063,-1.3961814372509953
K,6255.94595313379,-3.8320484723904524
K,6252.08901969694,-4.5405630275760158
K,6248.23208626009,4.4679671766427562
K,6244.37515282324,9.4099519555198121
K,6240.5182193864,7.5532278646351232
K,6236.66128594955,5.4805831890726555
K,6232.8043525127,6.4026758501465357
K,6228.94741907586,5.0430683795520146
K,6225.09048563901,7.6326543768472215
K,6221.23355220216,12.045942540584473
K,6217.37661876531,7.7706759190066652
K,6213.51968532847,3.1578857228272881
K,6209.66275189162,-2.3751767695315973
K,6205.80581845477,-2.3469047585681913
K,6201.94888501792,-0.097872010572443144
K,6198.09195158108,3.7934789678750498
K,6194.23501814423,7.3125474543997013
K,6190.37808470738,2.1301586658688372
K,6186.52115127054,-0.74123042543659579
K,6182.66421783369,-3.500161178305226
K,6178.80728439684,-5.8932588406818267
K,6174.95035095999,-1.1147170051420141
K,6171.09341752315,-2.0974631918290023
K,6167.2364840863,-2.601077503578777
K,6163.37955064945,1.0089794624018602
K,6159.5226172126,1.1621184965416167
K,6155.66568377576,-3.407283195659641
K,6151.80875033891,-4.0181963223900334
K,6147.95181690206,-5.2696574979442152
K,6144.09488346522,-6.044548720956314
K,6140.23795002837,-5.6490224684801698
K,6136.38101659152,-0.37639895084299119
K,6132.52408315467,4.1019603463634162
K,6128.66714971783,4.1580378828840585
K,6124.81021628098,-1.0976965899721374
K,6120.95328284413,-7.591551729584415
K,6117.09634940728,-9.0039526514856494
K,6113.23941597044,-5.7961754908155596
K,6109.38248253359,-5.7356881315386818
K,6105.52554909674,-7.3607109101838644
K,6101.6686156599,-11.049178621994198
K,6097.81168222305,-12.409143457158406
K,6093.9547487862,-12.952505453478393
K,6090.09781534935,-14.229381486339781
K,6086.24088191251,-13.609554722453598
K,6082.38394847566,-13.88771048846113
K,6078.52701503881,-17.199799898183969
K,6074.67008160196,-18.876673411243981
K,6070.81314816512,-18.450387287174429
K,6066.95621472827,-16.258125045859508
K,6063.09928129142,-11.859955936299473
K,6059.24234785458,-9.5541997052931471
K,6055.38541441773,-11.158656576570687
K,6051.52848098088,-11.775598516553124
K,6047.67154754403,-12.221591974133155
K,6043.81461410719,-13.999379320932773
K,6039.95768067034,-5.7870375435933861
K,6036.10074723349,3.075323018259307
K,6032.24381379664,-5.1300429193696147
K,6028.3868803598,-9.371230536540283
K,6024.52994692295,-7.549161866452593
K,6020.6730134861,-1.6160049190354184
K,6016.81608004926,2.3497375849642905
K,6012.95914661241,6.044921181181075
K,6009.10221317556,6.1317197185917616
K,6005.24527973871,1.9182018363522841
K,6001.38834630187,7.0182439161615937
K,5997.53141286502,7.5335138279373579
K,5993.67447942817,7.3687700987906455
K,5989.81754599132,6.707776517216173
K,5985.96061255448,5.0056661266920965
K,5982.10367911763,6.3471270513919951
K,5978.24674568078,3.4030644777488068
K,5974.38981224394,2.6682208263793479
K,5970.53287880709,0.66599923009797113
K,5966.67594537024,1.4398159122007104
K,5962.81901193339,2.2976550081291225
K,5958.96207849655,-1.2771906179983461
K,5955.1051450597,-1.7863052522839329
K,5951.24821162285,3.3852981230858492
K,5947.391278186,6.3032344464024881
K,5943.53434474916,9.4094539122034941
K,5939.67741131231,10.348207585454871
K,5935.82047787546,13.678965812242321
K,5931.96354443862,17.777540779464545
K,5928.10661100177,15.787742273985305
K,5924.24967756492,22.44582626999085
K,5920.39274412807,28.890196363854884
K,5916.53581069123,24.067576469219933
K,5912.67887725438,21.989118676488591
K,5908.82194381753,19.102897755796835
K,5904.96501038068,16.828201651597283
K,5901.10807694384,9.9171977138526053
K,5897.25114350699,1.3820498254426317
K,5893.39421007014,-4.8189127441197703
K,5889.5372766333,-2.7160032237568079
K,5885.68034319645,-4.7613355337923462
K,5881.8234097596,-6.0854917401028779
K,5877.96647632275,-13.314216912232865
K,5874.10954288591,-23.343016036051246
K,5870.25260944906,-24.705146441534968
K,5866.39567601221,-23.055579933168477
K,5862.53874257536,-21.695113051879943
K,5858.68180913852,-15.211854454846044
K,5854.82487570167,-20.074244789442815
K,5850.96794226482,-18.025409667493655
K,5847.11100882798,-17.127023240612317
K,5843.25407539113,-23.761850718241845
K,5839.39714195428,-25.584154103105522
K,5835.54020851743,-25.651115135870722
K,5831.68327508059,-24.385708536128032
K,5827.82634164374,-23.860872363787074
K,5823.96940820689,-23.001287203336666
K,5820.11247477004,-15.506547473657609
K,5816.2555413332,-8.2775004773788687
K,5812.39860789635,-6.8055382215580069
K,5808.5416744595,-3.3919829209841188
K,5804.68474102266,4.4911693406932569
K,5800.82780758581,7.6234854044494842
K,5796.97087414896,8.1511329091373739
K,5793.11394071211,7.4280192212906346
K,5789.25700727527,9.6060222310450865
K,5785.40007383842,11.730085080284057
K,5781.54314040157,14.567390177230573
K,5777.68620696472,13.760838805579176
K,5773.82927352788,14.205547164521294
K,5769.97234009103,11.587607228461934
K,5766.11540665418,6.0666011149579822
K,5762.25847321733,0.4492205535698901
K,5758.40153978049,4.1424988694974809
K,5754.54460634364,1.8117051877249974
K,5750.68767290679,1.5650733758778619
K,5746.83073946995,-0.81450002566757773
K,5742.9738060331,-0.84882072064886216
K,5739.11687259625,0.53960122188472481
K,5735.2599391594,3.5015369589685439
K,5731.40300572256,7.637896871519807
K,5727.54607228571,13.285565803898258
K,5723.68913884886,11.093539511160682
K,5719.83220541201,7.3702890211166885
K,5715.97527197517,5.425916079453426
K,5712.11833853832,2.5891725162072294
K,5708.26140510147,-1.2155707366373931
K,5704.40447166463,-0.053801378263156743
K,5700.54753822778,-0.29900844710068697
K,5696.69060479093,1.1056099609813901
K,5692.83367135408,0.76583847047853326
K,5688.97673791724,2.4078438353858314
K,5685.11980448039,-5.9203671293173175
K,5681.26287104354,-8.6761107650286249
K,5677.40593760669,-7.6306131213685182
K,5673.54900416985,-0.86142056777548204
K,5669.692070733,-4.2449462104351241
K,5665.83513729615,-5.4703493021308152
K,5661.97820385931,-5.4294662141909411
K,5658.12127042246,-2.0203533596867769
K,5654.26433698561,-4.7816709239262076
K,5650.40740354876,-4.9554005371829986
K,5646.55047011192,-3.1900794974434383
K,5642.69353667507,3.4898120786972955
K,5638.83660323822,3.4262723895899767
K,5634.97966980137,1.3426788415620585
K,5631.12273636453,-1.7096063861206143
K,5627.26580292768,5.0388804709280839
K,5623.40886949083,6.2555106640313314
K,5619.55193605399,4.3974190670657718
K,5615.69500261714,3.2568017055672032
K,5611.83806918029,7.7912006155622722
K,5607.98113574344,11.438004334632403
K,5604.1242023066,9.9699922294290264
K,5600.26726886975,5.0607082204510156
K,5596.4103354329,6.8685279284327123
K,5592.55340199605,8.2673142731468445
K,5588.69646855921,7.3638723051615065
K,5584.83953512236,-3.0854923901692297
K,5580.98260168551,1.4045730967522614
K,5577.12566824867,4.8434771027425132
K,5573.26873481182,10.188294335078293
K,5569.41180137497,6.432558093028149
K,5565.55486793812,5.9230869810443503
K,5561.69793450128,8.1690448641689652
K,5557.84100106443,6.9770190239658891
K,5553.98406762758,2.8001546274673097
K,5550.12713419073,6.0567898751704696
K,5546.27020075389,4.367829695902798
K,5542.41326731704,9.884697731481614
K,5538.55633388019,9.6187469683013909
K,5534.69940044334,18.157494561079471
K,5530.8424670065,13.570115613610389
K,5526.98553356965,12.494355110772583
K,5523.1286001328,12.337590873393557
K,5519.27166669596,7.03936930775152
K,5515.41473325911,0.84074824157338768
K,5511.55779982226,7.4922591876967752
K,5507.70086638541,3.5877007162839947
K,5503.84393294857,8.8279937078518316
K,5499.98699951172,4.7307119906104855
K,5496.13006607487,10.194153873055726
K,5492.27313263802,10.176943508428575
K,5488.41619920118,8.644386048853864
K,5484.55926576433,1.1229835026406612
K,5480.70233232748,6.6582956024938778
K,5476.84539889064,5.6850421640170072
K,5472.98846545379,9.0642255100947065
K,5469.13153201694,9.6764425051462482
K,5465.27459858009,0.46161872146335609
K,5461.41766514325,1.1449967929018083
K,5457.5607317064,17.141978053290458
K,5453.70379826955,15.417046155218912
K,5449.8468648327,13.972662043920005
K,5445.98993139586,5.4668639606591736
K,5442.13299795901,21.40456171134068
K,5438.27606452216,23.99983417228195
K,5434.41913108532,9.8059513884821676
K,5430.56219764847,7.2014886332361954
K,5426.70526421162,10.960733928734779
K,5422.84833077477,9.6035885398927352
K,5418.99139733793,-1.4785899844042931
K,5415.13446390108,-8.2318147389478931
K,5411.27753046423,0.28729232061141463
K,5407.42059702738,-11.194983713620406
K,5403.56366359054,-12.650026990741623
K,5399.70673015369,-13.869365277814438
K,5395.84979671684,-5.2218358412317967
K,5391.99286328,-5.9780307656943252
K,5388.13592984315,1.6011298666484335
K,5384.2789964063,-1.4747162273412382
K,5380.42206296945,10.254087770952227
K,5376.56512953261,-5.4360418773660344
K,5372.70819609576,-15.035321330444768
K,5368.85126265891,-19.826809213839891
K,5364.99432922206,-15.021453874402583
K,5361.13739578522,-15.614288211821249
K,5357.28046234837,-6.9966029355013886
K,5353.42352891152,-24.057848691894588
K,5349.56659547468,-8.2205859763784268
K,5345.70966203783,2.4450571729321289
K,5341.85272860098,5.1981660719562948
K,5337.99579516413,-16.37235267092073
K,5334.13886172729,-17.542710687527702
K,5330.28192829044,-12.026954174912722
K,5326.42499485359,-11.995043255470154
K,5322.56806141674,-19.136422225413245
K,5318.7111279799,-17.842870532190894
K,5314.85419454305,-21.827259836605045
K,5310.9972611062,-2.3148725433336321
K,5307.14032766935,8.401367967854716
K,5303.28339423251,7.5820998028440201
K,5299.42646079566,-8.6843345571549069
K,5295.56952735881,-3.4577031173605306
K,5291.71259392197,5.7762346997553777
K,5287.85566048512,11.327543762221268
K,5283.99872704827,14.095136431792312
K,5280.14179361142,11.99854941884643
K,5276.28486017458,4.2057111616765575
K,5272.42792673773,10.002000534855007
K,5268.57099330088,17.796110379490976
K,5264.71405986403,14.152329837579318
K,5260.85712642719,2.0086921092489365
K,5257.00019299034,8.2175028342653373
K,5253.14325955349,7.4983981978510261
K,5249.28632611665,10.691167721537882
K,5245.4293926798,-0.045613706354143482
K,5241.57245924295,-3.6478682617955505
K,5237.7155258061,2.0444839780132784
K,5233.85859236926,3.9471046366228544
K,5230.00165893241,2.1298007291956411
K,5226.14472549556,1.93016088441551
K,5222.28779205871,1.8510640912459289
K,5218.43085862187,1.2725490463003861
K,5214.57392518502,2.6753558938131112
K,5210.71699174817,6.6800676929577305
K,5206.86005831133,0.79166116202847414
K,5203.00312487448,1.3749649667500086
K,5199.14619143763,4.5887424157162435
K,5195.28925800078,0.70376811945531093
K,5191.43232456394,-0.11152071876112313
K,5187.57539112709,-1.391596566968673
K,5183.71845769024,-0.6545830787249397
K,5179.86152425339,-0.095659247931270494
K,5176.00459081655,0.24338676596964645
K,5172.1476573797,-1.0025262477225556
K,5168.29072394285,-3.7384256852087185
K,5164.43379050601,-2.972712239231126
K,5160.57685706916,-0.50233600880996121
K,5156.71992363231,-0.12812255010924237
K,5152.86299019546,-2.4876765476902043
K,5149.00605675862,-5.4709683790226036
K,5145.14912332177,-3.502802976552966
K,5141.29218988492,-3.431849431409153
K,5137.43525644807,-1.4908191947579958
K,5133.57832301123,-2.7287894162115611
K,5129.72138957438,-0.84672837671046108
K,5125.86445613753,-1.1917663131920573
K,5122.00752270069,-2.3144049891219565
K,5118.15058926384,-5.0411364829425196
K,5114.29365582699,-3.9532515401525465
K,5110.43672239014,-2.7419719171175436
K,5106.5797889533,-1.5308657382017576
K,5102.72285551645,-2.4419353051968904
K,5098.8659220796,-2.7116838388485536
K,5095.00898864275,-3.7622577295215147
K,5091.15205520591,-0.76667874768236433
K,5087.29512176906,-2.308897447524255
K,5083.43818833221,-2.3950089645607524
K,5079.58125489536,-3.4486036897847381
K,5075.72432145852,0.3762982619555354
K,5071.86738802167,0.1721064035850646
K,5068.01045458482,1.8774354946054148
K,5064.15352114798,3.0066472885753948
K,5060.29658771113,5.9898770366983118
K,5056.43965427428,7.7652820593531366
K,5052.58272083743,10.180347428191345
K,5048.72578740059,8.3816247033253397
K,5044.86885396374,10.439256793249266
K,5041.01192052689,9.1190260562054899
K,5037.15498709004,9.4776066922895605
K,5033.2980536532,7.942817666791842
K,5029.44112021635,9.7077734289777702
K,5025.5841867795,7.9308307300862504
K,5021.72725334266,9.9770969451376974
K,5017.87031990581,8.0746140377604174
K,5014.01338646896,6.6668557958981465
K,5010.15645303211,3.8888796009894606
K,5006.29951959527,3.6460656411992627
K,5002.44258615842,1.495976813025488
K,4998.58565272157,1.3387144708205669
K,4994.72871928472,-1.4243606629533494
K,4990.87178584788,1.0027902244270939
K,4987.01485241103,-0.4539352919081544
K,4983.15791897418,-2.0170486633153031
K,4979.30098553734,-7.5870821486051572
K,4975.44405210049,-5.8422569556841166
K,4971.58711866364,-6.8493622556780069
K,4967.73018522679,-5.4332516278684118
K,4963.87325178995,-5.1606058280195191
K,4960.0163183531,-4.195308473621493
K,4956.15938491625,-6.708731121738376
K,4952.3024514794,-5.0973530473160595
K,4948.44551804256,-5.2799077438467394
K,4944.58858460571,-2.0533399585129719
K,4940.73165116886,-1.6057903850410942
K,4936.87471773202,-1.3644273628910484
K,4933.01778429517,-4.4798222476264806
K,4929.16085085832,-1.4841736884497752
K,4925.30391742147,0.15551925798535873
K,4921.44698398463,0.36805915923541843
K,4917.59005054778,-2.1107347874624072
K,4913.73311711093,0.42184668476115211
K,4909.87618367408,-0.44392027044657606
K,4906.01925023724,1.3211437324471067
K,4902.16231680039,0.9847528797365519
K,4898.30538336354,2.5063886434365017
K,4894.4484499267,2.2348591737669992
K,4890.59151648985,3.1345448472204831
K,4886.734583053,-2.0541508747286619
K,4882.87764961615,1.1095772972905407
K,4879.02071617931,1.8862329735160259
K,4875.16378274246,2.0478536852236777
K,4871.30684930561,-0.66016132935755423
K,4867.44991586876,-0.87400840051025808
K,4863.59298243192,-1.6937086384119715
K,4859.73604899507,-0.088463381219436921
K,4855.87911555822,-0.22907895593601318
K,4852.02218212137,2.6143475498786155
K,4848.16524868453,1.2299052677121556
K,4844.30831524768,1.3388799431650251
K,4840.45138181083,0.92666327570059648
K,4836.59444837399,3.733511415930705
K,4832.73751493714,6.3001582141250259
K,4828.88058150029,8.2846739205136473
K,4825.02364806344,5.9738086805266422
K,4821.1667146266,8.3658358630636638
K,4817.30978118975,8.2863386855013079
K,4813.4528477529,8.8643051406470121
K,4809.59591431605,9.7187257613447606
K,4805.73898087921,12.497199289427456
K,4801.88204744236,11.676267379256625
K,4798.02511400551,11.443620389648483
K,4794.16818056867,9.1847207580264048
K,4790.31124713182,12.354624993625848
K,4786.45431369497,10.645521650462731
K,4782.59738025812,11.402202092515621
K,4778.74044682128,12.41675819147879
K,4774.88351338443,14.0969918004253
K,4771.02657994758,11.60676147844182
K,4767.16964651073,12.113230024165025
K,4763.31271307389,10.9632478879102
K,4759.45577963704,11.355017887050414
K,4755.59884620019,8.5793266475478127
K,4751.74191276335,7.8240421140285008
K,4747.8849793265,6.4018251503316952
K,4744.02804588965,7.8567527542226241
K,4740.1711124528,6.4926630237362772
K,4736.31417901596,8.0357002283452399
K,4732.45724557911,5.9925062413050671
K,4728.60031214226,6.9052896479270238
K,4724.74337870541,6.2826881902069971
K,4720.88644526857,7.744712484009975
K,4717.02951183172,5.5582469595351718
K,4713.17257839487,7.0612524843120967
K,4709.31564495803,4.7871639111768305
K,4705.45871152118,4.2684322065000853
K,4701.60177808433,0.25133149710916447
K,4697.74484464748,0.2192109024935856
K,4693.88791121064,-0.91335393647745822
K,4690.03097777379,0.39911296012644953
K,4686.17404433694,-0.81028025599694231
K,4682.31711090009,-1.8221772512009933
K,4678.46017746325,-4.322434908106449
K,4674.6032440264,-4.9736900619967965
K,4670.74631058955,-7.2945347650386418
K,4666.88937715271,-6.8989337564380175
K,4663.03244371586,-6.0475995235874045
K,4659.17551027901,-1.5360671445057081
K,4655.31857684216,-2.9251246088133667
K,4651.46164340532,-2.0828836146411911
K,4647.60470996847,-1.9702051934604838
K,4643.74777653162,-0.75110764272190245
K,4639.89084309477,-0.91932489601799561
K,4636.03390965793,-1.4874867416509272
K,4632.17697622108,-5.7012103327651715
K,4628.32004278423,-6.3965286460616779
K,4624.46310934739,-8.080852779259601
K,4620.60617591054,-5.8665797025832216
K,4616.74924247369,-5.4916374190338013
K,4612.89230903684,-4.5529629414551094
K,4609.0353756,-4.7234815072879659
K,4605.17844216315,-0.91481531974819519
K,4601.3215087263,-4.0543673757816148
K,4597.46457528945,-2.8810458596939594
K,4593.60764185261,-1.3575703842069222
K,4589.75070841576,2.1823767486746557
K,4585.89377497891,1.0381154928558942
K,4582.03684154207,1.6116396666303816
K,4578.17990810522,-1.5057467582211974
K,4574.32297466837,-1.4134320263002544
K,4570.46604123152,-2.7942400082428152
K,4566.60910779468,-1.2217104686712952
K,4562.75217435783,-1.1742895155869508
K,4558.89524092098,-0.52409953921431673
K,4555.03830748413,-1.0825741242678819
K,4551.18137404729,0.071907066993275509
K,4547.32444061044,-2.992580505214895
K,4543.46750717359,-1.5715390551537127
K,4539.61057373675,-0.60769070615727772
K,4535.7536402999,0.48507181782564196
K,4531.89670686305,-3.0282569551227252
K,4528.0397734262,-1.237263971232464
K,4524.18283998936,-1.3986012282648328
K,4520.32590655251,-5.2822864026328649
K,4516.46897311566,-10.372132021867658
K,4512.61203967881,-10.052909227272377
K,4508.75510624197,-12.10629864039552
K,4504.89817280512,-9.239331235368752
K,4501.04123936827,-11.62649691844174
K,4497.18430593143,-9.9088734874821274
K,4493.32737249458,-9.2870781742498441
K,4489.47043905773,-6.1421720201669583
K,4485.61350562088,-2.9769623779324412
K,4481.75657218404,-0.92217506250010184
K,4477.89963874719,-2.5204057579410826
K,4474.04270531034,-0.26924549285378985
K,4470.18577187349,3.4048054371018575
K,4466.32883843665,5.798177102066453
K,4462.4719049998,2.5633996310568041
K,4458.61497156295,3.4026392765708713
K,4454.75803812611,2.9587134707488483
K,4450.90110468926,5.5317834829100967
K,4447.04417125241,7.6673319199259291
K,4443.18723781556,12.042453254075951
K,4439.33030437872,9.8720368717747888
K,4435.47337094187,8.9363423935363393
K,4431.61643750502,5.0680602871611553
K,4427.75950406817,5.6602141218430591
K,4423.90257063133,5.5949280106933514
K,4420.04563719448,7.9860659961509102
K,4416.18870375763,6.2475144985486208
K,4412.33177032078,4.0241410079343778
K,4408.47483688394,-1.3341409438476191
K,4404.61790344709,-2.4237310898060942
K,4400.76097001024,-5.437335275004096
K,4396.9040365734,-4.7275609968158037
K,4393.04710313655,-6.921631098942596
K,4389.1901696997,-7.1452094697869084
K,4385.33323626285,-7.2255459205366606
K,4381.47630282601,-6.4288284219372924
K,4377.61936938916,-8.2823476218023266
K,4373.76243595231,-2.7509170876318869
K,4369.90550251546,0.49153007031172352
K,4366.04856907862,9.3769443961407859
K,4362.19163564177,14.615719801050229
K,4358.33470220492,21.388103061698096
K,4354.47776876808,24.504173016472009
K,4350.62083533123,24.255465739984455
K,4346.76390189438,18.317177358082848
K,4342.90696845753,12.093848832285092
K,4339.05003502069,-0.009952882545819372
K,4335.19310158384,-5.4308477783600466
K,4331.33616814699,-9.9349937711367513
K,4327.47923471014,-8.1845167638422112
K,4323.6223012733,-6.4687869448867952
K,4319.76536783645,-5.0019526978162787
K,4315.9084343996,-12.225215176975242
K,4312.05150096276,-14.152477929855825
K,4308.19456752591,-16.483074546588892
K,4304.33763408906,-13.39956935051408
K,4300.48070065221,-13.609929908859687
K,4296.62376721537,-9.538528583806265
K,4292.76683377852,-7.4381898551679759
K,4288.90990034167,-4.546058824733163
K,4285.05296690482,-2.4189737690067066
K,4281.19603346798,0.84548939801605083
K,4277.33910003113,2.20577120919959
K,4273.48216659428,4.4844813782981721
K,4269.62523315744,3.8696083689043093
K,4265.76829972059,5.4885458436787449
K,4261.91136628374,4.5975416880994322
K,4258.05443284689,8.0556352754162202
K,4254.19749941005,9.9546911836498602
K,4250.3405659732,12.034473618223325
K,4246.48363253635,12.303241686209038
K,4242.6266990995,13.795947186691196
K,4238.76976566266,10.169599614667264
K,4234.91283222581,10.877288798230062
K,4231.05589878896,10.943199802755425
K,4227.19896535212,12.915485074890677
K,4223.34203191527,6.9042222445850685
K,4219.48509847842,3.7765459808227382
K,4215.62816504157,2.4501243205552599
K,4211.77123160473,5.0436497318292144
K,4207.91429816788,3.137391319630991
K,4204.05736473103,1.7501067948942144
K,4200.20043129418,-0.71837139548291395
K,4196.34349785734,1.8148671806087557
K,4192.48656442049,-1.5690089034458294
K,4188.62963098364,-3.0250260565934126
K,4184.7726975468,-5.4165328634512822
K,4180.91576410995,-5.4359088459761686
K,4177.0588306731,-5.8899654462816171
K,4173.20189723625,-4.5634258369219829
K,4169.34496379941,-9.5983212556382984
K,4165.48803036256,-10.717691191373342
K,4161.63109692571,-13.30758261690907
K,4157.77416348886,-11.418454987672229
K,4153.91723005202,-13.411236116440142
K,4150.06029661517,-15.193382403329178
K,4146.20336317832,-17.582959298553128
K,4142.34642974148,-15.282195284134781
K,4138.48949630463,-14.206925986772518
K,4134.63256286778,-12.166251790135787
K,4130.77562943093,-12.224001807071009
K,4126.91869599409,-11.950948145666699
K,4123.06176255724,-11.912316352182424
K,4119.20482912039,-8.8596101441246287
K,4115.34789568354,-11.427012111796515
K,4111.4909622467,-7.0455647777275274
K,4107.63402880985,-3.109560126557247
K,4103.777095373,-0.90388605362042374
K,4099.92016193616,-1.3294183087977924
K,4096.06322849931,-2.1177181184340119
K,4092.20629506246,-3.7716901603945439
K,4088.34936162561,-1.0543931365260211
K,4084.49242818877,-1.2652692225486173
K,4080.63549475192,0.2445896747976575
K,4076.77856131507,-0.86937577931411858
K,4072.92162787822,-0.023580529236303001
K,4069.06469444138,-3.6320463260463596
K,4065.20776100453,-4.838647926173997
K,4061.35082756768,-6.1145645046055632
K,4057.49389413083,-6.2032760311355721
K,4053.63696069399,-8.3845949660180104
K,4049.78002725714,-6.2856311428902343
K,4045.92309382029,-7.4683341599500617
K,4042.06616038345,-8.0159767194660621
K,4038.2092269466,-7.3601552178696537
K,4034.35229350975,-3.5723647469501656
K,4030.4953600729,-3.1600210556977175
K,4026.63842663606,-1.4150647445884326
K,4022.78149319921,-0.5047601462024125
K,4018.92455976236,2.3269342629646195
K,4015.06762632551,2.4506093138484086
K,4011.21069288867,4.4135705017131777
K,4007.35375945182,5.8847323815464314
K,4003.49682601497,9.09226748389157
K,3999.63989257813,8.2132250706769252
cl,10001.0283203125,-39.416566351907505
cl,9997.17138687565,-109.90030833631366
cl,9993.31445343881,-59.327211393926753
cl,9989.45752000196,20.963589900264054
cl,9985.60058656511,61.939702897115467
cl,9981.74365312826,72.694671873867676
cl,9977.88671969142,42.044304646943424
cl,9974.02978625457,-98.038555461489551
cl,9970.17285281772,-146.53076756284989
cl,9966.31591938088,-151.12250103427812
cl,9962.45898594403,-71.571539339865183
cl,9958.60205250718,-3.5798933069870937
cl,9954.74511907033,-25.358855230460186
cl,9950.88818563349,25.68225114150135
cl,9947.03125219664,96.44368740294243
cl,9943.17431875979,20.494932589830739
cl,9939.31738532294,-117.90012608862055
cl,9935.4604518861,-123.24473979498751
cl,9931.60351844925,-77.844781777385563
cl,9927.7465850124,-46.326487438243788
cl,9923.88965157556,24.587528207654668
cl,9920.03271813871,96.56603489335663
cl,9916.17578470186,38.813959778059093
cl,9912.31885126501,3.5445250112731768
cl,9908.46191782817,-46.641034768133061
cl,9904.60498439132,-26.526437846748195
cl,9900.74805095447,54.858454291702685
cl,9896.89111751762,83.142752954347145
cl,9893.03418408078,34.60630813416703
cl,9889.17725064393,50.909949253411881
cl,9885.32031720708,-19.908671160988796
cl,9881.46338377024,-54.999063917766627
cl,9877.60645033339,43.213067446932193
cl,9873.74951689654,99.975886354975998
cl,9869.89258345969,178.50717989240829
cl,9866.03565002284,196.1638341844332
cl,9862.178716586,195.21168689478597
cl,9858.32178314915,67.152223634961388
cl,9854.4648497123,33.716295111466373
cl,9850.60791627546,-5.3349951396400765
cl,9846.75098283861,-40.80350803013318
cl,9842.89404940176,-26.10689623720214
cl,9839.03711596492,92.518972974752458
cl,9835.18018252807,124.56594775489765
cl,9831.32324909122,97.785088727994932
cl,9827.46631565437,62.141759934115477
cl,9823.60938221752,58.66518399582619
cl,9819.75244878068,31.4857079590391
cl,9815.89551534383,82.186179029546793
cl,9812.03858190698,116.86077798162499
cl,9808.18164847014,122.7907822805697
cl,9804.32471503329,138.27366017364034
cl,9800.46778159644,125.73187916524745
cl,9796.6108481596,97.978220444751869
cl,9792.75391472275,28.018056292739789
cl,9788.8969812859,71.876406272423338
cl,9785.04004784905,141.30015880242507
cl,9781.1831144122,26.290842192562327
cl,9777.32618097536,-40.813130687650641
cl,9773.46924753851,44.777798262247416
cl,9769.61231410166,62.248383834982825
cl,9765.75538066482,86.327882478392965
cl,9761.89844722797,180.25116199529973
cl,9758.04151379112,163.85373329549802
cl,9754.18458035428,70.469123823526417
cl,9750.32764691743,-48.378807777428776
cl,9746.47071348058,-12.64270785540343
cl,9742.61378004373,30.616307124970689
cl,9738.75684660688,-64.263217909818152
cl,9734.89991317004,-178.41541344306307
cl,9731.04297973319,-124.20387841647246
cl,9727.18604629634,7.1630496221925029
cl,9723.3291128595,90.195006263000082
cl,9719.47217942265,12.775022545048198
cl,9715.6152459858,-67.994137222159594
cl,9711.75831254896,-45.814998328513425
cl,9707.90137911211,-92.002279434059972
cl,9704.04444567526,-32.540994446364493
cl,9700.18751223841,40.928090652836303
cl,9696.33057880156,51.216036388708162
cl,9692.47364536472,59.795423092660059
cl,9688.61671192787,22.648132725753523
cl,9684.75977849102,-71.80548658553046
cl,9680.90284505418,-38.307503042748664
cl,9677.04591161733,-8.2455157341213514
cl,9673.18897818048,-69.381970938038805
cl,9669.33204474363,-85.555264352551447
cl,9665.47511130679,-96.202413069540995
cl,9661.61817786994,-65.304716992537521
cl,9657.76124443309,-1.3376359134639599
cl,9653.90431099624,21.124593283242859
cl,9650.0473775594,-18.222245448862999
cl,9646.19044412255,-120.15497271734249
cl,9642.3335106857,-109.91709750687819
cl,9638.47657724886,-28.695958274221862
cl,9634.61964381201,-13.675158674767831
cl,9630.76271037516,48.270854380316536
cl,9626.90577693831,77.167751681029202
cl,9623.04884350147,-2.0297233531100782
cl,9619.19191006462,-63.3071394681999
cl,9615.33497662777,-63.043065394722476
cl,9611.47804319092,-39.544108808366396
cl,9607.62110975408,-14.986919394606891
cl,9603.76417631723,14.288669002576626
cl,9599.90724288038,-13.705168771848269
cl,9596.05030944354,-143.68811109081932
cl,9592.19337600669,-113.51859312883248
cl,9588.33644256984,-62.636700477551805
cl,9584.47950913299,-2.5295121985586357
cl,9580.62257569615,86.336285654266646
cl,9576.7656422593,37.94687584608257
cl,9572.90870882245,-14.990554333298084
cl,9569.0517753856,-62.949941603093514
cl,9565.19484194876,-48.479705135571365
cl,9561.33790851191,55.37301871881882
cl,9557.48097507506,68.219149697869753
cl,9553.62404163822,-35.75834921464584
cl,9549.76710820137,-96.868541059104459
cl,9545.91017476452,-46.452386784230086
cl,9542.05324132767,-46.164506912489713
cl,9538.19630789083,-81.751536526892764
cl,9534.33937445398,2.8033381906759662
cl,9530.48244101713,2.036361103027152
cl,9526.62550758028,-58.000180703127917
cl,9522.76857414344,9.2964185674316617
cl,9518.91164070659,31.093408529171843
cl,9515.05470726974,-57.154034692102904
cl,9511.1977738329,-83.277661052882692
cl,9507.34084039605,-72.901589236024549
cl,9503.4839069592,-145.51891091197456
cl,9499.62697352235,-166.22168673278819
cl,9495.77004008551,-86.70395211088325
cl,9491.91310664866,-66.789119900099777
cl,9488.05617321181,-68.132281778396575
cl,9484.19923977496,-55.107230837208292
cl,9480.34230633812,-54.861943490207743
cl,9476.48537290127,-80.003648016688032
cl,9472.62843946442,-82.468951158260239
cl,9468.77150602758,-30.587329059437515
cl,9464.91457259073,-3.9576167591410547
cl,9461.05763915388,-12.668608530469907
cl,9457.20070571703,-27.569254582641591
cl,9453.34377228019,-52.020136212704216
cl,9449.48683884334,-58.558473666516512
cl,9445.62990540649,-56.39718541119386
cl,9441.77297196964,15.485320779151307
cl,9437.9160385328,20.334463734374545
cl,9434.05910509595,19.400848115354687
cl,9430.2021716591,21.243124016010842
cl,9426.34523822226,-20.647694893832817
cl,9422.48830478541,-58.108719443003856
cl,9418.63137134856,-47.733929983159165
cl,9414.77443791171,29.627406205844665
cl,9410.91750447487,56.287944071828278
cl,9407.06057103802,19.370314062903933
cl,9403.20363760117,-40.399169278701642
cl,9399.34670416432,-56.105360346642911
cl,9395.48977072748,-41.867539283567716
cl,9391.63283729063,-46.296231155654041
cl,9387.77590385378,-4.9471874958060145
cl,9383.91897041694,-2.1390266077172817
cl,9380.06203698009,-8.9933407832017167
cl,9376.20510354324,66.388992036686119
cl,9372.34817010639,36.893209375420291
cl,9368.49123666955,-73.161835140433482
cl,9364.6343032327,-115.59803165497596
cl,9360.77736979585,-108.59607641143813
cl,9356.920436359,-23.804700738927139
cl,9353.06350292216,26.754223125224936
cl,9349.20656948531,-57.69651724003446
cl,9345.34963604846,-72.87532750083011
cl,9341.49270261162,-54.835884279317391
cl,9337.63576917477,-105.31244188013272
cl,9333.77883573792,-103.21968540937658
cl,9329.92190230107,-62.883171785309585
cl,9326.06496886423,-15.184995738223513
cl,9322.20803542738,44.147863892731486
cl,9318.35110199053,-24.754319514388342
cl,9314.49416855368,-70.467531983057185
cl,9310.63723511684,-71.782455386115629
cl,9306.78030167999,-60.29915997882739
cl,9302.92336824314,26.893924939518193
cl,9299.0664348063,67.107487756976681
cl,9295.20950136945,19.75771733500477
cl,9291.3525679326,11.903560017548388
cl,9287.49563449575,47.819928176363803
cl,9283.63870105891,7.7350135157973146
cl,9279.78176762206,3.8050820686460511
cl,9275.92483418521,19.873308418711581
cl,9272.06790074836,33.355306665016208
cl,9268.21096731152,27.130011783341676
cl,9264.35403387467,-53.703261507572591
cl,9260.49710043782,-99.473263734858932
cl,9256.64016700098,-12.692718307453683
cl,9252.78323356413,90.785738308536935
cl,9248.92630012728,91.997694371193589
cl,9245.06936669043,77.007667825511106
cl,9241.21243325358,45.750486519583461
cl,9237.35549981674,26.644881767394164
cl,9233.49856637989,-14.61881117063659
cl,9229.64163294304,-74.156275713255042
cl,9225.7846995062,-60.138266815842336
cl,9221.92776606935,-50.494956490803879
cl,9218.0708326325,-93.422809229965196
cl,9214.21389919565,-16.69638135895493
cl,9210.35696575881,92.802853273783896
cl,9206.50003232196,83.434219234608733
cl,9202.64309888511,11.113459428155418
cl,9198.78616544826,20.822967919337369
cl,9194.92923201142,49.993902921858599
cl,9191.07229857457,41.037125792325241
cl,9187.21536513772,-8.3494213315248711
cl,9183.35843170088,-0.33672140211382923
cl,9179.50149826403,50.563508443413717
cl,9175.64456482718,96.230626342397557
cl,9171.78763139033,46.837132513335384
cl,9167.93069795349,30.138599217105863
cl,9164.07376451664,-7.5317854047738528
cl,9160.21683107979,-19.433401737889373
cl,9156.35989764294,-50.790401636592186
cl,9152.5029642061,-91.556881781653189
cl,9148.64603076925,-77.593900301941062
cl,9144.7890973324,5.4976093199935887
cl,9140.93216389556,42.079581725379022
cl,9137.07523045871,51.567715609363496
cl,9133.21829702186,51.295293115960639
cl,9129.36136358501,7.4196435289219203
cl,9125.50443014817,-7.3375327225781266
cl,9121.64749671132,79.23590534576681
cl,9117.79056327447,119.98785656372262
cl,9113.93362983762,55.546728148949853
cl,9110.07669640078,24.99432280003095
cl,9106.21976296393,95.701468340797447
cl,9102.36282952708,41.81292205725282
cl,9098.50589609024,-53.523765456832365
cl,9094.64896265339,-62.201684517039773
cl,9090.79202921654,-27.716595439174288
cl,9086.93509577969,30.318046550536089
cl,9083.07816234285,66.339427349469887
cl,9079.221228906,47.244499135099275
cl,9075.36429546915,13.81652790441839
cl,9071.5073620323,31.611827260998282
cl,9067.65042859546,60.423475913878725
cl,9063.79349515861,50.752401812697258
cl,9059.93656172176,12.84810423005082
cl,9056.07962828492,39.877436228407326
cl,9052.22269484807,79.608235925954929
cl,9048.36576141122,77.518998411334735
cl,9044.50882797437,16.955113675180854
cl,9040.65189453753,-22.157919714088585
cl,9036.79496110068,-13.809823980582395
cl,9032.93802766383,25.905415311632069
cl,9029.08109422698,45.523237244042861
cl,9025.22416079014,-7.5029661479041323
cl,9021.36722735329,8.3412915166072761
cl,9017.51029391644,27.196729787867586
cl,9013.6533604796,-13.30511916297282
cl,9009.79642704275,5.1386001307035238
cl,9005.9394936059,72.985826744267086
cl,9002.08256016905,91.094054621837913
cl,8998.22562673221,67.65387755547961
cl,8994.36869329536,-32.043601372831354
cl,8990.51175985851,-57.183459205672712
cl,8986.65482642166,-54.424778200218526
cl,8982.79789298482,-19.282883281937291
cl,8978.94095954797,-7.5351911581102593
cl,8975.08402611112,-24.112898877388886
cl,8971.22709267428,36.694310303604858
cl,8967.37015923743,13.964198570887355
cl,8963.51322580058,17.36774862186849
cl,8959.65629236373,82.74644602508107
cl,8955.79935892689,114.51000005345996
cl,8951.94242549004,94.314714307219006
cl,8948.08549205319,55.124541945611412
cl,8944.22855861634,-3.6926463082649805
cl,8940.3716251795,-69.173202446275127
cl,8936.51469174265,-61.748063926861938
cl,8932.6577583058,-43.029785965523033
cl,8928.80082486896,-1.7242470177822875
cl,8924.94389143211,40.187353271120131
cl,8921.08695799526,40.429058023727585
cl,8917.23002455841,2.7980447084497597
cl,8913.37309112157,-2.5454174017785212
cl,8909.51615768472,-1.6271501454205319
cl,8905.65922424787,37.143180026028901
cl,8901.80229081102,72.389196105386773
cl,8897.94535737418,26.193099005007202
cl,8894.08842393733,-55.880242032318357
cl,8890.23149050048,-45.27657108990865
cl,8886.37455706364,-2.5703685508905192
cl,8882.51762362679,18.59027212818842
cl,8878.66069018994,-1.0623844261532047
cl,8874.80375675309,1.1922812866427632
cl,8870.94682331625,18.613072955027871
cl,8867.0898898794,37.549579685239273
cl,8863.23295644255,85.351619418381674
cl,8859.3760230057,84.201003565972442
cl,8855.51908956886,30.301957233114578
cl,8851.66215613201,-0.15117950596142599
cl,8847.80522269516,24.388436207847196
cl,8843.94828925832,34.133574554127165
cl,8840.09135582147,-7.0102600724250461
cl,8836.23442238462,-23.493958821110724
cl,8832.37748894777,-6.8324819039308302
cl,8828.52055551093,44.960644136812149
cl,8824.66362207408,84.170134418822741
cl,8820.80668863723,32.367626252453505
cl,8816.94975520038,-39.639039624583447
cl,8813.09282176354,-74.650649679177121
cl,8809.23588832669,-38.632634274810073
cl,8805.37895488984,-25.507400314818874
cl,8801.522021453,-50.510083280624478
cl,8797.66508801615,-0.71211986996433196
cl,8793.8081545793,26.208004049925933
cl,8789.95122114245,2.1888392650200283
cl,8786.09428770561,-1.1145533830490226
cl,8782.23735426876,49.570708662427606
cl,8778.38042083191,30.482459072947293
cl,8774.52348739506,-60.638802070597706
cl,8770.66655395822,-64.150689941812075
cl,8766.80962052137,7.9686059887254892
cl,8762.95268708452,25.861233412518626
cl,8759.09575364767,19.108036801000431
cl,8755.23882021083,-23.957388074230899
cl,8751.38188677398,15.235869910065926
cl,8747.52495333713,27.194761802491978
cl,8743.66801990029,24.524686482093792
cl,8739.81108646344,67.687661953471462
cl,8735.95415302659,51.804111530942514
cl,8732.09721958974,-30.865154645739004
cl,8728.2402861529,37.759884782276721
cl,8724.38335271605,52.025367749853437
cl,8720.5264192792,-48.400516048226216
cl,8716.66948584235,17.174078431141087
cl,8712.81255240551,54.462033936432569
cl,8708.95561896866,0.31674620738489617
cl,8705.09868553181,-46.891055094317451
cl,8701.24175209497,-76.823535919589986
cl,8697.38481865812,-77.211994333059863
cl,8693.52788522127,-29.061280487618959
cl,8689.67095178442,-12.064469428981523
cl,8685.81401834758,-11.574365866141068
cl,8681.95708491073,-20.382721714853265
cl,8678.10015147388,-19.563713025445651
cl,8674.24321803703,-16.978306795539826
cl,8670.38628460019,-28.027874815625751
cl,8666.52935116334,-33.114815278219474
cl,8662.67241772649,-29.757717228251771
cl,8658.81548428965,21.718714340222395
cl,8654.9585508528,37.727935866457507
cl,8651.10161741595,-25.957833280096853
cl,8647.2446839791,-55.691722187901199
cl,8643.38775054226,-50.957616403541721
cl,8639.53081710541,-129.74425499110868
cl,8635.67388366856,-98.530757843299924
cl,8631.81695023171,-74.328441228544037
cl,8627.96001679487,-53.714149290945876
cl,8624.10308335802,35.140214083165269
cl,8620.24614992117,40.710858140394315
cl,8616.38921648433,0.5305374347617503
cl,8612.53228304748,41.592601276033612
cl,8608.67534961063,40.37196243175427
cl,8604.81841617378,-0.092859651777708802
cl,8600.96148273694,-44.386198867516846
cl,8597.10454930009,-87.791105273248917
cl,8593.24761586324,-101.95268468341749
cl,8589.39068242639,-20.192930607870323
cl,8585.53374898955,53.626310900198057
cl,8581.6768155527,75.160245076252565
cl,8577.81988211585,42.827599651216559
cl,8573.96294867901,-24.856869703914619
cl,8570.10601524216,-78.591579674940817
cl,8566.24908180531,-74.070811786839784
cl,8562.39214836846,-94.346170362774217
cl,8558.53521493162,-78.635702911894697
cl,8554.67828149477,10.430643735552259
cl,8550.82134805792,37.166109601776661
cl,8546.96441462107,26.378014121736946
cl,8543.10748118423,0.45046396465299515
cl,8539.25054774738,-29.763015185025704
cl,8535.39361431053,-45.528910972545212
cl,8531.53668087368,-70.943355955408592
cl,8527.67974743684,-77.422425832536106
cl,8523.82281399999,-78.30166617927847
cl,8519.96588056314,-111.69584230214377
cl,8516.1089471263,-96.623048957580153
cl,8512.25201368945,-54.973099914697528
cl,8508.3950802526,-66.746466995054206
cl,8504.53814681575,-60.553326655183007
cl,8500.68121337891,-59.894537087561837
cl,8496.82427994206,-97.314402055093225
cl,8492.96734650521,-107.06017913351934
cl,8489.11041306836,-14.34480457895482
cl,8485.25347963152,67.334052863028191
cl,8481.39654619467,36.856276903271997
cl,8477.53961275782,-40.785854836803239
cl,8473.68267932098,-140.35282288309273
cl,8469.82574588413,-122.09593580886781
cl,8465.96881244728,-75.406932674341761
cl,8462.11187901043,-64.825938120518444
cl,8458.25494557359,-61.441353663212439
cl,8454.39801213674,-16.858597056314263
cl,8450.54107869989,-33.323298913952065
cl,8446.68414526304,-30.55454260747269
cl,8442.8272118262,-6.7165854017677828
cl,8438.97027838935,7.7199889545765146
cl,8435.1133449525,-42.699129984709366
cl,8431.25641151566,-9.2508487969573423
cl,8427.39947807881,33.894206654363302
cl,8423.54254464196,-57.510524927271447
cl,8419.68561120511,-102.79984312921367
cl,8415.82867776827,-76.602283803880155
cl,8411.97174433142,13.098664145252833
cl,8408.11481089457,106.39247214247447
cl,8404.25787745772,95.108826890445144
cl,8400.40094402088,37.214446865210498
cl,8396.54401058403,27.653958861118102
cl,8392.68707714718,-5.381592743940387
cl,8388.83014371034,-4.0963491159441814
cl,8384.97321027349,-6.7315891590003849
cl,8381.11627683664,-17.915458004895989
cl,8377.25934339979,-1.3729475335762593
cl,8373.40240996295,-16.945776090199804
cl,8369.5454765261,-89.967564358422209
cl,8365.68854308925,-78.610790463047778
cl,8361.8316096524,-16.033293674950698
cl,8357.97467621556,4.8163423775028393
cl,8354.11774277871,-25.649760536745003
cl,8350.26080934186,-57.599091326880448
cl,8346.40387590502,-27.041283633466712
cl,8342.54694246817,-27.974140324280086
cl,8338.69000903132,-48.737918004772787
cl,8334.83307559447,-71.607267544839701
cl,8330.97614215763,-14.78709357293639
cl,8327.11920872078,26.210114876656338
cl,8323.26227528393,-60.076208803246622
cl,8319.40534184708,-26.069633360542568
cl,8315.54840841024,47.970043021208539
cl,8311.69147497339,50.474124954541942
cl,8307.83454153654,-4.6343104717841763
cl,8303.97760809969,22.188158828998009
cl,8300.12067466285,-0.87476670209640328
cl,8296.263741226,-47.085771514928275
cl,8292.40680778915,-61.439248786357091
cl,8288.54987435231,7.4493042490088035
cl,8284.69294091546,4.9518005963006457
cl,8280.83600747861,31.767201463378427
cl,8276.97907404176,-21.765255377029234
cl,8273.12214060492,-108.95711424685877
cl,8269.26520716807,-140.22259403866141
cl,8265.40827373122,-54.024715772193161
cl,8261.55134029437,-29.207154069620671
cl,8257.69440685753,14.795453496456785
cl,8253.83747342068,35.940080396841651
cl,8249.98053998383,40.729250907818503
cl,8246.12360654699,-33.167306303103025
cl,8242.26667311014,-67.25443420232078
cl,8238.40973967329,10.874081529202726
cl,8234.55280623644,105.42585348433106
cl,8230.6958727996,92.385283010349056
cl,8226.83893936275,73.369418172800167
cl,8222.9820059259,49.838796297306367
cl,8219.12507248905,67.835211383999635
cl,8215.26813905221,39.802743558440383
cl,8211.41120561536,40.906355077609128
cl,8207.55427217851,51.292465051031215
cl,8203.69733874167,7.3774813234616996
cl,8199.84040530482,-11.985180138386392
cl,8195.98347186797,68.365398947279829
cl,8192.12653843112,98.125191253980915
cl,8188.26960499428,81.096726170941949
cl,8184.41267155743,131.19340887322215
cl,8180.55573812058,80.30561386270945
cl,8176.69880468373,64.14397900401643
cl,8172.84187124689,133.80895612019788
cl,8168.98493781004,140.90908558327186
cl,8165.12800437319,70.724447668846764
cl,8161.27107093635,64.489749092716167
cl,8157.4141374995,164.86184577652884
cl,8153.55720406265,135.79335582320667
cl,8149.7002706258,45.358844872668094
cl,8145.84333718896,59.341157219911302
cl,8141.98640375211,48.871313651574852
cl,8138.12947031526,17.615142375229272
cl,8134.27253687841,-1.4823807983721273
cl,8130.41560344157,-8.4592946577747163
cl,8126.55867000472,48.145712710006507
cl,8122.70173656787,94.665227905684972
cl,8118.84480313103,41.755805975827926
cl,8114.98786969418,16.763457749601507
cl,8111.13093625733,92.329205292307734
cl,8107.27400282048,141.51145995201227
cl,8103.41706938364,94.064369497797813
cl,8099.56013594679,122.62979901082093
cl,8095.70320250994,172.22967435469712
cl,8091.84626907309,154.06637474320243
cl,8087.98933563625,196.63098919732482
cl,8084.1324021994,155.05134407506768
cl,8080.27546876255,70.65011211174189
cl,8076.41853532571,52.01951938626631
cl,8072.56160188886,37.978482155589369
cl,8068.70466845201,33.780036630188754
cl,8064.84773501516,43.75625112763057
cl,8060.99080157832,20.477344679922982
cl,8057.13386814147,19.818584940962438
cl,8053.27693470462,75.655965990754368
cl,8049.42000126777,100.25336922959143
cl,8045.56306783093,79.032802191536106
cl,8041.70613439408,45.25444160786229
cl,8037.84920095723,40.969875747526899
cl,8033.99226752039,149.89318124476512
cl,8030.13533408354,141.96697513039578
cl,8026.27840064669,67.564708066080286
cl,8022.42146720984,36.124355167448336
cl,8018.564533773,63.897373487360085
cl,8014.70760033615,56.390782413506599
cl,8010.8506668993,56.196967055277767
cl,8006.99373346245,79.892026163857707
cl,8003.13680002561,91.159111744582361
cl,7999.27986658876,98.236934813104682
cl,7995.42293315191,77.11137346241992
cl,7991.56599971507,47.163715854001367
cl,7987.70906627822,-2.3786452113327501
cl,7983.85213284137,4.1370652437180517
cl,7979.99519940452,20.750779304263073
cl,7976.13826596768,14.839377928459724
cl,7972.28133253083,-17.604133695513074
cl,7968.42439909398,-0.92801312427836358
cl,7964.56746565713,9.1331651832167537
cl,7960.71053222029,-13.758487470218995
cl,7956.85359878344,-6.4412112674636086
cl,7952.99666534659,7.475823986238769
cl,7949.13973190975,-1.8277379281404824
cl,7945.2827984729,-50.508132869336599
cl,7941.42586503605,-70.084545411480676
cl,7937.5689315992,-37.651698400679564
cl,7933.71199816236,25.615086092012174
cl,7929.85506472551,31.953922015299053
cl,7925.99813128866,23.876262258015679
cl,7922.14119785181,6.6935173274530859
cl,7918.28426441497,5.2844218744296985
cl,7914.42733097812,-1.1338988879044287
cl,7910.57039754127,32.351329294324586
cl,7906.71346410443,-12.009843474047154
cl,7902.85653066758,-59.320215390827009
cl,7898.99959723073,-80.418285402670904
cl,7895.14266379388,-52.301634879496902
cl,7891.28573035704,16.234407141710971
cl,7887.42879692019,15.102927715602956
cl,7883.57186348334,32.675599535272184
cl,7879.71493004649,75.032318784013171
cl,7875.85799660965,12.353606078656265
cl,7872.0010631728,41.354667189350614
cl,7868.14412973595,30.127406961584633
cl,7864.28719629911,20.691086724432573
cl,7860.43026286226,-21.112525522248955
cl,7856.57332942541,-21.572398641797893
cl,7852.71639598856,5.0098014577990782
cl,7848.85946255172,16.36428913262214
cl,7845.00252911487,-9.7165671737770349
cl,7841.14559567802,-17.946396732244974
cl,7837.28866224117,-32.919885578821038
cl,7833.43172880433,-35.576603683438151
cl,7829.57479536748,-11.274155041665466
cl,7825.71786193063,4.7898869858052233
cl,7821.86092849379,-29.372445291895762
cl,7818.00399505694,-3.1923574126037084
cl,7814.14706162009,-10.803727797896876
cl,7810.29012818324,-105.49648480689814
cl,7806.4331947464,-134.52914666874466
cl,7802.57626130955,-114.90237998441351
cl,7798.7193278727,-89.895049180392576
cl,7794.86239443585,-57.15924870764168
cl,7791.00546099901,-32.73021011672445
cl,7787.14852756216,-11.65263960825159
cl,7783.29159412531,-0.6873277653218941
cl,7779.43466068847,-18.010218166138287
cl,7775.57772725162,-82.835890292979272
cl,7771.72079381477,-86.127282285875538
cl,7767.86386037792,-26.818792472788868
cl,7764.00692694107,-8.5418742526052487
cl,7760.14999350423,-67.197590604405491
cl,7756.29306006738,-73.937549493696466
cl,7752.43612663053,-25.507977525756377
cl,7748.57919319369,-20.096561610534323
cl,7744.72225975684,-35.9826564401247
cl,7740.86532631999,-19.52747375143985
cl,7737.00839288315,-65.737416685831292
cl,7733.1514594463,-82.852990177257382
cl,7729.29452600945,-13.027701224113409
cl,7725.4375925726,4.4659433667202446
cl,7721.58065913575,-31.224931053750197
cl,7717.72372569891,-11.799262806630352
cl,7713.86679226206,-17.525843822657471
cl,7710.00985882521,-19.819915224839615
cl,7706.15292538837,-2.4223544083945443
cl,7702.29599195152,7.108561001079984
cl,7698.43905851467,-17.063081052973498
cl,7694.58212507782,15.603192035367737
cl,7690.72519164098,28.503479615889159
cl,7686.86825820413,25.240623490706763
cl,7683.01132476728,-17.677911845646562
cl,7679.15439133043,-38.054681455611778
cl,7675.29745789359,-20.182089093902103
cl,7671.44052445674,45.217513790152573
cl,7667.58359101989,31.558640813668688
cl,7663.72665758305,-4.5454284781783905
cl,7659.8697241462,-16.154492138856689
cl,7656.01279070935,-28.430264796134132
cl,7652.1558572725,-51.273399104312553
cl,7648.29892383566,-37.019338372506681
cl,7644.44199039881,3.9377187697288676
cl,7640.58505696196,-2.3122086559615584
cl,7636.72812352511,16.449721709962173
cl,7632.87119008827,35.862644175586084
cl,7629.01425665142,3.6035960986802409
cl,7625.15732321457,16.464935635204561
cl,7621.30038977773,-16.361024289311601
cl,7617.44345634088,-40.692778743940465
cl,7613.58652290403,-9.8520059760141265
cl,7609.72958946718,8.6558195116593364
cl,7605.87265603034,25.442006433853653
cl,7602.01572259349,7.7574722674850998
cl,7598.15878915664,3.4684545718872677
cl,7594.30185571979,-10.993137808585644
cl,7590.44492228295,-44.523275900947681
cl,7586.5879888461,5.542862624327265
cl,7582.73105540925,32.70693914382398
cl,7578.87412197241,5.225767589018413
cl,7575.01718853556,-14.371791508481323
cl,7571.16025509871,-26.281211548904594
cl,7567.30332166186,-4.8256891091661984
cl,7563.44638822502,11.196559693756509
cl,7559.58945478817,-1.4319207818137496
cl,7555.73252135132,-27.05037794724414
cl,7551.87558791447,-44.417425391181673
cl,7548.01865447763,-13.722792875625665
cl,7544.16172104078,3.1888129068727649
cl,7540.30478760393,-49.545596165025877
cl,7536.44785416709,-63.225007503371252
cl,7532.59092073024,-18.94146096067567
cl,7528.73398729339,-42.536428906566812
cl,7524.87705385654,-29.170303393169785
cl,7521.0201204197,-3.6248071788667651
cl,7517.16318698285,31.812563277032908
cl,7513.306253546,8.5508701074512121
cl,7509.44932010915,-54.883060809307835
cl,7505.59238667231,-52.506986402201257
cl,7501.73545323546,9.8333208521714539
cl,7497.87851979861,-43.340587474729844
cl,7494.02158636177,-78.520259324705989
cl,7490.16465292492,-65.521387477638413
cl,7486.30771948807,-44.77755528468186
cl,7482.45078605122,-27.777399941922312
cl,7478.59385261438,-41.64884452624274
cl,7474.73691917753,-19.632392826928832
cl,7470.87998574068,-22.181646010252393
cl,7467.02305230383,-69.159185436539801
cl,7463.16611886699,2.3721237401900068
cl,7459.30918543014,22.809581975222571
cl,7455.45225199329,-6.0713277198158355
cl,7451.59531855645,-1.6849441047596785
cl,7447.7383851196,-27.213559809770103
cl,7443.88145168275,-47.143456775061487
cl,7440.0245182459,-59.919524620592242
cl,7436.16758480906,-79.602318215652289
cl,7432.31065137221,-108.59987307024718
cl,7428.45371793536,-125.4904996874991
cl,7424.59678449851,-93.962342960302593
cl,7420.73985106167,-48.694632057301355
cl,7416.88291762482,4.1980810781783378
cl,7413.02598418797,35.475229166884098
cl,7409.16905075113,48.884760285925154
cl,7405.31211731428,-13.178154583363389
cl,7401.45518387743,-75.94371861826113
cl,7397.59825044058,11.178791934126581
cl,7393.74131700374,49.913915456778561
cl,7389.88438356689,-39.124606834050631
cl,7386.02745013004,-103.78413327609205
cl,7382.17051669319,-4.0711685768005408
cl,7378.31358325635,131.04799187866797
cl,7374.4566498195,81.373905355970251
cl,7370.59971638265,43.356157840110093
cl,7366.74278294581,50.49946435466228
cl,7362.88584950896,66.67761752500212
cl,7359.02891607211,92.77954516276408
cl,7355.17198263526,52.850715860850215
cl,7351.31504919842,-26.453830047358828
cl,7347.45811576157,-59.278637310563802
cl,7343.60118232472,-41.965328828704003
cl,7339.74424888787,18.442325994295945
cl,7335.88731545103,-33.519444972062992
cl,7332.03038201418,-110.42919220589329
cl,7328.17344857733,-86.293602423389714
cl,7324.31651514049,-99.32004705499115
cl,7320.45958170364,-107.15947465690648
cl,7316.60264826679,-101.33071004293373
cl,7312.74571482994,-150.15682479396054
cl,7308.8887813931,-49.369455163702114
cl,7305.03184795625,162.67829523173606
cl,7301.1749145194,99.097113130332076
cl,7297.31798108255,-35.129685896340362
cl,7293.46104764571,-92.171435983106932
cl,7289.60411420886,-128.6655959639445
cl,7285.74718077201,-164.60389126961445
cl,7281.89024733516,-137.41092110944982
cl,7278.03331389832,-92.534924878602666
cl,7274.17638046147,-46.912731365596315
cl,7270.31944702462,50.730556262183335
cl,7266.46251358778,-1.0443642541551523
cl,7262.60558015093,-84.024573231822643
cl,7258.74864671408,-8.7407265620297956
cl,7254.89171327723,-32.302909573574716
cl,7251.03477984039,-66.456307338613001
cl,7247.17784640354,18.903488343640856
cl,7243.32091296669,7.2789492992445686
cl,7239.46397952984,103.2394564528614
cl,7235.607046093,107.88755551529557
cl,7231.75011265615,57.950340190444869
cl,7227.8931792193,110.45886806426483
cl,7224.03624578246,11.573774319138147
cl,7220.17931234561,-11.122867892868909
cl,7216.32237890876,106.27865402960269
cl,7212.46544547191,169.04066348270646
cl,7208.60851203507,176.5107982251921
cl,7204.75157859822,105.34674067904322
cl,7200.89464516137,174.63797817409937
cl,7197.03771172452,211.44665326314768
cl,7193.18077828768,143.48079612589956
cl,7189.32384485083,174.26948959414005
cl,7185.46691141398,155.83169381571736
cl,7181.60997797714,62.110775417987242
cl,7177.75304454029,115.83856283133193
cl,7173.89611110344,101.41908969875884
cl,7170.03917766659,135.90351262976415
cl,7166.18224422975,149.671923486726
cl,7162.3253107929,69.212811700914898
cl,7158.46837735605,105.83306052637572
cl,7154.6114439192,82.818959380695077
cl,7150.75451048236,-0.20822168337865221
cl,7146.89757704551,80.266530272573888
cl,7143.04064360866,116.24513123593761
cl,7139.18371017182,56.559744498467666
cl,7135.32677673497,-21.790272862175382
cl,7131.46984329812,-24.286358276423016
cl,7127.61290986127,-52.293380629058689
cl,7123.75597642443,-57.314247169786142
cl,7119.89904298758,6.6586723426557528
cl,7116.04210955073,-22.62088655055749
cl,7112.18517611388,-128.21748581889872
cl,7108.32824267704,-139.72561048990909
cl,7104.47130924019,-51.778247438912096
cl,7100.61437580334,-10.683470970377023
cl,7096.7574423665,-75.998951560500515
cl,7092.90050892965,-46.452920635729065
cl,7089.0435754928,-112.4113480983452
cl,7085.18664205595,-125.12506270479217
cl,7081.32970861911,-49.18154827152339
cl,7077.47277518226,22.711161570204251
cl,7073.61584174541,29.851135621789286
cl,7069.75890830856,-16.733089501423368
cl,7065.90197487172,-26.410203741318227
cl,7062.04504143487,7.9897451965670827
cl,7058.18810799802,-12.25369073990589
cl,7054.33117456117,-6.5626492256923568
cl,7050.47424112433,-28.791180423346333
cl,7046.61730768748,-40.178906796148013
cl,7042.76037425063,-59.694490657327734
cl,7038.90344081379,-40.066957022571387
cl,7035.04650737694,-25.484127067766334
cl,7031.18957394009,-10.697871780363196
cl,7027.33264050324,7.8738462778886475
cl,7023.4757070664,66.744485069764991
cl,7019.61877362955,81.441394460683981
cl,7015.7618401927,67.426077810455851
cl,7011.90490675585,54.24463936612451
cl,7008.04797331901,47.349523175973083
cl,7004.19103988216,29.986714107805142
cl,7000.33410644531,53.507956076335468
cl,6996.47717300847,69.561309387186142
cl,6992.62023957162,78.536753360141503
cl,6988.76330613477,52.153542206157859
cl,6984.90637269792,16.47714886476524
cl,6981.04943926108,29.293034850293271
cl,6977.19250582423,29.58451213996392
cl,6973.33557238738,-2.7884329824600798
cl,6969.47863895053,6.569459838597707
cl,6965.62170551369,18.000526092044996
cl,6961.76477207684,1.2643707492233496
cl,6957.90783863999,5.0802287887455702
cl,6954.05090520315,21.58551146519185
cl,6950.1939717663,34.435453576258766
cl,6946.33703832945,29.037218039978427
cl,6942.4801048926,4.3682171296800627
cl,6938.62317145576,-29.304943047840332
cl,6934.76623801891,-40.746667318790195
cl,6930.90930458206,-22.654134460009402
cl,6927.05237114521,-2.5529570373179085
cl,6923.19543770837,-9.7940694130012957
cl,6919.33850427152,-40.506870640813212
cl,6915.48157083467,-23.36356754832379
cl,6911.62463739783,-9.2202033332245481
cl,6907.76770396098,-4.6798850568885353
cl,6903.91077052413,-4.0184472938118523
cl,6900.05383708728,7.7006238417124129
cl,6896.19690365044,-22.465760237501158
cl,6892.33997021359,-27.042290751586535
cl,6888.48303677674,-27.886414366495504
cl,6884.62610333989,-11.908881551798629
cl,6880.76916990305,2.927900619932025
cl,6876.9122364662,-7.6708407088188624
cl,6873.05530302935,-11.332147280577942
cl,6869.19836959251,0.47077804064776879
cl,6865.34143615566,-14.562095563051972
cl,6861.48450271881,-26.272230048854492
cl,6857.62756928196,-24.246921754387426
cl,6853.77063584512,-15.104439402034522
cl,6849.91370240827,8.5845682586200311
cl,6846.05676897142,20.271395587571813
cl,6842.19983553457,14.758346309204365
cl,6838.34290209773,5.1323714362841928
cl,6834.48596866088,-22.663720862883704
cl,6830.62903522403,-17.95256988435132
cl,6826.77210178718,-5.182824771989635
cl,6822.91516835034,-5.4970447954825268
cl,6819.05823491349,0.17768766733489863
cl,6815.20130147664,9.9709735805079163
cl,6811.3443680398,28.237415062286836
cl,6807.48743460295,38.743169631706245
cl,6803.6305011661,15.354425436774051
cl,6799.77356772925,-6.9473007847572106
cl,6795.91663429241,2.9099578352073632
cl,6792.05970085556,17.33840221009001
cl,6788.20276741871,35.792728037686906
cl,6784.34583398186,25.42397697338129
cl,6780.48890054502,8.2235002638072991
cl,6776.63196710817,16.776555166639387
cl,6772.77503367132,14.691634660779261
cl,6768.91810023448,34.445571995004528
cl,6765.06116679763,47.487451457832286
cl,6761.20423336078,36.831717424222369
cl,6757.34729992393,34.321608389671695
cl,6753.49036648709,38.786868652950822
cl,6749.63343305024,46.614337971518061
cl,6745.77649961339,66.565280096039075
cl,6741.91956617654,67.648096724905258
cl,6738.0626327397,80.832870523679659
cl,6734.20569930285,93.890160333631698
cl,6730.348765866,100.73751137408586
cl,6726.49183242916,75.694131557917217
cl,6722.63489899231,57.257786118477888
cl,6718.77796555546,69.142741572423034
cl,6714.92103211861,91.832365512502548
cl,6711.06409868177,75.351816083521172
cl,6707.20716524492,55.983911458426732
cl,6703.35023180807,58.491322206728768
cl,6699.49329837122,69.387767255101863
cl,6695.63636493438,43.801094434741138
cl,6691.77943149753,38.676147243188971
cl,6687.92249806068,57.35129569983517
cl,6684.06556462384,65.206180209591096
cl,6680.20863118699,57.221349371063695
cl,6676.35169775014,73.470963780422579
cl,6672.49476431329,68.699355308719717
cl,6668.63783087645,34.799256510961243
cl,6664.7808974396,40.665071642319489
cl,6660.92396400275,36.891294064974055
cl,6657.0670305659,8.3162642480404809
cl,6653.21009712906,1.605079741865195
cl,6649.35316369221,8.9140295862984011
cl,6645.49623025536,29.242434113585603
cl,6641.63929681852,43.405371436026165
cl,6637.78236338167,27.312275885900934
cl,6633.92542994482,2.5585350256254871
cl,6630.06849650797,-25.616536703715344
cl,6626.21156307113,-53.67073710562002
cl,6622.35462963428,-49.728831258549349
cl,6618.49769619743,-66.276892134833801
cl,6614.64076276058,-62.84096590542498
cl,6610.78382932374,-36.393666232613221
cl,6606.92689588689,-62.958526329276019
cl,6603.06996245004,-89.92175605740286
cl,6599.2130290132,-62.647184491377601
cl,6595.35609557635,-83.381117340515388
cl,6591.4991621395,-91.027235792688487
cl,6587.64222870265,-67.50376817660414
cl,6583.78529526581,-46.533915206719755
cl,6579.92836182896,-43.192126279374342
cl,6576.07142839211,-72.971964092907712
cl,6572.21449495526,-92.068549689218514
cl,6568.35756151842,-99.969247211916226
cl,6564.50062808157,-89.185853359609325
cl,6560.64369464472,-105.77007400400801
cl,6556.78676120788,-107.25169505597438
cl,6552.92982777103,-84.735944451875909
cl,6549.07289433418,-79.735159471465749
cl,6545.21596089733,-97.736343099890689
cl,6541.35902746049,-93.500610079143087
cl,6537.50209402364,-74.154400670156946
cl,6533.64516058679,-70.830821369423745
cl,6529.78822714994,-87.885617798778668
cl,6525.9312937131,-93.640086382722075
cl,6522.07436027625,-80.490518004984523
cl,6518.2174268394,-58.651323965114443
cl,6514.36049340256,-54.99701042792239
cl,6510.50355996571,-40.352431163970053
cl,6506.64662652886,-34.572169410965813
cl,6502.78969309201,-39.451004641481752
cl,6498.93275965517,-32.56082524177927
cl,6495.07582621832,-28.515238217464006
cl,6491.21889278147,-35.342702128946257
cl,6487.36195934462,-45.459450032402515
cl,6483.50502590778,-50.663433127396488
cl,6479.64809247093,-29.351145725452582
cl,6475.79115903408,-22.086675301755136
cl,6471.93422559724,-26.89489392153234
cl,6468.07729216039,-23.460038889720202
cl,6464.22035872354,-41.191575488095182
cl,6460.36342528669,-38.934112281998615
cl,6456.50649184985,-21.820836074356908
cl,6452.649558413,-14.885543901587392
cl,6448.79262497615,2.1761633189292819
cl,6444.9356915393,5.9280978205827948
cl,6441.07875810246,-8.2229139550260015
cl,6437.22182466561,-34.970621650036328
cl,6433.36489122876,-45.796999441062233
cl,6429.50795779192,-44.054760763227826
cl,6425.65102435507,-37.638295344312617
cl,6421.79409091822,-39.131006022037546
cl,6417.93715748137,-34.663485259461623
cl,6414.08022404453,-38.897596121708524
cl,6410.22329060768,-46.128438422649502
cl,6406.36635717083,-16.821929852135373
cl,6402.50942373398,7.7376835720324815
cl,6398.65249029714,-9.2723291634875622
cl,6394.79555686029,0.75633949826727975
cl,6390.93862342344,-21.857250250591747
cl,6387.08168998659,-59.746072483780182
cl,6383.22475654975,-61.141924285437909
cl,6379.3678231129,-28.361296028583777
cl,6375.51088967605,-28.198316265524245
cl,6371.6539562392,-28.427565849955826
cl,6367.79702280236,-22.693373196672276
cl,6363.94008936551,-13.685190931273318
cl,6360.08315592866,-15.123781701796647
cl,6356.22622249182,-6.5222478626967213
cl,6352.36928905497,3.1175165369555375
cl,6348.51235561812,-24.055688973851119
cl,6344.65542218127,-11.693779176086318
cl,6340.79848874443,6.1075456530560777
cl,6336.94155530758,-9.0203982713771751
cl,6333.08462187073,-12.808552507076866
cl,6329.22768843388,-1.6533252954477242
cl,6325.37075499704,11.565461700856808
cl,6321.51382156019,23.883966767322804
cl,6317.65688812334,24.522800022522652
cl,6313.7999546865,28.8590910987242
cl,6309.94302124965,23.601600543277929
cl,6306.0860878128,26.53570840094169
cl,6302.22915437595,36.818964327563691
cl,6298.37222093911,35.75300468838892
cl,6294.51528750226,28.491528893331001
cl,6290.65835406541,44.249810007632405
cl,6286.80142062856,53.302955688711165
cl,6282.94448719172,63.498167366016119
cl,6279.08755375487,75.277935811168774
cl,6275.23062031802,55.344231358869116
cl,6271.37368688118,42.654392797955964
cl,6267.51675344433,35.70685245915233
cl,6263.65982000748,51.946652195404724
cl,6259.80288657063,56.597134059227834
cl,6255.94595313379,50.608096638279427
cl,6252.08901969694,62.341811537873433
cl,6248.23208626009,72.997792745353422
cl,6244.37515282324,54.746957260518599
cl,6240.5182193864,62.799927132732556
cl,6236.66128594955,48.458947893113589
cl,6232.8043525127,51.061944983889013
cl,6228.94741907586,65.087351890558338
cl,6225.09048563901,73.856971478875195
cl,6221.23355220216,78.631064321016467
cl,6217.37661876531,64.979651304773029
cl,6213.51968532847,64.556755405938077
cl,6209.66275189162,65.766744547481053
cl,6205.80581845477,59.083270247300256
cl,6201.94888501792,61.100855050423711
cl,6198.09195158108,68.470057161109366
cl,6194.23501814423,59.208476879959612
cl,6190.37808470738,42.753113469436954
cl,6186.52115127054,40.590923158382346
cl,6182.66421783369,39.720279698477498
cl,6178.80728439684,43.942686020274941
cl,6174.95035095999,61.851619220633658
cl,6171.09341752315,71.818140388631321
cl,6167.2364840863,69.143907916103615
cl,6163.37955064945,53.350446020489862
cl,6159.5226172126,42.486339610364766
cl,6155.66568377576,49.946884274943002
cl,6151.80875033891,35.760058858587918
cl,6147.95181690206,26.492200251139046
cl,6144.09488346522,23.477382269617451
cl,6140.23795002837,35.599444454545186
cl,6136.38101659152,-1.6755715355310254
cl,6132.52408315467,-15.460595757293197
cl,6128.66714971783,10.194238520345204
cl,6124.81021628098,17.444050521457381
cl,6120.95328284413,-19.58111529187282
cl,6117.09634940728,-43.593478967381991
cl,6113.23941597044,-45.704677126081975
cl,6109.38248253359,-39.298273154945754
cl,6105.52554909674,-42.268418300020805
cl,6101.6686156599,-41.234214884562142
cl,6097.81168222305,-49.448673920842836
cl,6093.9547487862,-92.532407686585742
cl,6090.09781534935,-109.65712490556758
cl,6086.24088191251,-106.48540665769161
cl,6082.38394847566,-87.823300385077587
cl,6078.52701503881,-88.621000250308484
cl,6074.67008160196,-120.81977227052221
cl,6070.81314816512,-138.93708786371249
cl,6066.95621472827,-141.47425246713851
cl,6063.09928129142,-138.16021480870444
cl,6059.24234785458,-127.09874658470595
cl,6055.38541441773,-128.0773721845774
cl,6051.52848098088,-130.86578470289055
cl,6047.67154754403,-128.57111950007288
cl,6043.81461410719,-156.0153051605806
cl,6039.95768067034,-170.620036500758
cl,6036.10074723349,-150.48256759253621
cl,6032.24381379664,-126.80039905629974
cl,6028.3868803598,-103.68215124171071
cl,6024.52994692295,-119.46565213403898
cl,6020.6730134861,-91.802868496785692
cl,6016.81608004926,-44.932005736766158
cl,6012.95914661241,-26.342952560848779
cl,6009.10221317556,-28.083114984468217
cl,6005.24527973871,-5.4447671516832781
cl,6001.38834630187,36.199652412600436
cl,5997.53141286502,34.104005645269645
cl,5993.67447942817,44.301845153935474
cl,5989.81754599132,60.459099406955339
cl,5985.96061255448,75.193494753671331
cl,5982.10367911763,81.318242974372609
cl,5978.24674568078,76.896640385158079
cl,5974.38981224394,74.801430784647735
cl,5970.53287880709,71.747326215792029
cl,5966.67594537024,54.289521958224555
cl,5962.81901193339,52.363811840967351
cl,5958.96207849655,30.547985690090563
cl,5955.1051450597,44.884842435304414
cl,5951.24821162285,57.199055240336513
cl,5947.391278186,66.150113895878448
cl,5943.53434474916,80.038559622154992
cl,5939.67741131231,84.977227227944724
cl,5935.82047787546,80.325541855666984
cl,5931.96354443862,71.249140083226649
cl,5928.10661100177,65.21824879340879
cl,5924.24967756492,30.100339680166755
cl,5920.39274412807,-16.460741953199495
cl,5916.53581069123,-3.5414089050848521
cl,5912.67887725438,15.828261425188416
cl,5908.82194381753,23.72703843050704
cl,5904.96501038068,23.004664437193043
cl,5901.10807694384,7.2525550521621467
cl,5897.25114350699,15.210029218771732
cl,5893.39421007014,29.204388067900357
cl,5889.5372766333,45.441592564016467
cl,5885.68034319645,42.595636702902823
cl,5881.8234097596,45.015816970727329
cl,5877.96647632275,59.693248231008205
cl,5874.10954288591,70.587652976600296
cl,5870.25260944906,20.78707508434433
cl,5866.39567601221,-20.435497771422654
cl,5862.53874257536,-47.165340249817618
cl,5858.68180913852,-61.579922141556644
cl,5854.82487570167,-48.765967352814364
cl,5850.96794226482,-51.752280645244689
cl,5847.11100882798,-69.843986498012129
cl,5843.25407539113,-101.54353785055756
cl,5839.39714195428,-107.8601604959286
cl,5835.54020851743,-112.45897168136743
cl,5831.68327508059,-89.953036900070259
cl,5827.82634164374,-76.81192025413057
cl,5823.96940820689,-80.496043984341867
cl,5820.11247477004,-68.204740365367741
cl,5816.2555413332,-68.243663227373318
cl,5812.39860789635,-71.046780121938156
cl,5808.5416744595,-68.814052736900976
cl,5804.68474102266,-54.470808009013183
cl,5800.82780758581,-30.686223452651994
cl,5796.97087414896,-42.852962110391495
cl,5793.11394071211,-30.254683263884985
cl,5789.25700727527,-7.4137814325434697
cl,5785.40007383842,-15.615920357604162
cl,5781.54314040157,-8.0269609921480232
cl,5777.68620696472,6.223955937063347
cl,5773.82927352788,21.011987370914721
cl,5769.97234009103,44.914912163863953
cl,5766.11540665418,56.82768275454459
cl,5762.25847321733,73.952414997294255
cl,5758.40153978049,70.295248962600894
cl,5754.54460634364,73.036204953058331
cl,5750.68767290679,52.254717276334624
cl,5746.83073946995,32.384680542614646
cl,5742.9738060331,22.072998687151479
cl,5739.11687259625,7.9335935685207293
cl,5735.2599391594,-8.8675583685359776
cl,5731.40300572256,-7.1402855249671724
cl,5727.54607228571,4.9644128571861286
cl,5723.68913884886,-13.395520522992578
cl,5719.83220541201,-24.768946953408232
cl,5715.97527197517,-29.796647666740697
cl,5712.11833853832,-2.9008771273583229
cl,5708.26140510147,13.160973131950632
cl,5704.40447166463,-3.4768704044471237
cl,5700.54753822778,22.846075550151784
cl,5696.69060479093,31.776646625706121
cl,5692.83367135408,56.218638908408579
cl,5688.97673791724,83.474876062085812
cl,5685.11980448039,89.048424548209368
cl,5681.26287104354,107.54540368070333
cl,5677.40593760669,103.83131690273692
cl,5673.54900416985,81.450971985461706
cl,5669.692070733,78.883225755670722
cl,5665.83513729615,78.365822470339069
cl,5661.97820385931,66.44601685911897
cl,5658.12127042246,58.294498149775087
cl,5654.26433698561,57.884456052338514
cl,5650.40740354876,44.961996779759971
cl,5646.55047011192,18.523655017351697
cl,5642.69353667507,-15.658935391407862
cl,5638.83660323822,-8.8558400465904175
cl,5634.97966980137,-20.06352281908682
cl,5631.12273636453,-29.459076512832358
cl,5627.26580292768,-52.246752024944925
cl,5623.40886949083,-67.443448245347625
cl,5619.55193605399,-75.571780645553531
cl,5615.69500261714,-74.466914415433465
cl,5611.83806918029,-84.773617463187961
cl,5607.98113574344,-61.653081481427257
cl,5604.1242023066,-66.802985443962356
cl,5600.26726886975,-71.172424475508961
cl,5596.4103354329,-74.924161763076782
cl,5592.55340199605,-43.280607703193589
cl,5588.69646855921,-11.25364857573372
cl,5584.83953512236,19.254999518302409
cl,5580.98260168551,15.567510728493392
cl,5577.12566824867,6.1318892329911945
cl,5573.26873481182,-0.87278220344836355
cl,5569.41180137497,2.1363617689680416
cl,5565.55486793812,9.7093201538678802
cl,5561.69793450128,33.227102741843389
cl,5557.84100106443,27.502056493504025
cl,5553.98406762758,15.448439092552857
cl,5550.12713419073,18.352219474484333
cl,5546.27020075389,31.563248064860701
cl,5542.41326731704,34.124556162879365
cl,5538.55633388019,14.51724046690161
cl,5534.69940044334,-15.777648003086437
cl,5530.8424670065,26.117679235969259
cl,5526.98553356965,23.578480729104374
cl,5523.1286001328,12.859235912274343
cl,5519.27166669596,-14.929847770926669
cl,5515.41473325911,-15.809987200293541
cl,5511.55779982226,-20.750464247879854
cl,5507.70086638541,-13.480660389428301
cl,5503.84393294857,19.237122082227
cl,5499.98699951172,37.540769565619719
cl,5496.13006607487,7.2314837597497084
cl,5492.27313263802,-9.9467419993543551
cl,5488.41619920118,-1.0475665674008436
cl,5484.55926576433,4.9197306412012409
cl,5480.70233232748,-3.2849056144082929
cl,5476.84539889064,40.957316600357281
cl,5472.98846545379,50.399440487139678
cl,5469.13153201694,12.463496946798211
cl,5465.27459858009,-12.209168754571206
cl,5461.41766514325,17.521061762064242
cl,5457.5607317064,-43.059542684805052
cl,5453.70379826955,-63.811598954511545
cl,5449.8468648327,-2.7720286140539701
cl,5445.98993139586,-8.5542368616946991
cl,5442.13299795901,-33.498528932214448
cl,5438.27606452216,-5.7097374625355046
cl,5434.41913108532,-90.84418277480998
cl,5430.56219764847,-140.45505003959036
cl,5426.70526421162,-105.43394485797927
cl,5422.84833077477,-34.225549369655923
cl,5418.99139733793,-39.038732629961629
cl,5415.13446390108,-53.53401647478114
cl,5411.27753046423,-57.622710466438583
cl,5407.42059702738,34.197369424199309
cl,5403.56366359054,8.2015283429464994
cl,5399.70673015369,3.8834882163934403
cl,5395.84979671684,-53.109545023433277
cl,5391.99286328,-16.95470075571232
cl,5388.13592984315,10.050972262493547
cl,5384.2789964063,-16.538290347245145
cl,5380.42206296945,5.2481598597331143
cl,5376.56512953261,28.25119363370105
cl,5372.70819609576,54.07157273355584
cl,5368.85126265891,85.203389203507669
cl,5364.99432922206,47.532343478912637
cl,5361.13739578522,75.251541456422316
cl,5357.28046234837,44.891919275125119
cl,5353.42352891152,8.7221660560315879
cl,5349.56659547468,17.327578405174357
cl,5345.70966203783,5.6602715389047686
cl,5341.85272860098,34.396199370979261
cl,5337.99579516413,78.110036609585919
cl,5334.13886172729,37.136083525778879
cl,5330.28192829044,14.220342526003375
cl,5326.42499485359,-11.101563178534953
cl,5322.56806141674,15.362185687196414
cl,5318.7111279799,20.515242783803572
cl,5314.85419454305,32.943949729980311
cl,5310.9972611062,23.277923492043872
cl,5307.14032766935,33.44589832825428
cl,5303.28339423251,15.228065638906111
cl,5299.42646079566,30.630419857531049
cl,5295.56952735881,33.928500427659131
cl,5291.71259392197,33.827203003418788
cl,5287.85566048512,-14.339220023236718
cl,5283.99872704827,-32.917765555244436
cl,5280.14179361142,-43.34786751587832
cl,5276.28486017458,-25.132378611749235
cl,5272.42792673773,-31.079507997347921
cl,5268.57099330088,-37.040863320392866
cl,5264.71405986403,-37.630030827317803
cl,5260.85712642719,-7.1869963094378022
cl,5257.00019299034,-26.817048705230256
cl,5253.14325955349,-30.607617695911959
cl,5249.28632611665,-22.112033095309453
cl,5245.4293926798,1.645301616252822
cl,5241.57245924295,3.5150980113372099
cl,5237.7155258061,-12.883162366321571
cl,5233.85859236926,-38.614715183364005
cl,5230.00165893241,-39.103237216982869
cl,5226.14472549556,-28.168966202859878
cl,5222.28779205871,-24.203235529422546
cl,5218.43085862187,-27.641007117277866
cl,5214.57392518502,-24.01019407322789
cl,5210.71699174817,-22.669624277996938
cl,5206.86005831133,-24.297854338031609
cl,5203.00312487448,-34.097217273899268
cl,5199.14619143763,-56.571441683004494
cl,5195.28925800078,-48.177759785822765
cl,5191.43232456394,-43.484115778106379
cl,5187.57539112709,-46.546798344622673
cl,5183.71845769024,-44.987485569169387
cl,5179.86152425339,-52.897124978589652
cl,5176.00459081655,-49.58537398464911
cl,5172.1476573797,-43.064898820883208
cl,5168.29072394285,-45.903474011164739
cl,5164.43379050601,-43.967718390495328
cl,5160.57685706916,-48.604378449640187
cl,5156.71992363231,-51.920175655559014
cl,5152.86299019546,-41.23367077752043
cl,5149.00605675862,-27.360936624244395
cl,5145.14912332177,-28.118078090313663
cl,5141.29218988492,-20.592626383297816
cl,5137.43525644807,-11.040886865625074
cl,5133.57832301123,-8.2449584354443815
cl,5129.72138957438,-5.4887537931810719
cl,5125.86445613753,4.1321797672397551
cl,5122.00752270069,18.610065137436223
cl,5118.15058926384,25.573058156195174
cl,5114.29365582699,11.454583279404062
cl,5110.43672239014,5.5431242340299569
cl,5106.5797889533,10.599685664648073
cl,5102.72285551645,27.627651109399288
cl,5098.8659220796,45.421296969813845
cl,5095.00898864275,49.974261611499223
cl,5091.15205520591,45.750199637785464
cl,5087.29512176906,62.200424249746867
cl,5083.43818833221,80.111652596496654
cl,5079.58125489536,95.812562433684434
cl,5075.72432145852,102.6155835924778
cl,5071.86738802167,107.8069166437364
cl,5068.01045458482,106.92675060592923
cl,5064.15352114798,113.64044844351581
cl,5060.29658771113,112.79215527232894
cl,5056.43965427428,117.64439500252769
cl,5052.58272083743,112.92780187469263
cl,5048.72578740059,111.16764579236497
cl,5044.86885396374,89.885162909770372
cl,5041.01192052689,77.579594402059456
cl,5037.15498709004,64.14774003892768
cl,5033.2980536532,41.723339899039694
cl,5029.44112021635,25.046865543880614
cl,5025.5841867795,14.870560115799405
cl,5021.72725334266,-11.266266016101543
cl,5017.87031990581,-31.824921328712769
cl,5014.01338646896,-51.882474686293897
cl,5010.15645303211,-69.655101069601173
cl,5006.29951959527,-89.4221763691408
cl,5002.44258615842,-93.58735007675314
cl,4998.58565272157,-96.632852417329659
cl,4994.72871928472,-88.967999117556033
cl,4990.87178584788,-90.026836494006702
cl,4987.01485241103,-71.903724257829495
cl,4983.15791897418,-47.323174277239843
cl,4979.30098553734,-19.966537655578708
cl,4975.44405210049,-14.462066160546524
cl,4971.58711866364,3.9450799353435948
cl,4967.73018522679,9.4149842951322267
cl,4963.87325178995,17.683474643560881
cl,4960.0163183531,21.986474380083592
cl,4956.15938491625,35.822018342583135
cl,4952.3024514794,40.101756961829437
cl,4948.44551804256,53.700986441002797
cl,4944.58858460571,57.185601073714722
cl,4940.73165116886,66.457623284246637
cl,4936.87471773202,67.217550792269662
cl,4933.01778429517,69.336750806016738
cl,4929.16085085832,66.009845223127613
cl,4925.30391742147,66.069561420472482
cl,4921.44698398463,58.219932855701337
cl,4917.59005054778,47.511471091218233
cl,4913.73311711093,32.553672815870982
cl,4909.87618367408,28.21713064150158
cl,4906.01925023724,21.574843496201265
cl,4902.16231680039,13.445611712209788
cl,4898.30538336354,12.400175453531729
cl,4894.4484499267,2.4845252126002864
cl,4890.59151648985,-26.133767391851158
cl,4886.734583053,-19.434104729261723
cl,4882.87764961615,-14.661686043551938
cl,4879.02071617931,-16.241779966298498
cl,4875.16378274246,-12.549891714842222
cl,4871.30684930561,-11.890517838734828
cl,4867.44991586876,-21.720242975228174
cl,4863.59298243192,-14.329481724691922
cl,4859.73604899507,-13.489873444665136
cl,4855.87911555822,0.80183864722897291
cl,4852.02218212137,2.8703870223788348
cl,4848.16524868453,-4.9529266242254835
cl,4844.30831524768,-21.866314600677537
cl,4840.45138181083,-13.535827681236922
cl,4836.59444837399,-8.4467362260811178
cl,4832.73751493714,-7.7688895614452802
cl,4828.88058150029,-12.961298436229123
cl,4825.02364806344,-11.053842591896185
cl,4821.1667146266,-20.429216341895764
cl,4817.30978118975,-24.989570502341738
cl,4813.4528477529,-32.084584189471435
cl,4809.59591431605,-34.289127681874021
cl,4805.73898087921,-30.019511637387183
cl,4801.88204744236,-30.434277713338009
cl,4798.02511400551,-41.531037731659019
cl,4794.16818056867,-38.25659937410056
cl,4790.31124713182,-27.717436863019952
cl,4786.45431369497,-13.6395639092983
cl,4782.59738025812,-10.435893340514935
cl,4778.74044682128,-5.3441991598230949
cl,4774.88351338443,-9.3828581032666385
cl,4771.02657994758,-0.84737898380268062
cl,4767.16964651073,0.2959556766194284
cl,4763.31271307389,4.1720116572811756
cl,4759.45577963704,8.2422208207793162
cl,4755.59884620019,12.194455664012482
cl,4751.74191276335,11.412170958248145
cl,4747.8849793265,10.932816463847891
cl,4744.02804588965,5.2235841675814214
cl,4740.1711124528,7.5382425226029479
cl,4736.31417901596,7.6292833670020643
cl,4732.45724557911,16.608549899838927
cl,4728.60031214226,18.49173469430557
cl,4724.74337870541,8.4339238982674072
cl,4720.88644526857,0.50443876282594491
cl,4717.02951183172,0.16139624085686996
cl,4713.17257839487,1.829993142698161
cl,4709.31564495803,12.646050708797327
cl,4705.45871152118,13.649293417227151
cl,4701.60177808433,14.853864099539804
cl,4697.74484464748,-2.920746738829707
cl,4693.88791121064,-9.5517446397657686
cl,4690.03097777379,-5.0819535961310907
cl,4686.17404433694,16.213152417969653
cl,4682.31711090009,22.102040177545543
cl,4678.46017746325,22.147088120388627
cl,4674.6032440264,15.584826984869803
cl,4670.74631058955,25.486347548772478
cl,4666.88937715271,41.043067001092616
cl,4663.03244371586,58.753764127533543
cl,4659.17551027901,63.149566196897574
cl,4655.31857684216,57.538650321155217
cl,4651.46164340532,43.036999592714267
cl,4647.60470996847,42.333997532998822
cl,4643.74777653162,42.761505658891636
cl,4639.89084309477,38.323633891127216
cl,4636.03390965793,25.013470997836784
cl,4632.17697622108,20.202708401595061
cl,4628.32004278423,0.28125041581540178
cl,4624.46310934739,-18.291119796422191
cl,4620.60617591054,-17.162062077922521
cl,4616.74924247369,-9.1389937983623906
cl,4612.89230903684,-22.377643752087284
cl,4609.0353756,-31.107036914295733
cl,4605.17844216315,-40.630293436806717
cl,4601.3215087263,-56.105146438223137
cl,4597.46457528945,-64.632480500771024
cl,4593.60764185261,-56.998158925789433
cl,4589.75070841576,-57.769219756468424
cl,4585.89377497891,-64.144689125981316
cl,4582.03684154207,-70.934466800974519
cl,4578.17990810522,-66.014086808112168
cl,4574.32297466837,-60.630647196710264
cl,4570.46604123152,-47.163155050190909
cl,4566.60910779468,-47.867571473463272
cl,4562.75217435783,-30.410324442868241
cl,4558.89524092098,-23.421110801618394
cl,4555.03830748413,-22.412409155034922
cl,4551.18137404729,-22.521995670392073
cl,4547.32444061044,-20.260067222044476
cl,4543.46750717359,-16.029883576484419
cl,4539.61057373675,-1.6103020875419396
cl,4535.7536402999,23.460933208428489
cl,4531.89670686305,26.518233218633089
cl,4528.0397734262,9.0427761619335882
cl,4524.18283998936,5.9809770459672906
cl,4520.32590655251,14.929780382517263
cl,4516.46897311566,34.879790925622011
cl,4512.61203967881,26.185982690031601
cl,4508.75510624197,7.8673151248955211
cl,4504.89817280512,-4.3217439998377749
cl,4501.04123936827,-3.2712460437028352
cl,4497.18430593143,-6.2658405789266887
cl,4493.32737249458,22.897039783166573
cl,4489.47043905773,30.19418637429321
cl,4485.61350562088,20.512100765498012
cl,4481.75657218404,-1.4229549787010609
cl,4477.89963874719,-15.249684989404964
cl,4474.04270531034,-18.2395458256978
cl,4470.18577187349,-6.6367794672300393
cl,4466.32883843665,-3.0704981302521932
cl,4462.4719049998,-8.9286456169806279
cl,4458.61497156295,-24.396320078544917
cl,4454.75803812611,-34.202850069171966
cl,4450.90110468926,-19.314946169011819
cl,4447.04417125241,21.727802798256636
cl,4443.18723781556,36.309706975125344
cl,4439.33030437872,36.766492398130993
cl,4435.47337094187,30.809668839350653
cl,4431.61643750502,31.742425971469377
cl,4427.75950406817,27.242467225950694
cl,4423.90257063133,31.45591358124874
cl,4420.04563719448,35.046629734770598
cl,4416.18870375763,51.609446425614721
cl,4412.33177032078,68.59173562419096
cl,4408.47483688394,90.950698792317311
cl,4404.61790344709,112.23304060830776
cl,4400.76097001024,133.75045070283883
cl,4396.9040365734,135.99391972326697
cl,4393.04710313655,131.96864607572175
cl,4389.1901696997,97.922927515903339
cl,4385.33323626285,66.3201464053911
cl,4381.47630282601,36.78630908738058
cl,4377.61936938916,12.489514415326092
cl,4373.76243595231,-23.977913167485518
cl,4369.90550251546,-37.194517353423748
cl,4366.04856907862,-47.666756653561826
cl,4362.19163564177,-53.337713005939243
cl,4358.33470220492,-63.35842202788568
cl,4354.47776876808,-68.077854767821208
cl,4350.62083533123,-67.854003820620107
cl,4346.76390189438,-48.468678442250301
cl,4342.90696845753,-25.744600315361755
cl,4339.05003502069,1.2742236458592331
cl,4335.19310158384,4.792179254388043
cl,4331.33616814699,-13.569026433041666
cl,4327.47923471014,-12.274478208564966
cl,4323.6223012733,-9.7968880627642054
cl,4319.76536783645,-15.848996934533247
cl,4315.9084343996,-14.92593888327602
cl,4312.05150096276,-31.188434900853053
cl,4308.19456752591,-44.862874592263154
cl,4304.33763408906,-35.749882654215732
cl,4300.48070065221,-13.149124957305403
cl,4296.62376721537,-14.182017067133573
cl,4292.76683377852,-7.4615085796885481
cl,4288.90990034167,-13.607157950313487
cl,4285.05296690482,-17.827511599361827
cl,4281.19603346798,-16.346910130060706
cl,4277.33910003113,12.45598891055489
cl,4273.48216659428,33.059567129681206
cl,4269.62523315744,42.853602138523513
cl,4265.76829972059,22.016382912577221
cl,4261.91136628374,11.559134493754938
cl,4258.05443284689,21.227201125298642
cl,4254.19749941005,52.294876605695826
cl,4250.3405659732,61.237820529984312
cl,4246.48363253635,57.886649897989578
cl,4242.6266990995,32.769563606544608
cl,4238.76976566266,13.49554213839807
cl,4234.91283222581,7.9972619377741214
cl,4231.05589878896,8.3114350608157785
cl,4227.19896535212,-7.5758754279990583
cl,4223.34203191527,-25.920262901446549
cl,4219.48509847842,-37.754531218847724
cl,4215.62816504157,-37.575904431723458
cl,4211.77123160473,-40.47407010711656
cl,4207.91429816788,-17.075527014710005
cl,4204.05736473103,-7.6935942927264032
cl,4200.20043129418,2.9882361805056852
cl,4196.34349785734,2.1829981427065661
cl,4192.48656442049,17.93865628888398
cl,4188.62963098364,20.844514183573491
cl,4184.7726975468,27.114606183689045
cl,4180.91576410995,35.594003379649671
cl,4177.0588306731,33.317789367220307
cl,4173.20189723625,9.2417759941226496
cl,4169.34496379941,-4.470516535280967
cl,4165.48803036256,-4.3803957936689333
cl,4161.63109692571,-8.6523651744432684
cl,4157.77416348886,-25.762082631345379
cl,4153.91723005202,-28.884416440129257
cl,4150.06029661517,-33.575657142822791
cl,4146.20336317832,-40.810526291385166
cl,4142.34642974148,-58.63091117694669
cl,4138.48949630463,-74.963724185709566
cl,4134.63256286778,-74.241723070707977
cl,4130.77562943093,-55.395961968620519
cl,4126.91869599409,-46.909409130874437
cl,4123.06176255724,-46.33938915857177
cl,4119.20482912039,-54.02919310138131
cl,4115.34789568354,-51.983483646374928
cl,4111.4909622467,-46.807083940281736
cl,4107.63402880985,-42.896270007761274
cl,4103.777095373,-35.609539464471489
cl,4099.92016193616,-25.918560549491758
cl,4096.06322849931,-26.849022382000094
cl,4092.20629506246,-32.895156816859384
cl,4088.34936162561,-36.009097218808726
cl,4084.49242818877,-19.524899831051947
cl,4080.63549475192,-4.4037954172494995
cl,4076.77856131507,0.07966729503072538
cl,4072.92162787822,-10.261331612313317
cl,4069.06469444138,-20.546187478649738
cl,4065.20776100453,-30.884309309299574
cl,4061.35082756768,-23.829945171787788
cl,4057.49389413083,-1.8343490603461088
cl,4053.63696069399,8.289112862028098
cl,4049.78002725714,-4.457824614928791
cl,4045.92309382029,-6.5437731261982952
cl,4042.06616038345,5.2738494468121875
cl,4038.2092269466,20.590839881985129
cl,4034.35229350975,21.436840880904999
cl,4030.4953600729,23.798834566395495
cl,4026.63842663606,16.710447593547222
cl,4022.78149319921,21.110332352288509
cl,4018.92455976236,33.793138731929425
cl,4015.06762632551,47.093511054567628
cl,4011.21069288867,42.699254023718495
cl,4007.35375945182,39.338616320623714
cl,4003.49682601497,38.595243769847052
cl,3999.63989257813,24.896851331126093
pH,10001.0283203125,-5.2984737119004945
pH,9997.17138687565,-4.8816235141728423
pH,9993.31445343881,-6.1658689233884534
pH,9989.45752000196,-7.2047363246024059
pH,9985.60058656511,-3.2926865607645519
pH,9981.74365312826,6.1369771999694667
pH,9977.88671969142,-0.42106760261412834
pH,9974.02978625457,-13.800523337293747
pH,9970.17285281772,-19.481711432509744
pH,9966.31591938088,-10.615284728973693
pH,9962.45898594403,-0.72686044600624666
pH,9958.60205250718,-7.4783514910389481
pH,9954.74511907033,-19.017762150235136
pH,9950.88818563349,-18.610034576665793
pH,9947.03125219664,-11.613215196492542
pH,9943.17431875979,-8.8659919029247209
pH,9939.31738532294,-6.6797799589899522
pH,9935.4604518861,-8.019801930588228
pH,9931.60351844925,-8.6560780951397476
pH,9927.7465850124,-9.1879052011581113
pH,9923.88965157556,-2.392309497345662
pH,9920.03271813871,8.1892271463346198
pH,9916.17578470186,6.9877108335062861
pH,9912.31885126501,5.6973457403541756
pH,9908.46191782817,6.7979023994967731
pH,9904.60498439132,9.8639362900042205
pH,9900.74805095447,7.596251869104802
pH,9896.89111751762,6.6798671900201683
pH,9893.03418408078,5.4632230174730383
pH,9889.17725064393,3.3311992728791626
pH,9885.32031720708,-0.80858894860841291
pH,9881.46338377024,0.93666941658483027
pH,9877.60645033339,3.8744354553605347
pH,9873.74951689654,2.0503101686648644
pH,9869.89258345969,-0.41460695492492461
pH,9866.03565002284,0.36013325546762975
pH,9862.178716586,7.529327084592726
pH,9858.32178314915,9.1638398117597326
pH,9854.4648497123,15.399355568022044
pH,9850.60791627546,10.645415164626867
pH,9846.75098283861,2.0681422880986338
pH,9842.89404940176,-2.1651461973070258
pH,9839.03711596492,1.9000780381358302
pH,9835.18018252807,7.6793170474896328
pH,9831.32324909122,6.9678808878604164
pH,9827.46631565437,4.4715149848061335
pH,9823.60938221752,3.3511118378508842
pH,9819.75244878068,-0.90089999600349258
pH,9815.89551534383,4.8371229743272064
pH,9812.03858190698,10.609374130740294
pH,9808.18164847014,11.904644516127487
pH,9804.32471503329,9.3834619559631776
pH,9800.46778159644,5.3761214890255573
pH,9796.6108481596,0.061270785377483983
pH,9792.75391472275,-4.8659845372868782
pH,9788.8969812859,-2.8364430159979497
pH,9785.04004784905,0.52462256044025468
pH,9781.1831144122,1.6978310245299086
pH,9777.32618097536,5.136028530894734
pH,9773.46924753851,3.2019166995942934
pH,9769.61231410166,0.86290954355448202
pH,9765.75538066482,5.2990737387857187
pH,9761.89844722797,6.3322926888768043
pH,9758.04151379112,0.53237331488375295
pH,9754.18458035428,-3.9305760496114606
pH,9750.32764691743,-1.6672067887414608
pH,9746.47071348058,0.62940027230831097
pH,9742.61378004373,2.4914847076496573
pH,9738.75684660688,7.1261966819177669
pH,9734.89991317004,3.7161681876437012
pH,9731.04297973319,-7.9322266702510777
pH,9727.18604629634,-3.9786736218994152
pH,9723.3291128595,2.9870539749755061
pH,9719.47217942265,-2.4206801492545651
pH,9715.6152459858,-3.3411278737023751
pH,9711.75831254896,-1.5918019539880834
pH,9707.90137911211,-4.1692326626452632
pH,9704.04444567526,0.88340251823228844
pH,9700.18751223841,5.5704300610192083
pH,9696.33057880156,5.712785170719533
pH,9692.47364536472,0.23014201861839981
pH,9688.61671192787,-2.4391226183468646
pH,9684.75977849102,2.0025072783777258
pH,9680.90284505418,2.6236463095679028
pH,9677.04591161733,-2.8262414753658187
pH,9673.18897818048,0.75879307440730515
pH,9669.33204474363,7.2824428656812215
pH,9665.47511130679,5.3172263098840817
pH,9661.61817786994,0.34648174566506557
pH,9657.76124443309,-1.372757938352241
pH,9653.90431099624,0.73097104591516393
pH,9650.0473775594,-1.5720687717804522
pH,9646.19044412255,-3.0346933133086718
pH,9642.3335106857,1.5963670999143282
pH,9638.47657724886,2.9975896567799891
pH,9634.61964381201,1.5385683466924587
pH,9630.76271037516,1.3188272651041355
pH,9626.90577693831,4.6758431624045445
pH,9623.04884350147,4.7881506797985978
pH,9619.19191006462,-1.3804093112483031
pH,9615.33497662777,-11.742130081672826
pH,9611.47804319092,-14.287800199347735
pH,9607.62110975408,-6.8191081691573379
pH,9603.76417631723,-0.93967129076367006
pH,9599.90724288038,-0.46586483296674086
pH,9596.05030944354,-1.1065687450399657
pH,9592.19337600669,-2.3033271415706849
pH,9588.33644256984,-0.31558712260328919
pH,9584.47950913299,2.9778971517829107
pH,9580.62257569615,7.5960944517426743
pH,9576.7656422593,8.746647173945064
pH,9572.90870882245,2.4736379245150135
pH,9569.0517753856,-4.3580852345737622
pH,9565.19484194876,-7.9015895179652782
pH,9561.33790851191,-0.031452799095071142
pH,9557.48097507506,7.6369701080167864
pH,9553.62404163822,4.9198195526960999
pH,9549.76710820137,-1.284459757333418
pH,9545.91017476452,-6.4404138926386789
pH,9542.05324132767,-4.5112369313912177
pH,9538.19630789083,-3.6233630918385189
pH,9534.33937445398,-1.7923824355743774
pH,9530.48244101713,-0.65371436565329788
pH,9526.62550758028,-2.897702129299482
pH,9522.76857414344,-5.6059305732659528
pH,9518.91164070659,-3.9052103082170668
pH,9515.05470726974,-1.4536841975796932
pH,9511.1977738329,-2.6047767169419584
pH,9507.34084039605,-1.0688535584106815
pH,9503.4839069592,0.52117862285011507
pH,9499.62697352235,2.9863228341225212
pH,9495.77004008551,5.466658848992072
pH,9491.91310664866,1.1387185847077832
pH,9488.05617321181,-2.5343929742357831
pH,9484.19923977496,1.36005517991225
pH,9480.34230633812,-0.69872990380156497
pH,9476.48537290127,1.3199134459585984
pH,9472.62843946442,2.9192715072913114
pH,9468.77150602758,-3.4087956489518416
pH,9464.91457259073,-2.1304847926963886
pH,9461.05763915388,6.939252284367889
pH,9457.20070571703,-0.86317745985194627
pH,9453.34377228019,-1.7202992264968937
pH,9449.48683884334,4.4003680004456909
pH,9445.62990540649,4.4955146957444452
pH,9441.77297196964,-0.022946267013952987
pH,9437.9160385328,-0.65647108436937029
pH,9434.05910509595,4.7977095727846573
pH,9430.2021716591,13.297969612962918
pH,9426.34523822226,14.349566865559938
pH,9422.48830478541,0.26011556837261812
pH,9418.63137134856,-6.3711516873737928
pH,9414.77443791171,-5.9090355013121565
pH,9410.91750447487,-5.2742473788880977
pH,9407.06057103802,-3.7667776817112375
pH,9403.20363760117,-7.1711969415771497
pH,9399.34670416432,-7.0033417015638664
pH,9395.48977072748,-0.40098173211008509
pH,9391.63283729063,1.3661054590527031
pH,9387.77590385378,0.50104037015385505
pH,9383.91897041694,-2.3237267105045785
pH,9380.06203698009,-0.38955217998022262
pH,9376.20510354324,-0.89398744207713321
pH,9372.34817010639,-6.4338488815306576
pH,9368.49123666955,-4.8347178807229421
pH,9364.6343032327,-3.4214886985828308
pH,9360.77736979585,-2.928173996906644
pH,9356.920436359,0.076489087325251739
pH,9353.06350292216,0.72269711805970926
pH,9349.20656948531,0.9031331970005716
pH,9345.34963604846,3.5620527318787962
pH,9341.49270261162,4.4407994445468137
pH,9337.63576917477,-0.42175054093882886
pH,9333.77883573792,-0.92473135421083708
pH,9329.92190230107,-4.473769624506339
pH,9326.06496886423,-2.1107166395829142
pH,9322.20803542738,8.8737571345126209
pH,9318.35110199053,9.0333995683006894
pH,9314.49416855368,5.2758240371287588
pH,9310.63723511684,4.1374045401938409
pH,9306.78030167999,-1.5275104628382021
pH,9302.92336824314,-3.1248348969834288
pH,9299.0664348063,-3.6588073368410861
pH,9295.20950136945,-2.3602470041311201
pH,9291.3525679326,-0.19272504631388146
pH,9287.49563449575,2.1657048841770554
pH,9283.63870105891,1.8245160276594599
pH,9279.78176762206,1.2260931722319268
pH,9275.92483418521,-1.108137538185048
pH,9272.06790074836,-0.28886545056558555
pH,9268.21096731152,2.916245431206073
pH,9264.35403387467,-2.620145072208186
pH,9260.49710043782,-8.0414808132081497
pH,9256.64016700098,-3.7608317576601973
pH,9252.78323356413,-1.3063450372958134
pH,9248.92630012728,0.13004187210613627
pH,9245.06936669043,-0.62193846252945661
pH,9241.21243325358,-8.7634011498301145
pH,9237.35549981674,-10.290978635203755
pH,9233.49856637989,-6.882623620981696
pH,9229.64163294304,-0.037825456749807931
pH,9225.7846995062,3.6078157497921
pH,9221.92776606935,-0.45601296565767857
pH,9218.0708326325,-5.7273406216983194
pH,9214.21389919565,-4.5064174197647331
pH,9210.35696575881,-0.99925770091720401
pH,9206.50003232196,-2.1974865206359948
pH,9202.64309888511,2.5741415727593133
pH,9198.78616544826,2.9416345309545489
pH,9194.92923201142,-1.525295985360877
pH,9191.07229857457,-1.3078773832659458
pH,9187.21536513772,3.2655021315244417
pH,9183.35843170088,0.18136159205769845
pH,9179.50149826403,-3.4222133771128234
pH,9175.64456482718,2.04660934710917
pH,9171.78763139033,1.4393056567560751
pH,9167.93069795349,4.8639432679072128
pH,9164.07376451664,3.8692290270812353
pH,9160.21683107979,-1.2515159702566083
pH,9156.35989764294,-9.0977997420131551
pH,9152.5029642061,-9.8942478275315544
pH,9148.64603076925,-2.5426497595278978
pH,9144.7890973324,3.4197787197349645
pH,9140.93216389556,4.7255419299570613
pH,9137.07523045871,5.0635287487459175
pH,9133.21829702186,4.3313937206238462
pH,9129.36136358501,1.0188021627827915
pH,9125.50443014817,-3.2717631419767526
pH,9121.64749671132,-1.9029031785885395
pH,9117.79056327447,4.216561319815769
pH,9113.93362983762,1.9798703996593452
pH,9110.07669640078,-1.3114898343907244
pH,9106.21976296393,1.377487996654744
pH,9102.36282952708,0.86105247070029955
pH,9098.50589609024,-0.64809906667737738
pH,9094.64896265339,0.93873439087672439
pH,9090.79202921654,4.5748030979395562
pH,9086.93509577969,7.6669413220977649
pH,9083.07816234285,6.0663012804773029
pH,9079.221228906,3.6162855328599548
pH,9075.36429546915,2.0069814989147781
pH,9071.5073620323,0.045427646725756034
pH,9067.65042859546,1.6779003248955382
pH,9063.79349515861,7.6275753898968333
pH,9059.93656172176,11.350013890757042
pH,9056.07962828492,7.268511444561053
pH,9052.22269484807,-0.82384736542317882
pH,9048.36576141122,-0.22610758801957628
pH,9044.50882797437,0.73625050589671459
pH,9040.65189453753,-2.4445922143285617
pH,9036.79496110068,-6.1431692278898442
pH,9032.93802766383,-7.6389704974899173
pH,9029.08109422698,-6.6213504498159796
pH,9025.22416079014,-2.3623104185067123
pH,9021.36722735329,3.5132598483528952
pH,9017.51029391644,6.5354072487573207
pH,9013.6533604796,0.83744613909430754
pH,9009.79642704275,-0.47268502240331794
pH,9005.9394936059,1.6592908751287356
pH,9002.08256016905,0.76240871053495174
pH,8998.22562673221,5.0149665264904213
pH,8994.36869329536,3.1911000887211425
pH,8990.51175985851,-2.9796910286354668
pH,8986.65482642166,-3.4683939648890081
pH,8982.79789298482,-1.4765380333577407
pH,8978.94095954797,3.175209372463593
pH,8975.08402611112,2.0425315172542771
pH,8971.22709267428,3.6968754341452237
pH,8967.37015923743,4.7924038694597071
pH,8963.51322580058,4.0896892254639861
pH,8959.65629236373,3.1324281122934243
pH,8955.79935892689,4.2644816290732823
pH,8951.94242549004,3.9905168910762892
pH,8948.08549205319,1.536152993963694
pH,8944.22855861634,0.43206994992256409
pH,8940.3716251795,-1.1389189437387865
pH,8936.51469174265,-1.8567570975045149
pH,8932.6577583058,-4.6532742381101562
pH,8928.80082486896,-2.5987129059738163
pH,8924.94389143211,3.1114634398217769
pH,8921.08695799526,7.106977651476301
pH,8917.23002455841,1.2722521399730689
pH,8913.37309112157,-2.2310997551728864
pH,8909.51615768472,-0.45517861072636118
pH,8905.65922424787,0.091221939840378741
pH,8901.80229081102,-0.029295096232853354
pH,8897.94535737418,-0.39925182240653279
pH,8894.08842393733,-3.187003264430365
pH,8890.23149050048,0.6543215897808734
pH,8886.37455706364,0.77158582539336107
pH,8882.51762362679,1.7990390601598065
pH,8878.66069018994,3.0545503591582999
pH,8874.80375675309,6.6267928862076051
pH,8870.94682331625,9.5071206002350976
pH,8867.0898898794,5.7325006922556607
pH,8863.23295644255,5.9948435711450294
pH,8859.3760230057,7.6397249511335454
pH,8855.51908956886,3.9527194970375596
pH,8851.66215613201,1.4744312785833062
pH,8847.80522269516,4.5737481493679795
pH,8843.94828925832,5.5882780363303732
pH,8840.09135582147,1.7242545702533632
pH,8836.23442238462,-1.9967698731566765
pH,8832.37748894777,0.17450117098557158
pH,8828.52055551093,2.3275678055678677
pH,8824.66362207408,4.6261606348713755
pH,8820.80668863723,4.1084304974712413
pH,8816.94975520038,0.67973007054006207
pH,8813.09282176354,-2.6248731525036799
pH,8809.23588832669,2.217737675285179
pH,8805.37895488984,2.65509674230589
pH,8801.522021453,-0.65950157474110638
pH,8797.66508801615,-2.0054518561211507
pH,8793.8081545793,0.18086158675021186
pH,8789.95122114245,-0.0034317032054046056
pH,8786.09428770561,0.4042504206416343
pH,8782.23735426876,2.5604213202388091
pH,8778.38042083191,3.6257200323971874
pH,8774.52348739506,-1.9202278770019165
pH,8770.66655395822,1.6741324986034061
pH,8766.80962052137,2.5587028139076944
pH,8762.95268708452,-5.3252228126873762
pH,8759.09575364767,-4.8407673814701457
pH,8755.23882021083,3.7380529093871893
pH,8751.38188677398,2.1764402681510169
pH,8747.52495333713,0.98886006503078294
pH,8743.66801990029,0.87194757619825369
pH,8739.81108646344,1.10953972057054
pH,8735.95415302659,1.4085130619514188
pH,8732.09721958974,-1.904464418843641
pH,8728.2402861529,-2.2435583427565624
pH,8724.38335271605,-2.8711709674462638
pH,8720.5264192792,-8.9845057069625156
pH,8716.66948584235,-4.8916785351302954
pH,8712.81255240551,-1.2081229351734319
pH,8708.95561896866,1.4360396915244025
pH,8705.09868553181,0.85432767043832847
pH,8701.24175209497,-5.3595686067525099
pH,8697.38481865812,-4.086511211919591
pH,8693.52788522127,-1.3272473497534785
pH,8689.67095178442,3.1059816695468876
pH,8685.81401834758,5.297346298477029
pH,8681.95708491073,1.5772400485770846
pH,8678.10015147388,-2.3023771366306374
pH,8674.24321803703,-4.0189166442576507
pH,8670.38628460019,-3.6321097219386282
pH,8666.52935116334,-7.5494595236272737
pH,8662.67241772649,-11.558323277185213
pH,8658.81548428965,-9.3098105916569978
pH,8654.9585508528,-5.9564659314217057
pH,8651.10161741595,-7.237205340010477
pH,8647.2446839791,-6.5038186424998008
pH,8643.38775054226,-4.760557156615409
pH,8639.53081710541,-2.2711806361979283
pH,8635.67388366856,0.6101690250753623
pH,8631.81695023171,-2.3053510979903717
pH,8627.96001679487,-3.6814329078729302
pH,8624.10308335802,-2.8323138344573491
pH,8620.24614992117,-7.2656957811525276
pH,8616.38921648433,-6.2595068645381362
pH,8612.53228304748,-2.7673093884409554
pH,8608.67534961063,-5.3293898505446311
pH,8604.81841617378,-5.5596276880809166
pH,8600.96148273694,-3.1036622897797081
pH,8597.10454930009,-6.4568570677621855
pH,8593.24761586324,-10.015406683383295
pH,8589.39068242639,-5.8407450481931251
pH,8585.53374898955,1.5000510311907453
pH,8581.6768155527,-1.2883758442990381
pH,8577.81988211585,-6.1512293317332247
pH,8573.96294867901,-3.4862546450024401
pH,8570.10601524216,1.1418070162038862
pH,8566.24908180531,4.4313198831800289
pH,8562.39214836846,-1.7483751211593139
pH,8558.53521493162,-3.9358436192487694
pH,8554.67828149477,-5.1988645983231407
pH,8550.82134805792,-6.2104914758148535
pH,8546.96441462107,-4.0101500054222567
pH,8543.10748118423,-7.6546928104825973
pH,8539.25054774738,-6.3271808696436977
pH,8535.39361431053,-5.8840815266223006
pH,8531.53668087368,-8.5682541130658638
pH,8527.67974743684,-4.6367187935614647
pH,8523.82281399999,-1.8007883243240477
pH,8519.96588056314,-3.7505188555865003
pH,8516.1089471263,-1.6456762014148674
pH,8512.25201368945,0.88020714428226843
pH,8508.3950802526,-4.271581523456053
pH,8504.53814681575,-10.607282422704605
pH,8500.68121337891,-6.6161902276977331
pH,8496.82427994206,0.81916388064107204
pH,8492.96734650521,2.792805935195469
pH,8489.11041306836,3.4861220826128165
pH,8485.25347963152,2.5443942903542713
pH,8481.39654619467,4.0329588945000454
pH,8477.53961275782,2.6534606163234939
pH,8473.68267932098,0.61872567827397551
pH,8469.82574588413,1.3590028154060179
pH,8465.96881244728,-1.1489077934135412
pH,8462.11187901043,-0.024127867841201984
pH,8458.25494557359,1.0903041911448452
pH,8454.39801213674,5.3681481338923822
pH,8450.54107869989,4.7740432276725802
pH,8446.68414526304,0.32339243465787332
pH,8442.8272118262,0.2071455882588488
pH,8438.97027838935,2.9580122717855435
pH,8435.1133449525,0.2015330172648305
pH,8431.25641151566,3.1321991129964259
pH,8427.39947807881,9.2084722547871909
pH,8423.54254464196,9.8928620523544133
pH,8419.68561120511,8.392314947307975
pH,8415.82867776827,7.1360089382477838
pH,8411.97174433142,5.8856843260870768
pH,8408.11481089457,6.6887886572944026
pH,8404.25787745772,5.5573585285940927
pH,8400.40094402088,3.9618244922818429
pH,8396.54401058403,8.3193017396187834
pH,8392.68707714718,8.31300025540083
pH,8388.83014371034,0.51255231670462087
pH,8384.97321027349,-7.5897236115728397
pH,8381.11627683664,-5.2881121074722817
pH,8377.25934339979,-1.4864416170222061
pH,8373.40240996295,-7.4881326354701212
pH,8369.5454765261,-10.290342623439626
pH,8365.68854308925,-5.7453257733856979
pH,8361.8316096524,-0.014869847747546834
pH,8357.97467621556,-5.2760936243553651
pH,8354.11774277871,-11.022711545133621
pH,8350.26080934186,-5.7747562036816849
pH,8346.40387590502,1.6733254712838013
pH,8342.54694246817,-0.55177008166945496
pH,8338.69000903132,-0.57911137543717961
pH,8334.83307559447,-0.044488697425667439
pH,8330.97614215763,-6.1024273666874098
pH,8327.11920872078,-10.09732813606445
pH,8323.26227528393,-6.768866765251456
pH,8319.40534184708,-0.710531956742666
pH,8315.54840841024,0.90108823104735936
pH,8311.69147497339,-1.00133335136952
pH,8307.83454153654,-0.62324549268450324
pH,8303.97760809969,-0.20872887934518136
pH,8300.12067466285,-2.1286409854019053
pH,8296.263741226,1.8403653109996014
pH,8292.40680778915,0.030123978100727318
pH,8288.54987435231,-5.9178263621913603
pH,8284.69294091546,-7.2182918331600598
pH,8280.83600747861,-4.740590529425071
pH,8276.97907404176,-6.1394067549862967
pH,8273.12214060492,-8.5282816266171331
pH,8269.26520716807,-6.6347993048527218
pH,8265.40827373122,-2.8816166578731011
pH,8261.55134029437,-6.4579918625416113
pH,8257.69440685753,-6.315067080609122
pH,8253.83747342068,-0.13932733270237888
pH,8249.98053998383,1.5187693560979785
pH,8246.12360654699,3.3279758101719441
pH,8242.26667311014,3.8562767879706574
pH,8238.40973967329,8.2419861419181437
pH,8234.55280623644,8.1496002302817772
pH,8230.6958727996,4.9067239640040059
pH,8226.83893936275,2.9383512455863348
pH,8222.9820059259,5.7021746828221591
pH,8219.12507248905,8.9069252831386461
pH,8215.26813905221,10.067823135916896
pH,8211.41120561536,9.2322618270127066
pH,8207.55427217851,7.25000587270846
pH,8203.69733874167,6.0809799081839735
pH,8199.84040530482,7.0602951781712022
pH,8195.98347186797,7.3102872406349384
pH,8192.12653843112,10.167354585969164
pH,8188.26960499428,9.5183813194840674
pH,8184.41267155743,6.8374801017649798
pH,8180.55573812058,-0.95731951938728577
pH,8176.69880468373,-3.0304243611385973
pH,8172.84187124689,1.8869589504096991
pH,8168.98493781004,4.7157543220332947
pH,8165.12800437319,-1.7449816427938587
pH,8161.27107093635,-0.095371731579898325
pH,8157.4141374995,2.4360022424940286
pH,8153.55720406265,-1.4616848455552918
pH,8149.7002706258,2.8876602450407933
pH,8145.84333718896,5.9498108829294543
pH,8141.98640375211,4.9504516055230079
pH,8138.12947031526,0.79350262276989136
pH,8134.27253687841,1.5908643038681525
pH,8130.41560344157,1.5188056798339036
pH,8126.55867000472,1.361556354024525
pH,8122.70173656787,0.7777049025698034
pH,8118.84480313103,1.2227354411934288
pH,8114.98786969418,4.7023220707811229
pH,8111.13093625733,7.9618151033154785
pH,8107.27400282048,6.8326881600354481
pH,8103.41706938364,3.2259411342751041
pH,8099.56013594679,5.9352139314231964
pH,8095.70320250994,10.658531497911511
pH,8091.84626907309,8.1602088292460699
pH,8087.98933563625,10.50507572997244
pH,8084.1324021994,12.996525049441018
pH,8080.27546876255,8.4981656983935761
pH,8076.41853532571,5.3494958725724011
pH,8072.56160188886,3.9560416612842588
pH,8068.70466845201,3.1497351229984907
pH,8064.84773501516,0.086626364984275728
pH,8060.99080157832,-2.2395199346947017
pH,8057.13386814147,-0.80401913382489054
pH,8053.27693470462,1.1601638278952646
pH,8049.42000126777,0.54536094151737324
pH,8045.56306783093,5.8839465287411645
pH,8041.70613439408,4.1597444737807017
pH,8037.84920095723,2.0950826715771016
pH,8033.99226752039,5.9699771477885619
pH,8030.13533408354,5.8911558547292548
pH,8026.27840064669,0.86789225286121185
pH,8022.42146720984,1.6319504914795413
pH,8018.564533773,2.0799757984103895
pH,8014.70760033615,1.2604904358402693
pH,8010.8506668993,4.6647997749632122
pH,8006.99373346245,2.3838587802970119
pH,8003.13680002561,0.57150050044442779
pH,7999.27986658876,4.8635875784787288
pH,7995.42293315191,4.6263915482122684
pH,7991.56599971507,3.7457242104836541
pH,7987.70906627822,-0.16052173100580586
pH,7983.85213284137,-0.47095660454604737
pH,7979.99519940452,8.1453620068763612
pH,7976.13826596768,9.8985246800796851
pH,7972.28133253083,2.176492680650159
pH,7968.42439909398,-3.0598900543736249
pH,7964.56746565713,-0.24205463665069515
pH,7960.71053222029,2.1142770909963469
pH,7956.85359878344,1.0669246990460355
pH,7952.99666534659,-5.5546760131263335
pH,7949.13973190975,-6.8598311911089409
pH,7945.2827984729,-5.5068684702243988
pH,7941.42586503605,-4.2746982165754215
pH,7937.5689315992,-2.3366901217376443
pH,7933.71199816236,1.5990692886459663
pH,7929.85506472551,-0.39521410932690637
pH,7925.99813128866,-2.1729656606171535
pH,7922.14119785181,-4.7260318540081618
pH,7918.28426441497,-3.5767722608979358
pH,7914.42733097812,-4.0736090852875764
pH,7910.57039754127,-3.8734094440461728
pH,7906.71346410443,-3.9633556851270799
pH,7902.85653066758,-2.4672069452517809
pH,7898.99959723073,-2.8418273018051701
pH,7895.14266379388,-8.3530880242793533
pH,7891.28573035704,-11.248640573845108
pH,7887.42879692019,-8.2650576776254336
pH,7883.57186348334,-5.2285340033604077
pH,7879.71493004649,-3.5181702102783201
pH,7875.85799660965,-4.8748593665614193
pH,7872.0010631728,-5.8005548624051642
pH,7868.14412973595,-3.4332275187299341
pH,7864.28719629911,-3.8969454108460755
pH,7860.43026286226,-8.3144414258917472
pH,7856.57332942541,-10.747458959515727
pH,7852.71639598856,-8.038130962406564
pH,7848.85946255172,-6.2722316315843942
pH,7845.00252911487,-3.0200700171549331
pH,7841.14559567802,-1.1925737653134287
pH,7837.28866224117,-3.8108624011389738
pH,7833.43172880433,-6.8830689714100073
pH,7829.57479536748,-9.5456778668800872
pH,7825.71786193063,-5.7974964666171713
pH,7821.86092849379,-4.7490720282255543
pH,7818.00399505694,-4.6671470179777614
pH,7814.14706162009,-1.8219459044740385
pH,7810.29012818324,-2.711075588841902
pH,7806.4331947464,-10.137151548016705
pH,7802.57626130955,-10.704926883979685
pH,7798.7193278727,-7.2959688280892676
pH,7794.86239443585,-6.1169004531270819
pH,7791.00546099901,-8.1657915960099068
pH,7787.14852756216,-11.870458672284057
pH,7783.29159412531,-9.6005627321267912
pH,7779.43466068847,-6.8069482090793265
pH,7775.57772725162,-7.6998404582271487
pH,7771.72079381477,-9.1185092089945528
pH,7767.86386037792,-7.7919155245238638
pH,7764.00692694107,-4.8341790067495278
pH,7760.14999350423,-4.9728370303273417
pH,7756.29306006738,-6.4385868491568026
pH,7752.43612663053,-7.1755323538397597
pH,7748.57919319369,-7.8178834536123825
pH,7744.72225975684,-10.054169146423508
pH,7740.86532631999,-7.9317823383947204
pH,7737.00839288315,-3.0049010975565689
pH,7733.1514594463,-0.8393508364683846
pH,7729.29452600945,-2.1227222296660999
pH,7725.4375925726,-8.672574823655756
pH,7721.58065913575,-11.451881284169202
pH,7717.72372569891,-5.4575096630232078
pH,7713.86679226206,-1.1272258362524448
pH,7710.00985882521,0.49263128014833862
pH,7706.15292538837,-0.66826937372711537
pH,7702.29599195152,-0.67741602870683926
pH,7698.43905851467,-2.8888823673938311
pH,7694.58212507782,-4.0886424076299033
pH,7690.72519164098,-1.993735505411329
pH,7686.86825820413,1.0095614000204221
pH,7683.01132476728,-4.0512353812513346
pH,7679.15439133043,-5.229324065284656
pH,7675.29745789359,-4.6661246340916485
pH,7671.44052445674,-5.4917671029524895
pH,7667.58359101989,-5.5929087670969917
pH,7663.72665758305,-0.56313595934659666
pH,7659.8697241462,0.86975089992677057
pH,7656.01279070935,2.897543732654293
pH,7652.1558572725,1.9652311547084347
pH,7648.29892383566,0.52709297780759934
pH,7644.44199039881,3.4223383910049492
pH,7640.58505696196,3.6645633255285155
pH,7636.72812352511,3.8103306620796751
pH,7632.87119008827,1.4596229928456528
pH,7629.01425665142,-2.3140228610660798
pH,7625.15732321457,3.5268728965481322
pH,7621.30038977773,4.1146872810203252
pH,7617.44345634088,3.3254233861557791
pH,7613.58652290403,2.7130693936237424
pH,7609.72958946718,2.3212523808828611
pH,7605.87265603034,2.7224207468543784
pH,7602.01572259349,1.8961883877190324
pH,7598.15878915664,2.8439939969870998
pH,7594.30185571979,2.8629764303348884
pH,7590.44492228295,-1.1755682135778749
pH,7586.5879888461,-0.98343669028565905
pH,7582.73105540925,-1.6118540742862635
pH,7578.87412197241,-3.8620784216458262
pH,7575.01718853556,-0.88918942314071181
pH,7571.16025509871,2.3709642553679302
pH,7567.30332166186,7.6302813562819045
pH,7563.44638822502,6.92282522397797
pH,7559.58945478817,1.7972958440437268
pH,7555.73252135132,2.6515947608858497
pH,7551.87558791447,8.7682819440885016
pH,7548.01865447763,9.0900117891681695
pH,7544.16172104078,8.6470316394671194
pH,7540.30478760393,6.0278681288350731
pH,7536.44785416709,5.124130378272242
pH,7532.59092073024,3.823942659819382
pH,7528.73398729339,1.479068214283584
pH,7524.87705385654,3.8750031910614218
pH,7521.0201204197,5.7927319405657265
pH,7517.16318698285,4.75923271493894
pH,7513.306253546,1.4160891810873477
pH,7509.44932010915,1.7187086627598598
pH,7505.59238667231,4.007124106962749
pH,7501.73545323546,3.3934921860502598
pH,7497.87851979861,0.32922207589490898
pH,7494.02158636177,-0.41199497381862898
pH,7490.16465292492,4.0536617266811472
pH,7486.30771948807,5.963609051052126
pH,7482.45078605122,5.046762407786022
pH,7478.59385261438,6.1338593498420657
pH,7474.73691917753,7.7815240735053148
pH,7470.87998574068,9.0557335621268233
pH,7467.02305230383,7.5376512464907233
pH,7463.16611886699,10.619307737303403
pH,7459.30918543014,9.3427379262379802
pH,7455.45225199329,5.7872486058857566
pH,7451.59531855645,7.3051378052344846
pH,7447.7383851196,6.0842953525299643
pH,7443.88145168275,5.5812916432665673
pH,7440.0245182459,8.8761106006099961
pH,7436.16758480906,7.437735358856072
pH,7432.31065137221,5.0564240368558142
pH,7428.45371793536,3.0000495383213037
pH,7424.59678449851,7.7022465672036304
pH,7420.73985106167,6.4985148842991318
pH,7416.88291762482,0.47399850128741539
pH,7413.02598418797,5.1030635456814641
pH,7409.16905075113,5.3002607565605437
pH,7405.31211731428,6.0796958011193514
pH,7401.45518387743,9.8062370082167334
pH,7397.59825044058,7.7485105812643678
pH,7393.74131700374,5.7905517391526367
pH,7389.88438356689,1.1625372973336712
pH,7386.02745013004,0.46847188335503565
pH,7382.17051669319,-1.8600066321218875
pH,7378.31358325635,-3.3372650614261445
pH,7374.4566498195,-1.8853247268159172
pH,7370.59971638265,-1.2821052926212246
pH,7366.74278294581,1.4964400719472963
pH,7362.88584950896,2.5119510949916553
pH,7359.02891607211,5.976466652576903
pH,7355.17198263526,5.2006191441186154
pH,7351.31504919842,2.6244474994161995
pH,7347.45811576157,1.9976181518844747
pH,7343.60118232472,3.7055253646590596
pH,7339.74424888787,3.8751916557893891
pH,7335.88731545103,-0.042083650982624864
pH,7332.03038201418,-4.7017684949225647
pH,7328.17344857733,-5.1599793656323474
pH,7324.31651514049,-5.1588239826602624
pH,7320.45958170364,-5.1834352629643403
pH,7316.60264826679,-3.5916653835893726
pH,7312.74571482994,-4.8745125885132934
pH,7308.8887813931,-1.2719617812529682
pH,7305.03184795625,4.968372089504153
pH,7301.1749145194,-2.751734246486615
pH,7297.31798108255,-10.266206875620119
pH,7293.46104764571,-5.3536489246318517
pH,7289.60411420886,0.52516923301626506
pH,7285.74718077201,-16.135221847009653
pH,7281.89024733516,-26.761359828996344
pH,7278.03331389832,-14.627079384304409
pH,7274.17638046147,-16.059443592931078
pH,7270.31944702462,-14.741938409025744
pH,7266.46251358778,-20.183884797394896
pH,7262.60558015093,-19.017388825509435
pH,7258.74864671408,-4.4653958126535018
pH,7254.89171327723,-2.3272024236736453
pH,7251.03477984039,-6.5779255647637926
pH,7247.17784640354,5.6461915330140657
pH,7243.32091296669,6.8852958028617852
pH,7239.46397952984,-1.6363314160894951
pH,7235.607046093,-2.8767543245280125
pH,7231.75011265615,-0.78917525577972381
pH,7227.8931792193,8.6264724455050725
pH,7224.03624578246,2.4760005668308231
pH,7220.17931234561,-5.9138406770115362
pH,7216.32237890876,-6.1196925612741264
pH,7212.46544547191,-6.9108951770313221
pH,7208.60851203507,-1.0326923507353241
pH,7204.75157859822,-0.82224885078675147
pH,7200.89464516137,-4.9673608027693925
pH,7197.03771172452,1.6757629934501093
pH,7193.18077828768,8.0110922374392572
pH,7189.32384485083,11.396934019186196
pH,7185.46691141398,11.026574625925461
pH,7181.60997797714,13.9272908073315
pH,7177.75304454029,14.9300509986797
pH,7173.89611110344,7.4691011251386996
pH,7170.03917766659,5.313067583431982
pH,7166.18224422975,14.097233237234651
pH,7162.3253107929,12.412095939111925
pH,7158.46837735605,6.7942165990935885
pH,7154.6114439192,11.404916790328958
pH,7150.75451048236,10.131014079252727
pH,7146.89757704551,11.310726182456625
pH,7143.04064360866,10.820000651126099
pH,7139.18371017182,3.268083333846211
pH,7135.32677673497,5.7986182147274778
pH,7131.46984329812,7.6520243516160571
pH,7127.61290986127,7.0714667412802115
pH,7123.75597642443,9.9047928711711872
pH,7119.89904298758,7.0995476374706188
pH,7116.04210955073,0.66223289728125545
pH,7112.18517611388,1.409399615204872
pH,7108.32824267704,-1.0944277149325587
pH,7104.47130924019,-3.6281327053167107
pH,7100.61437580334,-1.3929311157793054
pH,7096.7574423665,-5.5823883848516935
pH,7092.90050892965,-6.7371117453085239
pH,7089.0435754928,-6.5247462747133085
pH,7085.18664205595,-8.3278592862265892
pH,7081.32970861911,-6.8953460626915106
pH,7077.47277518226,-4.7527495768917669
pH,7073.61584174541,-9.1636662657938075
pH,7069.75890830856,-13.036198545627645
pH,7065.90197487172,-7.6424327849801008
pH,7062.04504143487,-3.5324289301928107
pH,7058.18810799802,-1.9941957709877804
pH,7054.33117456117,-1.960234503326822
pH,7050.47424112433,-0.9389215234927849
pH,7046.61730768748,-4.5341442919800619
pH,7042.76037425063,-4.5850188377222452
pH,7038.90344081379,1.6476984976712943
pH,7035.04650737694,1.2164765841737522
pH,7031.18957394009,-0.62765758999387589
pH,7027.33264050324,-1.3223934558864741
pH,7023.4757070664,-2.7461410953095013
pH,7019.61877362955,-2.1574330970262459
pH,7015.7618401927,-1.514617994454875
pH,7011.90490675585,0.45960604579801406
pH,7008.04797331901,1.2451446725839124
pH,7004.19103988216,0.49734637290747485
pH,7000.33410644531,0.4711775474752965
pH,6996.47717300847,0.75893704026092701
pH,6992.62023957162,-0.61545174767428434
pH,6988.76330613477,-0.39585153438018333
pH,6984.90637269792,-0.49968534152095018
pH,6981.04943926108,-0.23143138901796426
pH,6977.19250582423,-0.38204025555565441
pH,6973.33557238738,-2.7855685834083186
pH,6969.47863895053,-2.7247894087827191
pH,6965.62170551369,-1.1139468175182752
pH,6961.76477207684,-1.1366061604626956
pH,6957.90783863999,-0.67970161321467137
pH,6954.05090520315,1.657634675244652
pH,6950.1939717663,1.4109618496255489
pH,6946.33703832945,-0.53290998280167678
pH,6942.4801048926,-1.1512155770269845
pH,6938.62317145576,-0.51779339345222275
pH,6934.76623801891,0.3012577725632643
pH,6930.90930458206,0.81723667847898585
pH,6927.05237114521,1.537876992844762
pH,6923.19543770837,-0.033091000289310515
pH,6919.33850427152,-2.3651627440433005
pH,6915.48157083467,-2.0168777879983311
pH,6911.62463739783,-0.84444780049394819
pH,6907.76770396098,-1.3730165237827445
pH,6903.91077052413,-0.75519310903229631
pH,6900.05383708728,1.0577583485303745
pH,6896.19690365044,-0.19457232099507216
pH,6892.33997021359,-2.7928677497367977
pH,6888.48303677674,-3.6313350904883941
pH,6884.62610333989,-1.6253237760509902
pH,6880.76916990305,0.32157692897134066
pH,6876.9122364662,0.071161521210768672
pH,6873.05530302935,-1.7114384596365537
pH,6869.19836959251,-2.2797618487963067
pH,6865.34143615566,-1.3407113196218794
pH,6861.48450271881,-0.86646897294133707
pH,6857.62756928196,-0.80242375525501597
pH,6853.77063584512,-0.7336430302218655
pH,6849.91370240827,0.63321339709638402
pH,6846.05676897142,0.86768933508376722
pH,6842.19983553457,1.5556786634426156
pH,6838.34290209773,2.0862950551502277
pH,6834.48596866088,0.79338163921633509
pH,6830.62903522403,0.60816148290785854
pH,6826.77210178718,1.3445521488973216
pH,6822.91516835034,1.1756521367044341
pH,6819.05823491349,2.2584281492824578
pH,6815.20130147664,3.5349014119039062
pH,6811.3443680398,3.3507265958393027
pH,6807.48743460295,2.4301600684992839
pH,6803.6305011661,2.1291435864836505
pH,6799.77356772925,1.8816732642584881
pH,6795.91663429241,1.7341923447855625
pH,6792.05970085556,1.8640603764766408
pH,6788.20276741871,2.7220487765683545
pH,6784.34583398186,3.0181001376186662
pH,6780.48890054502,3.4672159415104695
pH,6776.63196710817,3.4438535708286766
pH,6772.77503367132,3.1181702334815959
pH,6768.91810023448,2.8462214260816303
pH,6765.06116679763,1.4985591242316494
pH,6761.20423336078,0.56040917587267658
pH,6757.34729992393,1.712935056047924
pH,6753.49036648709,2.6526090041801043
pH,6749.63343305024,3.2995898611394159
pH,6745.77649961339,2.5714238969754231
pH,6741.91956617654,1.7494076782127972
pH,6738.0626327397,2.6576358015096408
pH,6734.20569930285,5.530709861384608
pH,6730.348765866,5.9078194277758458
pH,6726.49183242916,3.7086495491892526
pH,6722.63489899231,2.4383851756439525
pH,6718.77796555546,3.1128293567830134
pH,6714.92103211861,3.7916590077466426
pH,6711.06409868177,4.9306078586035875
pH,6707.20716524492,3.791769892156696
pH,6703.35023180807,3.5460698635264314
pH,6699.49329837122,5.1487740448993575
pH,6695.63636493438,4.1788641539514293
pH,6691.77943149753,1.9477311231618237
pH,6687.92249806068,1.9853491726809482
pH,6684.06556462384,2.0800593523246285
pH,6680.20863118699,2.6610474580079035
pH,6676.35169775014,4.0447126822994921
pH,6672.49476431329,3.0370310338869495
pH,6668.63783087645,3.1595379124648466
pH,6664.7808974396,3.3093828851432199
pH,6660.92396400275,0.9350265257169732
pH,6657.0670305659,-1.3098958737284969
pH,6653.21009712906,-2.2456307462727683
pH,6649.35316369221,-1.3941002308550439
pH,6645.49623025536,0.58707780241070917
pH,6641.63929681852,1.4607857305114569
pH,6637.78236338167,1.3682562635221782
pH,6633.92542994482,-1.0291843044953199
pH,6630.06849650797,-0.40464792441581915
pH,6626.21156307113,-0.22928944533632775
pH,6622.35462963428,0.54091098395209303
pH,6618.49769619743,1.2488370847680235
pH,6614.64076276058,1.7919952689928262
pH,6610.78382932374,3.2330605026092512
pH,6606.92689588689,3.4215855257596357
pH,6603.06996245004,1.3846135385244989
pH,6599.2130290132,-0.086809274569911207
pH,6595.35609557635,-1.7990227316926215
pH,6591.4991621395,-2.1759616577979601
pH,6587.64222870265,-0.58682713552773547
pH,6583.78529526581,1.4296162518714981
pH,6579.92836182896,2.7493540204744122
pH,6576.07142839211,0.37582473884878026
pH,6572.21449495526,-1.3919139126887414
pH,6568.35756151842,-0.059739622224014716
pH,6564.50062808157,1.1998151012253269
pH,6560.64369464472,-1.4821842947072377
pH,6556.78676120788,-3.0544618407103656
pH,6552.92982777103,-1.325294569062706
pH,6549.07289433418,0.10765763547523034
pH,6545.21596089733,-0.39129656324183332
pH,6541.35902746049,-1.0628023658322829
pH,6537.50209402364,-1.0984002307366529
pH,6533.64516058679,-2.7679548954645892
pH,6529.78822714994,-4.451851054514238
pH,6525.9312937131,-3.2830484690576589
pH,6522.07436027625,-1.8536098426512344
pH,6518.2174268394,-1.2831337135469087
pH,6514.36049340256,-1.8543697551333718
pH,6510.50355996571,-2.8184301070776745
pH,6506.64662652886,-4.4477448419122849
pH,6502.78969309201,-5.6232824031429578
pH,6498.93275965517,-5.2740470947250762
pH,6495.07582621832,-3.2214492454832953
pH,6491.21889278147,-2.6523387114795636
pH,6487.36195934462,-2.3574371638822762
pH,6483.50502590778,-2.9709839874460657
pH,6479.64809247093,-2.5589588303167887
pH,6475.79115903408,-1.0492701676080132
pH,6471.93422559724,0.17252162539602608
pH,6468.07729216039,-0.65285825115180762
pH,6464.22035872354,-4.3477791355198114
pH,6460.36342528669,-4.7319149286444446
pH,6456.50649184985,-2.8955335315065156
pH,6452.649558413,-2.5549327106099895
pH,6448.79262497615,-0.99037477315446953
pH,6444.9356915393,-1.7327120765810307
pH,6441.07875810246,-2.7218327185187272
pH,6437.22182466561,-3.5949316703917775
pH,6433.36489122876,-3.4177622110347032
pH,6429.50795779192,-1.706885597885774
pH,6425.65102435507,-1.8223951390605981
pH,6421.79409091822,-4.6149507472007594
pH,6417.93715748137,-4.7525407364586716
pH,6414.08022404453,-4.2958848004518595
pH,6410.22329060768,-3.3414011830747818
pH,6406.36635717083,-1.7896126373256047
pH,6402.50942373398,0.64359291041273725
pH,6398.65249029714,-0.50980716876105481
pH,6394.79555686029,-1.9222405527679618
pH,6390.93862342344,-4.2086607746170985
pH,6387.08168998659,-6.6793128431359099
pH,6383.22475654975,-5.296717201610174
pH,6379.3678231129,-1.8536012283971584
pH,6375.51088967605,-3.6811002239294219
pH,6371.6539562392,-4.0379517194758892
pH,6367.79702280236,-2.0494713281751413
pH,6363.94008936551,-3.9420791808136117
pH,6360.08315592866,-5.44512461405332
pH,6356.22622249182,-4.5915827533961808
pH,6352.36928905497,-3.6045695006441303
pH,6348.51235561812,-4.4714145188524332
pH,6344.65542218127,-3.6051377119123384
pH,6340.79848874443,-2.7194112447072447
pH,6336.94155530758,-4.3386653085288414
pH,6333.08462187073,-4.1274546650806698
pH,6329.22768843388,-3.376281062475027
pH,6325.37075499704,-2.4066477690059931
pH,6321.51382156019,-0.98011808588956628
pH,6317.65688812334,-2.7890566925861173
pH,6313.7999546865,-5.267593185460548
pH,6309.94302124965,-3.9821463457297557
pH,6306.0860878128,-2.5120699896066476
pH,6302.22915437595,-2.6835798758863674
pH,6298.37222093911,-2.6142091700440386
pH,6294.51528750226,-2.7814068034115906
pH,6290.65835406541,-2.3742451534780944
pH,6286.80142062856,-1.1619994588707681
pH,6282.94448719172,1.3005859336686274
pH,6279.08755375487,3.4397034099194372
pH,6275.23062031802,1.3833007492885034
pH,6271.37368688118,-1.075759595605811
pH,6267.51675344433,-1.4198469913961838
pH,6263.65982000748,-0.12737552231791924
pH,6259.80288657063,0.62950459956775995
pH,6255.94595313379,-0.053394872248115385
pH,6252.08901969694,1.3126254934235944
pH,6248.23208626009,4.4803615888960193
pH,6244.37515282324,5.0135273387335841
pH,6240.5182193864,2.6050358275241399
pH,6236.66128594955,1.6456221952800634
pH,6232.8043525127,3.2369416426204913
pH,6228.94741907586,3.1750556391645381
pH,6225.09048563901,4.3119301632802483
pH,6221.23355220216,6.3021197161269455
pH,6217.37661876531,5.9070262791427925
pH,6213.51968532847,6.699310671167038
pH,6209.66275189162,6.5283310848719909
pH,6205.80581845477,5.8041657187577576
pH,6201.94888501792,5.6218201885475274
pH,6198.09195158108,5.4512232828771214
pH,6194.23501814423,6.1321032815446719
pH,6190.37808470738,5.6547064793567623
pH,6186.52115127054,5.0532302520422281
pH,6182.66421783369,5.2952506848570415
pH,6178.80728439684,4.3329937875894622
pH,6174.95035095999,5.3008960317127949
pH,6171.09341752315,5.5710447064361395
pH,6167.2364840863,5.5391146837910439
pH,6163.37955064945,4.4187152355259105
pH,6159.5226172126,3.0660256713329939
pH,6155.66568377576,1.9315001131105936
pH,6151.80875033891,0.47994374944720086
pH,6147.95181690206,0.53904339766281117
pH,6144.09488346522,1.0972655479867472
pH,6140.23795002837,1.318340076246173
pH,6136.38101659152,1.4404984791891926
pH,6132.52408315467,2.6239148686894533
pH,6128.66714971783,2.5643678583462632
pH,6124.81021628098,-0.43759093572758245
pH,6120.95328284413,-2.2553674568272113
pH,6117.09634940728,-6.226334143621818
pH,6113.23941597044,-8.0727552048379039
pH,6109.38248253359,-6.5546075543279656
pH,6105.52554909674,-6.0639330668594527
pH,6101.6686156599,-7.0327778819262114
pH,6097.81168222305,-7.8594723145952194
pH,6093.9547487862,-9.216266121434213
pH,6090.09781534935,-10.323498138291262
pH,6086.24088191251,-9.8024068296690618
pH,6082.38394847566,-10.205333682469323
pH,6078.52701503881,-9.6216807268319062
pH,6074.67008160196,-9.0215372796648534
pH,6070.81314816512,-10.875178417339772
pH,6066.95621472827,-9.4793615366722168
pH,6063.09928129142,-6.4520300201108984
pH,6059.24234785458,-5.0038179569430001
pH,6055.38541441773,-5.4393674501530285
pH,6051.52848098088,-3.5538973599480701
pH,6047.67154754403,-2.3182121771688839
pH,6043.81461410719,-1.4136287557271852
pH,6039.95768067034,0.73348968818357185
pH,6036.10074723349,1.9071091815860626
pH,6032.24381379664,1.1573722669923843
pH,6028.3868803598,1.561697362422714
pH,6024.52994692295,4.0860892608686106
pH,6020.6730134861,6.9702747171678006
pH,6016.81608004926,7.13247442618158
pH,6012.95914661241,7.8025290707129393
pH,6009.10221317556,8.1826466390682526
pH,6005.24527973871,9.099880108250753
pH,6001.38834630187,11.201151543627297
pH,5997.53141286502,7.616767030312352
pH,5993.67447942817,7.3710490070432968
pH,5989.81754599132,8.9629798365051911
pH,5985.96061255448,7.7096833264093538
pH,5982.10367911763,7.1633727003408492
pH,5978.24674568078,6.0817155183983482
pH,5974.38981224394,6.3547097971132533
pH,5970.53287880709,3.7229213768720957
pH,5966.67594537024,1.8055549760219547
pH,5962.81901193339,0.73921813553167037
pH,5958.96207849655,-1.5457691954799133
pH,5955.1051450597,-0.82067306986751754
pH,5951.24821162285,0.23549126288770839
pH,5947.391278186,-1.4996333905681567
pH,5943.53434474916,-1.0659519612967359
pH,5939.67741131231,-1.9165418802512906
pH,5935.82047787546,-0.1100969614748975
pH,5931.96354443862,2.9612878399123241
pH,5928.10661100177,5.1532395308555001
pH,5924.24967756492,7.6678104660990689
pH,5920.39274412807,8.271975273583287
pH,5916.53581069123,8.6868752776562754
pH,5912.67887725438,10.176362830283828
pH,5908.82194381753,10.627603444761078
pH,5904.96501038068,11.317739844708928
pH,5901.10807694384,10.26147656327236
pH,5897.25114350699,8.3984306206395516
pH,5893.39421007014,8.3467789128243268
pH,5889.5372766333,9.0693151733573689
pH,5885.68034319645,9.0341402571944727
pH,5881.8234097596,8.940738300767249
pH,5877.96647632275,7.5476712061064308
pH,5874.10954288591,5.1170608830649309
pH,5870.25260944906,2.5040821034731287
pH,5866.39567601221,0.35179178770242309
pH,5862.53874257536,-1.4041330548261248
pH,5858.68180913852,-1.9192626637297416
pH,5854.82487570167,-2.2438842177645997
pH,5850.96794226482,-3.3742589528856906
pH,5847.11100882798,-6.6390798862241924
pH,5843.25407539113,-10.155157390646393
pH,5839.39714195428,-10.82475655882231
pH,5835.54020851743,-13.607615811025976
pH,5831.68327508059,-14.654595090313883
pH,5827.82634164374,-15.014054998113172
pH,5823.96940820689,-15.469945868439117
pH,5820.11247477004,-16.673612372794835
pH,5816.2555413332,-17.82077315037218
pH,5812.39860789635,-19.555529980446202
pH,5808.5416744595,-19.612222404546824
pH,5804.68474102266,-16.232438277072401
pH,5800.82780758581,-12.808602926005053
pH,5796.97087414896,-12.241378742782951
pH,5793.11394071211,-12.170841801829617
pH,5789.25700727527,-10.288129493790343
pH,5785.40007383842,-9.4179210471721966
pH,5781.54314040157,-8.4531202641344976
pH,5777.68620696472,-6.4264756209223384
pH,5773.82927352788,-3.7521520937478225
pH,5769.97234009103,-1.6018695581271305
pH,5766.11540665418,-1.2190943203716729
pH,5762.25847321733,-1.3511402472586167
pH,5758.40153978049,-0.68209568728468883
pH,5754.54460634364,-0.37513670836448437
pH,5750.68767290679,0.82815172333679044
pH,5746.83073946995,1.3702103172891047
pH,5742.9738060331,1.7712361086769199
pH,5739.11687259625,2.7616783063465484
pH,5735.2599391594,3.5696698301943584
pH,5731.40300572256,5.4286089254038252
pH,5727.54607228571,7.5797769958493824
pH,5723.68913884886,5.2870819293301832
pH,5719.83220541201,4.0363971213660683
pH,5715.97527197517,4.0725400191791721
pH,5712.11833853832,5.4101810795463052
pH,5708.26140510147,6.1918517195240081
pH,5704.40447166463,5.6398398444963824
pH,5700.54753822778,6.5142849974418855
pH,5696.69060479093,6.3628603241087296
pH,5692.83367135408,6.7109617677696649
pH,5688.97673791724,9.3556645676728216
pH,5685.11980448039,9.4046609883599483
pH,5681.26287104354,8.9703570749943768
pH,5677.40593760669,8.1708270229618662
pH,5673.54900416985,9.6913086242256004
pH,5669.692070733,8.8602210729981188
pH,5665.83513729615,8.2619943462637018
pH,5661.97820385931,8.3264877454821633
pH,5658.12127042246,9.3190641881779719
pH,5654.26433698561,9.1510548643792173
pH,5650.40740354876,8.9607483677933395
pH,5646.55047011192,6.8145798986374215
pH,5642.69353667507,5.4762001345268949
pH,5638.83660323822,4.0269898849713774
pH,5634.97966980137,2.5469089778050669
pH,5631.12273636453,1.7050294189345045
pH,5627.26580292768,2.3556435130661382
pH,5623.40886949083,1.3792002201242211
pH,5619.55193605399,0.62573043288996943
pH,5615.69500261714,0.30995924492292581
pH,5611.83806918029,2.1052727195164693
pH,5607.98113574344,2.3815339693307851
pH,5604.1242023066,-0.54956860522186735
pH,5600.26726886975,-2.5004877602704609
pH,5596.4103354329,-1.7622147845881406
pH,5592.55340199605,0.94526930174653345
pH,5588.69646855921,2.7581785978154114
pH,5584.83953512236,0.51793315269531293
pH,5580.98260168551,-0.11521366985416424
pH,5577.12566824867,0.36554650904038777
pH,5573.26873481182,3.0923357589668798
pH,5569.41180137497,2.1479700027359865
pH,5565.55486793812,2.7009140862632153
pH,5561.69793450128,4.9310631082558158
pH,5557.84100106443,3.1149163109299858
pH,5553.98406762758,-0.098756171258650355
pH,5550.12713419073,0.26065893067398477
pH,5546.27020075389,0.50565011333928667
pH,5542.41326731704,1.7216535834781124
pH,5538.55633388019,1.8762937593066018
pH,5534.69940044334,3.3879100266847795
pH,5530.8424670065,2.4040852016211347
pH,5526.98553356965,0.81617247817018568
pH,5523.1286001328,0.10637958212933875
pH,5519.27166669596,-0.80141955938852383
pH,5515.41473325911,-1.4165948373016353
pH,5511.55779982226,0.068627155218723201
pH,5507.70086638541,-1.0256220186369189
pH,5503.84393294857,0.79291056808768234
pH,5499.98699951172,-0.37036911054926047
pH,5496.13006607487,1.7337044320384216
pH,5492.27313263802,4.1418759359236859
pH,5488.41619920118,3.6050125176850241
pH,5484.55926576433,-0.90336959720656251
pH,5480.70233232748,-1.0074551276668511
pH,5476.84539889064,3.8166735766886095
pH,5472.98846545379,4.6190861322519545
pH,5469.13153201694,1.9432122632264166
pH,5465.27459858009,2.437632266537276
pH,5461.41766514325,7.1477589819761729
pH,5457.5607317064,8.6508145661948657
pH,5453.70379826955,4.6545604942877112
pH,5449.8468648327,7.2526223737643072
pH,5445.98993139586,3.4331246807697977
pH,5442.13299795901,8.4701176488414003
pH,5438.27606452216,10.672750790177858
pH,5434.41913108532,4.2226609782253615
pH,5430.56219764847,2.096746712180408
pH,5426.70526421162,1.5520909233021269
pH,5422.84833077477,1.0191759227981727
pH,5418.99139733793,-2.7335995557137704
pH,5415.13446390108,-0.73709609689030264
pH,5411.27753046423,5.6966973034788113
pH,5407.42059702738,0.042595198677177176
pH,5403.56366359054,-4.4229952274470792
pH,5399.70673015369,-2.932400975408219
pH,5395.84979671684,0.039134202099475067
pH,5391.99286328,-4.2209109909894842
pH,5388.13592984315,-7.773438623641173
pH,5384.2789964063,-9.7675696457128787
pH,5380.42206296945,-6.2697646191428014
pH,5376.56512953261,-3.955553878278526
pH,5372.70819609576,-8.6098998665446711
pH,5368.85126265891,-15.530240921014336
pH,5364.99432922206,-14.176413986408795
pH,5361.13739578522,-9.075637456471501
pH,5357.28046234837,-5.5569175541800009
pH,5353.42352891152,-6.6914857913274464
pH,5349.56659547468,-5.5305101689842644
pH,5345.70966203783,-2.5006219173902879
pH,5341.85272860098,0.98276704369054901
pH,5337.99579516413,-0.025048870990398559
pH,5334.13886172729,-4.3656072434022102
pH,5330.28192829044,-7.849857531274159
pH,5326.42499485359,-11.583772453947175
pH,5322.56806141674,-14.918593332037229
pH,5318.7111279799,-11.980665124360803
pH,5314.85419454305,-10.044612772004706
pH,5310.9972611062,-5.2170965765436197
pH,5307.14032766935,-2.6625238342386286
pH,5303.28339423251,-5.7397874412807806
pH,5299.42646079566,-9.3953741764591321
pH,5295.56952735881,-6.123272982917852
pH,5291.71259392197,-1.1518073158227755
pH,5287.85566048512,-2.2351631429350496
pH,5283.99872704827,-2.3452379601012319
pH,5280.14179361142,-3.3156782102302942
pH,5276.28486017458,-3.3735909013088397
pH,5272.42792673773,-0.17099795505574775
pH,5268.57099330088,2.1014139188689875
pH,5264.71405986403,2.3076189359752304
pH,5260.85712642719,-1.8313756067937834
pH,5257.00019299034,-0.80034605444486728
pH,5253.14325955349,1.4429190240054779
pH,5249.28632611665,4.3426130525381224
pH,5245.4293926798,3.1857152762640766
pH,5241.57245924295,-0.87529419619739846
pH,5237.7155258061,-1.3191138192419218
pH,5233.85859236926,-0.50653054124639885
pH,5230.00165893241,0.5910422235701791
pH,5226.14472549556,1.4102731359380147
pH,5222.28779205871,1.0640376035271242
pH,5218.43085862187,1.0264940640172271
pH,5214.57392518502,2.0002008114106591
pH,5210.71699174817,3.7972047085497374
pH,5206.86005831133,2.3059449235038345
pH,5203.00312487448,1.058410435503998
pH,5199.14619143763,1.0733990883842024
pH,5195.28925800078,1.058244542997991
pH,5191.43232456394,0.96218940599713287
pH,5187.57539112709,0.55134582839018853
pH,5183.71845769024,0.54968019136629265
pH,5179.86152425339,-0.57451566693865397
pH,5176.00459081655,-0.689418601495287
pH,5172.1476573797,-0.43721970357922596
pH,5168.29072394285,-1.4026498595724874
pH,5164.43379050601,-1.4103833211991068
pH,5160.57685706916,-1.2584948794885686
pH,5156.71992363231,-1.4055269789405651
pH,5152.86299019546,-1.6005050161697139
pH,5149.00605675862,-2.2124948505320603
pH,5145.14912332177,-1.5961963932026282
pH,5141.29218988492,-1.637194188919191
pH,5137.43525644807,-1.1798111385000094
pH,5133.57832301123,-1.6496661061300397
pH,5129.72138957438,-1.387565478965485
pH,5125.86445613753,-1.029327144229228
pH,5122.00752270069,-0.73765152364680409
pH,5118.15058926384,-1.4342374173617227
pH,5114.29365582699,-2.1384874534350318
pH,5110.43672239014,-2.538036113430318
pH,5106.5797889533,-1.7934974498555678
pH,5102.72285551645,-1.1275674600001213
pH,5098.8659220796,-0.057227602541227739
pH,5095.00898864275,-0.35835402532583288
pH,5091.15205520591,-0.42979991956917357
pH,5087.29512176906,-0.58947925360224129
pH,5083.43818833221,-0.059179111687377585
pH,5079.58125489536,0.11208774320968039
pH,5075.72432145852,0.58281686189111548
pH,5071.86738802167,0.78790577562208086
pH,5068.01045458482,0.88838258498571099
pH,5064.15352114798,1.1932185050307171
pH,5060.29658771113,1.2461866840012827
pH,5056.43965427428,2.0619733686912025
pH,5052.58272083743,3.0751476258541568
pH,5048.72578740059,2.5505714359469032
pH,5044.86885396374,1.5848017732775916
pH,5041.01192052689,0.82995926674982834
pH,5037.15498709004,0.80238178403128357
pH,5033.2980536532,-0.35856950092747364
pH,5029.44112021635,-0.47270681671529347
pH,5025.5841867795,-0.73420967297437723
pH,5021.72725334266,-0.39778453133322195
pH,5017.87031990581,-1.2357505395527535
pH,5014.01338646896,-2.7725896687783842
pH,5010.15645303211,-3.6727356938429514
pH,5006.29951959527,-3.3833102052641162
pH,5002.44258615842,-2.5442898029206766
pH,4998.58565272157,-1.499940462417896
pH,4994.72871928472,-1.1160789723716253
pH,4990.87178584788,0.12953195553955682
pH,4987.01485241103,0.96795864846442303
pH,4983.15791897418,1.4617269074490808
pH,4979.30098553734,1.7347050725370843
pH,4975.44405210049,2.8027968566774004
pH,4971.58711866364,3.0168519826966196
pH,4967.73018522679,3.8108440777659816
pH,4963.87325178995,3.6238012072648242
pH,4960.0163183531,3.6265972871134022
pH,4956.15938491625,3.6584765441257967
pH,4952.3024514794,4.4484787576010536
pH,4948.44551804256,4.5897537892482516
pH,4944.58858460571,5.323959741228494
pH,4940.73165116886,4.7404575550745092
pH,4936.87471773202,4.1231842785593065
pH,4933.01778429517,4.0919177653078673
pH,4929.16085085832,4.9306700079846335
pH,4925.30391742147,4.8206389923788091
pH,4921.44698398463,4.4910926294162365
pH,4917.59005054778,2.7890809300403103
pH,4913.73311711093,2.4188305772015291
pH,4909.87618367408,2.5869514620025327
pH,4906.01925023724,3.8563872811289523
pH,4902.16231680039,4.0902823709995673
pH,4898.30538336354,3.8901780525034284
pH,4894.4484499267,2.2627786320133758
pH,4890.59151648985,0.78536049169970179
pH,4886.734583053,-0.51886382409539034
pH,4882.87764961615,0.59409821958581943
pH,4879.02071617931,1.1495574273045579
pH,4875.16378274246,0.5173393115893713
pH,4871.30684930561,-1.5226477596368733
pH,4867.44991586876,-2.686741474763648
pH,4863.59298243192,-3.008409865357748
pH,4859.73604899507,-2.0559653563423779
pH,4855.87911555822,-1.1875525719840285
pH,4852.02218212137,-0.71722058460103055
pH,4848.16524868453,-1.4515116437967179
pH,4844.30831524768,-1.6722104960284627
pH,4840.45138181083,-1.5365763274782682
pH,4836.59444837399,-0.58479042576665263
pH,4832.73751493714,0.40447268799038061
pH,4828.88058150029,1.1296704791199093
pH,4825.02364806344,0.40485468152985898
pH,4821.1667146266,0.19308208063870891
pH,4817.30978118975,0.34867452933532395
pH,4813.4528477529,0.23456059668732515
pH,4809.59591431605,0.15100712009590159
pH,4805.73898087921,1.1964375244507002
pH,4801.88204744236,1.1752454069584768
pH,4798.02511400551,0.38212284626841359
pH,4794.16818056867,-0.22642524452722346
pH,4790.31124713182,1.023416567705149
pH,4786.45431369497,1.42216904059456
pH,4782.59738025812,1.9866045154668364
pH,4778.74044682128,2.3062649549459371
pH,4774.88351338443,2.2877757346692666
pH,4771.02657994758,2.4174888546019893
pH,4767.16964651073,2.7512975188370876
pH,4763.31271307389,2.3750769177329918
pH,4759.45577963704,2.2008054731805182
pH,4755.59884620019,1.8593181561896366
pH,4751.74191276335,2.4135098038709937
pH,4747.8849793265,1.8363185511003106
pH,4744.02804588965,1.3284630419959413
pH,4740.1711124528,0.57902920902627508
pH,4736.31417901596,0.57864901859457285
pH,4732.45724557911,0.65808235093472833
pH,4728.60031214226,0.89063435140338543
pH,4724.74337870541,-0.36032849135911482
pH,4720.88644526857,-1.0279001589191006
pH,4717.02951183172,-1.6327382258500442
pH,4713.17257839487,-0.56472620615276703
pH,4709.31564495803,-0.1564942425325466
pH,4705.45871152118,-0.90404941266628036
pH,4701.60177808433,-2.3555907171602199
pH,4697.74484464748,-2.8347448640618604
pH,4693.88791121064,-3.1905513942139021
pH,4690.03097777379,-2.271387443753865
pH,4686.17404433694,-1.353975828924914
pH,4682.31711090009,-1.241861112215936
pH,4678.46017746325,-2.0190346265317438
pH,4674.6032440264,-2.6750994185148746
pH,4670.74631058955,-3.1596071630218661
pH,4666.88937715271,-2.1705731922684937
pH,4663.03244371586,-0.3596700157644937
pH,4659.17551027901,1.7097528078547524
pH,4655.31857684216,0.045250172610903708
pH,4651.46164340532,-1.4911900557925746
pH,4647.60470996847,-1.3577356936301619
pH,4643.74777653162,-0.50659461948344886
pH,4639.89084309477,-0.19013137431345217
pH,4636.03390965793,-0.85733423455400015
pH,4632.17697622108,-3.2465219693166558
pH,4628.32004278423,-4.8364510037881931
pH,4624.46310934739,-5.3110181320019558
pH,4620.60617591054,-3.4293417247944915
pH,4616.74924247369,-3.7468248316559403
pH,4612.89230903684,-3.9266109759746906
pH,4609.0353756,-3.4427702818879204
pH,4605.17844216315,-2.8791820348176214
pH,4601.3215087263,-3.7582941421044365
pH,4597.46457528945,-3.3142673032697751
pH,4593.60764185261,-2.2427723455760753
pH,4589.75070841576,-0.23972967389923777
pH,4585.89377497891,-0.4516678037052137
pH,4582.03684154207,-1.8051265145905802
pH,4578.17990810522,-2.5330030417509426
pH,4574.32297466837,-1.6335524213110166
pH,4570.46604123152,0.15444245229032036
pH,4566.60910779468,0.94555010611141754
pH,4562.75217435783,1.1705209215311687
pH,4558.89524092098,2.2640357324791474
pH,4555.03830748413,2.2016157565956083
pH,4551.18137404729,1.8875377613562065
pH,4547.32444061044,0.24189301608551264
pH,4543.46750717359,0.65513243267785048
pH,4539.61057373675,0.56002749814865849
pH,4535.7536402999,1.4421241637534745
pH,4531.89670686305,0.44441526440857487
pH,4528.0397734262,-1.8631887084280081
pH,4524.18283998936,-2.4526695360744748
pH,4520.32590655251,-0.91855513794002208
pH,4516.46897311566,0.85458320693875256
pH,4512.61203967881,1.7749164132754767
pH,4508.75510624197,0.66814851726342794
pH,4504.89817280512,0.519568249179022
pH,4501.04123936827,0.27761095543793091
pH,4497.18430593143,1.5248102926322302
pH,4493.32737249458,3.7882108161231955
pH,4489.47043905773,5.8281230830260897
pH,4485.61350562088,5.7464545264060849
pH,4481.75657218404,4.0552991413007637
pH,4477.89963874719,1.9990709213654072
pH,4474.04270531034,3.4541931772928502
pH,4470.18577187349,5.870080937208968
pH,4466.32883843665,7.4768282925005884
pH,4462.4719049998,6.2841702981751641
pH,4458.61497156295,3.9332805204125485
pH,4454.75803812611,0.55749212491642608
pH,4450.90110468926,0.28822090807512402
pH,4447.04417125241,1.2162956009748835
pH,4443.18723781556,0.20789443402815813
pH,4439.33030437872,-3.9554970185818492
pH,4435.47337094187,-7.8929355612998799
pH,4431.61643750502,-10.79057235422758
pH,4427.75950406817,-10.701637199584756
pH,4423.90257063133,-8.8275955564057504
pH,4420.04563719448,-6.4907083218337895
pH,4416.18870375763,-5.611614775664215
pH,4412.33177032078,-3.8039226511804798
pH,4408.47483688394,-2.4592680339599147
pH,4404.61790344709,-0.14631736937466719
pH,4400.76097001024,2.1482916772872751
pH,4396.9040365734,3.4119747443298247
pH,4393.04710313655,3.0549984538568906
pH,4389.1901696997,1.9267890752673325
pH,4385.33323626285,0.15463421146995723
pH,4381.47630282601,-0.9786265189532094
pH,4377.61936938916,-1.9367636013771723
pH,4373.76243595231,-1.416098586261251
pH,4369.90550251546,-1.1332430709912438
pH,4366.04856907862,1.2537221773902474
pH,4362.19163564177,3.3439845995910789
pH,4358.33470220492,6.8494854387347264
pH,4354.47776876808,8.2462531476698491
pH,4350.62083533123,9.2053307837130678
pH,4346.76390189438,10.078734490167657
pH,4342.90696845753,11.266263067392821
pH,4339.05003502069,10.129698192807094
pH,4335.19310158384,8.8721882712585209
pH,4331.33616814699,5.835666134102599
pH,4327.47923471014,4.5001799537614753
pH,4323.6223012733,4.9160457628966867
pH,4319.76536783645,7.0746864137532244
pH,4315.9084343996,4.8828536153162965
pH,4312.05150096276,1.8262429321052536
pH,4308.19456752591,-0.84726963692436708
pH,4304.33763408906,-0.53734300007963709
pH,4300.48070065221,0.072789136177998967
pH,4296.62376721537,1.2613535510771654
pH,4292.76683377852,1.7769452035271507
pH,4288.90990034167,2.2757189922981045
pH,4285.05296690482,1.192919536034762
pH,4281.19603346798,1.3060336878827421
pH,4277.33910003113,2.9693695761299344
pH,4273.48216659428,4.4021678568545868
pH,4269.62523315744,3.4672664229033026
pH,4265.76829972059,1.4174932756556033
pH,4261.91136628374,-0.84322216598289612
pH,4258.05443284689,-1.233028105984564
pH,4254.19749941005,-0.80681698483278308
pH,4250.3405659732,-0.30172079710003058
pH,4246.48363253635,-1.8397909535720691
pH,4242.6266990995,-4.3017660554347348
pH,4238.76976566266,-5.9210151172487464
pH,4234.91283222581,-4.0164201068004708
pH,4231.05589878896,-2.7743870019339991
pH,4227.19896535212,-1.7916959462331026
pH,4223.34203191527,-3.3075201724544949
pH,4219.48509847842,-4.6681652682537917
pH,4215.62816504157,-4.8290209636365491
pH,4211.77123160473,-3.4642587403273826
pH,4207.91429816788,-2.5059535925407652
pH,4204.05736473103,-2.2604936843928134
pH,4200.20043129418,-2.3179376906115299
pH,4196.34349785734,-1.5788551170491834
pH,4192.48656442049,-1.5064391118363896
pH,4188.62963098364,-1.2064229486172287
pH,4184.7726975468,-0.21377031794848539
pH,4180.91576410995,1.1544078759627232
pH,4177.0588306731,0.74049292043885517
pH,4173.20189723625,-0.022132090967473185
pH,4169.34496379941,-1.7069688100476494
pH,4165.48803036256,-1.8337214267827591
pH,4161.63109692571,-2.8696915281606596
pH,4157.77416348886,-3.6753989441259289
pH,4153.91723005202,-5.0454236314348497
pH,4150.06029661517,-5.6234829209519139
pH,4146.20336317832,-6.4786716305287042
pH,4142.34642974148,-6.7289767902965085
pH,4138.48949630463,-7.4575707021314477
pH,4134.63256286778,-7.3744959026444397
pH,4130.77562943093,-5.7678547869041132
pH,4126.91869599409,-2.8128323601567322
pH,4123.06176255724,-3.0108457682430352
pH,4119.20482912039,-3.6521702458717309
pH,4115.34789568354,-4.2512054084197155
pH,4111.4909622467,-2.3561126878021303
pH,4107.63402880985,-0.30598519868623936
pH,4103.777095373,1.36000972299157
pH,4099.92016193616,1.7374074989773369
pH,4096.06322849931,0.97660433454519135
pH,4092.20629506246,-0.74751850124688624
pH,4088.34936162561,-1.0605469069641615
pH,4084.49242818877,-0.90849998781575247
pH,4080.63549475192,1.3384118868611581
pH,4076.77856131507,1.8871811893504851
pH,4072.92162787822,0.61141382232161379
pH,4069.06469444138,-2.438976813073797
pH,4065.20776100453,-4.3063330609878125
pH,4061.35082756768,-3.3499108493995995
pH,4057.49389413083,-0.9847664664602952
pH,4053.63696069399,-1.401660142623198
pH,4049.78002725714,-3.1034955087309966
pH,4045.92309382029,-4.2521110191828502
pH,4042.06616038345,-3.2090812379548064
pH,4038.2092269466,-1.8894480867800147
pH,4034.35229350975,-0.53206557900590168
pH,4030.4953600729,-0.043431923181627273
pH,4026.63842663606,0.42361342389112816
pH,4022.78149319921,1.0706682018957414
pH,4018.92455976236,2.3294985295823492
pH,4015.06762632551,3.1843385009340164
pH,4011.21069288867,4.7115639571542189
pH,4007.35375945182,6.0738767811712266
pH,4003.49682601497,7.1297021176173736
pH,3999.63989257813,7.5176793164745916
Starch,10001.0283203125,104.17721307068886
Starch,9997.17138687565,81.570672075798143
Starch,9993.31445343881,43.985864474726526
Starch,9989.45752000196,21.783224818535004
Starch,9985.60058656511,27.405497539612462
Starch,9981.74365312826,17.359353535262418
Starch,9977.88671969142,-23.439265053368842
Starch,9974.02978625457,0.13637216914035113
Starch,9970.17285281772,49.319201234237148
Starch,9966.31591938088,14.008077947005262
Starch,9962.45898594403,-62.099940268993052
Starch,9958.60205250718,-41.021066876945156
Starch,9954.74511907033,10.019064759184666
Starch,9950.88818563349,-7.6760969912345614
Starch,9947.03125219664,-11.516500828558453
Starch,9943.17431875979,14.43186389540149
Starch,9939.31738532294,51.773472708294761
Starch,9935.4604518861,37.942598590205314
Starch,9931.60351844925,16.592122586987326
Starch,9927.7465850124,-8.9162584126534856
Starch,9923.88965157556,-12.8109599306165
Starch,9920.03271813871,-2.0367048302784383
Starch,9916.17578470186,17.088293852611752
Starch,9912.31885126501,31.754998009824337
Starch,9908.46191782817,18.907883017344389
Starch,9904.60498439132,5.3305557799230803
Starch,9900.74805095447,1.1143751378017066
Starch,9896.89111751762,17.398523313172348
Starch,9893.03418408078,-9.27426900145249
Starch,9889.17725064393,-16.016297801550522
Starch,9885.32031720708,5.54322194930098
Starch,9881.46338377024,36.610862284245648
Starch,9877.60645033339,58.311296484787363
Starch,9873.74951689654,33.739923396967676
Starch,9869.89258345969,-11.423406637559426
Starch,9866.03565002284,-58.593470528511929
Starch,9862.178716586,-79.300852167264537
Starch,9858.32178314915,-2.4214296320058364
Starch,9854.4648497123,25.138654890886659
Starch,9850.60791627546,27.003154714134922
Starch,9846.75098283861,20.952610632170806
Starch,9842.89404940176,-23.768869930685337
Starch,9839.03711596492,-26.348965338009165
Starch,9835.18018252807,18.180967677789464
Starch,9831.32324909122,5.3205988703082943
Starch,9827.46631565437,-57.006445040561765
Starch,9823.60938221752,-21.8139723476257
Starch,9819.75244878068,29.364173357453168
Starch,9815.89551534383,33.825141774424004
Starch,9812.03858190698,24.452733248180159
Starch,9808.18164847014,-29.042813048822005
Starch,9804.32471503329,-56.647658574748597
Starch,9800.46778159644,-29.720600897662028
Starch,9796.6108481596,-14.636419375474015
Starch,9792.75391472275,-3.2499277475120731
Starch,9788.8969812859,-15.444934667336431
Starch,9785.04004784905,-65.663666098268592
Starch,9781.1831144122,-51.130863361907394
Starch,9777.32618097536,-29.790507568106523
Starch,9773.46924753851,-51.401343163616183
Starch,9769.61231410166,-67.572901839656723
Starch,9765.75538066482,-77.205103743873224
Starch,9761.89844722797,-45.21443076591833
Starch,9758.04151379112,8.2959465906488177
Starch,9754.18458035428,25.530999095816924
Starch,9750.32764691743,38.353026129137241
Starch,9746.47071348058,20.435612955428216
Starch,9742.61378004373,-22.815096377989939
Starch,9738.75684660688,-15.703996746356779
Starch,9734.89991317004,39.69893632832197
Starch,9731.04297973319,43.020448617832876
Starch,9727.18604629634,18.820561659655475
Starch,9723.3291128595,-26.175287361885921
Starch,9719.47217942265,-30.5208182365411
Starch,9715.6152459858,-15.68399125129446
Starch,9711.75831254896,4.4114478507520509
Starch,9707.90137911211,17.097086184862626
Starch,9704.04444567526,-36.671176102409341
Starch,9700.18751223841,-74.979012020237107
Starch,9696.33057880156,-42.002787728237806
Starch,9692.47364536472,-6.7806754685313839
Starch,9688.61671192787,-7.8810730138071499
Starch,9684.75977849102,-5.3368199684970241
Starch,9680.90284505418,7.3225617935178482
Starch,9677.04591161733,0.94846993312846284
Starch,9673.18897818048,1.6396104402111396
Starch,9669.33204474363,0.49997011049446499
Starch,9665.47511130679,18.631803528519693
Starch,9661.61817786994,40.808209825910801
Starch,9657.76124443309,22.469942556751963
Starch,9653.90431099624,-9.6218373931223393
Starch,9650.0473775594,6.9276557643039105
Starch,9646.19044412255,35.748292771057827
Starch,9642.3335106857,12.784676126999729
Starch,9638.47657724886,-25.729354252375877
Starch,9634.61964381201,16.952501628252381
Starch,9630.76271037516,40.450533227856283
Starch,9626.90577693831,19.411432053707518
Starch,9623.04884350147,-4.4391736713444017
Starch,9619.19191006462,-19.468031121362088
Starch,9615.33497662777,-18.190619837664556
Starch,9611.47804319092,-26.823583216639005
Starch,9607.62110975408,-4.8497235852003904
Starch,9603.76417631723,-8.1315612086343023
Starch,9599.90724288038,-7.8362089067648206
Starch,9596.05030944354,10.343482595842467
Starch,9592.19337600669,-12.320202923853961
Starch,9588.33644256984,12.747732137792328
Starch,9584.47950913299,6.5132319684203823
Starch,9580.62257569615,-31.03358624340359
Starch,9576.7656422593,-23.244042352204765
Starch,9572.90870882245,-11.7460236751098
Starch,9569.0517753856,9.0681985551716249
Starch,9565.19484194876,15.871738478232503
Starch,9561.33790851191,-6.7793981268377408
Starch,9557.48097507506,-9.5709332272656518
Starch,9553.62404163822,2.9071610901166265
Starch,9549.76710820137,-0.79609262809183234
Starch,9545.91017476452,11.207298680874052
Starch,9542.05324132767,6.0986162011629075
Starch,9538.19630789083,-4.1588209170411403
Starch,9534.33937445398,-9.6562043599346961
Starch,9530.48244101713,0.92442687995486683
Starch,9526.62550758028,39.219036566455195
Starch,9522.76857414344,37.932167651699864
Starch,9518.91164070659,27.25714114815052
Starch,9515.05470726974,53.704986328618631
Starch,9511.1977738329,52.087657463024698
Starch,9507.34084039605,38.398542067083795
Starch,9503.4839069592,16.023981512655656
Starch,9499.62697352235,-8.3454938546882502
Starch,9495.77004008551,-19.228790091221502
Starch,9491.91310664866,5.2827175181622907
Starch,9488.05617321181,-6.3051867239945585
Starch,9484.19923977496,-12.429430034192237
Starch,9480.34230633812,-1.2835395445152709
Starch,9476.48537290127,-13.886263445641678
Starch,9472.62843946442,-27.766312740709125
Starch,9468.77150602758,-33.121428106507899
Starch,9464.91457259073,0.88758921913508249
Starch,9461.05763915388,5.1483342216263761
Starch,9457.20070571703,-14.291433649195143
Starch,9453.34377228019,-20.386553829971213
Starch,9449.48683884334,-33.866448699011755
Starch,9445.62990540649,-25.52434581549738
Starch,9441.77297196964,-23.285536363563704
Starch,9437.9160385328,1.5568697070186603
Starch,9434.05910509595,14.931657591316887
Starch,9430.2021716591,18.64603706252289
Starch,9426.34523822226,33.362774873619003
Starch,9422.48830478541,43.763436986847516
Starch,9418.63137134856,38.303061672764244
Starch,9414.77443791171,11.133799063711827
Starch,9410.91750447487,10.885264390012797
Starch,9407.06057103802,13.92689777556453
Starch,9403.20363760117,27.59616647466974
Starch,9399.34670416432,26.610188163767926
Starch,9395.48977072748,41.321126576104312
Starch,9391.63283729063,46.188475000502464
Starch,9387.77590385378,49.552648891715549
Starch,9383.91897041694,54.897945247215183
Starch,9380.06203698009,27.772588049734001
Starch,9376.20510354324,-22.19016578042303
Starch,9372.34817010639,-32.062066099221454
Starch,9368.49123666955,-5.9625114247756033
Starch,9364.6343032327,21.350199990017501
Starch,9360.77736979585,-2.0760869878775692
Starch,9356.920436359,-15.904826690632008
Starch,9353.06350292216,-1.5475631641936987
Starch,9349.20656948531,18.656236411002265
Starch,9345.34963604846,42.872877942669142
Starch,9341.49270261162,39.61590470735873
Starch,9337.63576917477,28.253384401095246
Starch,9333.77883573792,22.786878766285326
Starch,9329.92190230107,13.322901684081259
Starch,9326.06496886423,-21.241376636806912
Starch,9322.20803542738,-54.060821265239426
Starch,9318.35110199053,-24.526875398781094
Starch,9314.49416855368,-4.5984463023555513
Starch,9310.63723511684,8.3860825721739722
Starch,9306.78030167999,23.459529784896642
Starch,9302.92336824314,12.240764767565619
Starch,9299.0664348063,-34.41985955364845
Starch,9295.20950136945,-39.957580843328373
Starch,9291.3525679326,-29.291224349289237
Starch,9287.49563449575,-29.334924061094927
Starch,9283.63870105891,-4.786146133276997
Starch,9279.78176762206,1.0267878765988359
Starch,9275.92483418521,19.031568838112356
Starch,9272.06790074836,11.034784802094975
Starch,9268.21096731152,-13.502765538367591
Starch,9264.35403387467,12.331742646563921
Starch,9260.49710043782,16.48491157388829
Starch,9256.64016700098,10.853906746955273
Starch,9252.78323356413,-16.492783767637309
Starch,9248.92630012728,-25.843888409171552
Starch,9245.06936669043,-18.432728342317034
Starch,9241.21243325358,-0.50628790150774705
Starch,9237.35549981674,-19.338237325857914
Starch,9233.49856637989,-46.613579525629468
Starch,9229.64163294304,-4.8548352423578196
Starch,9225.7846995062,-7.7295985127230207
Starch,9221.92776606935,-24.570084261494721
Starch,9218.0708326325,-18.567898158883132
Starch,9214.21389919565,-7.6562479755946367
Starch,9210.35696575881,-31.41237349803389
Starch,9206.50003232196,-47.458562899822965
Starch,9202.64309888511,-40.618846498350457
Starch,9198.78616544826,-9.9212733622691918
Starch,9194.92923201142,15.835060804832912
Starch,9191.07229857457,2.204103607877606
Starch,9187.21536513772,-12.89030500381083
Starch,9183.35843170088,-5.1130130619939447
Starch,9179.50149826403,2.2131197258096598
Starch,9175.64456482718,4.123261884125772
Starch,9171.78763139033,4.7455318024386548
Starch,9167.93069795349,9.8254387516311272
Starch,9164.07376451664,4.6997331775433357
Starch,9160.21683107979,-18.071465536532223
Starch,9156.35989764294,-25.741951970214977
Starch,9152.5029642061,-30.846074310104097
Starch,9148.64603076925,-34.642532645905767
Starch,9144.7890973324,-24.630559063966022
Starch,9140.93216389556,-31.583912682725177
Starch,9137.07523045871,-39.577127239053361
Starch,9133.21829702186,0.56160316806194843
Starch,9129.36136358501,21.185376485368312
Starch,9125.50443014817,-25.399097703867255
Starch,9121.64749671132,-55.853182302174034
Starch,9117.79056327447,-39.805742492830461
Starch,9113.93362983762,-28.008395446804421
Starch,9110.07669640078,-46.065953931415727
Starch,9106.21976296393,-69.874255267418619
Starch,9102.36282952708,-39.767432735726892
Starch,9098.50589609024,-26.288616355729385
Starch,9094.64896265339,-13.526817004203282
Starch,9090.79202921654,-12.174918936029794
Starch,9086.93509577969,-32.448785761918927
Starch,9083.07816234285,-38.671587225766785
Starch,9079.221228906,-44.382329712540887
Starch,9075.36429546915,-26.864960287619962
Starch,9071.5073620323,-14.651898052048493
Starch,9067.65042859546,-20.151109015624943
Starch,9063.79349515861,-33.525005405598819
Starch,9059.93656172176,-20.262131848479672
Starch,9056.07962828492,26.28032499733726
Starch,9052.22269484807,4.3185660120397937
Starch,9048.36576141122,-47.662329451312708
Starch,9044.50882797437,-61.966591843605748
Starch,9040.65189453753,-28.19694795393972
Starch,9036.79496110068,-1.5078465335007381
Starch,9032.93802766383,-21.370253180367587
Starch,9029.08109422698,-29.49791601517348
Starch,9025.22416079014,-0.54748825203318818
Starch,9021.36722735329,33.715610145373887
Starch,9017.51029391644,14.038734382561067
Starch,9013.6533604796,2.7685489943087607
Starch,9009.79642704275,11.946251899637621
Starch,9005.9394936059,-4.0167532413464828
Starch,9002.08256016905,-9.687628270163767
Starch,8998.22562673221,-15.240871214082436
Starch,8994.36869329536,-3.856085480776998
Starch,8990.51175985851,13.806357050217789
Starch,8986.65482642166,9.0638875526584055
Starch,8982.79789298482,-7.6952074962716637
Starch,8978.94095954797,-14.283736945706744
Starch,8975.08402611112,-20.672695132709048
Starch,8971.22709267428,-6.6997490344122559
Starch,8967.37015923743,19.235755494740314
Starch,8963.51322580058,2.354313315121277
Starch,8959.65629236373,-7.2859551827029261
Starch,8955.79935892689,-7.2872919503807259
Starch,8951.94242549004,-7.0427114558669679
Starch,8948.08549205319,3.1217314828149232
Starch,8944.22855861634,-1.4685835582437852
Starch,8940.3716251795,-6.6411387924735434
Starch,8936.51469174265,-6.1633743814529582
Starch,8932.6577583058,-4.7944601799711677
Starch,8928.80082486896,0.27237248515868567
Starch,8924.94389143211,4.973222496354734
Starch,8921.08695799526,39.265059765404196
Starch,8917.23002455841,58.16102331065801
Starch,8913.37309112157,45.531577424494422
Starch,8909.51615768472,24.364610675267237
Starch,8905.65922424787,14.156952043140002
Starch,8901.80229081102,15.259783036643363
Starch,8897.94535737418,29.730613584977998
Starch,8894.08842393733,35.636493784438564
Starch,8890.23149050048,29.4221902287772
Starch,8886.37455706364,9.7870356014762656
Starch,8882.51762362679,-16.976045815483122
Starch,8878.66069018994,-34.479489151945991
Starch,8874.80375675309,-13.15388894765157
Starch,8870.94682331625,22.058518733868848
Starch,8867.0898898794,15.255915091413408
Starch,8863.23295644255,-4.6947291482103637
Starch,8859.3760230057,-1.0452360878879037
Starch,8855.51908956886,33.61620757243999
Starch,8851.66215613201,33.443355059240908
Starch,8847.80522269516,21.509822711736319
Starch,8843.94828925832,9.6353719775738398
Starch,8840.09135582147,37.524531377741887
Starch,8836.23442238462,43.952870325739902
Starch,8832.37748894777,31.317529028991633
Starch,8828.52055551093,7.4065660289514419
Starch,8824.66362207408,-15.225465263864752
Starch,8820.80668863723,6.0878203370240822
Starch,8816.94975520038,19.092800222620031
Starch,8813.09282176354,14.771767138488197
Starch,8809.23588832669,33.329561291241788
Starch,8805.37895488984,56.190422996401551
Starch,8801.522021453,51.893842600154294
Starch,8797.66508801615,18.854430716431079
Starch,8793.8081545793,25.568238044281312
Starch,8789.95122114245,31.573635908839943
Starch,8786.09428770561,9.2258241417633098
Starch,8782.23735426876,-9.1740833831867903
Starch,8778.38042083191,-0.79297725566449628
Starch,8774.52348739506,-18.873518270487022
Starch,8770.66655395822,-19.503249280618665
Starch,8766.80962052137,-13.121211731355345
Starch,8762.95268708452,18.551122525644157
Starch,8759.09575364767,2.3810234643025039
Starch,8755.23882021083,-17.415015499140559
Starch,8751.38188677398,-18.244588801187238
Starch,8747.52495333713,7.3097619845341146
Starch,8743.66801990029,24.871258967789185
Starch,8739.81108646344,27.920444426089471
Starch,8735.95415302659,14.96543777470265
Starch,8732.09721958974,20.641013695058778
Starch,8728.2402861529,9.2419932257528075
Starch,8724.38335271605,6.2848437661850056
Starch,8720.5264192792,7.9395768571566672
Starch,8716.66948584235,2.1642626441716017
Starch,8712.81255240551,-11.699246043724877
Starch,8708.95561896866,-4.7453040699514792
Starch,8705.09868553181,16.021885701718638
Starch,8701.24175209497,47.276933444252606
Starch,8697.38481865812,57.790472831170824
Starch,8693.52788522127,46.711395477565169
Starch,8689.67095178442,33.420850721805927
Starch,8685.81401834758,7.754719851631366
Starch,8681.95708491073,10.084115614732058
Starch,8678.10015147388,30.140380768711175
Starch,8674.24321803703,25.178726979759045
Starch,8670.38628460019,11.43090794379949
Starch,8666.52935116334,-4.6097052292572549
Starch,8662.67241772649,-0.64555901485034028
Starch,8658.81548428965,0.61446240915462969
Starch,8654.9585508528,-14.370301956291526
Starch,8651.10161741595,4.8412748892015856
Starch,8647.2446839791,16.778392507674624
Starch,8643.38775054226,-14.090778055757232
Starch,8639.53081710541,-27.996800952530613
Starch,8635.67388366856,-18.342188997759767
Starch,8631.81695023171,8.7201726318935879
Starch,8627.96001679487,21.127411626211888
Starch,8624.10308335802,6.0126962426195645
Starch,8620.24614992117,-18.346719149766024
Starch,8616.38921648433,-38.422083424419021
Starch,8612.53228304748,-50.780138277743092
Starch,8608.67534961063,-48.710100568435379
Starch,8604.81841617378,-27.460454621240164
Starch,8600.96148273694,-13.244648960882325
Starch,8597.10454930009,-15.591769963020024
Starch,8593.24761586324,-9.3633110900947472
Starch,8589.39068242639,-12.840729616394178
Starch,8585.53374898955,2.7397366386612174
Starch,8581.6768155527,-4.8701014195422623
Starch,8577.81988211585,-30.711114785388567
Starch,8573.96294867901,-13.272390551156343
Starch,8570.10601524216,0.34467390594436509
Starch,8566.24908180531,2.2802419815126393
Starch,8562.39214836846,-14.672694804642235
Starch,8558.53521493162,0.64687509342265015
Starch,8554.67828149477,-14.12773299021929
Starch,8550.82134805792,-20.852060050780647
Starch,8546.96441462107,0.79408781434995535
Starch,8543.10748118423,9.0169133998615845
Starch,8539.25054774738,-4.7007717286332564
Starch,8535.39361431053,-10.352153958617233
Starch,8531.53668087368,-1.2544278813451257
Starch,8527.67974743684,22.907390622261907
Starch,8523.82281399999,33.470971990609414
Starch,8519.96588056314,27.589334158567851
Starch,8516.1089471263,17.035854863291654
Starch,8512.25201368945,15.492868857005787
Starch,8508.3950802526,17.56137515495562
Starch,8504.53814681575,18.479363696438551
Starch,8500.68121337891,30.906267726604575
Starch,8496.82427994206,22.751212154394636
Starch,8492.96734650521,34.681603872893042
Starch,8489.11041306836,30.343213788241677
Starch,8485.25347963152,45.381167750220378
Starch,8481.39654619467,89.906105890041957
Starch,8477.53961275782,89.599183800772764
Starch,8473.68267932098,76.424299832731137
Starch,8469.82574588413,70.928019164568909
Starch,8465.96881244728,35.749582240563988
Starch,8462.11187901043,46.300889428800531
Starch,8458.25494557359,85.96208103198525
Starch,8454.39801213674,42.789125185782062
Starch,8450.54107869989,1.0496614898958063
Starch,8446.68414526304,-6.4570612019982141
Starch,8442.8272118262,-0.099255136543043049
Starch,8438.97027838935,-10.876724041744371
Starch,8435.1133449525,-16.533993524326078
Starch,8431.25641151566,3.6300197071954208
Starch,8427.39947807881,8.9955990018270668
Starch,8423.54254464196,5.5100355550203011
Starch,8419.68561120511,1.2799715365745947
Starch,8415.82867776827,-10.656155872279053
Starch,8411.97174433142,-40.956600951932309
Starch,8408.11481089457,-38.386742573559019
Starch,8404.25787745772,9.0798869560448363
Starch,8400.40094402088,61.28126637162012
Starch,8396.54401058403,59.677792978130697
Starch,8392.68707714718,12.472396897807579
Starch,8388.83014371034,-33.833876478742944
Starch,8384.97321027349,-37.843602748134437
Starch,8381.11627683664,1.982109062742887
Starch,8377.25934339979,43.907924616837896
Starch,8373.40240996295,53.531190286417257
Starch,8369.5454765261,31.603807796042393
Starch,8365.68854308925,42.915633639397072
Starch,8361.8316096524,19.731160806340675
Starch,8357.97467621556,11.241697836667534
Starch,8354.11774277871,23.11310774725041
Starch,8350.26080934186,21.422354757084459
Starch,8346.40387590502,19.500891665333686
Starch,8342.54694246817,32.94193898001047
Starch,8338.69000903132,23.872249212459696
Starch,8334.83307559447,27.041000308774017
Starch,8330.97614215763,17.355629273311624
Starch,8327.11920872078,14.007408391936201
Starch,8323.26227528393,26.425280530097353
Starch,8319.40534184708,40.931959219463479
Starch,8315.54840841024,-13.471067917207169
Starch,8311.69147497339,-11.93764072872429
Starch,8307.83454153654,61.712602793141805
Starch,8303.97760809969,45.030775296296078
Starch,8300.12067466285,-1.1857059006851267
Starch,8296.263741226,31.818307423355854
Starch,8292.40680778915,48.732891280106195
Starch,8288.54987435231,38.721497425283857
Starch,8284.69294091546,20.813036491911671
Starch,8280.83600747861,-6.2554530483002111
Starch,8276.97907404176,-2.2968577468972153
Starch,8273.12214060492,34.936460143982536
Starch,8269.26520716807,76.272945911783225
Starch,8265.40827373122,53.472457899009946
Starch,8261.55134029437,10.524954458460822
Starch,8257.69440685753,31.765442609983658
Starch,8253.83747342068,57.3534068299575
Starch,8249.98053998383,41.880027445510507
Starch,8246.12360654699,10.547854407045683
Starch,8242.26667311014,-6.0640275571644811
Starch,8238.40973967329,3.9585051370053179
Starch,8234.55280623644,-16.364732758925722
Starch,8230.6958727996,-40.888924402280722
Starch,8226.83893936275,-45.610372417849078
Starch,8222.9820059259,-40.470478530390047
Starch,8219.12507248905,-61.900237233704068
Starch,8215.26813905221,-78.710328065772885
Starch,8211.41120561536,-68.555020697502485
Starch,8207.55427217851,-8.3187649440083753
Starch,8203.69733874167,18.638032540553581
Starch,8199.84040530482,-18.880687647284546
Starch,8195.98347186797,-48.93802173280536
Starch,8192.12653843112,-47.952060084519218
Starch,8188.26960499428,-3.2480068075407575
Starch,8184.41267155743,-17.10748427055622
Starch,8180.55573812058,-32.682392742731608
Starch,8176.69880468373,-25.137546976009194
Starch,8172.84187124689,-44.1692555554921
Starch,8168.98493781004,-56.671998167271916
Starch,8165.12800437319,-14.790517102577519
Starch,8161.27107093635,-7.4461894346568096
Starch,8157.4141374995,-42.495594717674457
Starch,8153.55720406265,-59.374600557591123
Starch,8149.7002706258,-33.864781562728943
Starch,8145.84333718896,-42.128403139624133
Starch,8141.98640375211,-44.505026612159497
Starch,8138.12947031526,-56.305286492865484
Starch,8134.27253687841,-55.084382767352459
Starch,8130.41560344157,-33.429530322961533
Starch,8126.55867000472,-15.892207261171231
Starch,8122.70173656787,-27.85597856123438
Starch,8118.84480313103,-51.082439224862718
Starch,8114.98786969418,-54.625889657541066
Starch,8111.13093625733,-41.149979677127
Starch,8107.27400282048,-45.112134692446972
Starch,8103.41706938364,-61.673155533137567
Starch,8099.56013594679,-81.463054475172981
Starch,8095.70320250994,-98.74463671799549
Starch,8091.84626907309,-86.956172670701761
Starch,8087.98933563625,-68.27841283599858
Starch,8084.1324021994,-65.989798776511307
Starch,8080.27546876255,-63.224183268188952
Starch,8076.41853532571,-75.702193888980645
Starch,8072.56160188886,-71.865652556355755
Starch,8068.70466845201,-54.417760385524488
Starch,8064.84773501516,-31.052451927954372
Starch,8060.99080157832,-35.091805025768977
Starch,8057.13386814147,-40.076252094870597
Starch,8053.27693470462,-40.437522476997707
Starch,8049.42000126777,-43.090449282863936
Starch,8045.56306783093,-31.223409231826423
Starch,8041.70613439408,-12.683161632414457
Starch,8037.84920095723,-22.301979554165943
Starch,8033.99226752039,-25.514443054845369
Starch,8030.13533408354,5.9792690591423652
Starch,8026.27840064669,-27.788325684814801
Starch,8022.42146720984,-51.589337047709151
Starch,8018.564533773,-50.631914770411946
Starch,8014.70760033615,-51.67840790941834
Starch,8010.8506668993,-26.406466242673904
Starch,8006.99373346245,-8.4775664333908605
Starch,8003.13680002561,-16.590967013305605
Starch,7999.27986658876,7.4726595964046973
Starch,7995.42293315191,-11.865210975269333
Starch,7991.56599971507,-13.779779103616942
Starch,7987.70906627822,20.308957084160678
Starch,7983.85213284137,21.684478963274824
Starch,7979.99519940452,-34.033150376075987
Starch,7976.13826596768,-40.458604807072817
Starch,7972.28133253083,12.705558182950913
Starch,7968.42439909398,25.863720577080723
Starch,7964.56746565713,5.2546372316390642
Starch,7960.71053222029,-3.5589938351092139
Starch,7956.85359878344,-28.229183329686848
Starch,7952.99666534659,-40.573423355825703
Starch,7949.13973190975,-37.826807610683446
Starch,7945.2827984729,-17.353072058916553
Starch,7941.42586503605,21.421270063377676
Starch,7937.5689315992,24.106250936184843
Starch,7933.71199816236,3.7862567460483971
Starch,7929.85506472551,8.7476112733801763
Starch,7925.99813128866,13.357387297979374
Starch,7922.14119785181,3.0759991016249812
Starch,7918.28426441497,5.9918977172544512
Starch,7914.42733097812,11.155280289121956
Starch,7910.57039754127,7.791705168916268
Starch,7906.71346410443,14.141860649268894
Starch,7902.85653066758,4.0700090383873269
Starch,7898.99959723073,-6.9061242032613031
Starch,7895.14266379388,25.152412664583732
Starch,7891.28573035704,39.880767664777125
Starch,7887.42879692019,8.8803107037133913
Starch,7883.57186348334,-20.594900593315209
Starch,7879.71493004649,-10.142495677150587
Starch,7875.85799660965,-4.6219800669815365
Starch,7872.0010631728,-14.265771213811927
Starch,7868.14412973595,-5.7286081246613705
Starch,7864.28719629911,-7.3682506770516545
Starch,7860.43026286226,-16.650245488574033
Starch,7856.57332942541,-8.2983131730501771
Starch,7852.71639598856,-2.7492447158532567
Starch,7848.85946255172,-21.621366108762839
Starch,7845.00252911487,-13.120420194407995
Starch,7841.14559567802,26.629990889260309
Starch,7837.28866224117,28.829907129208848
Starch,7833.43172880433,20.382172685493458
Starch,7829.57479536748,10.05133916913247
Starch,7825.71786193063,-4.9316528093089866
Starch,7821.86092849379,-8.2873082366835309
Starch,7818.00399505694,-10.672063595934461
Starch,7814.14706162009,15.150741810748269
Starch,7810.29012818324,40.800956408802101
Starch,7806.4331947464,62.165152984543674
Starch,7802.57626130955,43.402360914828691
Starch,7798.7193278727,22.7272469481067
Starch,7794.86239443585,31.634535551234219
Starch,7791.00546099901,28.608908888340522
Starch,7787.14852756216,30.845368838191142
Starch,7783.29159412531,42.946915418566455
Starch,7779.43466068847,36.435999300967843
Starch,7775.57772725162,23.823407404177665
Starch,7771.72079381477,38.154765672952998
Starch,7767.86386037792,40.387684404996818
Starch,7764.00692694107,26.266325813061385
Starch,7760.14999350423,30.567409306050106
Starch,7756.29306006738,43.750412374707828
Starch,7752.43612663053,27.842820278907897
Starch,7748.57919319369,13.335880843347875
Starch,7744.72225975684,29.760481898241284
Starch,7740.86532631999,34.942369506942519
Starch,7737.00839288315,25.55021090438375
Starch,7733.1514594463,19.490050375088536
Starch,7729.29452600945,-2.926489311776642
Starch,7725.4375925726,12.251134542941026
Starch,7721.58065913575,22.807237631394607
Starch,7717.72372569891,11.240991935475302
Starch,7713.86679226206,13.693166342190265
Starch,7710.00985882521,26.122702871619055
Starch,7706.15292538837,36.744645160486527
Starch,7702.29599195152,43.127962121618886
Starch,7698.43905851467,26.39268866771878
Starch,7694.58212507782,6.6362943863143036
Starch,7690.72519164098,27.748882954870577
Starch,7686.86825820413,39.060372016328557
Starch,7683.01132476728,48.53681515832514
Starch,7679.15439133043,44.84948060115201
Starch,7675.29745789359,31.073476016447341
Starch,7671.44052445674,36.096826259323301
Starch,7667.58359101989,24.428984626694014
Starch,7663.72665758305,1.830948516480245
Starch,7659.8697241462,4.1778252768492079
Starch,7656.01279070935,25.555231592687385
Starch,7652.1558572725,40.151460490344085
Starch,7648.29892383566,27.540555034357368
Starch,7644.44199039881,13.990373745400278
Starch,7640.58505696196,21.043762632883581
Starch,7636.72812352511,14.232213715268308
Starch,7632.87119008827,5.3234481988592259
Starch,7629.01425665142,16.227066911043011
Starch,7625.15732321457,18.776848774584145
Starch,7621.30038977773,19.418687586341061
Starch,7617.44345634088,29.025463198245088
Starch,7613.58652290403,21.749624315407615
Starch,7609.72958946718,37.809697299473953
Starch,7605.87265603034,46.528325134395985
Starch,7602.01572259349,52.303389308132118
Starch,7598.15878915664,48.420593820426355
Starch,7594.30185571979,26.968902122546957
Starch,7590.44492228295,26.827790090799134
Starch,7586.5879888461,23.280069525004436
Starch,7582.73105540925,24.094197551831147
Starch,7578.87412197241,33.06195780872546
Starch,7575.01718853556,23.516103067074429
Starch,7571.16025509871,11.927920082344654
Starch,7567.30332166186,8.4457037962320012
Starch,7563.44638822502,30.217268938171387
Starch,7559.58945478817,27.835267137804845
Starch,7555.73252135132,15.232184479466447
Starch,7551.87558791447,5.366027807977213
Starch,7548.01865447763,-3.8510924318048163
Starch,7544.16172104078,7.0263799521497381
Starch,7540.30478760393,49.909767628170655
Starch,7536.44785416709,44.102917164217224
Starch,7532.59092073024,22.588908384390965
Starch,7528.73398729339,18.764155097500989
Starch,7524.87705385654,-2.6302778621072158
Starch,7521.0201204197,-19.597153587762463
Starch,7517.16318698285,-20.896045217712654
Starch,7513.306253546,6.1772406979273251
Starch,7509.44932010915,8.1621395325798893
Starch,7505.59238667231,-37.038214114000738
Starch,7501.73545323546,-60.762881507480095
Starch,7497.87851979861,-25.197186028639425
Starch,7494.02158636177,8.4647389628613983
Starch,7490.16465292492,14.323311541420956
Starch,7486.30771948807,-3.3663239451289702
Starch,7482.45078605122,-4.6942425875366176
Starch,7478.59385261438,43.660943166148584
Starch,7474.73691917753,47.930075850627546
Starch,7470.87998574068,0.37419297118591044
Starch,7467.02305230383,-33.204744914637942
Starch,7463.16611886699,-24.933513679795123
Starch,7459.30918543014,4.1851318435626803
Starch,7455.45225199329,-11.921206323645665
Starch,7451.59531855645,-44.009706781677885
Starch,7447.7383851196,-50.681960333990979
Starch,7443.88145168275,-40.958494505384436
Starch,7440.0245182459,-50.0349959490039
Starch,7436.16758480906,-50.575409382432454
Starch,7432.31065137221,-33.150163362722211
Starch,7428.45371793536,-43.949546076224941
Starch,7424.59678449851,-46.80432291380572
Starch,7420.73985106167,-27.621648233888557
Starch,7416.88291762482,-47.106860702094984
Starch,7413.02598418797,-62.541026483222254
Starch,7409.16905075113,-46.54550720973895
Starch,7405.31211731428,-37.519152205027147
Starch,7401.45518387743,-33.809865171871202
Starch,7397.59825044058,-19.825377399765774
Starch,7393.74131700374,-35.792241780810791
Starch,7389.88438356689,-43.310462428009934
Starch,7386.02745013004,25.372226185840976
Starch,7382.17051669319,44.879438397918783
Starch,7378.31358325635,11.827791628509059
Starch,7374.4566498195,-55.705591346744384
Starch,7370.59971638265,-81.654700779497631
Starch,7366.74278294581,-11.213573441641552
Starch,7362.88584950896,13.945229432184718
Starch,7359.02891607211,-11.577193537570176
Starch,7355.17198263526,-45.478987469302325
Starch,7351.31504919842,-26.46858626795985
Starch,7347.45811576157,15.451020852638296
Starch,7343.60118232472,-17.452784368881737
Starch,7339.74424888787,-44.525221542001695
Starch,7335.88731545103,8.4568579762020857
Starch,7332.03038201418,16.097184113117827
Starch,7328.17344857733,3.9140088052454134
Starch,7324.31651514049,26.526604991420481
Starch,7320.45958170364,7.7901247678012053
Starch,7316.60264826679,-29.05025221043876
Starch,7312.74571482994,18.425699577303195
Starch,7308.8887813931,18.695421481590099
Starch,7305.03184795625,-86.898386009398436
Starch,7301.1749145194,-91.994061507677657
Starch,7297.31798108255,-36.444368808222798
Starch,7293.46104764571,63.605961869513457
Starch,7289.60411420886,111.87422198532306
Starch,7285.74718077201,46.230572660208821
Starch,7281.89024733516,-20.79895681147827
Starch,7278.03331389832,-24.749377529580002
Starch,7274.17638046147,9.7092015790048798
Starch,7270.31944702462,3.4009665519793151
Starch,7266.46251358778,-39.519038857461275
Starch,7262.60558015093,-60.84144033840149
Starch,7258.74864671408,-27.964266299718126
Starch,7254.89171327723,-7.3138931340170839
Starch,7251.03477984039,25.220831528644485
Starch,7247.17784640354,1.5740982980328897
Starch,7243.32091296669,7.0087566085163981
Starch,7239.46397952984,-23.900615891836022
Starch,7235.607046093,-94.004899160284054
Starch,7231.75011265615,-73.641891087417761
Starch,7227.8931792193,-33.949547793993617
Starch,7224.03624578246,-9.0644800211740684
Starch,7220.17931234561,-2.9141970943752549
Starch,7216.32237890876,-77.788005695053016
Starch,7212.46544547191,-113.84922843548269
Starch,7208.60851203507,-93.330874133943595
Starch,7204.75157859822,-29.033298503170471
Starch,7200.89464516137,-28.482132554432265
Starch,7197.03771172452,-56.747316975782084
Starch,7193.18077828768,-77.609169233502485
Starch,7189.32384485083,-70.75130618267886
Starch,7185.46691141398,-51.88558869149027
Starch,7181.60997797714,-15.402876727759999
Starch,7177.75304454029,-43.283150049202206
Starch,7173.89611110344,-85.606912631299508
Starch,7170.03917766659,-75.452037143158194
Starch,7166.18224422975,-41.208916081482464
Starch,7162.3253107929,17.46552183102677
Starch,7158.46837735605,34.162235810945887
Starch,7154.6114439192,13.082017003178052
Starch,7150.75451048236,17.437551626689821
Starch,7146.89757704551,33.722463565890124
Starch,7143.04064360866,68.262130575785235
Starch,7139.18371017182,76.230277455578218
Starch,7135.32677673497,94.546775236739023
Starch,7131.46984329812,87.330095012287671
Starch,7127.61290986127,60.713790860954056
Starch,7123.75597642443,71.120872554454266
Starch,7119.89904298758,95.204090432208758
Starch,7116.04210955073,106.72315942657518
Starch,7112.18517611388,89.867251513782492
Starch,7108.32824267704,89.640917061395243
Starch,7104.47130924019,76.785570375776388
Starch,7100.61437580334,33.556960982068027
Starch,7096.7574423665,51.266317561389513
Starch,7092.90050892965,50.162675838135428
Starch,7089.0435754928,12.542121782541352
Starch,7085.18664205595,9.7424223555065623
Starch,7081.32970861911,-20.418542650884618
Starch,7077.47277518226,-93.509880486375607
Starch,7073.61584174541,-120.96030188650261
Starch,7069.75890830856,-98.404928577119051
Starch,7065.90197487172,-97.818091340908907
Starch,7062.04504143487,-81.485661058524414
Starch,7058.18810799802,-25.219651200586259
Starch,7054.33117456117,15.194988144226551
Starch,7050.47424112433,34.25827990064105
Starch,7046.61730768748,52.767197285013523
Starch,7042.76037425063,52.517021324410806
Starch,7038.90344081379,31.004725816510252
Starch,7035.04650737694,22.381566362957923
Starch,7031.18957394009,31.903039786950597
Starch,7027.33264050324,33.491705616111886
Starch,7023.4757070664,35.448792353839515
Starch,7019.61877362955,28.629694396895246
Starch,7015.7618401927,12.568558911489225
Starch,7011.90490675585,8.6209373890092742
Starch,7008.04797331901,23.615176875923556
Starch,7004.19103988216,44.635860668004476
Starch,7000.33410644531,36.789765396167105
Starch,6996.47717300847,12.852351085913025
Starch,6992.62023957162,-3.5535592937102245
Starch,6988.76330613477,-3.5169467036929709
Starch,6984.90637269792,8.5687684277887115
Starch,6981.04943926108,21.342772907601187
Starch,6977.19250582423,24.723292132902152
Starch,6973.33557238738,23.510624298689319
Starch,6969.47863895053,7.4255615870898186
Starch,6965.62170551369,-0.22106179867419834
Starch,6961.76477207684,10.453070379152967
Starch,6957.90783863999,11.807638298168019
Starch,6954.05090520315,17.197048941489264
Starch,6950.1939717663,19.989162009918779
Starch,6946.33703832945,16.256686412289607
Starch,6942.4801048926,6.7496703779917846
Starch,6938.62317145576,1.4921156944639558
Starch,6934.76623801891,4.1828699868562111
Starch,6930.90930458206,3.0512803142404032
Starch,6927.05237114521,11.473818513903737
Starch,6923.19543770837,19.244837464531198
Starch,6919.33850427152,25.098722023216215
Starch,6915.48157083467,25.289956590843179
Starch,6911.62463739783,22.05637393064859
Starch,6907.76770396098,17.983197872129054
Starch,6903.91077052413,7.785501900168839
Starch,6900.05383708728,3.5260547394114163
Starch,6896.19690365044,17.806626028980606
Starch,6892.33997021359,28.294768976384088
Starch,6888.48303677674,21.314302354871039
Starch,6884.62610333989,14.236944008817224
Starch,6880.76916990305,7.5310230922597894
Starch,6876.9122364662,15.780220373616368
Starch,6873.05530302935,24.493882185941583
Starch,6869.19836959251,21.271983454852823
Starch,6865.34143615566,13.973360897970103
Starch,6861.48450271881,15.794948509391766
Starch,6857.62756928196,18.828179198200068
Starch,6853.77063584512,17.697131848693129
Starch,6849.91370240827,13.582148452060125
Starch,6846.05676897142,10.043552063933374
Starch,6842.19983553457,5.7940651058115291
Starch,6838.34290209773,4.933118034189599
Starch,6834.48596866088,9.8183788194189887
Starch,6830.62903522403,2.8074654324401433
Starch,6826.77210178718,-7.2536281210841906
Starch,6822.91516835034,-9.4576142316976632
Starch,6819.05823491349,-10.160987353086837
Starch,6815.20130147664,-13.038393331841933
Starch,6811.3443680398,-13.975835727431832
Starch,6807.48743460295,-12.954321350355439
Starch,6803.6305011661,-8.3804744344162785
Starch,6799.77356772925,-11.511424595479891
Starch,6795.91663429241,-8.823276768260385
Starch,6792.05970085556,-8.2130490063117012
Starch,6788.20276741871,-16.002192807048566
Starch,6784.34583398186,-16.751109679403864
Starch,6780.48890054502,-20.330060159425521
Starch,6776.63196710817,-28.618477552792871
Starch,6772.77503367132,-33.135525088174475
Starch,6768.91810023448,-28.374572844392674
Starch,6765.06116679763,-28.143628212800401
Starch,6761.20423336078,-32.533506947852672
Starch,6757.34729992393,-37.556638080549163
Starch,6753.49036648709,-32.764222488067588
Starch,6749.63343305024,-32.774736180248453
Starch,6745.77649961339,-34.707885407765531
Starch,6741.91956617654,-34.30585908019237
Starch,6738.0626327397,-37.485462653757168
Starch,6734.20569930285,-35.642402415998298
Starch,6730.348765866,-41.229584731743685
Starch,6726.49183242916,-45.786763466261874
Starch,6722.63489899231,-43.184478969468202
Starch,6718.77796555546,-44.335729108736949
Starch,6714.92103211861,-43.780697596412935
Starch,6711.06409868177,-39.380169404021338
Starch,6707.20716524492,-33.541942713008105
Starch,6703.35023180807,-32.730354869234901
Starch,6699.49329837122,-41.182405819831629
Starch,6695.63636493438,-44.900956454511103
Starch,6691.77943149753,-46.861513233515382
Starch,6687.92249806068,-44.293901712458869
Starch,6684.06556462384,-30.898061161444328
Starch,6680.20863118699,-30.437856340574889
Starch,6676.35169775014,-43.82793269059384
Starch,6672.49476431329,-47.729100900888525
Starch,6668.63783087645,-35.603282636430791
Starch,6664.7808974396,-34.608488193229611
Starch,6660.92396400275,-30.429752506004235
Starch,6657.0670305659,-27.02006467986368
Starch,6653.21009712906,-24.302929775766454
Starch,6649.35316369221,-26.733089736261491
Starch,6645.49623025536,-33.27204435800143
Starch,6641.63929681852,-39.132848481377401
Starch,6637.78236338167,-32.793965473808541
Starch,6633.92542994482,-34.379546175964776
Starch,6630.06849650797,-24.850936912632037
Starch,6626.21156307113,-9.649280849181034
Starch,6622.35462963428,-5.1560779130232515
Starch,6618.49769619743,-1.2644927934814458
Starch,6614.64076276058,-13.298844527661549
Starch,6610.78382932374,-20.829152298147928
Starch,6606.92689588689,-5.4726577403883505
Starch,6603.06996245004,0.64613716174088842
Starch,6599.2130290132,-5.0817497016077784
Starch,6595.35609557635,-8.565093840009796
Starch,6591.4991621395,-6.2805697650070442
Starch,6587.64222870265,-6.7884532417620544
Starch,6583.78529526581,-5.6499127528866291
Starch,6579.92836182896,-5.3122199415944431
Starch,6576.07142839211,0.5837481704046994
Starch,6572.21449495526,2.2991854817599173
Starch,6568.35756151842,1.3184154731914099
Starch,6564.50062808157,-3.0646641872923732
Starch,6560.64369464472,-7.6659169152383404
Starch,6556.78676120788,2.1179211606660195
Starch,6552.92982777103,11.292780568997676
Starch,6549.07289433418,18.69693263850025
Starch,6545.21596089733,19.156849286243869
Starch,6541.35902746049,10.385046870927326
Starch,6537.50209402364,1.6642961927525806
Starch,6533.64516058679,4.891355471807973
Starch,6529.78822714994,15.147052996275194
Starch,6525.9312937131,15.220103703783904
Starch,6522.07436027625,9.5342107754156054
Starch,6518.2174268394,14.356263854289793
Starch,6514.36049340256,16.492017656523021
Starch,6510.50355996571,10.286535122489578
Starch,6506.64662652886,6.7185327113963593
Starch,6502.78969309201,5.6891847029302332
Starch,6498.93275965517,10.239354929780475
Starch,6495.07582621832,17.677534648106292
Starch,6491.21889278147,19.083752496102004
Starch,6487.36195934462,21.382487273930725
Starch,6483.50502590778,27.110277525778084
Starch,6479.64809247093,32.368001583492273
Starch,6475.79115903408,23.504967944877642
Starch,6471.93422559724,17.48290601379863
Starch,6468.07729216039,14.445105023316058
Starch,6464.22035872354,22.508319515163606
Starch,6460.36342528669,28.358954816864291
Starch,6456.50649184985,24.513114124867286
Starch,6452.649558413,14.221333654168841
Starch,6448.79262497615,9.290654843316684
Starch,6444.9356915393,10.881613123278683
Starch,6441.07875810246,21.316585719569076
Starch,6437.22182466561,30.451635822488111
Starch,6433.36489122876,45.193679008959883
Starch,6429.50795779192,41.342251005920957
Starch,6425.65102435507,35.724873602591146
Starch,6421.79409091822,33.192358561779081
Starch,6417.93715748137,22.637593911703199
Starch,6414.08022404453,32.127669466454101
Starch,6410.22329060768,43.534383974053846
Starch,6406.36635717083,36.690282045733589
Starch,6402.50942373398,25.236271418227883
Starch,6398.65249029714,30.065952485677979
Starch,6394.79555686029,35.60396739344344
Starch,6390.93862342344,48.647649044108171
Starch,6387.08168998659,52.151907211176116
Starch,6383.22475654975,49.469636645896465
Starch,6379.3678231129,48.986728003133386
Starch,6375.51088967605,56.432567502476601
Starch,6371.6539562392,42.681593044784528
Starch,6367.79702280236,28.83614434096776
Starch,6363.94008936551,27.80087222585523
Starch,6360.08315592866,36.336881198604793
Starch,6356.22622249182,31.616268220990793
Starch,6352.36928905497,28.305599783932465
Starch,6348.51235561812,34.718355772817588
Starch,6344.65542218127,35.567185838982553
Starch,6340.79848874443,42.454729555870507
Starch,6336.94155530758,45.105877200602876
Starch,6333.08462187073,49.045003770556796
Starch,6329.22768843388,50.546425996156835
Starch,6325.37075499704,49.785049852052566
Starch,6321.51382156019,38.086890548137717
Starch,6317.65688812334,30.990103151544179
Starch,6313.7999546865,35.632907091507505
Starch,6309.94302124965,39.905864560700067
Starch,6306.0860878128,30.602814919223682
Starch,6302.22915437595,23.628014045629115
Starch,6298.37222093911,24.416433470862035
Starch,6294.51528750226,31.635941597036894
Starch,6290.65835406541,31.506046572833078
Starch,6286.80142062856,28.806091986064168
Starch,6282.94448719172,17.810967069470774
Starch,6279.08755375487,14.02744296866646
Starch,6275.23062031802,20.451256742295644
Starch,6271.37368688118,28.041174341993681
Starch,6267.51675344433,27.5020058431124
Starch,6263.65982000748,15.216300379583908
Starch,6259.80288657063,11.668933776569022
Starch,6255.94595313379,20.415906164192492
Starch,6252.08901969694,22.01425394570451
Starch,6248.23208626009,5.5248985684542617
Starch,6244.37515282324,6.3214365964388914
Starch,6240.5182193864,8.7128083160461838
Starch,6236.66128594955,6.7440122946421583
Starch,6232.8043525127,4.3918325254366799
Starch,6228.94741907586,-5.5290230066749837
Starch,6225.09048563901,-5.6553070674771355
Starch,6221.23355220216,-6.4259369720838952
Starch,6217.37661876531,-12.609532500869598
Starch,6213.51968532847,-13.870398961943629
Starch,6209.66275189162,-12.214380038228121
Starch,6205.80581845477,-14.400344113630581
Starch,6201.94888501792,-18.018274758556448
Starch,6198.09195158108,-27.163555867289425
Starch,6194.23501814423,-23.995140908125411
Starch,6190.37808470738,-13.780000201701638
Starch,6186.52115127054,-18.580855618343577
Starch,6182.66421783369,-29.389154588053586
Starch,6178.80728439684,-35.520172235891572
Starch,6174.95035095999,-46.496508874894907
Starch,6171.09341752315,-44.440030813930065
Starch,6167.2364840863,-43.049367957258916
Starch,6163.37955064945,-53.317954556996817
Starch,6159.5226172126,-53.479316420286196
Starch,6155.66568377576,-43.252529136447457
Starch,6151.80875033891,-34.773822697465725
Starch,6147.95181690206,-26.601755604130457
Starch,6144.09488346522,-23.266750476770213
Starch,6140.23795002837,-21.152864060935652
Starch,6136.38101659152,-17.125852061396504
Starch,6132.52408315467,-19.972650759443077
Starch,6128.66714971783,-20.379663436544334
Starch,6124.81021628098,-10.773301517107361
Starch,6120.95328284413,0.50015226793371148
Starch,6117.09634940728,8.424053481344064
Starch,6113.23941597044,12.515165222829962
Starch,6109.38248253359,4.6473392925512114
Starch,6105.52554909674,-2.0661111548320164
Starch,6101.6686156599,-1.374595875046128
Starch,6097.81168222305,-1.3564830080989976
Starch,6093.9547487862,-4.4454850669467083
Starch,6090.09781534935,-2.5178448753092137
Starch,6086.24088191251,-0.76323240602670073
Starch,6082.38394847566,-3.9498647585602349
Starch,6078.52701503881,-2.3989955907772273
Starch,6074.67008160196,13.375265877103315
Starch,6070.81314816512,17.00151091999517
Starch,6066.95621472827,24.199632617336864
Starch,6063.09928129142,19.445419612555732
Starch,6059.24234785458,19.44317683140758
Starch,6055.38541441773,24.698148857823053
Starch,6051.52848098088,22.622685549785956
Starch,6047.67154754403,30.334356786492421
Starch,6043.81461410719,35.830442424334336
Starch,6039.95768067034,26.235203112648293
Starch,6036.10074723349,8.7797071715136248
Starch,6032.24381379664,12.972183134423421
Starch,6028.3868803598,12.636637620582873
Starch,6024.52994692295,0.59772849637756387
Starch,6020.6730134861,-10.201774091244156
Starch,6016.81608004926,-28.22530299550775
Starch,6012.95914661241,-36.750565194090655
Starch,6009.10221317556,-32.285710609916485
Starch,6005.24527973871,-30.636185716913818
Starch,6001.38834630187,-47.908742515298847
Starch,5997.53141286502,-67.083122728459898
Starch,5993.67447942817,-70.42731126544632
Starch,5989.81754599132,-61.492003864952281
Starch,5985.96061255448,-78.925435246350517
Starch,5982.10367911763,-91.534131652906183
Starch,5978.24674568078,-81.766488437148766
Starch,5974.38981224394,-87.340514121520684
Starch,5970.53287880709,-96.382760346635095
Starch,5966.67594537024,-103.74334547965175
Starch,5962.81901193339,-103.72776457866775
Starch,5958.96207849655,-71.708709385150144
Starch,5955.1051450597,-62.545557663593769
Starch,5951.24821162285,-68.911701248078685
Starch,5947.391278186,-71.675517894392684
Starch,5943.53434474916,-64.751673127326626
Starch,5939.67741131231,-53.832305708773134
Starch,5935.82047787546,-35.626396701408126
Starch,5931.96354443862,-12.095458661251131
Starch,5928.10661100177,0.72028839521542376
Starch,5924.24967756492,2.7869396504106252
Starch,5920.39274412807,10.061017397167104
Starch,5916.53581069123,30.932007713038978
Starch,5912.67887725438,38.349653623117348
Starch,5908.82194381753,37.502289833112776
Starch,5904.96501038068,34.464249268356198
Starch,5901.10807694384,32.125212432849352
Starch,5897.25114350699,35.256385089668733
Starch,5893.39421007014,47.580765365891651
Starch,5889.5372766333,49.678163886869463
Starch,5885.68034319645,48.250714813180437
Starch,5881.8234097596,36.9625345670161
Starch,5877.96647632275,32.615433307228074
Starch,5874.10954288591,40.445897426202485
Starch,5870.25260944906,46.40892342967684
Starch,5866.39567601221,39.717011276790437
Starch,5862.53874257536,43.6661304097358
Starch,5858.68180913852,41.52031336919034
Starch,5854.82487570167,27.67829333373334
Starch,5850.96794226482,11.937954341801932
Starch,5847.11100882798,-2.4999404357651294
Starch,5843.25407539113,-19.496188943754209
Starch,5839.39714195428,-21.633770235454932
Starch,5835.54020851743,-14.596051535423703
Starch,5831.68327508059,-24.901004784516672
Starch,5827.82634164374,-28.850657431824906
Starch,5823.96940820689,-14.675433313048472
Starch,5820.11247477004,-17.465010634257148
Starch,5816.2555413332,-20.707234983755406
Starch,5812.39860789635,-12.470454155187998
Starch,5808.5416744595,3.448990724334922
Starch,5804.68474102266,11.804636654115562
Starch,5800.82780758581,20.033251733845223
Starch,5796.97087414896,24.341113611391478
Starch,5793.11394071211,24.641704220644638
Starch,5789.25700727527,21.251154178760462
Starch,5785.40007383842,19.757260610675978
Starch,5781.54314040157,13.773325725083462
Starch,5777.68620696472,8.7667585704341828
Starch,5773.82927352788,4.500361522081751
Starch,5769.97234009103,-7.8822100579014895
Starch,5766.11540665418,-10.461857310751125
Starch,5762.25847321733,-12.228176889075156
Starch,5758.40153978049,-16.425500243755497
Starch,5754.54460634364,-14.828229185872535
Starch,5750.68767290679,0.20701876547966086
Starch,5746.83073946995,15.00287465982781
Starch,5742.9738060331,10.146996703206906
Starch,5739.11687259625,12.262116683859707
Starch,5735.2599391594,22.176303422376201
Starch,5731.40300572256,29.452243046838309
Starch,5727.54607228571,32.729858702056525
Starch,5723.68913884886,41.68917576103275
Starch,5719.83220541201,33.637968008105815
Starch,5715.97527197517,27.848901403525701
Starch,5712.11833853832,20.554524518229819
Starch,5708.26140510147,16.40181611075915
Starch,5704.40447166463,6.7047043241290991
Starch,5700.54753822778,-2.7015954932916726
Starch,5696.69060479093,-24.171822287984121
Starch,5692.83367135408,-35.649787229927803
Starch,5688.97673791724,-51.62167366644357
Starch,5685.11980448039,-66.622867558942929
Starch,5681.26287104354,-81.691949634377522
Starch,5677.40593760669,-80.586867189579579
Starch,5673.54900416985,-76.676922187568053
Starch,5669.692070733,-69.011047434355532
Starch,5665.83513729615,-62.871306008023716
Starch,5661.97820385931,-61.170725189400812
Starch,5658.12127042246,-63.971310604716898
Starch,5654.26433698561,-51.852791796959806
Starch,5650.40740354876,-34.828596210013117
Starch,5646.55047011192,-23.429336323957298
Starch,5642.69353667507,-17.073684960244421
Starch,5638.83660323822,-9.9298120206251159
Starch,5634.97966980137,8.6038922418398531
Starch,5631.12273636453,15.380227379600584
Starch,5627.26580292768,23.906111742672653
Starch,5623.40886949083,28.142376620886079
Starch,5619.55193605399,40.454578752491145
Starch,5615.69500261714,48.875453228232125
Starch,5611.83806918029,51.60429899759113
Starch,5607.98113574344,44.046760990769499
Starch,5604.1242023066,42.893502936782475
Starch,5600.26726886975,53.532212932220595
Starch,5596.4103354329,47.714986268648673
Starch,5592.55340199605,32.125574853768136
Starch,5588.69646855921,22.961695199407217
Starch,5584.83953512236,23.637558491047422
Starch,5580.98260168551,32.406979455258288
Starch,5577.12566824867,31.843642562547313
Starch,5573.26873481182,18.068994147225109
Starch,5569.41180137497,7.152648857215917
Starch,5565.55486793812,5.093805366501206
Starch,5561.69793450128,0.60183184293187009
Starch,5557.84100106443,6.303954276159895
Starch,5553.98406762758,19.333264988178264
Starch,5550.12713419073,9.5707471204312142
Starch,5546.27020075389,14.104517691765412
Starch,5542.41326731704,2.060408225552318
Starch,5538.55633388019,-10.296839778907618
Starch,5534.69940044334,-19.062129636584302
Starch,5530.8424670065,-8.2391151586421039
Starch,5526.98553356965,7.1518859883890338
Starch,5523.1286001328,22.223540255548208
Starch,5519.27166669596,28.479604144722725
Starch,5515.41473325911,24.071452474220532
Starch,5511.55779982226,24.479031396985761
Starch,5507.70086638541,37.642079514030904
Starch,5503.84393294857,8.0756662203525789
Starch,5499.98699951172,0.21802692804753296
Starch,5496.13006607487,27.580954231791978
Starch,5492.27313263802,61.256475467648684
Starch,5488.41619920118,52.563370923323411
Starch,5484.55926576433,24.972599704987292
Starch,5480.70233232748,11.537474416646697
Starch,5476.84539889064,7.4827191519506036
Starch,5472.98846545379,11.492422266242542
Starch,5469.13153201694,19.348443536965572
Starch,5465.27459858009,36.141253112887298
Starch,5461.41766514325,19.290761323534589
Starch,5457.5607317064,3.6311473792725324
Starch,5453.70379826955,0.70475111626170872
Starch,5449.8468648327,-1.9054091606165624
Starch,5445.98993139586,17.603033911413149
Starch,5442.13299795901,0.86462492121082213
Starch,5438.27606452216,-25.299918493848384
Starch,5434.41913108532,19.187726683893029
Starch,5430.56219764847,52.494924820311176
Starch,5426.70526421162,4.7605893945485578
Starch,5422.84833077477,-40.266019265340859
Starch,5418.99139733793,-29.346320637433585
Starch,5415.13446390108,13.704798195246816
Starch,5411.27753046423,60.768279144995091
Starch,5407.42059702738,8.9958889306027512
Starch,5403.56366359054,-20.069041784212775
Starch,5399.70673015369,-17.629272631406561
Starch,5395.84979671684,26.582640516164883
Starch,5391.99286328,38.049054058282287
Starch,5388.13592984315,-15.242061862024842
Starch,5384.2789964063,-52.574408905710733
Starch,5380.42206296945,-66.196665913781231
Starch,5376.56512953261,-15.32954046304681
Starch,5372.70819609576,6.70795169201502
Starch,5368.85126265891,-35.30520954065976
Starch,5364.99432922206,-40.913475035317362
Starch,5361.13739578522,-34.923271732866787
Starch,5357.28046234837,-14.777989812879998
Starch,5353.42352891152,17.122516195660019
Starch,5349.56659547468,-6.2337290843572815
Starch,5345.70966203783,6.9174061137123122
Starch,5341.85272860098,15.492375141142187
Starch,5337.99579516413,-3.4885937266338285
Starch,5334.13886172729,-25.815977856905729
Starch,5330.28192829044,-14.706129446041222
Starch,5326.42499485359,12.448207990363269
Starch,5322.56806141674,-0.86448905707453472
Starch,5318.7111279799,-7.6945725192765346
Starch,5314.85419454305,8.3200574294846632
Starch,5310.9972611062,7.7774213033014616
Starch,5307.14032766935,3.4907266388231935
Starch,5303.28339423251,14.185894134677991
Starch,5299.42646079566,11.522957342114333
Starch,5295.56952735881,2.0036707218580716
Starch,5291.71259392197,6.9712151272680183
Starch,5287.85566048512,25.046664102376024
Starch,5283.99872704827,23.166531092936747
Starch,5280.14179361142,14.362413704261385
Starch,5276.28486017458,-3.9631515709497078
Starch,5272.42792673773,-10.676514117064082
Starch,5268.57099330088,-5.6547103720130032
Starch,5264.71405986403,-2.06681529249814
Starch,5260.85712642719,-14.514351960067312
Starch,5257.00019299034,-26.643388500423931
Starch,5253.14325955349,-26.265764903439297
Starch,5249.28632611665,-26.580998476973985
Starch,5245.4293926798,-21.765604659971931
Starch,5241.57245924295,-31.14315862967085
Starch,5237.7155258061,-42.957573473311015
Starch,5233.85859236926,-39.071632304124194
Starch,5230.00165893241,-34.254934606266957
Starch,5226.14472549556,-29.928522552868792
Starch,5222.28779205871,-29.028304094871125
Starch,5218.43085862187,-29.550612188868136
Starch,5214.57392518502,-27.351878152720495
Starch,5210.71699174817,-20.029274414651187
Starch,5206.86005831133,-5.3614283599440764
Starch,5203.00312487448,-2.9495880590581831
Starch,5199.14619143763,-2.4239814546851655
Starch,5195.28925800078,1.3771815307003026
Starch,5191.43232456394,8.7255467044543629
Starch,5187.57539112709,18.468077487135194
Starch,5183.71845769024,21.751050104319575
Starch,5179.86152425339,24.576875453618591
Starch,5176.00459081655,25.885876225291348
Starch,5172.1476573797,29.720878840903385
Starch,5168.29072394285,32.465149836476122
Starch,5164.43379050601,35.128100324439117
Starch,5160.57685706916,38.213444557465266
Starch,5156.71992363231,36.418850398432127
Starch,5152.86299019546,31.061805052119393
Starch,5149.00605675862,23.988004529706895
Starch,5145.14912332177,22.170608642811455
Starch,5141.29218988492,17.027261585841636
Starch,5137.43525644807,10.399907476204806
Starch,5133.57832301123,12.130530365201183
Starch,5129.72138957438,6.2180065227835186
Starch,5125.86445613753,-3.2742574333941681
Starch,5122.00752270069,-6.1273752135292732
Starch,5118.15058926384,-6.417504253456368
Starch,5114.29365582699,-6.9138064716416423
Starch,5110.43672239014,-7.2664532227516876
Starch,5106.5797889533,-9.4801969528643166
Starch,5102.72285551645,-18.588518027077242
Starch,5098.8659220796,-22.65114013562836
Starch,5095.00898864275,-25.459267141334173
Starch,5091.15205520591,-26.976132088453316
Starch,5087.29512176906,-26.025713452606123
Starch,5083.43818833221,-25.683510180489698
Starch,5079.58125489536,-29.525076625015952
Starch,5075.72432145852,-33.072614560679398
Starch,5071.86738802167,-26.355700519703984
Starch,5068.01045458482,-19.336940487043581
Starch,5064.15352114798,-17.926207928492168
Starch,5060.29658771113,-16.09113496833125
Starch,5056.43965427428,-16.040700997598272
Starch,5052.58272083743,-17.389942302986022
Starch,5048.72578740059,-13.936953833159409
Starch,5044.86885396374,-7.4858317724276748
Starch,5041.01192052689,-1.4045999572569912
Starch,5037.15498709004,-2.1792904068005776
Starch,5033.2980536532,1.9965310430986729
Starch,5029.44112021635,3.5752424266856089
Starch,5025.5841867795,5.8154273470590088
Starch,5021.72725334266,10.320830357206749
Starch,5017.87031990581,12.214994380489507
Starch,5014.01338646896,11.7491639697607
Starch,5010.15645303211,14.121537873773606
Starch,5006.29951959527,16.615420715772434
Starch,5002.44258615842,11.694768834312107
Starch,4998.58565272157,9.5241994924959936
Starch,4994.72871928472,7.8335891868496903
Starch,4990.87178584788,2.4943074978960564
Starch,4987.01485241103,-2.6987657953689417
Starch,4983.15791897418,-5.7561066478005509
Starch,4979.30098553734,-6.7748780453692561
Starch,4975.44405210049,-4.3884452973089836
Starch,4971.58711866364,-1.8451245187514147
Starch,4967.73018522679,0.98795781841988628
Starch,4963.87325178995,2.927509609227966
Starch,4960.0163183531,1.459688694374788
Starch,4956.15938491625,1.2529817153975114
Starch,4952.3024514794,7.2103717950650257
Starch,4948.44551804256,10.348383709078883
Starch,4944.58858460571,9.8366588104098174
Starch,4940.73165116886,8.7890144970212631
Starch,4936.87471773202,12.31665765095523
Starch,4933.01778429517,18.893641474246984
Starch,4929.16085085832,15.523796297032451
Starch,4925.30391742147,14.005200328187254
Starch,4921.44698398463,16.555857365137182
Starch,4917.59005054778,25.414919785861631
Starch,4913.73311711093,28.313113877630098
Starch,4909.87618367408,25.850402099455373
Starch,4906.01925023724,18.033428039572684
Starch,4902.16231680039,17.415110407363869
Starch,4898.30538336354,17.890435727198419
Starch,4894.4484499267,16.004667784180128
Starch,4890.59151648985,14.349699303473754
Starch,4886.734583053,11.36776669554135
Starch,4882.87764961615,2.5958925427611028
Starch,4879.02071617931,-1.267091994598905
Starch,4875.16378274246,-9.6714326658612553
Starch,4871.30684930561,-13.363718298583304
Starch,4867.44991586876,-11.497187116752299
Starch,4863.59298243192,-17.780492339924916
Starch,4859.73604899507,-27.456460160020168
Starch,4855.87911555822,-32.561842800246019
Starch,4852.02218212137,-34.224970216859752
Starch,4848.16524868453,-31.785665196063945
Starch,4844.30831524768,-27.504409113817626
Starch,4840.45138181083,-32.294883386116545
Starch,4836.59444837399,-31.593273502839331
Starch,4832.73751493714,-32.37221753192226
Starch,4828.88058150029,-37.869644779975935
Starch,4825.02364806344,-38.864394418581398
Starch,4821.1667146266,-35.266258133410957
Starch,4817.30978118975,-34.937551327987379
Starch,4813.4528477529,-34.29818576351218
Starch,4809.59591431605,-28.75707540613783
Starch,4805.73898087921,-24.392886219588942
Starch,4801.88204744236,-20.405953332317658
Starch,4798.02511400551,-17.281635871145383
Starch,4794.16818056867,-12.756161307161872
Starch,4790.31124713182,-11.523361219517351
Starch,4786.45431369497,-10.716155757850542
Starch,4782.59738025812,-7.7464019473268833
Starch,4778.74044682128,-3.0748898474537967
Starch,4774.88351338443,2.8575113445886537
Starch,4771.02657994758,9.9726720774984869
Starch,4767.16964651073,12.849371486624236
Starch,4763.31271307389,10.900514827901885
Starch,4759.45577963704,11.102097399430027
Starch,4755.59884620019,14.009279129231235
Starch,4751.74191276335,18.072206549216233
Starch,4747.8849793265,21.061040860543155
Starch,4744.02804588965,24.616842724331093
Starch,4740.1711124528,27.309580587970579
Starch,4736.31417901596,25.944483796380105
Starch,4732.45724557911,23.434878527412884
Starch,4728.60031214226,23.042160374191056
Starch,4724.74337870541,28.298404639500053
Starch,4720.88644526857,27.934009001029896
Starch,4717.02951183172,22.151435924900529
Starch,4713.17257839487,16.013395024842215
Starch,4709.31564495803,12.672401704547923
Starch,4705.45871152118,9.8093489902252617
Starch,4701.60177808433,9.4686652760175996
Starch,4697.74484464748,13.540899782064065
Starch,4693.88791121064,13.474116386492858
Starch,4690.03097777379,3.3194600031353554
Starch,4686.17404433694,-6.0245514485083609
Starch,4682.31711090009,-5.2760539658816255
Starch,4678.46017746325,-9.5834302407810359
Starch,4674.6032440264,-12.93107707437666
Starch,4670.74631058955,-14.070316811576745
Starch,4666.88937715271,-20.071440286867826
Starch,4663.03244371586,-30.59022234075886
Starch,4659.17551027901,-39.709849646361526
Starch,4655.31857684216,-36.64183546824313
Starch,4651.46164340532,-36.887469966590977
Starch,4647.60470996847,-35.755251415749299
Starch,4643.74777653162,-41.087132895522529
Starch,4639.89084309477,-47.837675391168943
Starch,4636.03390965793,-45.071985433814895
Starch,4632.17697622108,-37.597173493720533
Starch,4628.32004278423,-29.845936933364296
Starch,4624.46310934739,-29.565798354319607
Starch,4620.60617591054,-29.580493823591613
Starch,4616.74924247369,-20.455346213876698
Starch,4612.89230903684,-14.866183542746173
Starch,4609.0353756,-13.968199415132791
Starch,4605.17844216315,-12.724493315944629
Starch,4601.3215087263,-1.0899463096583366
Starch,4597.46457528945,5.3953500245447099
Starch,4593.60764185261,3.3395393751063387
Starch,4589.75070841576,2.6025832647879441
Starch,4585.89377497891,8.8060347964565171
Starch,4582.03684154207,16.579355679044983
Starch,4578.17990810522,25.839943460978304
Starch,4574.32297466837,24.754698280600113
Starch,4570.46604123152,19.261921343060212
Starch,4566.60910779468,26.313696633100303
Starch,4562.75217435783,30.252676363319718
Starch,4558.89524092098,28.749135047681044
Starch,4555.03830748413,30.496229135902265
Starch,4551.18137404729,35.698071622350845
Starch,4547.32444061044,39.633669453783021
Starch,4543.46750717359,41.769730164929982
Starch,4539.61057373675,31.867388334702312
Starch,4535.7536402999,10.100041400177274
Starch,4531.89670686305,1.1890870377690879
Starch,4528.0397734262,1.462197010810641
Starch,4524.18283998936,2.4686328097929113
Starch,4520.32590655251,9.2517338216912535
Starch,4516.46897311566,13.895268161287303
Starch,4512.61203967881,14.174421978517413
Starch,4508.75510624197,14.53515963134444
Starch,4504.89817280512,13.605097121384945
Starch,4501.04123936827,16.305074425758825
Starch,4497.18430593143,8.8519035224760412
Starch,4493.32737249458,-6.9496367614336974
Starch,4489.47043905773,-13.273506755994386
Starch,4485.61350562088,-7.3904735133293435
Starch,4481.75657218404,-3.5429908160417183
Starch,4477.89963874719,0.43042329526228557
Starch,4474.04270531034,-2.7141637210443283
Starch,4470.18577187349,-9.0273740686194799
Starch,4466.32883843665,-12.504943043595242
Starch,4462.4719049998,-0.74328800766632985
Starch,4458.61497156295,5.7679687998665674
Starch,4454.75803812611,5.3951473177228992
Starch,4450.90110468926,-0.096676077416133363
Starch,4447.04417125241,-9.8728180855683583
Starch,4443.18723781556,-14.221877676101681
Starch,4439.33030437872,-3.0675443752619063
Starch,4435.47337094187,9.6691900264475024
Starch,4431.61643750502,15.635596163867419
Starch,4427.75950406817,17.700122543433629
Starch,4423.90257063133,17.37067278787325
Starch,4420.04563719448,20.847024437512314
Starch,4416.18870375763,20.450912698196376
Starch,4412.33177032078,13.298419457917753
Starch,4408.47483688394,1.4657975246669281
Starch,4404.61790344709,-15.274498880009743
Starch,4400.76097001024,-29.56115565092519
Starch,4396.9040365734,-31.891609890675017
Starch,4393.04710313655,-28.073175150328133
Starch,4389.1901696997,-15.482137996510096
Starch,4385.33323626285,6.571427042107465
Starch,4381.47630282601,24.3121710632972
Starch,4377.61936938916,34.623334915817892
Starch,4373.76243595231,36.396348734707111
Starch,4369.90550251546,33.889759648842301
Starch,4366.04856907862,30.023208493461294
Starch,4362.19163564177,22.864907519665408
Starch,4358.33470220492,16.90058515482594
Starch,4354.47776876808,7.7758977070695527
Starch,4350.62083533123,-1.146033210100208
Starch,4346.76390189438,-14.003320953865966
Starch,4342.90696845753,-34.739504597490068
Starch,4339.05003502069,-48.377682723333621
Starch,4335.19310158384,-52.220494009727325
Starch,4331.33616814699,-54.654222232481096
Starch,4327.47923471014,-55.150690125288016
Starch,4323.6223012733,-45.080442063558607
Starch,4319.76536783645,-36.208941364328489
Starch,4315.9084343996,-21.339520176293462
Starch,4312.05150096276,-4.4061989879721466
Starch,4308.19456752591,3.4213331141035432
Starch,4304.33763408906,3.8704510582156391
Starch,4300.48070065221,0.49872278729684738
Starch,4296.62376721537,3.7545227971687569
Starch,4292.76683377852,9.7838189859867519
Starch,4288.90990034167,19.784296856377484
Starch,4285.05296690482,25.949798238770047
Starch,4281.19603346798,28.589444208554188
Starch,4277.33910003113,17.126470354413748
Starch,4273.48216659428,5.8421657528661743
Starch,4269.62523315744,0.68024864841306465
Starch,4265.76829972059,5.226050669469787
Starch,4261.91136628374,3.1387692848174424
Starch,4258.05443284689,-6.1793552252768871
Starch,4254.19749941005,-14.317430571802021
Starch,4250.3405659732,-17.299189104602689
Starch,4246.48363253635,-13.542271934653938
Starch,4242.6266990995,-3.5521420237375554
Starch,4238.76976566266,5.5319847276599194
Starch,4234.91283222581,6.1563011585669445
Starch,4231.05589878896,5.7078012315544289
Starch,4227.19896535212,2.5061022067265295
Starch,4223.34203191527,13.97393026641916
Starch,4219.48509847842,23.420000679686094
Starch,4215.62816504157,28.864720791405421
Starch,4211.77123160473,30.546139671758787
Starch,4207.91429816788,24.870533440876493
Starch,4204.05736473103,18.994716354921319
Starch,4200.20043129418,9.5699143803536888
Starch,4196.34349785734,-2.5995301441503971
Starch,4192.48656442049,-13.86471777685472
Starch,4188.62963098364,-28.809468809870161
Starch,4184.7726975468,-45.464045268544702
Starch,4180.91576410995,-56.512122035672505
Starch,4177.0588306731,-62.876769422320827
Starch,4173.20189723625,-63.19526141151799
Starch,4169.34496379941,-61.5018101871566
Starch,4165.48803036256,-62.017443436189474
Starch,4161.63109692571,-56.265170231143593
Starch,4157.77416348886,-46.152465856862349
Starch,4153.91723005202,-36.689756289528781
Starch,4150.06029661517,-28.392039840611613
Starch,4146.20336317832,-18.309284565137709
Starch,4142.34642974148,-5.2445350311489927
Starch,4138.48949630463,6.8709502379318801
Starch,4134.63256286778,19.275170658744418
Starch,4130.77562943093,27.292156385087058
Starch,4126.91869599409,33.114113578335598
Starch,4123.06176255724,34.993992491024287
Starch,4119.20482912039,31.078977841359492
Starch,4115.34789568354,34.239653376243865
Starch,4111.4909622467,40.169189331920251
Starch,4107.63402880985,40.107885483761947
Starch,4103.777095373,44.894971324690268
Starch,4099.92016193616,43.423851893597998
Starch,4096.06322849931,47.778673653830637
Starch,4092.20629506246,57.099614074057598
Starch,4088.34936162561,61.168797565867521
Starch,4084.49242818877,61.04135175174595
Starch,4080.63549475192,60.805703334805671
Starch,4076.77856131507,60.139881753426714
Starch,4072.92162787822,61.793084349657711
Starch,4069.06469444138,64.260805285062517
Starch,4065.20776100453,54.648360817810108
Starch,4061.35082756768,38.05647917142646
Starch,4057.49389413083,29.928944419396196
Starch,4053.63696069399,26.023281487851612
Starch,4049.78002725714,18.721364539954873
Starch,4045.92309382029,13.80744506223526
Starch,4042.06616038345,8.7361932494342369
Starch,4038.2092269466,4.4016496182002154
Starch,4034.35229350975,-1.7363757182701807
Starch,4030.4953600729,-9.4730999628042554
Starch,4026.63842663606,-15.199330415937212
Starch,4022.78149319921,-23.552673288419065
Starch,4018.92455976236,-34.287326119038738
Starch,4015.06762632551,-45.015708427002465
Starch,4011.21069288867,-50.303971144306061
Starch,4007.35375945182,-58.160830251598007
Starch,4003.49682601497,-65.991114322855353
Starch,3999.63989257813,-67.032429119972107
Neochlorogenic Acid,10001.0283203125,-35.032535727884351
Neochlorogenic Acid,9997.17138687565,-19.194336809457035
Neochlorogenic Acid,9993.31445343881,-12.599885891686039
Neochlorogenic Acid,9989.45752000196,-17.23075322626454
Neochlorogenic Acid,9985.60058656511,-16.150161957995962
Neochlorogenic Acid,9981.74365312826,-3.6356429681162576
Neochlorogenic Acid,9977.88671969142,6.68293770003537
Neochlorogenic Acid,9974.02978625457,7.3315973491708784
Neochlorogenic Acid,9970.17285281772,-1.8593398282569851
Neochlorogenic Acid,9966.31591938088,16.603873790072051
Neochlorogenic Acid,9962.45898594403,36.372586173358833
Neochlorogenic Acid,9958.60205250718,24.270094242098761
Neochlorogenic Acid,9954.74511907033,21.278196185800279
Neochlorogenic Acid,9950.88818563349,10.433675718950465
Neochlorogenic Acid,9947.03125219664,-6.7828291042922526
Neochlorogenic Acid,9943.17431875979,-11.872021110604461
Neochlorogenic Acid,9939.31738532294,-18.300262754743322
Neochlorogenic Acid,9935.4604518861,4.520868443296763
Neochlorogenic Acid,9931.60351844925,26.269076012253137
Neochlorogenic Acid,9927.7465850124,17.299228723687815
Neochlorogenic Acid,9923.88965157556,-11.340211383910637
Neochlorogenic Acid,9920.03271813871,-14.657479054294054
Neochlorogenic Acid,9916.17578470186,-11.078347241577998
Neochlorogenic Acid,9912.31885126501,-12.920027948780128
Neochlorogenic Acid,9908.46191782817,-14.627653542102765
Neochlorogenic Acid,9904.60498439132,-16.979624335018954
Neochlorogenic Acid,9900.74805095447,-10.330182455774366
Neochlorogenic Acid,9896.89111751762,-23.097367138050956
Neochlorogenic Acid,9893.03418408078,-18.694088548173031
Neochlorogenic Acid,9889.17725064393,-3.4082527124514579
Neochlorogenic Acid,9885.32031720708,15.793144921943762
Neochlorogenic Acid,9881.46338377024,4.9019584545517967
Neochlorogenic Acid,9877.60645033339,-27.708712661169439
Neochlorogenic Acid,9873.74951689654,-11.962422860625104
Neochlorogenic Acid,9869.89258345969,4.9501065333988787
Neochlorogenic Acid,9866.03565002284,10.148945346585931
Neochlorogenic Acid,9862.178716586,-0.39855367539524067
Neochlorogenic Acid,9858.32178314915,-11.136820437572455
Neochlorogenic Acid,9854.4648497123,-14.501157672378257
Neochlorogenic Acid,9850.60791627546,-21.439284367303593
Neochlorogenic Acid,9846.75098283861,-17.237768952067491
Neochlorogenic Acid,9842.89404940176,12.892492934613903
Neochlorogenic Acid,9839.03711596492,4.1975760481189157
Neochlorogenic Acid,9835.18018252807,-22.188839953307994
Neochlorogenic Acid,9831.32324909122,-4.7383892805184784
Neochlorogenic Acid,9827.46631565437,13.088439581754567
Neochlorogenic Acid,9823.60938221752,-13.627885519517369
Neochlorogenic Acid,9819.75244878068,-4.8752906066938504
Neochlorogenic Acid,9815.89551534383,-4.7901130546997868
Neochlorogenic Acid,9812.03858190698,-18.899525993019683
Neochlorogenic Acid,9808.18164847014,-10.573365408043502
Neochlorogenic Acid,9804.32471503329,6.4912234648728031
Neochlorogenic Acid,9800.46778159644,7.1791401966870252
Neochlorogenic Acid,9796.6108481596,-5.2461672290499841
Neochlorogenic Acid,9792.75391472275,-0.92400773617024945
Neochlorogenic Acid,9788.8969812859,2.8737894343459862
Neochlorogenic Acid,9785.04004784905,18.956470869410008
Neochlorogenic Acid,9781.1831144122,29.32101738827949
Neochlorogenic Acid,9777.32618097536,29.664709221268243
Neochlorogenic Acid,9773.46924753851,33.881078739222311
Neochlorogenic Acid,9769.61231410166,29.239856149562812
Neochlorogenic Acid,9765.75538066482,15.153879740765497
Neochlorogenic Acid,9761.89844722797,0.41310777575816948
Neochlorogenic Acid,9758.04151379112,-8.8692789747515519
Neochlorogenic Acid,9754.18458035428,3.0673939755286352
Neochlorogenic Acid,9750.32764691743,10.091203039929352
Neochlorogenic Acid,9746.47071348058,6.575555578706453
Neochlorogenic Acid,9742.61378004373,8.4084531545107684
Neochlorogenic Acid,9738.75684660688,5.6433085454877743
Neochlorogenic Acid,9734.89991317004,6.5822861153762728
Neochlorogenic Acid,9731.04297973319,11.964749752251061
Neochlorogenic Acid,9727.18604629634,8.593406645018387
Neochlorogenic Acid,9723.3291128595,16.94254491361567
Neochlorogenic Acid,9719.47217942265,21.659445117831627
Neochlorogenic Acid,9715.6152459858,5.3774046553597055
Neochlorogenic Acid,9711.75831254896,-11.626270050497215
Neochlorogenic Acid,9707.90137911211,5.2849048330968964
Neochlorogenic Acid,9704.04444567526,26.052365794854168
Neochlorogenic Acid,9700.18751223841,35.738760676516186
Neochlorogenic Acid,9696.33057880156,11.953986101583691
Neochlorogenic Acid,9692.47364536472,-11.306438010262735
Neochlorogenic Acid,9688.61671192787,-4.4365094601157544
Neochlorogenic Acid,9684.75977849102,3.4133738632384936
Neochlorogenic Acid,9680.90284505418,-7.2799583379436248
Neochlorogenic Acid,9677.04591161733,1.8690792786922683
Neochlorogenic Acid,9673.18897818048,4.4587445840350615
Neochlorogenic Acid,9669.33204474363,-0.74285450315007817
Neochlorogenic Acid,9665.47511130679,4.6578747312932443
Neochlorogenic Acid,9661.61817786994,11.652564015287517
Neochlorogenic Acid,9657.76124443309,6.6238966689432779
Neochlorogenic Acid,9653.90431099624,-0.052896310693902278
Neochlorogenic Acid,9650.0473775594,5.5011859851240148
Neochlorogenic Acid,9646.19044412255,15.766211123547432
Neochlorogenic Acid,9642.3335106857,12.756284186753941
Neochlorogenic Acid,9638.47657724886,-2.2446379510547043
Neochlorogenic Acid,9634.61964381201,-25.313931779025182
Neochlorogenic Acid,9630.76271037516,-23.232187431328807
Neochlorogenic Acid,9626.90577693831,-7.843722152868323
Neochlorogenic Acid,9623.04884350147,5.0133708735961626
Neochlorogenic Acid,9619.19191006462,14.328948057983878
Neochlorogenic Acid,9615.33497662777,16.584054380178081
Neochlorogenic Acid,9611.47804319092,17.585271233476696
Neochlorogenic Acid,9607.62110975408,3.90480433108061
Neochlorogenic Acid,9603.76417631723,0.3123434244088425
Neochlorogenic Acid,9599.90724288038,-8.9801700875189656
Neochlorogenic Acid,9596.05030944354,-4.694696019444061
Neochlorogenic Acid,9592.19337600669,-0.61541494808978525
Neochlorogenic Acid,9588.33644256984,-3.8539059192882563
Neochlorogenic Acid,9584.47950913299,-0.15103044468860957
Neochlorogenic Acid,9580.62257569615,-4.0140520016154575
Neochlorogenic Acid,9576.7656422593,-14.128878909119937
Neochlorogenic Acid,9572.90870882245,0.74904156324299009
Neochlorogenic Acid,9569.0517753856,-4.3101113551472956
Neochlorogenic Acid,9565.19484194876,-25.588465507335226
Neochlorogenic Acid,9561.33790851191,-33.056075059510377
Neochlorogenic Acid,9557.48097507506,-29.252907529560801
Neochlorogenic Acid,9553.62404163822,-15.45608336990415
Neochlorogenic Acid,9549.76710820137,-9.1406572340992813
Neochlorogenic Acid,9545.91017476452,-12.083655552896484
Neochlorogenic Acid,9542.05324132767,7.9347427455552122
Neochlorogenic Acid,9538.19630789083,15.509094534507192
Neochlorogenic Acid,9534.33937445398,-7.9626318962046225
Neochlorogenic Acid,9530.48244101713,-10.814028489477318
Neochlorogenic Acid,9526.62550758028,-16.42247284008954
Neochlorogenic Acid,9522.76857414344,-22.538868715029874
Neochlorogenic Acid,9518.91164070659,-12.142371355138859
Neochlorogenic Acid,9515.05470726974,-10.479276879626731
Neochlorogenic Acid,9511.1977738329,-13.417601323725394
Neochlorogenic Acid,9507.34084039605,-24.398253875289967
Neochlorogenic Acid,9503.4839069592,-9.8085228579069828
Neochlorogenic Acid,9499.62697352235,5.4590442732938591
Neochlorogenic Acid,9495.77004008551,1.7822781776652339
Neochlorogenic Acid,9491.91310664866,-6.0577823322525077
Neochlorogenic Acid,9488.05617321181,-2.0191868140740228
Neochlorogenic Acid,9484.19923977496,-3.1521129639466969
Neochlorogenic Acid,9480.34230633812,2.5634081961816033
Neochlorogenic Acid,9476.48537290127,5.2532946333241215
Neochlorogenic Acid,9472.62843946442,14.035416875414819
Neochlorogenic Acid,9468.77150602758,16.85548070972618
Neochlorogenic Acid,9464.91457259073,-4.5809675504459904
Neochlorogenic Acid,9461.05763915388,-13.944450956139239
Neochlorogenic Acid,9457.20070571703,10.219675386273792
Neochlorogenic Acid,9453.34377228019,11.345467198978596
Neochlorogenic Acid,9449.48683884334,4.3803144434818648
Neochlorogenic Acid,9445.62990540649,5.1970840200518769
Neochlorogenic Acid,9441.77297196964,6.5691359424249232
Neochlorogenic Acid,9437.9160385328,-16.369173395452293
Neochlorogenic Acid,9434.05910509595,-23.005471930674123
Neochlorogenic Acid,9430.2021716591,-20.913171488615529
Neochlorogenic Acid,9426.34523822226,-29.269593752206791
Neochlorogenic Acid,9422.48830478541,-24.479731188316428
Neochlorogenic Acid,9418.63137134856,-18.858563133709254
Neochlorogenic Acid,9414.77443791171,-10.656764116194598
Neochlorogenic Acid,9410.91750447487,-3.5054376693655054
Neochlorogenic Acid,9407.06057103802,-4.8513298238377178
Neochlorogenic Acid,9403.20363760117,-9.5094691918781535
Neochlorogenic Acid,9399.34670416432,-10.56740095222063
Neochlorogenic Acid,9395.48977072748,-14.777503522581624
Neochlorogenic Acid,9391.63283729063,-14.799382080578489
Neochlorogenic Acid,9387.77590385378,-9.2669282868862908
Neochlorogenic Acid,9383.91897041694,-7.9424725309452864
Neochlorogenic Acid,9380.06203698009,-16.413770736230848
Neochlorogenic Acid,9376.20510354324,-17.466325212928954
Neochlorogenic Acid,9372.34817010639,0.57434506040002975
Neochlorogenic Acid,9368.49123666955,9.4335573579014778
Neochlorogenic Acid,9364.6343032327,12.088488488555656
Neochlorogenic Acid,9360.77736979585,13.625088348174261
Neochlorogenic Acid,9356.920436359,4.5617171047463714
Neochlorogenic Acid,9353.06350292216,-4.9959454310898259
Neochlorogenic Acid,9349.20656948531,-1.7236855921641325
Neochlorogenic Acid,9345.34963604846,0.26842484107400516
Neochlorogenic Acid,9341.49270261162,4.0320746714690161
Neochlorogenic Acid,9337.63576917477,8.6382324665800621
Neochlorogenic Acid,9333.77883573792,-0.072851092598819556
Neochlorogenic Acid,9329.92190230107,-8.4368463530266862
Neochlorogenic Acid,9326.06496886423,10.490183285693522
Neochlorogenic Acid,9322.20803542738,13.903494634875919
Neochlorogenic Acid,9318.35110199053,-2.0863446937494445
Neochlorogenic Acid,9314.49416855368,-2.6524377607867784
Neochlorogenic Acid,9310.63723511684,-0.67575543591461451
Neochlorogenic Acid,9306.78030167999,-4.8629229967291643
Neochlorogenic Acid,9302.92336824314,-7.4553377465229884
Neochlorogenic Acid,9299.0664348063,0.19309936313652709
Neochlorogenic Acid,9295.20950136945,16.092874432087054
Neochlorogenic Acid,9291.3525679326,25.051173386762297
Neochlorogenic Acid,9287.49563449575,12.489777464035095
Neochlorogenic Acid,9283.63870105891,-1.191334982578514
Neochlorogenic Acid,9279.78176762206,-8.1606470228854988
Neochlorogenic Acid,9275.92483418521,-10.049952744061587
Neochlorogenic Acid,9272.06790074836,-2.2611770004548184
Neochlorogenic Acid,9268.21096731152,-1.6028494912087923
Neochlorogenic Acid,9264.35403387467,-3.5154493423422801
Neochlorogenic Acid,9260.49710043782,9.5751877616093442
Neochlorogenic Acid,9256.64016700098,9.9535112234025611
Neochlorogenic Acid,9252.78323356413,7.2208269381741959
Neochlorogenic Acid,9248.92630012728,2.5959285462563852
Neochlorogenic Acid,9245.06936669043,0.85313629120697976
Neochlorogenic Acid,9241.21243325358,7.4317140254744993
Neochlorogenic Acid,9237.35549981674,12.675425763187278
Neochlorogenic Acid,9233.49856637989,15.287336136339771
Neochlorogenic Acid,9229.64163294304,-0.75753514615895357
Neochlorogenic Acid,9225.7846995062,-0.48990210330297779
Neochlorogenic Acid,9221.92776606935,11.680213061587665
Neochlorogenic Acid,9218.0708326325,16.349332737604009
Neochlorogenic Acid,9214.21389919565,3.145646614457104
Neochlorogenic Acid,9210.35696575881,3.8806748321936242
Neochlorogenic Acid,9206.50003232196,14.161517802328815
Neochlorogenic Acid,9202.64309888511,14.345210496121569
Neochlorogenic Acid,9198.78616544826,2.7828266817984404
Neochlorogenic Acid,9194.92923201142,-3.1481016784850371
Neochlorogenic Acid,9191.07229857457,6.6545244717264174
Neochlorogenic Acid,9187.21536513772,15.856925182716159
Neochlorogenic Acid,9183.35843170088,13.682232439602258
Neochlorogenic Acid,9179.50149826403,8.3560190031714807
Neochlorogenic Acid,9175.64456482718,-11.050997468349276
Neochlorogenic Acid,9171.78763139033,-3.3396728409629115
Neochlorogenic Acid,9167.93069795349,-2.2272309696493733
Neochlorogenic Acid,9164.07376451664,-6.4323492187397644
Neochlorogenic Acid,9160.21683107979,-5.5704272387813862
Neochlorogenic Acid,9156.35989764294,17.290177192215982
Neochlorogenic Acid,9152.5029642061,34.022065436944992
Neochlorogenic Acid,9148.64603076925,29.208615956332082
Neochlorogenic Acid,9144.7890973324,14.210046124236086
Neochlorogenic Acid,9140.93216389556,7.9851347648761104
Neochlorogenic Acid,9137.07523045871,4.4384622754710223
Neochlorogenic Acid,9133.21829702186,-2.9360077914986924
Neochlorogenic Acid,9129.36136358501,3.0352065883182617
Neochlorogenic Acid,9125.50443014817,24.463554643529903
Neochlorogenic Acid,9121.64749671132,30.733982954499233
Neochlorogenic Acid,9117.79056327447,16.63843351555284
Neochlorogenic Acid,9113.93362983762,8.3893255724334264
Neochlorogenic Acid,9110.07669640078,8.8256028658454877
Neochlorogenic Acid,9106.21976296393,1.4062665357218678
Neochlorogenic Acid,9102.36282952708,-2.6912449848979394
Neochlorogenic Acid,9098.50589609024,19.85332423352158
Neochlorogenic Acid,9094.64896265339,24.075353896392933
Neochlorogenic Acid,9090.79202921654,11.189634460541555
Neochlorogenic Acid,9086.93509577969,16.573799979263413
Neochlorogenic Acid,9083.07816234285,11.135974017273961
Neochlorogenic Acid,9079.221228906,6.2320234758819764
Neochlorogenic Acid,9075.36429546915,13.313920606915367
Neochlorogenic Acid,9071.5073620323,20.721727303931541
Neochlorogenic Acid,9067.65042859546,15.790396176116843
Neochlorogenic Acid,9063.79349515861,11.522025064950189
Neochlorogenic Acid,9059.93656172176,4.301832571585865
Neochlorogenic Acid,9056.07962828492,-5.7067235488222217
Neochlorogenic Acid,9052.22269484807,5.874885213756702
Neochlorogenic Acid,9048.36576141122,14.829180952019795
Neochlorogenic Acid,9044.50882797437,18.766332999798173
Neochlorogenic Acid,9040.65189453753,16.909479074556454
Neochlorogenic Acid,9036.79496110068,9.1126500662614998
Neochlorogenic Acid,9032.93802766383,7.3437767697444292
Neochlorogenic Acid,9029.08109422698,12.302890508576896
Neochlorogenic Acid,9025.22416079014,15.416922388032207
Neochlorogenic Acid,9021.36722735329,-2.9976732919192961
Neochlorogenic Acid,9017.51029391644,-3.3096470701835989
Neochlorogenic Acid,9013.6533604796,6.6163054914314596
Neochlorogenic Acid,9009.79642704275,5.7427402016449713
Neochlorogenic Acid,9005.9394936059,10.44571308029002
Neochlorogenic Acid,9002.08256016905,14.354725888781031
Neochlorogenic Acid,8998.22562673221,4.3801251550522204
Neochlorogenic Acid,8994.36869329536,10.589077496988839
Neochlorogenic Acid,8990.51175985851,14.617566950162429
Neochlorogenic Acid,8986.65482642166,16.687883647517815
Neochlorogenic Acid,8982.79789298482,15.759055825337546
Neochlorogenic Acid,8978.94095954797,8.0436478037869747
Neochlorogenic Acid,8975.08402611112,12.219984649328362
Neochlorogenic Acid,8971.22709267428,5.8252868673120597
Neochlorogenic Acid,8967.37015923743,-9.2365705171308949
Neochlorogenic Acid,8963.51322580058,-7.1228075596956755
Neochlorogenic Acid,8959.65629236373,-5.3039686803263049
Neochlorogenic Acid,8955.79935892689,-2.5234778745826376
Neochlorogenic Acid,8951.94242549004,7.1239035458464679
Neochlorogenic Acid,8948.08549205319,6.5166337614826952
Neochlorogenic Acid,8944.22855861634,6.640885315404268
Neochlorogenic Acid,8940.3716251795,10.232698905526197
Neochlorogenic Acid,8936.51469174265,13.778481013767413
Neochlorogenic Acid,8932.6577583058,24.948845560105017
Neochlorogenic Acid,8928.80082486896,23.169032260808596
Neochlorogenic Acid,8924.94389143211,0.35771646254193501
Neochlorogenic Acid,8921.08695799526,-24.291097669306211
Neochlorogenic Acid,8917.23002455841,-15.678225346838838
Neochlorogenic Acid,8913.37309112157,-1.1059455510547074
Neochlorogenic Acid,8909.51615768472,-0.18587604063497803
Neochlorogenic Acid,8905.65922424787,-5.7852229986634187
Neochlorogenic Acid,8901.80229081102,-13.892548671249546
Neochlorogenic Acid,8897.94535737418,-19.110452244840829
Neochlorogenic Acid,8894.08842393733,-4.519245983711949
Neochlorogenic Acid,8890.23149050048,2.3811227486585831
Neochlorogenic Acid,8886.37455706364,10.590611748187612
Neochlorogenic Acid,8882.51762362679,16.946570507225864
Neochlorogenic Acid,8878.66069018994,5.4304379075221378
Neochlorogenic Acid,8874.80375675309,-14.115803622223362
Neochlorogenic Acid,8870.94682331625,-27.846085054117022
Neochlorogenic Acid,8867.0898898794,-25.042998742683043
Neochlorogenic Acid,8863.23295644255,-15.687982787299763
Neochlorogenic Acid,8859.3760230057,-10.010184893960226
Neochlorogenic Acid,8855.51908956886,-11.096274103563966
Neochlorogenic Acid,8851.66215613201,-10.024377844652134
Neochlorogenic Acid,8847.80522269516,-16.376502092177471
Neochlorogenic Acid,8843.94828925832,-15.466812833481672
Neochlorogenic Acid,8840.09135582147,-13.421490675218811
Neochlorogenic Acid,8836.23442238462,-12.126502705879686
Neochlorogenic Acid,8832.37748894777,-12.370971753921967
Neochlorogenic Acid,8828.52055551093,-7.028186744905212
Neochlorogenic Acid,8824.66362207408,4.6373440677824496
Neochlorogenic Acid,8820.80668863723,-5.4480218563970224
Neochlorogenic Acid,8816.94975520038,-0.18658188543004037
Neochlorogenic Acid,8813.09282176354,6.5676832353919803
Neochlorogenic Acid,8809.23588832669,-15.450082410439721
Neochlorogenic Acid,8805.37895488984,-30.533987858164306
Neochlorogenic Acid,8801.522021453,-18.772291736945956
Neochlorogenic Acid,8797.66508801615,-7.5540889823733748
Neochlorogenic Acid,8793.8081545793,-11.350690288139862
Neochlorogenic Acid,8789.95122114245,-7.8592019584084261
Neochlorogenic Acid,8786.09428770561,-6.6506242631830332
Neochlorogenic Acid,8782.23735426876,-11.181896613556237
Neochlorogenic Acid,8778.38042083191,-11.87153092848037
Neochlorogenic Acid,8774.52348739506,10.719845762357037
Neochlorogenic Acid,8770.66655395822,7.5727543147743779
Neochlorogenic Acid,8766.80962052137,-7.5234345639803619
Neochlorogenic Acid,8762.95268708452,-11.370596205998202
Neochlorogenic Acid,8759.09575364767,-7.9904268526932709
Neochlorogenic Acid,8755.23882021083,-8.609226157445617
Neochlorogenic Acid,8751.38188677398,-3.6538866531429171
Neochlorogenic Acid,8747.52495333713,-8.4743546815320929
Neochlorogenic Acid,8743.66801990029,-11.053276656657282
Neochlorogenic Acid,8739.81108646344,-13.806336366066345
Neochlorogenic Acid,8735.95415302659,-11.6067562541615
Neochlorogenic Acid,8732.09721958974,-3.3715491056115088
Neochlorogenic Acid,8728.2402861529,-7.5956107432788569
Neochlorogenic Acid,8724.38335271605,-15.34212046847977
Neochlorogenic Acid,8720.5264192792,0.57873561283927744
Neochlorogenic Acid,8716.66948584235,0.30045130767212186
Neochlorogenic Acid,8712.81255240551,-2.6905589379444335
Neochlorogenic Acid,8708.95561896866,1.2961488600289535
Neochlorogenic Acid,8705.09868553181,-3.9528220740083504
Neochlorogenic Acid,8701.24175209497,-17.800279123553434
Neochlorogenic Acid,8697.38481865812,-18.363793448191423
Neochlorogenic Acid,8693.52788522127,-10.439500388065017
Neochlorogenic Acid,8689.67095178442,-13.65350644394497
Neochlorogenic Acid,8685.81401834758,-11.74726870143707
Neochlorogenic Acid,8681.95708491073,-3.8874338208218249
Neochlorogenic Acid,8678.10015147388,-2.2479226380239372
Neochlorogenic Acid,8674.24321803703,0.092611462419444554
Neochlorogenic Acid,8670.38628460019,9.7570525349236945
Neochlorogenic Acid,8666.52935116334,21.631473638185025
Neochlorogenic Acid,8662.67241772649,15.878387222813974
Neochlorogenic Acid,8658.81548428965,8.8296903813469054
Neochlorogenic Acid,8654.9585508528,15.614991986732395
Neochlorogenic Acid,8651.10161741595,1.3543846347085757
Neochlorogenic Acid,8647.2446839791,-11.86585368012736
Neochlorogenic Acid,8643.38775054226,3.6998482960139687
Neochlorogenic Acid,8639.53081710541,20.846200053762622
Neochlorogenic Acid,8635.67388366856,15.66463333481782
Neochlorogenic Acid,8631.81695023171,8.8866113062271879
Neochlorogenic Acid,8627.96001679487,-0.70795333750760214
Neochlorogenic Acid,8624.10308335802,-6.7755988521984687
Neochlorogenic Acid,8620.24614992117,5.1309832367169284
Neochlorogenic Acid,8616.38921648433,12.087340692757824
Neochlorogenic Acid,8612.53228304748,1.5727415945356442
Neochlorogenic Acid,8608.67534961063,3.2644676469762208
Neochlorogenic Acid,8604.81841617378,13.732794375042483
Neochlorogenic Acid,8600.96148273694,17.289155605169288
Neochlorogenic Acid,8597.10454930009,18.149974332563122
Neochlorogenic Acid,8593.24761586324,12.36661126061338
Neochlorogenic Acid,8589.39068242639,-8.0549275848359958
Neochlorogenic Acid,8585.53374898955,-12.673153454534384
Neochlorogenic Acid,8581.6768155527,3.0137209181842417
Neochlorogenic Acid,8577.81988211585,10.686981158093936
Neochlorogenic Acid,8573.96294867901,5.2200056168032063
Neochlorogenic Acid,8570.10601524216,11.936220454719766
Neochlorogenic Acid,8566.24908180531,6.8279773006210736
Neochlorogenic Acid,8562.39214836846,8.0602436711518735
Neochlorogenic Acid,8558.53521493162,5.1350961626631157
Neochlorogenic Acid,8554.67828149477,10.683682381968474
Neochlorogenic Acid,8550.82134805792,-3.1854295681901728
Neochlorogenic Acid,8546.96441462107,-10.945457236402738
Neochlorogenic Acid,8543.10748118423,3.9905255256580952
Neochlorogenic Acid,8539.25054774738,10.371868483895772
Neochlorogenic Acid,8535.39361431053,7.847291023897661
Neochlorogenic Acid,8531.53668087368,7.4862818294962548
Neochlorogenic Acid,8527.67974743684,-1.2227997871272449
Neochlorogenic Acid,8523.82281399999,-18.849802305951073
Neochlorogenic Acid,8519.96588056314,-19.679643973928009
Neochlorogenic Acid,8516.1089471263,-6.7424807788160823
Neochlorogenic Acid,8512.25201368945,-15.602502554860068
Neochlorogenic Acid,8508.3950802526,-3.6021484802845416
Neochlorogenic Acid,8504.53814681575,4.8731878190416866
Neochlorogenic Acid,8500.68121337891,-8.902726905940229
Neochlorogenic Acid,8496.82427994206,-6.026224259793092
Neochlorogenic Acid,8492.96734650521,-9.7284309286826449
Neochlorogenic Acid,8489.11041306836,-18.132692468806468
Neochlorogenic Acid,8485.25347963152,-42.216969161639732
Neochlorogenic Acid,8481.39654619467,-56.504848314290527
Neochlorogenic Acid,8477.53961275782,-30.122709315930521
Neochlorogenic Acid,8473.68267932098,-12.094122226820863
Neochlorogenic Acid,8469.82574588413,-9.2436735649547295
Neochlorogenic Acid,8465.96881244728,1.550631115523122
Neochlorogenic Acid,8462.11187901043,0.67570637512867537
Neochlorogenic Acid,8458.25494557359,-24.97100276737476
Neochlorogenic Acid,8454.39801213674,-23.62194400088223
Neochlorogenic Acid,8450.54107869989,5.7712462260494224
Neochlorogenic Acid,8446.68414526304,17.858766899315956
Neochlorogenic Acid,8442.8272118262,8.0874331440459173
Neochlorogenic Acid,8438.97027838935,-7.0944852056247623
Neochlorogenic Acid,8435.1133449525,-7.123938817289778
Neochlorogenic Acid,8431.25641151566,-8.3509372140470663
Neochlorogenic Acid,8427.39947807881,-11.638438484130717
Neochlorogenic Acid,8423.54254464196,5.0210394953520856
Neochlorogenic Acid,8419.68561120511,20.393910000655481
Neochlorogenic Acid,8415.82867776827,21.967699024046798
Neochlorogenic Acid,8411.97174433142,16.870240162310655
Neochlorogenic Acid,8408.11481089457,5.609730676374852
Neochlorogenic Acid,8404.25787745772,-13.071645380938682
Neochlorogenic Acid,8400.40094402088,-23.332490214996387
Neochlorogenic Acid,8396.54401058403,-19.689472565766902
Neochlorogenic Acid,8392.68707714718,3.7288745788633606
Neochlorogenic Acid,8388.83014371034,34.054903040111483
Neochlorogenic Acid,8384.97321027349,45.752556955369954
Neochlorogenic Acid,8381.11627683664,16.741242584660604
Neochlorogenic Acid,8377.25934339979,-2.6001009143821379
Neochlorogenic Acid,8373.40240996295,0.78923223052032643
Neochlorogenic Acid,8369.5454765261,9.4840251241344955
Neochlorogenic Acid,8365.68854308925,5.2820523771017234
Neochlorogenic Acid,8361.8316096524,6.1597009973832897
Neochlorogenic Acid,8357.97467621556,2.0760093312647285
Neochlorogenic Acid,8354.11774277871,14.342184423014787
Neochlorogenic Acid,8350.26080934186,16.068134024984253
Neochlorogenic Acid,8346.40387590502,5.320709942519585
Neochlorogenic Acid,8342.54694246817,-5.9903062749806901
Neochlorogenic Acid,8338.69000903132,-4.405856886080084
Neochlorogenic Acid,8334.83307559447,-5.9665090787809385
Neochlorogenic Acid,8330.97614215763,-7.3666532255051491
Neochlorogenic Acid,8327.11920872078,5.4068797812592555
Neochlorogenic Acid,8323.26227528393,14.339770241561936
Neochlorogenic Acid,8319.40534184708,-3.8280154284919821
Neochlorogenic Acid,8315.54840841024,2.124242054384486
Neochlorogenic Acid,8311.69147497339,-0.18073866869066574
Neochlorogenic Acid,8307.83454153654,-23.67070248094219
Neochlorogenic Acid,8303.97760809969,-28.937138515433201
Neochlorogenic Acid,8300.12067466285,-13.849963827962446
Neochlorogenic Acid,8296.263741226,-12.135583553126239
Neochlorogenic Acid,8292.40680778915,-8.3734327339407262
Neochlorogenic Acid,8288.54987435231,-13.368046387988983
Neochlorogenic Acid,8284.69294091546,-5.329200860580646
Neochlorogenic Acid,8280.83600747861,6.1193007151987437
Neochlorogenic Acid,8276.97907404176,17.616988824130676
Neochlorogenic Acid,8273.12214060492,7.773452028768352
Neochlorogenic Acid,8269.26520716807,-2.5825126538575995
Neochlorogenic Acid,8265.40827373122,-6.4194957151008589
Neochlorogenic Acid,8261.55134029437,-4.870554326738211
Neochlorogenic Acid,8257.69440685753,-23.125821222471693
Neochlorogenic Acid,8253.83747342068,-36.130066468304108
Neochlorogenic Acid,8249.98053998383,-26.056644741038138
Neochlorogenic Acid,8246.12360654699,-7.8664575847485256
Neochlorogenic Acid,8242.26667311014,4.8246151902366465
Neochlorogenic Acid,8238.40973967329,-3.716253829183811
Neochlorogenic Acid,8234.55280623644,-6.2697559702710794
Neochlorogenic Acid,8230.6958727996,7.303360348171597
Neochlorogenic Acid,8226.83893936275,-5.7052142193996591
Neochlorogenic Acid,8222.9820059259,-19.156553489648282
Neochlorogenic Acid,8219.12507248905,-0.31942513423975455
Neochlorogenic Acid,8215.26813905221,24.437207648084964
Neochlorogenic Acid,8211.41120561536,20.388477143571247
Neochlorogenic Acid,8207.55427217851,-0.58609519752378902
Neochlorogenic Acid,8203.69733874167,-15.316878777212647
Neochlorogenic Acid,8199.84040530482,2.3079294696630233
Neochlorogenic Acid,8195.98347186797,12.595133975010297
Neochlorogenic Acid,8192.12653843112,11.032285794089399
Neochlorogenic Acid,8188.26960499428,-9.0938584174510471
Neochlorogenic Acid,8184.41267155743,-13.596638690222386
Neochlorogenic Acid,8180.55573812058,-3.9587153690841124
Neochlorogenic Acid,8176.69880468373,4.6863648376452023
Neochlorogenic Acid,8172.84187124689,-2.1956998302406521
Neochlorogenic Acid,8168.98493781004,-8.4422775772012262
Neochlorogenic Acid,8165.12800437319,1.9527379888069332
Neochlorogenic Acid,8161.27107093635,0.12543735997648003
Neochlorogenic Acid,8157.4141374995,-4.3900853855063797
Neochlorogenic Acid,8153.55720406265,4.2607192875499011
Neochlorogenic Acid,8149.7002706258,-0.83539623441859445
Neochlorogenic Acid,8145.84333718896,2.9179148281114573
Neochlorogenic Acid,8141.98640375211,-6.0065825320698396
Neochlorogenic Acid,8138.12947031526,5.0464934089927587
Neochlorogenic Acid,8134.27253687841,16.55943057033943
Neochlorogenic Acid,8130.41560344157,10.648726007437553
Neochlorogenic Acid,8126.55867000472,1.5285439535309024
Neochlorogenic Acid,8122.70173656787,-0.12010496019051518
Neochlorogenic Acid,8118.84480313103,2.2437588367177335
Neochlorogenic Acid,8114.98786969418,0.615698484377737
Neochlorogenic Acid,8111.13093625733,0.47162368860002474
Neochlorogenic Acid,8107.27400282048,6.6209185527048104
Neochlorogenic Acid,8103.41706938364,9.9864799583415955
Neochlorogenic Acid,8099.56013594679,15.428634421180126
Neochlorogenic Acid,8095.70320250994,8.6919162514204391
Neochlorogenic Acid,8091.84626907309,6.3086880677192294
Neochlorogenic Acid,8087.98933563625,-15.50416338217306
Neochlorogenic Acid,8084.1324021994,-16.613139676739852
Neochlorogenic Acid,8080.27546876255,-3.119152210002317
Neochlorogenic Acid,8076.41853532571,10.89329879607029
Neochlorogenic Acid,8072.56160188886,10.156563305503656
Neochlorogenic Acid,8068.70466845201,12.114908649152744
Neochlorogenic Acid,8064.84773501516,9.6200078982009405
Neochlorogenic Acid,8060.99080157832,19.545281475794791
Neochlorogenic Acid,8057.13386814147,18.294745146155112
Neochlorogenic Acid,8053.27693470462,6.1260398710519395
Neochlorogenic Acid,8049.42000126777,-6.119523550994229
Neochlorogenic Acid,8045.56306783093,-8.1561716172989325
Neochlorogenic Acid,8041.70613439408,-2.6176200352871226
Neochlorogenic Acid,8037.84920095723,-0.76803734637276666
Neochlorogenic Acid,8033.99226752039,-15.033754285159272
Neochlorogenic Acid,8030.13533408354,-24.246368042139039
Neochlorogenic Acid,8026.27840064669,-1.8011242553712987
Neochlorogenic Acid,8022.42146720984,13.706772090588588
Neochlorogenic Acid,8018.564533773,3.0132133250242115
Neochlorogenic Acid,8014.70760033615,-2.2766562433610567
Neochlorogenic Acid,8010.8506668993,-8.9930881116933516
Neochlorogenic Acid,8006.99373346245,-13.497780052424874
Neochlorogenic Acid,8003.13680002561,-14.772718691116911
Neochlorogenic Acid,7999.27986658876,-20.319306892394685
Neochlorogenic Acid,7995.42293315191,-12.605980743612223
Neochlorogenic Acid,7991.56599971507,-17.393466513027526
Neochlorogenic Acid,7987.70906627822,-16.094832809891724
Neochlorogenic Acid,7983.85213284137,-9.7298996089175471
Neochlorogenic Acid,7979.99519940452,5.2729020084434
Neochlorogenic Acid,7976.13826596768,7.7972143332616177
Neochlorogenic Acid,7972.28133253083,-12.592750791532048
Neochlorogenic Acid,7968.42439909398,-19.014989621651164
Neochlorogenic Acid,7964.56746565713,-8.9776956160279422
Neochlorogenic Acid,7960.71053222029,-13.719199997364163
Neochlorogenic Acid,7956.85359878344,-5.570263458801997
Neochlorogenic Acid,7952.99666534659,8.5050357945107162
Neochlorogenic Acid,7949.13973190975,15.558185966712669
Neochlorogenic Acid,7945.2827984729,12.06771969996535
Neochlorogenic Acid,7941.42586503605,-2.2740555080123901
Neochlorogenic Acid,7937.5689315992,-12.560696648170962
Neochlorogenic Acid,7933.71199816236,-11.9109099644864
Neochlorogenic Acid,7929.85506472551,-9.7358260325980535
Neochlorogenic Acid,7925.99813128866,-10.661321401463098
Neochlorogenic Acid,7922.14119785181,-0.14595523896508725
Neochlorogenic Acid,7918.28426441497,-3.9653381467207534
Neochlorogenic Acid,7914.42733097812,-1.2402172753372172
Neochlorogenic Acid,7910.57039754127,-4.4406915592560106
Neochlorogenic Acid,7906.71346410443,-17.659812534054041
Neochlorogenic Acid,7902.85653066758,-13.01841528204052
Neochlorogenic Acid,7898.99959723073,-2.3136607808430054
Neochlorogenic Acid,7895.14266379388,-1.7443588176010798
Neochlorogenic Acid,7891.28573035704,-6.8199950435967231
Neochlorogenic Acid,7887.42879692019,-8.920596827824399
Neochlorogenic Acid,7883.57186348334,-11.429952924522837
Neochlorogenic Acid,7879.71493004649,-13.879512819491557
Neochlorogenic Acid,7875.85799660965,-0.82956435466600087
Neochlorogenic Acid,7872.0010631728,-7.2960038888157035
Neochlorogenic Acid,7868.14412973595,-6.132112217434698
Neochlorogenic Acid,7864.28719629911,0.5062300021906192
Neochlorogenic Acid,7860.43026286226,6.7028381321657102
Neochlorogenic Acid,7856.57332942541,2.5132834591386435
Neochlorogenic Acid,7852.71639598856,2.6738643932511472
Neochlorogenic Acid,7848.85946255172,10.487006693556626
Neochlorogenic Acid,7845.00252911487,2.2847767897586442
Neochlorogenic Acid,7841.14559567802,-20.26024947808019
Neochlorogenic Acid,7837.28866224117,-15.484870458903023
Neochlorogenic Acid,7833.43172880433,-9.4357882505442561
Neochlorogenic Acid,7829.57479536748,-4.6055843104294842
Neochlorogenic Acid,7825.71786193063,2.8572308366822194
Neochlorogenic Acid,7821.86092849379,7.5548247170029921
Neochlorogenic Acid,7818.00399505694,6.7231228080997774
Neochlorogenic Acid,7814.14706162009,2.8796414399033314
Neochlorogenic Acid,7810.29012818324,-5.774758250842682
Neochlorogenic Acid,7806.4331947464,-9.7509172163892668
Neochlorogenic Acid,7802.57626130955,5.5137426136679428
Neochlorogenic Acid,7798.7193278727,9.7279105799147967
Neochlorogenic Acid,7794.86239443585,1.7337241272019566
Neochlorogenic Acid,7791.00546099901,-0.23519572374153999
Neochlorogenic Acid,7787.14852756216,-7.9656916698762377
Neochlorogenic Acid,7783.29159412531,-21.421588995451192
Neochlorogenic Acid,7779.43466068847,-18.854558011724318
Neochlorogenic Acid,7775.57772725162,-6.1745893700940799
Neochlorogenic Acid,7771.72079381477,-6.7431938864917012
Neochlorogenic Acid,7767.86386037792,-5.3280429281801887
Neochlorogenic Acid,7764.00692694107,-2.5654365708953484
Neochlorogenic Acid,7760.14999350423,-10.915130066220474
Neochlorogenic Acid,7756.29306006738,-8.9245979519422534
Neochlorogenic Acid,7752.43612663053,-2.9959577353471363
Neochlorogenic Acid,7748.57919319369,2.0938780829901034
Neochlorogenic Acid,7744.72225975684,-0.032496275778367542
Neochlorogenic Acid,7740.86532631999,-10.548962735599931
Neochlorogenic Acid,7737.00839288315,-7.747601679660824
Neochlorogenic Acid,7733.1514594463,-3.7011120039495728
Neochlorogenic Acid,7729.29452600945,2.5237515423885495
Neochlorogenic Acid,7725.4375925726,1.1384193046156383
Neochlorogenic Acid,7721.58065913575,3.2961847933489361
Neochlorogenic Acid,7717.72372569891,-0.52425127219704659
Neochlorogenic Acid,7713.86679226206,2.1709791989659855
Neochlorogenic Acid,7710.00985882521,1.4950721660494459
Neochlorogenic Acid,7706.15292538837,-8.4140011417314735
Neochlorogenic Acid,7702.29599195152,-15.563437407141201
Neochlorogenic Acid,7698.43905851467,-1.7305523925369162
Neochlorogenic Acid,7694.58212507782,1.7864338635222665
Neochlorogenic Acid,7690.72519164098,-13.650964136845786
Neochlorogenic Acid,7686.86825820413,-20.299730431162374
Neochlorogenic Acid,7683.01132476728,-13.437442604223392
Neochlorogenic Acid,7679.15439133043,-5.7689349919810358
Neochlorogenic Acid,7675.29745789359,2.6960482295333001
Neochlorogenic Acid,7671.44052445674,-5.5764631172393964
Neochlorogenic Acid,7667.58359101989,-2.4919299002573325
Neochlorogenic Acid,7663.72665758305,0.95639591593745932
Neochlorogenic Acid,7659.8697241462,0.6617695772866391
Neochlorogenic Acid,7656.01279070935,-0.47338524350550104
Neochlorogenic Acid,7652.1558572725,8.3640833466714
Neochlorogenic Acid,7648.29892383566,9.7174050838167449
Neochlorogenic Acid,7644.44199039881,-5.8511060253150324
Neochlorogenic Acid,7640.58505696196,-10.796706950162879
Neochlorogenic Acid,7636.72812352511,-2.9088113676264689
Neochlorogenic Acid,7632.87119008827,6.6051008877519743
Neochlorogenic Acid,7629.01425665142,5.1912392298704653
Neochlorogenic Acid,7625.15732321457,-0.61225112451746733
Neochlorogenic Acid,7621.30038977773,3.1745184240795838
Neochlorogenic Acid,7617.44345634088,-5.8873594507764757
Neochlorogenic Acid,7613.58652290403,-6.8033276500891118
Neochlorogenic Acid,7609.72958946718,-8.8320869095665504
Neochlorogenic Acid,7605.87265603034,-9.3496115830721358
Neochlorogenic Acid,7602.01572259349,-14.986388154457297
Neochlorogenic Acid,7598.15878915664,-11.652827812575541
Neochlorogenic Acid,7594.30185571979,-3.7997254087128387
Neochlorogenic Acid,7590.44492228295,3.8464167988295719
Neochlorogenic Acid,7586.5879888461,4.6789718465736465
Neochlorogenic Acid,7582.73105540925,0.98800882887276309
Neochlorogenic Acid,7578.87412197241,-5.0477980201943051
Neochlorogenic Acid,7575.01718853556,-1.0122230324534656
Neochlorogenic Acid,7571.16025509871,-2.6317246415620481
Neochlorogenic Acid,7567.30332166186,-7.9351917779136469
Neochlorogenic Acid,7563.44638822502,-7.0481005060440785
Neochlorogenic Acid,7559.58945478817,3.7635236992274894
Neochlorogenic Acid,7555.73252135132,8.7082951467476715
Neochlorogenic Acid,7551.87558791447,5.7077418975201066
Neochlorogenic Acid,7548.01865447763,5.3204478204556045
Neochlorogenic Acid,7544.16172104078,-3.4117791508395805
Neochlorogenic Acid,7540.30478760393,-12.279109703801709
Neochlorogenic Acid,7536.44785416709,-4.7974131516089837
Neochlorogenic Acid,7532.59092073024,-6.8328835242870749
Neochlorogenic Acid,7528.73398729339,-7.2177514684500448
Neochlorogenic Acid,7524.87705385654,-3.5258538643444868
Neochlorogenic Acid,7521.0201204197,10.263772770707231
Neochlorogenic Acid,7517.16318698285,7.9482055853059466
Neochlorogenic Acid,7513.306253546,-0.34937447474463051
Neochlorogenic Acid,7509.44932010915,6.4750570456810941
Neochlorogenic Acid,7505.59238667231,22.472646625112294
Neochlorogenic Acid,7501.73545323546,21.804202682631537
Neochlorogenic Acid,7497.87851979861,24.496276349514694
Neochlorogenic Acid,7494.02158636177,20.327324625617738
Neochlorogenic Acid,7490.16465292492,15.369441766145213
Neochlorogenic Acid,7486.30771948807,12.16718825623788
Neochlorogenic Acid,7482.45078605122,11.225207053620995
Neochlorogenic Acid,7478.59385261438,3.1041869736991234
Neochlorogenic Acid,7474.73691917753,-3.3896145662543153
Neochlorogenic Acid,7470.87998574068,9.0961781613616974
Neochlorogenic Acid,7467.02305230383,25.61041028781683
Neochlorogenic Acid,7463.16611886699,2.2272840817079116
Neochlorogenic Acid,7459.30918543014,-3.5133407623329815
Neochlorogenic Acid,7455.45225199329,12.359745949113965
Neochlorogenic Acid,7451.59531855645,22.560021585775299
Neochlorogenic Acid,7447.7383851196,25.00033014685895
Neochlorogenic Acid,7443.88145168275,17.547972415649248
Neochlorogenic Acid,7440.0245182459,18.002239301615081
Neochlorogenic Acid,7436.16758480906,19.802814420752391
Neochlorogenic Acid,7432.31065137221,15.821873543993849
Neochlorogenic Acid,7428.45371793536,28.160092708044751
Neochlorogenic Acid,7424.59678449851,25.691166659720917
Neochlorogenic Acid,7420.73985106167,14.53051753112463
Neochlorogenic Acid,7416.88291762482,26.768837583962025
Neochlorogenic Acid,7413.02598418797,20.334933764329996
Neochlorogenic Acid,7409.16905075113,8.225707049883999
Neochlorogenic Acid,7405.31211731428,15.391558713125479
Neochlorogenic Acid,7401.45518387743,18.454192648099127
Neochlorogenic Acid,7397.59825044058,14.124983575327281
Neochlorogenic Acid,7393.74131700374,8.3013408359844725
Neochlorogenic Acid,7389.88438356689,17.325166997601663
Neochlorogenic Acid,7386.02745013004,10.968992844166349
Neochlorogenic Acid,7382.17051669319,6.1512214868638608
Neochlorogenic Acid,7378.31358325635,-6.8571484008387733
Neochlorogenic Acid,7374.4566498195,11.310923237904129
Neochlorogenic Acid,7370.59971638265,22.619145893663887
Neochlorogenic Acid,7366.74278294581,-0.28361606433483966
Neochlorogenic Acid,7362.88584950896,3.3193055021261197
Neochlorogenic Acid,7359.02891607211,12.01415279275197
Neochlorogenic Acid,7355.17198263526,22.033173137343812
Neochlorogenic Acid,7351.31504919842,7.1116785905918292
Neochlorogenic Acid,7347.45811576157,-8.7068331362232865
Neochlorogenic Acid,7343.60118232472,-9.0517692760999591
Neochlorogenic Acid,7339.74424888787,-9.579586727530458
Neochlorogenic Acid,7335.88731545103,-11.143308848299499
Neochlorogenic Acid,7332.03038201418,-20.207952401614875
Neochlorogenic Acid,7328.17344857733,-13.794758633390527
Neochlorogenic Acid,7324.31651514049,-5.2560380170540961
Neochlorogenic Acid,7320.45958170364,-7.2204172889883225
Neochlorogenic Acid,7316.60264826679,7.9735114652173706
Neochlorogenic Acid,7312.74571482994,8.8909452885087106
Neochlorogenic Acid,7308.8887813931,-22.786585589514537
Neochlorogenic Acid,7305.03184795625,-15.563183785829812
Neochlorogenic Acid,7301.1749145194,4.807389081213576
Neochlorogenic Acid,7297.31798108255,-8.4631978096443401
Neochlorogenic Acid,7293.46104764571,-29.125938963542865
Neochlorogenic Acid,7289.60411420886,-23.890029221099965
Neochlorogenic Acid,7285.74718077201,6.7715324211855048
Neochlorogenic Acid,7281.89024733516,26.26878622631029
Neochlorogenic Acid,7278.03331389832,7.1170300467995862
Neochlorogenic Acid,7274.17638046147,1.0294477890372291
Neochlorogenic Acid,7270.31944702462,0.96997540347736366
Neochlorogenic Acid,7266.46251358778,11.509866305872372
Neochlorogenic Acid,7262.60558015093,20.878566343667384
Neochlorogenic Acid,7258.74864671408,2.0487491551743524
Neochlorogenic Acid,7254.89171327723,8.7083892872018005
Neochlorogenic Acid,7251.03477984039,16.368092782933218
Neochlorogenic Acid,7247.17784640354,-5.1191256097779743
Neochlorogenic Acid,7243.32091296669,-9.5178003681242807
Neochlorogenic Acid,7239.46397952984,-4.5975502188528532
Neochlorogenic Acid,7235.607046093,12.09762569631385
Neochlorogenic Acid,7231.75011265615,31.51815605223155
Neochlorogenic Acid,7227.8931792193,3.1299843172240984
Neochlorogenic Acid,7224.03624578246,-20.693255979015511
Neochlorogenic Acid,7220.17931234561,-1.0311518798940473
Neochlorogenic Acid,7216.32237890876,35.666208831258423
Neochlorogenic Acid,7212.46544547191,53.178221011137317
Neochlorogenic Acid,7208.60851203507,32.699718526988036
Neochlorogenic Acid,7204.75157859822,14.547456168492527
Neochlorogenic Acid,7200.89464516137,5.3703590941435762
Neochlorogenic Acid,7197.03771172452,0.12712490524227779
Neochlorogenic Acid,7193.18077828768,10.631279419479807
Neochlorogenic Acid,7189.32384485083,4.0234241710380694
Neochlorogenic Acid,7185.46691141398,-7.7697673952064354
Neochlorogenic Acid,7181.60997797714,-18.723870714343096
Neochlorogenic Acid,7177.75304454029,-10.937259746538723
Neochlorogenic Acid,7173.89611110344,9.3032514702242839
Neochlorogenic Acid,7170.03917766659,7.4780644537399663
Neochlorogenic Acid,7166.18224422975,0.52653365602478153
Neochlorogenic Acid,7162.3253107929,-14.509618752332692
Neochlorogenic Acid,7158.46837735605,-30.726703094690833
Neochlorogenic Acid,7154.6114439192,-26.97272538142532
Neochlorogenic Acid,7150.75451048236,-14.831455547848231
Neochlorogenic Acid,7146.89757704551,-14.785259501564925
Neochlorogenic Acid,7143.04064360866,-13.363111678926225
Neochlorogenic Acid,7139.18371017182,-12.698711046534248
Neochlorogenic Acid,7135.32677673497,-35.593541199475176
Neochlorogenic Acid,7131.46984329812,-40.772358692175736
Neochlorogenic Acid,7127.61290986127,-16.062259399126948
Neochlorogenic Acid,7123.75597642443,-7.88620006713316
Neochlorogenic Acid,7119.89904298758,-12.845880257444867
Neochlorogenic Acid,7116.04210955073,-29.62597245963919
Neochlorogenic Acid,7112.18517611388,-28.111225956826743
Neochlorogenic Acid,7108.32824267704,-15.31653614525003
Neochlorogenic Acid,7104.47130924019,-5.0446662450249988
Neochlorogenic Acid,7100.61437580334,-1.4859107324016607
Neochlorogenic Acid,7096.7574423665,-4.7271598825898558
Neochlorogenic Acid,7092.90050892965,-15.576091161670551
Neochlorogenic Acid,7089.0435754928,-0.86220781910977495
Neochlorogenic Acid,7085.18664205595,8.6273366766988442
Neochlorogenic Acid,7081.32970861911,17.00835011489594
Neochlorogenic Acid,7077.47277518226,26.474115377746791
Neochlorogenic Acid,7073.61584174541,39.909898611543063
Neochlorogenic Acid,7069.75890830856,35.69259565627992
Neochlorogenic Acid,7065.90197487172,27.170387895103893
Neochlorogenic Acid,7062.04504143487,16.977013107021339
Neochlorogenic Acid,7058.18810799802,8.9397574104374602
Neochlorogenic Acid,7054.33117456117,1.888193930978042
Neochlorogenic Acid,7050.47424112433,-2.6733080332486741
Neochlorogenic Acid,7046.61730768748,-2.5619031500060783
Neochlorogenic Acid,7042.76037425063,-4.0618085826755843
Neochlorogenic Acid,7038.90344081379,-6.5266198517205396
Neochlorogenic Acid,7035.04650737694,0.34783673469841236
Neochlorogenic Acid,7031.18957394009,-5.3483184273539859
Neochlorogenic Acid,7027.33264050324,-4.9717613505107501
Neochlorogenic Acid,7023.4757070664,-1.8455720599904997
Neochlorogenic Acid,7019.61877362955,-3.9296845529831872
Neochlorogenic Acid,7015.7618401927,1.74791151636568
Neochlorogenic Acid,7011.90490675585,2.7238972937440633
Neochlorogenic Acid,7008.04797331901,-6.696734501829571
Neochlorogenic Acid,7004.19103988216,-9.9191341276865863
Neochlorogenic Acid,7000.33410644531,-9.0349919762661752
Neochlorogenic Acid,6996.47717300847,-0.97893990507805395
Neochlorogenic Acid,6992.62023957162,2.766633873739214
Neochlorogenic Acid,6988.76330613477,5.653786169112843
Neochlorogenic Acid,6984.90637269792,4.571477762300419
Neochlorogenic Acid,6981.04943926108,1.5514792352747784
Neochlorogenic Acid,6977.19250582423,0.81895031053795853
Neochlorogenic Acid,6973.33557238738,4.802401426167914
Neochlorogenic Acid,6969.47863895053,7.3056082065037069
Neochlorogenic Acid,6965.62170551369,9.7655983528359602
Neochlorogenic Acid,6961.76477207684,7.1377760118620426
Neochlorogenic Acid,6957.90783863999,3.5398589959763198
Neochlorogenic Acid,6954.05090520315,-2.5070432454790743
Neochlorogenic Acid,6950.1939717663,-4.957444068635775
Neochlorogenic Acid,6946.33703832945,-1.4422156972914915
Neochlorogenic Acid,6942.4801048926,5.0985834349392034
Neochlorogenic Acid,6938.62317145576,7.0945610615563455
Neochlorogenic Acid,6934.76623801891,5.6332796479683571
Neochlorogenic Acid,6930.90930458206,4.1744955460200748
Neochlorogenic Acid,6927.05237114521,-3.3189820933594079
Neochlorogenic Acid,6923.19543770837,-7.6143314693116348
Neochlorogenic Acid,6919.33850427152,-4.0592227004335095
Neochlorogenic Acid,6915.48157083467,-7.9288778242658218
Neochlorogenic Acid,6911.62463739783,-6.6825060899790572
Neochlorogenic Acid,6907.76770396098,-2.6913821676617826
Neochlorogenic Acid,6903.91077052413,-3.9050228819935708
Neochlorogenic Acid,6900.05383708728,-9.201780883516447
Neochlorogenic Acid,6896.19690365044,-7.2049123020984398
Neochlorogenic Acid,6892.33997021359,-10.923906176280372
Neochlorogenic Acid,6888.48303677674,-10.675741075252258
Neochlorogenic Acid,6884.62610333989,-11.943823633545131
Neochlorogenic Acid,6880.76916990305,-11.080790966630101
Neochlorogenic Acid,6876.9122364662,-10.817032559768128
Neochlorogenic Acid,6873.05530302935,-11.309406206177725
Neochlorogenic Acid,6869.19836959251,-11.387033396249613
Neochlorogenic Acid,6865.34143615566,-6.9000487623226574
Neochlorogenic Acid,6861.48450271881,-8.4221792910301048
Neochlorogenic Acid,6857.62756928196,-11.432871116915191
Neochlorogenic Acid,6853.77063584512,-15.67612438986421
Neochlorogenic Acid,6849.91370240827,-15.959763915439467
Neochlorogenic Acid,6846.05676897142,-13.146210246141779
Neochlorogenic Acid,6842.19983553457,-13.770717229238697
Neochlorogenic Acid,6838.34290209773,-13.893370614152698
Neochlorogenic Acid,6834.48596866088,-8.4460291396114453
Neochlorogenic Acid,6830.62903522403,-4.0045442991348592
Neochlorogenic Acid,6826.77210178718,-1.7690832567064161
Neochlorogenic Acid,6822.91516835034,-4.84187025565552
Neochlorogenic Acid,6819.05823491349,-6.1814410868234138
Neochlorogenic Acid,6815.20130147664,-1.9316379306534293
Neochlorogenic Acid,6811.3443680398,-3.7830585940831853
Neochlorogenic Acid,6807.48743460295,-8.6322117456772833
Neochlorogenic Acid,6803.6305011661,-6.6654345735577376
Neochlorogenic Acid,6799.77356772925,-3.4269808246797679
Neochlorogenic Acid,6795.91663429241,-2.5575629086938707
Neochlorogenic Acid,6792.05970085556,-5.9913643889591199
Neochlorogenic Acid,6788.20276741871,-5.2851130146018912
Neochlorogenic Acid,6784.34583398186,-2.8065738880785349
Neochlorogenic Acid,6780.48890054502,-3.0770904724443668
Neochlorogenic Acid,6776.63196710817,-4.5784273137720906
Neochlorogenic Acid,6772.77503367132,1.3579342647033541
Neochlorogenic Acid,6768.91810023448,1.7392280442552832
Neochlorogenic Acid,6765.06116679763,3.2499572020330012
Neochlorogenic Acid,6761.20423336078,4.4186292416661903
Neochlorogenic Acid,6757.34729992393,6.7544809328599982
Neochlorogenic Acid,6753.49036648709,6.4569520656430832
Neochlorogenic Acid,6749.63343305024,5.3083971544582678
Neochlorogenic Acid,6745.77649961339,1.9846753263419228
Neochlorogenic Acid,6741.91956617654,2.8731582952688575
Neochlorogenic Acid,6738.0626327397,2.7585511013915762
Neochlorogenic Acid,6734.20569930285,1.1516148048487036
Neochlorogenic Acid,6730.348765866,1.2044144778759978
Neochlorogenic Acid,6726.49183242916,6.2341062815797956
Neochlorogenic Acid,6722.63489899231,10.317305472192624
Neochlorogenic Acid,6718.77796555546,10.717088925396274
Neochlorogenic Acid,6714.92103211861,7.9182926083995948
Neochlorogenic Acid,6711.06409868177,9.3123505550641834
Neochlorogenic Acid,6707.20716524492,7.4701945824357416
Neochlorogenic Acid,6703.35023180807,6.5592337390829556
Neochlorogenic Acid,6699.49329837122,5.9789894617385189
Neochlorogenic Acid,6695.63636493438,7.7912728303352639
Neochlorogenic Acid,6691.77943149753,12.752647751235367
Neochlorogenic Acid,6687.92249806068,10.234441611342628
Neochlorogenic Acid,6684.06556462384,5.8649743894104365
Neochlorogenic Acid,6680.20863118699,7.9985743420923701
Neochlorogenic Acid,6676.35169775014,6.2857167576567514
Neochlorogenic Acid,6672.49476431329,9.0035198706507487
Neochlorogenic Acid,6668.63783087645,10.442587939193213
Neochlorogenic Acid,6664.7808974396,13.475276665285019
Neochlorogenic Acid,6660.92396400275,11.638897076462444
Neochlorogenic Acid,6657.0670305659,14.390799650447013
Neochlorogenic Acid,6653.21009712906,16.587445504187819
Neochlorogenic Acid,6649.35316369221,16.755826453649654
Neochlorogenic Acid,6645.49623025536,11.820523866154996
Neochlorogenic Acid,6641.63929681852,11.898986544870407
Neochlorogenic Acid,6637.78236338167,12.946368587092596
Neochlorogenic Acid,6633.92542994482,16.862655903314263
Neochlorogenic Acid,6630.06849650797,15.441266333870434
Neochlorogenic Acid,6626.21156307113,15.147974081008917
Neochlorogenic Acid,6622.35462963428,13.561502467146566
Neochlorogenic Acid,6618.49769619743,12.162826076376458
Neochlorogenic Acid,6614.64076276058,13.967319497169299
Neochlorogenic Acid,6610.78382932374,14.782464095427384
Neochlorogenic Acid,6606.92689588689,11.646189191971287
Neochlorogenic Acid,6603.06996245004,12.704373572727381
Neochlorogenic Acid,6599.2130290132,10.839295603885107
Neochlorogenic Acid,6595.35609557635,12.064422492523681
Neochlorogenic Acid,6591.4991621395,15.307734132230033
Neochlorogenic Acid,6587.64222870265,14.156144247980373
Neochlorogenic Acid,6583.78529526581,13.247296973703914
Neochlorogenic Acid,6579.92836182896,14.763930876949772
Neochlorogenic Acid,6576.07142839211,13.631643905347518
Neochlorogenic Acid,6572.21449495526,11.770345089140749
Neochlorogenic Acid,6568.35756151842,9.0289935098286787
Neochlorogenic Acid,6564.50062808157,8.4484718328193349
Neochlorogenic Acid,6560.64369464472,16.263634843585443
Neochlorogenic Acid,6556.78676120788,14.573308036986674
Neochlorogenic Acid,6552.92982777103,6.461226521692554
Neochlorogenic Acid,6549.07289433418,4.1303254928911395
Neochlorogenic Acid,6545.21596089733,5.7410000016725569
Neochlorogenic Acid,6541.35902746049,9.2529937058684038
Neochlorogenic Acid,6537.50209402364,10.417887732356501
Neochlorogenic Acid,6533.64516058679,8.5933832622732229
Neochlorogenic Acid,6529.78822714994,7.0418575376768633
Neochlorogenic Acid,6525.9312937131,6.7005056490945876
Neochlorogenic Acid,6522.07436027625,6.4785624860315201
Neochlorogenic Acid,6518.2174268394,2.546672743738049
Neochlorogenic Acid,6514.36049340256,1.9726400373125752
Neochlorogenic Acid,6510.50355996571,2.8581871352317409
Neochlorogenic Acid,6506.64662652886,5.00816168140567
Neochlorogenic Acid,6502.78969309201,3.478730066356198
Neochlorogenic Acid,6498.93275965517,1.0384637045387097
Neochlorogenic Acid,6495.07582621832,-1.1041406711250681
Neochlorogenic Acid,6491.21889278147,-0.99498511894629782
Neochlorogenic Acid,6487.36195934462,-2.423843498972762
Neochlorogenic Acid,6483.50502590778,-8.5187360558451513
Neochlorogenic Acid,6479.64809247093,-13.120026921047481
Neochlorogenic Acid,6475.79115903408,-11.131826554020675
Neochlorogenic Acid,6471.93422559724,-8.750190411570232
Neochlorogenic Acid,6468.07729216039,-4.6003278981630871
Neochlorogenic Acid,6464.22035872354,-3.8704794224877621
Neochlorogenic Acid,6460.36342528669,-9.0077898536096619
Neochlorogenic Acid,6456.50649184985,-11.897499798892904
Neochlorogenic Acid,6452.649558413,-7.5599901799454532
Neochlorogenic Acid,6448.79262497615,-7.5649831591222991
Neochlorogenic Acid,6444.9356915393,-4.6895742091463752
Neochlorogenic Acid,6441.07875810246,-3.6683239390977742
Neochlorogenic Acid,6437.22182466561,-6.703938401184323
Neochlorogenic Acid,6433.36489122876,-10.738881363194901
Neochlorogenic Acid,6429.50795779192,-13.264640245541667
Neochlorogenic Acid,6425.65102435507,-14.786882536665704
Neochlorogenic Acid,6421.79409091822,-12.84439459273859
Neochlorogenic Acid,6417.93715748137,-10.457429621716756
Neochlorogenic Acid,6414.08022404453,-10.94026639028864
Neochlorogenic Acid,6410.22329060768,-12.216715783564817
Neochlorogenic Acid,6406.36635717083,-11.56185204905295
Neochlorogenic Acid,6402.50942373398,-11.183550768016387
Neochlorogenic Acid,6398.65249029714,-11.333152802996343
Neochlorogenic Acid,6394.79555686029,-12.381846907601792
Neochlorogenic Acid,6390.93862342344,-15.514235172931919
Neochlorogenic Acid,6387.08168998659,-12.159116428338846
Neochlorogenic Acid,6383.22475654975,-12.931050957873016
Neochlorogenic Acid,6379.3678231129,-17.798935060134756
Neochlorogenic Acid,6375.51088967605,-17.891524342957002
Neochlorogenic Acid,6371.6539562392,-13.399318570832369
Neochlorogenic Acid,6367.79702280236,-9.9965772085576745
Neochlorogenic Acid,6363.94008936551,-10.187050082214387
Neochlorogenic Acid,6360.08315592866,-8.7872283412795333
Neochlorogenic Acid,6356.22622249182,-8.0244042389526982
Neochlorogenic Acid,6352.36928905497,-9.9542724288289008
Neochlorogenic Acid,6348.51235561812,-9.7730010575588775
Neochlorogenic Acid,6344.65542218127,-10.921628593132752
Neochlorogenic Acid,6340.79848874443,-14.436412145107262
Neochlorogenic Acid,6336.94155530758,-12.808843691948228
Neochlorogenic Acid,6333.08462187073,-16.026535844596982
Neochlorogenic Acid,6329.22768843388,-17.852097167809834
Neochlorogenic Acid,6325.37075499704,-18.450359811640165
Neochlorogenic Acid,6321.51382156019,-17.430479483852022
Neochlorogenic Acid,6317.65688812334,-11.848418574743349
Neochlorogenic Acid,6313.7999546865,-10.528085812707733
Neochlorogenic Acid,6309.94302124965,-13.035055186060939
Neochlorogenic Acid,6306.0860878128,-10.906166065503381
Neochlorogenic Acid,6302.22915437595,-10.639002698516567
Neochlorogenic Acid,6298.37222093911,-9.4766457324027122
Neochlorogenic Acid,6294.51528750226,-9.4309481868931542
Neochlorogenic Acid,6290.65835406541,-10.514759430495474
Neochlorogenic Acid,6286.80142062856,-10.155099508124726
Neochlorogenic Acid,6282.94448719172,-11.362990480898052
Neochlorogenic Acid,6279.08755375487,-12.222258088437133
Neochlorogenic Acid,6275.23062031802,-8.7804816414078086
Neochlorogenic Acid,6271.37368688118,-8.2872399241581984
Neochlorogenic Acid,6267.51675344433,-8.7954293524246019
Neochlorogenic Acid,6263.65982000748,-8.0417569198141834
Neochlorogenic Acid,6259.80288657063,-6.9421158594096477
Neochlorogenic Acid,6255.94595313379,-7.6521689221309277
Neochlorogenic Acid,6252.08901969694,-8.2197437066582744
Neochlorogenic Acid,6248.23208626009,-5.4419882616946129
Neochlorogenic Acid,6244.37515282324,-6.0604871180829001
Neochlorogenic Acid,6240.5182193864,-11.036485833184511
Neochlorogenic Acid,6236.66128594955,-8.5645935483229554
Neochlorogenic Acid,6232.8043525127,-5.1170483000738081
Neochlorogenic Acid,6228.94741907586,-1.3224763893330895
Neochlorogenic Acid,6225.09048563901,-3.7862187897021293
Neochlorogenic Acid,6221.23355220216,-9.3892716704752406
Neochlorogenic Acid,6217.37661876531,-2.8878770461233612
Neochlorogenic Acid,6213.51968532847,2.4943819820837811
Neochlorogenic Acid,6209.66275189162,0.19580894235052385
Neochlorogenic Acid,6205.80581845477,0.39574762782271156
Neochlorogenic Acid,6201.94888501792,1.3350492246828118
Neochlorogenic Acid,6198.09195158108,3.4412166090429501
Neochlorogenic Acid,6194.23501814423,0.76933005819925748
Neochlorogenic Acid,6190.37808470738,0.53213766356756731
Neochlorogenic Acid,6186.52115127054,5.2292692189042365
Neochlorogenic Acid,6182.66421783369,13.343989810006356
Neochlorogenic Acid,6178.80728439684,14.352316010704961
Neochlorogenic Acid,6174.95035095999,13.325265672491497
Neochlorogenic Acid,6171.09341752315,11.232203199605632
Neochlorogenic Acid,6167.2364840863,9.2913680329895456
Neochlorogenic Acid,6163.37955064945,12.842112838091625
Neochlorogenic Acid,6159.5226172126,17.295763329387036
Neochlorogenic Acid,6155.66568377576,13.476011858948851
Neochlorogenic Acid,6151.80875033891,9.5630855883950279
Neochlorogenic Acid,6147.95181690206,9.5915260073714652
Neochlorogenic Acid,6144.09488346522,8.273121708692079
Neochlorogenic Acid,6140.23795002837,3.4349463864393446
Neochlorogenic Acid,6136.38101659152,8.1848528851383779
Neochlorogenic Acid,6132.52408315467,9.2733017334285019
Neochlorogenic Acid,6128.66714971783,5.8696670213950348
Neochlorogenic Acid,6124.81021628098,2.3574678355108336
Neochlorogenic Acid,6120.95328284413,4.0047728379632774
Neochlorogenic Acid,6117.09634940728,0.71881061557227255
Neochlorogenic Acid,6113.23941597044,-2.8523090790105163
Neochlorogenic Acid,6109.38248253359,-2.4187910463097024
Neochlorogenic Acid,6105.52554909674,0.028078745534501622
Neochlorogenic Acid,6101.6686156599,2.3886996701327474
Neochlorogenic Acid,6097.81168222305,1.7508134969653335
Neochlorogenic Acid,6093.9547487862,6.3295205488876745
Neochlorogenic Acid,6090.09781534935,10.821893801015291
Neochlorogenic Acid,6086.24088191251,11.106520418029014
Neochlorogenic Acid,6082.38394847566,11.763588905992235
Neochlorogenic Acid,6078.52701503881,11.57816859998046
Neochlorogenic Acid,6074.67008160196,11.763905571205605
Neochlorogenic Acid,6070.81314816512,11.444951022354282
Neochlorogenic Acid,6066.95621472827,9.0406043594482739
Neochlorogenic Acid,6063.09928129142,7.1080854604851309
Neochlorogenic Acid,6059.24234785458,7.2111495420530023
Neochlorogenic Acid,6055.38541441773,6.3582151820365098
Neochlorogenic Acid,6051.52848098088,8.5712815243023819
Neochlorogenic Acid,6047.67154754403,4.8786212398381581
Neochlorogenic Acid,6043.81461410719,8.2610270435177231
Neochlorogenic Acid,6039.95768067034,10.220227903324465
Neochlorogenic Acid,6036.10074723349,14.184750864751454
Neochlorogenic Acid,6032.24381379664,12.439823955516118
Neochlorogenic Acid,6028.3868803598,11.198539226645142
Neochlorogenic Acid,6024.52994692295,14.085811273722696
Neochlorogenic Acid,6020.6730134861,17.423729188342286
Neochlorogenic Acid,6016.81608004926,16.620047987287446
Neochlorogenic Acid,6012.95914661241,16.297821719065073
Neochlorogenic Acid,6009.10221317556,14.228187674105049
Neochlorogenic Acid,6005.24527973871,12.978283136155628
Neochlorogenic Acid,6001.38834630187,9.6591077220593977
Neochlorogenic Acid,5997.53141286502,15.439100180040313
Neochlorogenic Acid,5993.67447942817,14.825254646977978
Neochlorogenic Acid,5989.81754599132,10.654459439272953
Neochlorogenic Acid,5985.96061255448,16.338015061069747
Neochlorogenic Acid,5982.10367911763,22.960801435663509
Neochlorogenic Acid,5978.24674568078,18.047054010232028
Neochlorogenic Acid,5974.38981224394,16.519819883758366
Neochlorogenic Acid,5970.53287880709,20.226808059499028
Neochlorogenic Acid,5966.67594537024,25.62744620884024
Neochlorogenic Acid,5962.81901193339,22.628917578626812
Neochlorogenic Acid,5958.96207849655,12.216097834036118
Neochlorogenic Acid,5955.1051450597,7.7651817378074144
Neochlorogenic Acid,5951.24821162285,5.578386183312646
Neochlorogenic Acid,5947.391278186,3.9299916707196654
Neochlorogenic Acid,5943.53434474916,0.55367865287641993
Neochlorogenic Acid,5939.67741131231,-3.5309348794130879
Neochlorogenic Acid,5935.82047787546,-11.168312089311051
Neochlorogenic Acid,5931.96354443862,-20.131288736120897
Neochlorogenic Acid,5928.10661100177,-22.373165377667977
Neochlorogenic Acid,5924.24967756492,-20.366073068226513
Neochlorogenic Acid,5920.39274412807,-17.433849501386625
Neochlorogenic Acid,5916.53581069123,-25.537209841123115
Neochlorogenic Acid,5912.67887725438,-27.063729919448679
Neochlorogenic Acid,5908.82194381753,-22.392578295719716
Neochlorogenic Acid,5904.96501038068,-17.466830300214021
Neochlorogenic Acid,5901.10807694384,-11.463939589839093
Neochlorogenic Acid,5897.25114350699,-7.5184831013431808
Neochlorogenic Acid,5893.39421007014,-7.7556041068423083
Neochlorogenic Acid,5889.5372766333,-8.7467069700852527
Neochlorogenic Acid,5885.68034319645,-7.3516543944105939
Neochlorogenic Acid,5881.8234097596,-2.1835269126559553
Neochlorogenic Acid,5877.96647632275,0.50970758433163954
Neochlorogenic Acid,5874.10954288591,2.754928176303602
Neochlorogenic Acid,5870.25260944906,1.9337183806012563
Neochlorogenic Acid,5866.39567601221,6.9991698023816484
Neochlorogenic Acid,5862.53874257536,6.8319001351991542
Neochlorogenic Acid,5858.68180913852,5.8274959662603472
Neochlorogenic Acid,5854.82487570167,9.2787265671268919
Neochlorogenic Acid,5850.96794226482,11.396662491351554
Neochlorogenic Acid,5847.11100882798,14.909323830197939
Neochlorogenic Acid,5843.25407539113,25.531371043955641
Neochlorogenic Acid,5839.39714195428,25.005256793675425
Neochlorogenic Acid,5835.54020851743,24.65601005223499
Neochlorogenic Acid,5831.68327508059,28.196214954724322
Neochlorogenic Acid,5827.82634164374,26.6975978369193
Neochlorogenic Acid,5823.96940820689,18.287063710584722
Neochlorogenic Acid,5820.11247477004,11.698697844947143
Neochlorogenic Acid,5816.2555413332,6.8652743272419778
Neochlorogenic Acid,5812.39860789635,4.5767733134093476
Neochlorogenic Acid,5808.5416744595,-7.257576550994302
Neochlorogenic Acid,5804.68474102266,-18.690066351509508
Neochlorogenic Acid,5800.82780758581,-25.378061329119397
Neochlorogenic Acid,5796.97087414896,-24.871534882739351
Neochlorogenic Acid,5793.11394071211,-25.230491571686265
Neochlorogenic Acid,5789.25700727527,-27.170761037769161
Neochlorogenic Acid,5785.40007383842,-26.772741689525365
Neochlorogenic Acid,5781.54314040157,-22.519260811283882
Neochlorogenic Acid,5777.68620696472,-22.022212003177067
Neochlorogenic Acid,5773.82927352788,-20.234193841268453
Neochlorogenic Acid,5769.97234009103,-16.977525713580846
Neochlorogenic Acid,5766.11540665418,-13.734024368269397
Neochlorogenic Acid,5762.25847321733,-11.469596185012366
Neochlorogenic Acid,5758.40153978049,-6.6453907058699713
Neochlorogenic Acid,5754.54460634364,-6.7324448812924
Neochlorogenic Acid,5750.68767290679,-10.489508044612563
Neochlorogenic Acid,5746.83073946995,-14.961524554575808
Neochlorogenic Acid,5742.9738060331,-11.04745905235132
Neochlorogenic Acid,5739.11687259625,-8.0689152152250525
Neochlorogenic Acid,5735.2599391594,-8.7805419865521888
Neochlorogenic Acid,5731.40300572256,-15.670119746126314
Neochlorogenic Acid,5727.54607228571,-19.125545892715667
Neochlorogenic Acid,5723.68913884886,-22.216160041235767
Neochlorogenic Acid,5719.83220541201,-15.800284973096689
Neochlorogenic Acid,5715.97527197517,-11.736731730397706
Neochlorogenic Acid,5712.11833853832,-7.3958223855135694
Neochlorogenic Acid,5708.26140510147,-6.8514411392890064
Neochlorogenic Acid,5704.40447166463,-2.1587141120460074
Neochlorogenic Acid,5700.54753822778,1.6121223102788815
Neochlorogenic Acid,5696.69060479093,10.372469835905335
Neochlorogenic Acid,5692.83367135408,10.23391007437036
Neochlorogenic Acid,5688.97673791724,16.048306041144755
Neochlorogenic Acid,5685.11980448039,26.034634007336777
Neochlorogenic Acid,5681.26287104354,33.104930274198189
Neochlorogenic Acid,5677.40593760669,29.088242268368955
Neochlorogenic Acid,5673.54900416985,29.451829464310915
Neochlorogenic Acid,5669.692070733,30.315068300659647
Neochlorogenic Acid,5665.83513729615,32.236675768975985
Neochlorogenic Acid,5661.97820385931,31.884468155273364
Neochlorogenic Acid,5658.12127042246,30.527799043902736
Neochlorogenic Acid,5654.26433698561,27.843120068393745
Neochlorogenic Acid,5650.40740354876,22.86977388265025
Neochlorogenic Acid,5646.55047011192,15.847516477705053
Neochlorogenic Acid,5642.69353667507,14.601927920217367
Neochlorogenic Acid,5638.83660323822,8.3931831190799144
Neochlorogenic Acid,5634.97966980137,5.6510884677786128
Neochlorogenic Acid,5631.12273636453,8.0076005158348842
Neochlorogenic Acid,5627.26580292768,4.2250081359296097
Neochlorogenic Acid,5623.40886949083,2.7201009795630555
Neochlorogenic Acid,5619.55193605399,0.34755312310673847
Neochlorogenic Acid,5615.69500261714,-4.7727318374921124
Neochlorogenic Acid,5611.83806918029,-3.8185479791003187
Neochlorogenic Acid,5607.98113574344,-6.741617747030678
Neochlorogenic Acid,5604.1242023066,-2.4163120562655913
Neochlorogenic Acid,5600.26726886975,-8.3804511464326161
Neochlorogenic Acid,5596.4103354329,-4.6890546900193852
Neochlorogenic Acid,5592.55340199605,-3.9808021760761854
Neochlorogenic Acid,5588.69646855921,-2.3254319066486571
Neochlorogenic Acid,5584.83953512236,-3.5528877735947053
Neochlorogenic Acid,5580.98260168551,-8.4808004538668165
Neochlorogenic Acid,5577.12566824867,-11.269354211118063
Neochlorogenic Acid,5573.26873481182,-7.4365063446517192
Neochlorogenic Acid,5569.41180137497,-2.3272386186483169
Neochlorogenic Acid,5565.55486793812,1.9647474574009534
Neochlorogenic Acid,5561.69793450128,-0.39205788092022387
Neochlorogenic Acid,5557.84100106443,-4.1554045550698095
Neochlorogenic Acid,5553.98406762758,-3.5538375059163916
Neochlorogenic Acid,5550.12713419073,-0.13181620299310037
Neochlorogenic Acid,5546.27020075389,-9.1855015887585925
Neochlorogenic Acid,5542.41326731704,-8.1670964539550468
Neochlorogenic Acid,5538.55633388019,3.5533107852347876
Neochlorogenic Acid,5534.69940044334,11.860399770412931
Neochlorogenic Acid,5530.8424670065,-3.3110370373243834
Neochlorogenic Acid,5526.98553356965,-9.3585893914212885
Neochlorogenic Acid,5523.1286001328,-8.6083698178778452
Neochlorogenic Acid,5519.27166669596,2.3581435660483039
Neochlorogenic Acid,5515.41473325911,-1.3822874987119083
Neochlorogenic Acid,5511.55779982226,-5.3351410084039186
Neochlorogenic Acid,5507.70086638541,-0.1110677482322803
Neochlorogenic Acid,5503.84393294857,4.9528778679512175
Neochlorogenic Acid,5499.98699951172,-1.6606859208868394
Neochlorogenic Acid,5496.13006607487,-0.22782343448603698
Neochlorogenic Acid,5492.27313263802,-1.2341209677757221
Neochlorogenic Acid,5488.41619920118,-0.042464192413210075
Neochlorogenic Acid,5484.55926576433,-5.1199727853417727
Neochlorogenic Acid,5480.70233232748,-7.7424943884789927
Neochlorogenic Acid,5476.84539889064,-3.2970317311046182
Neochlorogenic Acid,5472.98846545379,3.4494277216320604
Neochlorogenic Acid,5469.13153201694,-4.6458450664332966
Neochlorogenic Acid,5465.27459858009,0.4106849274158208
Neochlorogenic Acid,5461.41766514325,0.70716579635150878
Neochlorogenic Acid,5457.5607317064,7.5079638797165558
Neochlorogenic Acid,5453.70379826955,2.9264050671588966
Neochlorogenic Acid,5449.8468648327,0.88686268639949351
Neochlorogenic Acid,5445.98993139586,7.1399112178971276
Neochlorogenic Acid,5442.13299795901,13.671499720371903
Neochlorogenic Acid,5438.27606452216,1.686690250319921
Neochlorogenic Acid,5434.41913108532,-0.4299164575249057
Neochlorogenic Acid,5430.56219764847,-7.5905715293641656
Neochlorogenic Acid,5426.70526421162,9.2340553585758638
Neochlorogenic Acid,5422.84833077477,4.3811341791999219
Neochlorogenic Acid,5418.99139733793,0.958522247113894
Neochlorogenic Acid,5415.13446390108,-1.752078289847429
Neochlorogenic Acid,5411.27753046423,1.1665924403914039
Neochlorogenic Acid,5407.42059702738,-2.969489611833338
Neochlorogenic Acid,5403.56366359054,5.3799497118553576
Neochlorogenic Acid,5399.70673015369,-4.8134651594130586
Neochlorogenic Acid,5395.84979671684,-6.9279156095948915
Neochlorogenic Acid,5391.99286328,-19.036022710312142
Neochlorogenic Acid,5388.13592984315,-1.4558095247343321
Neochlorogenic Acid,5384.2789964063,15.885245053148672
Neochlorogenic Acid,5380.42206296945,16.012180245370345
Neochlorogenic Acid,5376.56512953261,6.31241392437909
Neochlorogenic Acid,5372.70819609576,-4.8313665779911803
Neochlorogenic Acid,5368.85126265891,-7.5252966589769406
Neochlorogenic Acid,5364.99432922206,7.2532523336415728
Neochlorogenic Acid,5361.13739578522,3.0749194220916287
Neochlorogenic Acid,5357.28046234837,8.4092797242308173
Neochlorogenic Acid,5353.42352891152,16.805293386128753
Neochlorogenic Acid,5349.56659547468,15.723185191812734
Neochlorogenic Acid,5345.70966203783,-8.5117406584584216
Neochlorogenic Acid,5341.85272860098,-15.134916051570308
Neochlorogenic Acid,5337.99579516413,-6.7280999268749468
Neochlorogenic Acid,5334.13886172729,6.3623675794029628
Neochlorogenic Acid,5330.28192829044,-9.1611384783443786
Neochlorogenic Acid,5326.42499485359,-17.726643014624546
Neochlorogenic Acid,5322.56806141674,-23.536062475716797
Neochlorogenic Acid,5318.7111279799,-13.278488295390225
Neochlorogenic Acid,5314.85419454305,-16.467535436229291
Neochlorogenic Acid,5310.9972611062,-16.69936211734688
Neochlorogenic Acid,5307.14032766935,-28.1843760284358
Neochlorogenic Acid,5303.28339423251,-25.504955320534279
Neochlorogenic Acid,5299.42646079566,-25.596782185773932
Neochlorogenic Acid,5295.56952735881,-17.487168542856391
Neochlorogenic Acid,5291.71259392197,-20.796743181140176
Neochlorogenic Acid,5287.85566048512,-25.042489029481082
Neochlorogenic Acid,5283.99872704827,-25.956618319936112
Neochlorogenic Acid,5280.14179361142,-18.893815461943813
Neochlorogenic Acid,5276.28486017458,-16.380536253910673
Neochlorogenic Acid,5272.42792673773,-6.015183510867236
Neochlorogenic Acid,5268.57099330088,-2.6928614890468081
Neochlorogenic Acid,5264.71405986403,-2.02905145440308
Neochlorogenic Acid,5260.85712642719,-7.1928873343808712
Neochlorogenic Acid,5257.00019299034,3.991558738952194
Neochlorogenic Acid,5253.14325955349,5.7611024228133481
Neochlorogenic Acid,5249.28632611665,13.611861155174855
Neochlorogenic Acid,5245.4293926798,8.47737548438411
Neochlorogenic Acid,5241.57245924295,5.5436083809731045
Neochlorogenic Acid,5237.7155258061,13.618682915041891
Neochlorogenic Acid,5233.85859236926,18.957496598596226
Neochlorogenic Acid,5230.00165893241,20.394994488924514
Neochlorogenic Acid,5226.14472549556,18.2671457626316
Neochlorogenic Acid,5222.28779205871,13.497696465534588
Neochlorogenic Acid,5218.43085862187,13.465685701481938
Neochlorogenic Acid,5214.57392518502,11.304785943838402
Neochlorogenic Acid,5210.71699174817,14.785723852502553
Neochlorogenic Acid,5206.86005831133,11.588434578418159
Neochlorogenic Acid,5203.00312487448,4.1511197020881632
Neochlorogenic Acid,5199.14619143763,7.8768940390088948
Neochlorogenic Acid,5195.28925800078,7.6578157584664961
Neochlorogenic Acid,5191.43232456394,5.5352372541976482
Neochlorogenic Acid,5187.57539112709,4.4662128934590877
Neochlorogenic Acid,5183.71845769024,1.5809719425400577
Neochlorogenic Acid,5179.86152425339,-0.60782971258487817
Neochlorogenic Acid,5176.00459081655,-2.354123670603911
Neochlorogenic Acid,5172.1476573797,-3.3996270246002953
Neochlorogenic Acid,5168.29072394285,-1.3101680351765785
Neochlorogenic Acid,5164.43379050601,-3.8409120823156182
Neochlorogenic Acid,5160.57685706916,-6.3572270169542566
Neochlorogenic Acid,5156.71992363231,-5.9644173116786483
Neochlorogenic Acid,5152.86299019546,-4.560478712129429
Neochlorogenic Acid,5149.00605675862,-3.6450728822043033
Neochlorogenic Acid,5145.14912332177,-2.6093092357504788
Neochlorogenic Acid,5141.29218988492,-2.1264592111610963
Neochlorogenic Acid,5137.43525644807,-1.8683480969758846
Neochlorogenic Acid,5133.57832301123,-3.654723973391099
Neochlorogenic Acid,5129.72138957438,-2.0857001481122919
Neochlorogenic Acid,5125.86445613753,-0.69922460647367735
Neochlorogenic Acid,5122.00752270069,0.65997892549042003
Neochlorogenic Acid,5118.15058926384,0.068301152621641992
Neochlorogenic Acid,5114.29365582699,2.786263890893601
Neochlorogenic Acid,5110.43672239014,1.0308256222519858
Neochlorogenic Acid,5106.5797889533,1.3143394253964125
Neochlorogenic Acid,5102.72285551645,2.5537445351911345
Neochlorogenic Acid,5098.8659220796,3.3008392166120606
Neochlorogenic Acid,5095.00898864275,3.5234690928865908
Neochlorogenic Acid,5091.15205520591,5.0738389134505155
Neochlorogenic Acid,5087.29512176906,1.0040953451169963
Neochlorogenic Acid,5083.43818833221,-0.44613400903494216
Neochlorogenic Acid,5079.58125489536,-0.75170618562004288
Neochlorogenic Acid,5075.72432145852,0.39762543673245704
Neochlorogenic Acid,5071.86738802167,-3.7801668293928916
Neochlorogenic Acid,5068.01045458482,-7.3067315782797575
Neochlorogenic Acid,5064.15352114798,-10.966588721021905
Neochlorogenic Acid,5060.29658771113,-11.333794159022945
Neochlorogenic Acid,5056.43965427428,-13.198124357296445
Neochlorogenic Acid,5052.58272083743,-11.667893139719981
Neochlorogenic Acid,5048.72578740059,-13.028467940134531
Neochlorogenic Acid,5044.86885396374,-13.307258150554645
Neochlorogenic Acid,5041.01192052689,-16.019050550542207
Neochlorogenic Acid,5037.15498709004,-13.211471570230582
Neochlorogenic Acid,5033.2980536532,-12.827421437568038
Neochlorogenic Acid,5029.44112021635,-11.416931554683661
Neochlorogenic Acid,5025.5841867795,-12.204223951657466
Neochlorogenic Acid,5021.72725334266,-9.5973294046276685
Neochlorogenic Acid,5017.87031990581,-9.3631999130403276
Neochlorogenic Acid,5014.01338646896,-5.5274563462659616
Neochlorogenic Acid,5010.15645303211,-3.8741766018043129
Neochlorogenic Acid,5006.29951959527,-0.13577208838168434
Neochlorogenic Acid,5002.44258615842,1.4884609335253014
Neochlorogenic Acid,4998.58565272157,5.0994259466224738
Neochlorogenic Acid,4994.72871928472,6.4010191202699911
Neochlorogenic Acid,4990.87178584788,8.68563111695312
Neochlorogenic Acid,4987.01485241103,8.1927349875001454
Neochlorogenic Acid,4983.15791897418,10.395282118849575
Neochlorogenic Acid,4979.30098553734,9.1675254851243704
Neochlorogenic Acid,4975.44405210049,10.039906513188971
Neochlorogenic Acid,4971.58711866364,6.8426975887767023
Neochlorogenic Acid,4967.73018522679,6.1675595848469529
Neochlorogenic Acid,4963.87325178995,3.3368542976411448
Neochlorogenic Acid,4960.0163183531,4.23071746981344
Neochlorogenic Acid,4956.15938491625,3.5994977176108645
Neochlorogenic Acid,4952.3024514794,2.5700283143469984
Neochlorogenic Acid,4948.44551804256,-1.2875428877989425
Neochlorogenic Acid,4944.58858460571,-1.7348176033878011
Neochlorogenic Acid,4940.73165116886,-5.46776228694858
Neochlorogenic Acid,4936.87471773202,-5.7657507356625377
Neochlorogenic Acid,4933.01778429517,-7.9129554442337824
Neochlorogenic Acid,4929.16085085832,-4.8635101458339189
Neochlorogenic Acid,4925.30391742147,-5.5643070217935469
Neochlorogenic Acid,4921.44698398463,-5.424937580006822
Neochlorogenic Acid,4917.59005054778,-9.2358238260165084
Neochlorogenic Acid,4913.73311711093,-8.7896038435192008
Neochlorogenic Acid,4909.87618367408,-8.7114791942218694
Neochlorogenic Acid,4906.01925023724,-3.5909488400961864
Neochlorogenic Acid,4902.16231680039,-2.4309076122635855
Neochlorogenic Acid,4898.30538336354,-0.44087868193716323
Neochlorogenic Acid,4894.4484499267,-1.2086293017835004
Neochlorogenic Acid,4890.59151648985,0.95791992783391289
Neochlorogenic Acid,4886.734583053,1.354432944731353
Neochlorogenic Acid,4882.87764961615,4.9950808574392873
Neochlorogenic Acid,4879.02071617931,5.2794328020779497
Neochlorogenic Acid,4875.16378274246,9.3591005543617598
Neochlorogenic Acid,4871.30684930561,8.1299291361841846
Neochlorogenic Acid,4867.44991586876,7.8227897272982174
Neochlorogenic Acid,4863.59298243192,7.8883655789519942
Neochlorogenic Acid,4859.73604899507,12.835257984250802
Neochlorogenic Acid,4855.87911555822,12.11327797890196
Neochlorogenic Acid,4852.02218212137,12.257969118068004
Neochlorogenic Acid,4848.16524868453,9.9537202507094644
Neochlorogenic Acid,4844.30831524768,11.041860655648538
Neochlorogenic Acid,4840.45138181083,10.37317257775714
Neochlorogenic Acid,4836.59444837399,9.3413468497743466
Neochlorogenic Acid,4832.73751493714,6.5255906126895917
Neochlorogenic Acid,4828.88058150029,10.267863039296701
Neochlorogenic Acid,4825.02364806344,9.6315773696761404
Neochlorogenic Acid,4821.1667146266,8.4739137563223306
Neochlorogenic Acid,4817.30978118975,6.3896012008139023
Neochlorogenic Acid,4813.4528477529,7.1213018153251131
Neochlorogenic Acid,4809.59591431605,4.2779748136597835
Neochlorogenic Acid,4805.73898087921,2.7533712847852247
Neochlorogenic Acid,4801.88204744236,0.18488007764174488
Neochlorogenic Acid,4798.02511400551,1.8209538671542602
Neochlorogenic Acid,4794.16818056867,-0.19747181419367671
Neochlorogenic Acid,4790.31124713182,-0.8918542946061101
Neochlorogenic Acid,4786.45431369497,-2.3330700685409509
Neochlorogenic Acid,4782.59738025812,-2.4121366322163635
Neochlorogenic Acid,4778.74044682128,-5.9980215506917496
Neochlorogenic Acid,4774.88351338443,-6.7666387136330659
Neochlorogenic Acid,4771.02657994758,-11.154406024824425
Neochlorogenic Acid,4767.16964651073,-11.180834982329781
Neochlorogenic Acid,4763.31271307389,-10.219937458189353
Neochlorogenic Acid,4759.45577963704,-9.6643108072919226
Neochlorogenic Acid,4755.59884620019,-10.392291352602395
Neochlorogenic Acid,4751.74191276335,-8.9532115822557241
Neochlorogenic Acid,4747.8849793265,-11.214503166454755
Neochlorogenic Acid,4744.02804588965,-11.230539109775698
Neochlorogenic Acid,4740.1711124528,-12.988028536665038
Neochlorogenic Acid,4736.31417901596,-11.61507468904356
Neochlorogenic Acid,4732.45724557911,-11.815742416568554
Neochlorogenic Acid,4728.60031214226,-10.620438639611287
Neochlorogenic Acid,4724.74337870541,-12.997017493858772
Neochlorogenic Acid,4720.88644526857,-12.763353661201199
Neochlorogenic Acid,4717.02951183172,-10.935716494086078
Neochlorogenic Acid,4713.17257839487,-6.5624002515217015
Neochlorogenic Acid,4709.31564495803,-6.5807578582712054
Neochlorogenic Acid,4705.45871152118,-4.3630645053692048
Neochlorogenic Acid,4701.60177808433,-4.395182060873088
Neochlorogenic Acid,4697.74484464748,-3.9464729846958591
Neochlorogenic Acid,4693.88791121064,-4.622307738836815
Neochlorogenic Acid,4690.03097777379,0.32649492044933737
Neochlorogenic Acid,4686.17404433694,1.0445995396406662
Neochlorogenic Acid,4682.31711090009,2.2027591695373889
Neochlorogenic Acid,4678.46017746325,2.768857246442896
Neochlorogenic Acid,4674.6032440264,4.3897821556357979
Neochlorogenic Acid,4670.74631058955,2.8367070235229805
Neochlorogenic Acid,4666.88937715271,5.1224573359284031
Neochlorogenic Acid,4663.03244371586,6.5767337484990849
Neochlorogenic Acid,4659.17551027901,10.24513918590293
Neochlorogenic Acid,4655.31857684216,8.1914016274816763
Neochlorogenic Acid,4651.46164340532,10.566650198511052
Neochlorogenic Acid,4647.60470996847,7.0332260314732888
Neochlorogenic Acid,4643.74777653162,9.9703736288375584
Neochlorogenic Acid,4639.89084309477,12.712763018854636
Neochlorogenic Acid,4636.03390965793,15.95235459104056
Neochlorogenic Acid,4632.17697622108,11.446329695242973
Neochlorogenic Acid,4628.32004278423,12.341959073026166
Neochlorogenic Acid,4624.46310934739,13.882144526790301
Neochlorogenic Acid,4620.60617591054,14.590734380853085
Neochlorogenic Acid,4616.74924247369,9.2698106717391795
Neochlorogenic Acid,4612.89230903684,11.018825607037428
Neochlorogenic Acid,4609.0353756,10.007561805350571
Neochlorogenic Acid,4605.17844216315,11.090911012157225
Neochlorogenic Acid,4601.3215087263,7.6883320975042473
Neochlorogenic Acid,4597.46457528945,6.9404464056424642
Neochlorogenic Acid,4593.60764185261,5.2502871800636068
Neochlorogenic Acid,4589.75070841576,7.5543828650525677
Neochlorogenic Acid,4585.89377497891,5.9902059816206856
Neochlorogenic Acid,4582.03684154207,4.3605921534976151
Neochlorogenic Acid,4578.17990810522,-0.12684317397245404
Neochlorogenic Acid,4574.32297466837,2.1108156362610755
Neochlorogenic Acid,4570.46604123152,0.2086426213413036
Neochlorogenic Acid,4566.60910779468,-1.4613072294716682
Neochlorogenic Acid,4562.75217435783,-6.7743517137876061
Neochlorogenic Acid,4558.89524092098,-6.0797831591671443
Neochlorogenic Acid,4555.03830748413,-6.2464158485092049
Neochlorogenic Acid,4551.18137404729,-6.789699416266826
Neochlorogenic Acid,4547.32444061044,-11.248710633132324
Neochlorogenic Acid,4543.46750717359,-12.911803128916295
Neochlorogenic Acid,4539.61057373675,-12.845227262465343
Neochlorogenic Acid,4535.7536402999,-5.7113004052784753
Neochlorogenic Acid,4531.89670686305,-2.3253532542314725
Neochlorogenic Acid,4528.0397734262,-1.098267912337537
Neochlorogenic Acid,4524.18283998936,-3.9529068567827026
Neochlorogenic Acid,4520.32590655251,-2.4553862803593378
Neochlorogenic Acid,4516.46897311566,-4.5713557573627304
Neochlorogenic Acid,4512.61203967881,-0.42559345143612448
Neochlorogenic Acid,4508.75510624197,2.4728329663216626
Neochlorogenic Acid,4504.89817280512,3.0178382218043063
Neochlorogenic Acid,4501.04123936827,-0.43326974148773656
Neochlorogenic Acid,4497.18430593143,5.5714444203448492
Neochlorogenic Acid,4493.32737249458,9.1136959989698969
Neochlorogenic Acid,4489.47043905773,11.310837692813578
Neochlorogenic Acid,4485.61350562088,5.9824634921061897
Neochlorogenic Acid,4481.75657218404,8.609218512890946
Neochlorogenic Acid,4477.89963874719,7.1598105593633301
Neochlorogenic Acid,4474.04270531034,9.8908456553667659
Neochlorogenic Acid,4470.18577187349,10.695817180496682
Neochlorogenic Acid,4466.32883843665,13.673728772234016
Neochlorogenic Acid,4462.4719049998,8.3492700517249059
Neochlorogenic Acid,4458.61497156295,8.0569968970467638
Neochlorogenic Acid,4454.75803812611,5.1813106112068539
Neochlorogenic Acid,4450.90110468926,4.3563160646976167
Neochlorogenic Acid,4447.04417125241,-0.67444525604787142
Neochlorogenic Acid,4443.18723781556,-2.4009838028382249
Neochlorogenic Acid,4439.33030437872,-10.363333528914785
Neochlorogenic Acid,4435.47337094187,-15.500354838377788
Neochlorogenic Acid,4431.61643750502,-21.417628742599867
Neochlorogenic Acid,4427.75950406817,-20.726666861984253
Neochlorogenic Acid,4423.90257063133,-21.852214895162962
Neochlorogenic Acid,4420.04563719448,-21.481938871717567
Neochlorogenic Acid,4416.18870375763,-22.495495596182003
Neochlorogenic Acid,4412.33177032078,-17.278810084400462
Neochlorogenic Acid,4408.47483688394,-15.419570030605826
Neochlorogenic Acid,4404.61790344709,-7.9962926784193522
Neochlorogenic Acid,4400.76097001024,-3.8881310948132115
Neochlorogenic Acid,4396.9040365734,-1.5109125265833412
Neochlorogenic Acid,4393.04710313655,-3.2294476419109461
Neochlorogenic Acid,4389.1901696997,-2.5079888878056007
Neochlorogenic Acid,4385.33323626285,-8.0348595894663593
Neochlorogenic Acid,4381.47630282601,-9.90422821925835
Neochlorogenic Acid,4377.61936938916,-12.261255168431797
Neochlorogenic Acid,4373.76243595231,-8.1862697548343064
Neochlorogenic Acid,4369.90550251546,-8.4279810164370694
Neochlorogenic Acid,4366.04856907862,-8.423132623771389
Neochlorogenic Acid,4362.19163564177,-11.532850135544805
Neochlorogenic Acid,4358.33470220492,-9.986814650044904
Neochlorogenic Acid,4354.47776876808,-9.8264962595429868
Neochlorogenic Acid,4350.62083533123,-3.4125948503299037
Neochlorogenic Acid,4346.76390189438,1.9053635483917779
Neochlorogenic Acid,4342.90696845753,14.479609224614684
Neochlorogenic Acid,4339.05003502069,23.068958965826472
Neochlorogenic Acid,4335.19310158384,31.722854539946415
Neochlorogenic Acid,4331.33616814699,35.033132738033771
Neochlorogenic Acid,4327.47923471014,36.007729008258991
Neochlorogenic Acid,4323.6223012733,28.526853944778889
Neochlorogenic Acid,4319.76536783645,27.24562243800365
Neochlorogenic Acid,4315.9084343996,21.723962986926647
Neochlorogenic Acid,4312.05150096276,17.061578706056991
Neochlorogenic Acid,4308.19456752591,12.492973854163758
Neochlorogenic Acid,4304.33763408906,10.566538571498731
Neochlorogenic Acid,4300.48070065221,6.7505467913525097
Neochlorogenic Acid,4296.62376721537,5.4497566782466755
Neochlorogenic Acid,4292.76683377852,-0.74651431295001158
Neochlorogenic Acid,4288.90990034167,-4.3553036978514887
Neochlorogenic Acid,4285.05296690482,-11.450253601737662
Neochlorogenic Acid,4281.19603346798,-14.564296570937584
Neochlorogenic Acid,4277.33910003113,-17.082594767074543
Neochlorogenic Acid,4273.48216659428,-12.217948974523178
Neochlorogenic Acid,4269.62523315744,-12.960438009639041
Neochlorogenic Acid,4265.76829972059,-13.132055074884047
Neochlorogenic Acid,4261.91136628374,-15.2828108518419
Neochlorogenic Acid,4258.05443284689,-11.963329131351299
Neochlorogenic Acid,4254.19749941005,-14.118827748509565
Neochlorogenic Acid,4250.3405659732,-12.070834653224519
Neochlorogenic Acid,4246.48363253635,-14.317885717443417
Neochlorogenic Acid,4242.6266990995,-15.210701063069063
Neochlorogenic Acid,4238.76976566266,-17.824569216311239
Neochlorogenic Acid,4234.91283222581,-12.967244450002815
Neochlorogenic Acid,4231.05589878896,-11.76849427307995
Neochlorogenic Acid,4227.19896535212,-6.6016216899960121
Neochlorogenic Acid,4223.34203191527,-7.3979481369039481
Neochlorogenic Acid,4219.48509847842,-6.0721835503174129
Neochlorogenic Acid,4215.62816504157,-9.629146981383963
Neochlorogenic Acid,4211.77123160473,-8.7082433788231786
Neochlorogenic Acid,4207.91429816788,-9.5900898398850991
Neochlorogenic Acid,4204.05736473103,-5.6213437965243243
Neochlorogenic Acid,4200.20043129418,-4.2103468979363292
Neochlorogenic Acid,4196.34349785734,0.7087546327625589
Neochlorogenic Acid,4192.48656442049,0.65846589022847579
Neochlorogenic Acid,4188.62963098364,6.780501719601074
Neochlorogenic Acid,4184.7726975468,12.634962250253208
Neochlorogenic Acid,4180.91576410995,18.786693890922429
Neochlorogenic Acid,4177.0588306731,18.588055935465579
Neochlorogenic Acid,4173.20189723625,23.172716513322694
Neochlorogenic Acid,4169.34496379941,24.692268731676474
Neochlorogenic Acid,4165.48803036256,25.694125718158702
Neochlorogenic Acid,4161.63109692571,22.701012660072468
Neochlorogenic Acid,4157.77416348886,22.70662904595703
Neochlorogenic Acid,4153.91723005202,19.554887953881956
Neochlorogenic Acid,4150.06029661517,19.560408544047998
Neochlorogenic Acid,4146.20336317832,14.479274376995868
Neochlorogenic Acid,4142.34642974148,12.724230978794186
Neochlorogenic Acid,4138.48949630463,8.8971241814192616
Neochlorogenic Acid,4134.63256286778,6.1571425838890521
Neochlorogenic Acid,4130.77562943093,0.28846053938469063
Neochlorogenic Acid,4126.91869599409,-0.38409181655823932
Neochlorogenic Acid,4123.06176255724,-3.9714816373839654
Neochlorogenic Acid,4119.20482912039,-2.2943911393539809
Neochlorogenic Acid,4115.34789568354,-4.6646921146405615
Neochlorogenic Acid,4111.4909622467,-5.598876273510534
Neochlorogenic Acid,4107.63402880985,-6.0612454414765411
Neochlorogenic Acid,4103.777095373,-6.8039034588755491
Neochlorogenic Acid,4099.92016193616,-8.9791797789157108
Neochlorogenic Acid,4096.06322849931,-9.5724692805836646
Neochlorogenic Acid,4092.20629506246,-13.913806459773509
Neochlorogenic Acid,4088.34936162561,-13.281083226802123
Neochlorogenic Acid,4084.49242818877,-15.902269231491514
Neochlorogenic Acid,4080.63549475192,-14.617877159174304
Neochlorogenic Acid,4076.77856131507,-15.197666202612373
Neochlorogenic Acid,4072.92162787822,-15.047329287993138
Neochlorogenic Acid,4069.06469444138,-17.089865799086862
Neochlorogenic Acid,4065.20776100453,-11.535603690716609
Neochlorogenic Acid,4061.35082756768,-6.1062277286462319
Neochlorogenic Acid,4057.49389413083,-2.6932822687412394
Neochlorogenic Acid,4053.63696069399,-2.6686006894260119
Neochlorogenic Acid,4049.78002725714,1.6533620799762792
Neochlorogenic Acid,4045.92309382029,1.3474732666497109
Neochlorogenic Acid,4042.06616038345,2.7589263030989715
Neochlorogenic Acid,4038.2092269466,0.0099505952129220268
Neochlorogenic Acid,4034.35229350975,2.0963810299295762
Neochlorogenic Acid,4030.4953600729,2.4825493720842573
Neochlorogenic Acid,4026.63842663606,5.4355852279477226
Neochlorogenic Acid,4022.78149319921,4.790192299489747
Neochlorogenic Acid,4018.92455976236,7.2492563202669027
Neochlorogenic Acid,4015.06762632551,6.5698004987938079
Neochlorogenic Acid,4011.21069288867,8.7069298752198492
Neochlorogenic Acid,4007.35375945182,9.3658421292667651
Neochlorogenic Acid,4003.49682601497,10.894578615980528
Neochlorogenic Acid,3999.63989257813,9.8699043668033024
Chlorogenic Acid,10001.0283203125,25.670900989600803
Chlorogenic Acid,9997.17138687565,60.116290570750472
Chlorogenic Acid,9993.31445343881,-8.0859057056722499
Chlorogenic Acid,9989.45752000196,-161.83717309936472
Chlorogenic Acid,9985.60058656511,-210.31672860655527
Chlorogenic Acid,9981.74365312826,-116.74697564988536
Chlorogenic Acid,9977.88671969142,-167.19142580018683
Chlorogenic Acid,9974.02978625457,-111.21889913461102
Chlorogenic Acid,9970.17285281772,-103.08581973174397
Chlorogenic Acid,9966.31591938088,143.63568432089392
Chlorogenic Acid,9962.45898594403,212.14636471373606
Chlorogenic Acid,9958.60205250718,-75.618297458712959
Chlorogenic Acid,9954.74511907033,-122.89457947010082
Chlorogenic Acid,9950.88818563349,-17.440279813458112
Chlorogenic Acid,9947.03125219664,-23.926750141156408
Chlorogenic Acid,9943.17431875979,47.14546571441344
Chlorogenic Acid,9939.31738532294,85.46500749499387
Chlorogenic Acid,9935.4604518861,92.789828749813893
Chlorogenic Acid,9931.60351844925,296.43083029719588
Chlorogenic Acid,9927.7465850124,225.92489073717141
Chlorogenic Acid,9923.88965157556,-60.131702559110437
Chlorogenic Acid,9920.03271813871,-125.51055239949144
Chlorogenic Acid,9916.17578470186,-68.057689530278282
Chlorogenic Acid,9912.31885126501,-42.299199938879305
Chlorogenic Acid,9908.46191782817,-40.82131074619366
Chlorogenic Acid,9904.60498439132,-97.713359233483189
Chlorogenic Acid,9900.74805095447,-72.797792698993575
Chlorogenic Acid,9896.89111751762,-105.9585140533984
Chlorogenic Acid,9893.03418408078,-114.33572636286243
Chlorogenic Acid,9889.17725064393,-147.24664651617911
Chlorogenic Acid,9885.32031720708,-38.603812509039358
Chlorogenic Acid,9881.46338377024,-32.097993668824387
Chlorogenic Acid,9877.60645033339,-120.6545400342856
Chlorogenic Acid,9873.74951689654,-104.91970260748002
Chlorogenic Acid,9869.89258345969,-216.31631788499047
Chlorogenic Acid,9866.03565002284,-223.5941402665149
Chlorogenic Acid,9862.178716586,-92.977270082126182
Chlorogenic Acid,9858.32178314915,-56.200983907544661
Chlorogenic Acid,9854.4648497123,56.908099304811799
Chlorogenic Acid,9850.60791627546,-0.80687650904964792
Chlorogenic Acid,9846.75098283861,-70.461462811652552
Chlorogenic Acid,9842.89404940176,31.746244402684347
Chlorogenic Acid,9839.03711596492,-91.0583628186385
Chlorogenic Acid,9835.18018252807,-205.4441756333888
Chlorogenic Acid,9831.32324909122,18.648862608098352
Chlorogenic Acid,9827.46631565437,133.18791308056359
Chlorogenic Acid,9823.60938221752,-29.315845439361656
Chlorogenic Acid,9819.75244878068,-2.9506450683554082
Chlorogenic Acid,9815.89551534383,-41.910909947720292
Chlorogenic Acid,9812.03858190698,-53.190511658230427
Chlorogenic Acid,9808.18164847014,65.893809645378809
Chlorogenic Acid,9804.32471503329,54.784170430056754
Chlorogenic Acid,9800.46778159644,10.822810389145927
Chlorogenic Acid,9796.6108481596,-92.759232553084885
Chlorogenic Acid,9792.75391472275,-65.570084780347273
Chlorogenic Acid,9788.8969812859,54.439483903971571
Chlorogenic Acid,9785.04004784905,165.18506165000545
Chlorogenic Acid,9781.1831144122,111.05394872244369
Chlorogenic Acid,9777.32618097536,130.07524362359263
Chlorogenic Acid,9773.46924753851,119.63841365518103
Chlorogenic Acid,9769.61231410166,36.481461723306424
Chlorogenic Acid,9765.75538066482,44.931848787996692
Chlorogenic Acid,9761.89844722797,-1.6426912707972312
Chlorogenic Acid,9758.04151379112,-81.795882922147754
Chlorogenic Acid,9754.18458035428,-65.731875161771455
Chlorogenic Acid,9750.32764691743,62.479171369882081
Chlorogenic Acid,9746.47071348058,110.80073167182606
Chlorogenic Acid,9742.61378004373,114.43126959410759
Chlorogenic Acid,9738.75684660688,160.89048795348717
Chlorogenic Acid,9734.89991317004,167.13613406316045
Chlorogenic Acid,9731.04297973319,151.29504984559992
Chlorogenic Acid,9727.18604629634,70.815421744024121
Chlorogenic Acid,9723.3291128595,13.242516944326088
Chlorogenic Acid,9719.47217942265,29.596042676487968
Chlorogenic Acid,9715.6152459858,73.569664509696736
Chlorogenic Acid,9711.75831254896,-26.965845167804378
Chlorogenic Acid,9707.90137911211,-1.7757850460766509
Chlorogenic Acid,9704.04444567526,66.672478223626499
Chlorogenic Acid,9700.18751223841,99.355579338759014
Chlorogenic Acid,9696.33057880156,66.438492195482254
Chlorogenic Acid,9692.47364536472,22.87916347919862
Chlorogenic Acid,9688.61671192787,97.342876269374699
Chlorogenic Acid,9684.75977849102,144.58105530647123
Chlorogenic Acid,9680.90284505418,-42.68130661582579
Chlorogenic Acid,9677.04591161733,-7.3488369595432301
Chlorogenic Acid,9673.18897818048,141.54459707631946
Chlorogenic Acid,9669.33204474363,117.03458870033263
Chlorogenic Acid,9665.47511130679,134.44827687943882
Chlorogenic Acid,9661.61817786994,138.28673542228256
Chlorogenic Acid,9657.76124443309,11.049020224675141
Chlorogenic Acid,9653.90431099624,-69.410817702749355
Chlorogenic Acid,9650.0473775594,-47.679141729601334
Chlorogenic Acid,9646.19044412255,94.472308837842377
Chlorogenic Acid,9642.3335106857,106.64191921140063
Chlorogenic Acid,9638.47657724886,-37.233261052330285
Chlorogenic Acid,9634.61964381201,-131.99170105527557
Chlorogenic Acid,9630.76271037516,-72.980661699096359
Chlorogenic Acid,9626.90577693831,37.601812055816019
Chlorogenic Acid,9623.04884350147,72.814058896726721
Chlorogenic Acid,9619.19191006462,29.623960109906029
Chlorogenic Acid,9615.33497662777,-50.468255760110857
Chlorogenic Acid,9611.47804319092,-68.002075828855297
Chlorogenic Acid,9607.62110975408,-2.004605141656755
Chlorogenic Acid,9603.76417631723,116.94011409318587
Chlorogenic Acid,9599.90724288038,35.59944347551707
Chlorogenic Acid,9596.05030944354,-16.211529743238465
Chlorogenic Acid,9592.19337600669,-33.646680331204529
Chlorogenic Acid,9588.33644256984,23.279793508213778
Chlorogenic Acid,9584.47950913299,81.70961256300842
Chlorogenic Acid,9580.62257569615,-16.472529916925573
Chlorogenic Acid,9576.7656422593,-12.676587183013567
Chlorogenic Acid,9572.90870882245,129.27116063667998
Chlorogenic Acid,9569.0517753856,11.761516557105717
Chlorogenic Acid,9565.19484194876,-156.40325338934394
Chlorogenic Acid,9561.33790851191,-137.34428959864007
Chlorogenic Acid,9557.48097507506,-48.887085555119967
Chlorogenic Acid,9553.62404163822,-11.462557140373853
Chlorogenic Acid,9549.76710820137,-123.07488753357828
Chlorogenic Acid,9545.91017476452,-243.55613236980165
Chlorogenic Acid,9542.05324132767,-106.905331550672
Chlorogenic Acid,9538.19630789083,3.7152211661723573
Chlorogenic Acid,9534.33937445398,-145.13390958790248
Chlorogenic Acid,9530.48244101713,-110.67952491949487
Chlorogenic Acid,9526.62550758028,-0.65987278776670899
Chlorogenic Acid,9522.76857414344,-159.04247602944577
Chlorogenic Acid,9518.91164070659,-249.15391456574659
Chlorogenic Acid,9515.05470726974,-237.9011425739325
Chlorogenic Acid,9511.1977738329,-221.49240528002653
Chlorogenic Acid,9507.34084039605,-197.4673865894901
Chlorogenic Acid,9503.4839069592,-77.159109736212343
Chlorogenic Acid,9499.62697352235,16.542815308770326
Chlorogenic Acid,9495.77004008551,42.934969906446938
Chlorogenic Acid,9491.91310664866,80.252197573455888
Chlorogenic Acid,9488.05617321181,42.60259032717844
Chlorogenic Acid,9484.19923977496,-51.515386721927335
Chlorogenic Acid,9480.34230633812,-27.088761420587726
Chlorogenic Acid,9476.48537290127,-40.877361698836573
Chlorogenic Acid,9472.62843946442,-29.778848432268145
Chlorogenic Acid,9468.77150602758,-31.525761100340063
Chlorogenic Acid,9464.91457259073,-106.23839221063356
Chlorogenic Acid,9461.05763915388,-188.99028713711223
Chlorogenic Acid,9457.20070571703,-179.83220867524798
Chlorogenic Acid,9453.34377228019,-124.15305261127745
Chlorogenic Acid,9449.48683884334,6.9315862698294257
Chlorogenic Acid,9445.62990540649,69.065992007200748
Chlorogenic Acid,9441.77297196964,71.757258118425909
Chlorogenic Acid,9437.9160385328,9.8271569613092424
Chlorogenic Acid,9434.05910509595,-7.3254911082258802
Chlorogenic Acid,9430.2021716591,99.770949846779516
Chlorogenic Acid,9426.34523822226,36.751832948732954
Chlorogenic Acid,9422.48830478541,-78.849392474770184
Chlorogenic Acid,9418.63137134856,-103.93979759779262
Chlorogenic Acid,9414.77443791171,-158.48332577874783
Chlorogenic Acid,9410.91750447487,-182.63502155488609
Chlorogenic Acid,9407.06057103802,-115.0846515584623
Chlorogenic Acid,9403.20363760117,-8.3614838749491671
Chlorogenic Acid,9399.34670416432,44.135601791422914
Chlorogenic Acid,9395.48977072748,-4.7600996152274773
Chlorogenic Acid,9391.63283729063,-69.244534683294106
Chlorogenic Acid,9387.77590385378,-35.69437210727736
Chlorogenic Acid,9383.91897041694,-28.14623852230109
Chlorogenic Acid,9380.06203698009,-33.817538654397083
Chlorogenic Acid,9376.20510354324,-55.888620138078153
Chlorogenic Acid,9372.34817010639,-98.967304853185794
Chlorogenic Acid,9368.49123666955,-25.567518905784677
Chlorogenic Acid,9364.6343032327,98.594488461334009
Chlorogenic Acid,9360.77736979585,36.568857749860349
Chlorogenic Acid,9356.920436359,43.151699594933007
Chlorogenic Acid,9353.06350292216,-16.105717223115075
Chlorogenic Acid,9349.20656948531,-71.552048045015027
Chlorogenic Acid,9345.34963604846,73.546068211297893
Chlorogenic Acid,9341.49270261162,164.68473916944939
Chlorogenic Acid,9337.63576917477,140.67845403518447
Chlorogenic Acid,9333.77883573792,43.831207988886611
Chlorogenic Acid,9329.92190230107,-174.89074231289334
Chlorogenic Acid,9326.06496886423,-131.15534571314163
Chlorogenic Acid,9322.20803542738,73.8844350629156
Chlorogenic Acid,9318.35110199053,150.59924154020359
Chlorogenic Acid,9314.49416855368,145.5388460546929
Chlorogenic Acid,9310.63723511684,71.41628789671195
Chlorogenic Acid,9306.78030167999,-19.037078649784096
Chlorogenic Acid,9302.92336824314,-104.88568000549925
Chlorogenic Acid,9299.0664348063,-142.93268881973015
Chlorogenic Acid,9295.20950136945,-44.288265675983908
Chlorogenic Acid,9291.3525679326,28.031117738051197
Chlorogenic Acid,9287.49563449575,-8.3773725312638252
Chlorogenic Acid,9283.63870105891,-0.55374811207565766
Chlorogenic Acid,9279.78176762206,75.97983025491429
Chlorogenic Acid,9275.92483418521,105.53837885843295
Chlorogenic Acid,9272.06790074836,177.81916656617233
Chlorogenic Acid,9268.21096731152,145.69312396324901
Chlorogenic Acid,9264.35403387467,34.066997183659026
Chlorogenic Acid,9260.49710043782,43.837683328947961
Chlorogenic Acid,9256.64016700098,49.573298288917776
Chlorogenic Acid,9252.78323356413,-26.048986862588826
Chlorogenic Acid,9248.92630012728,-38.682843674074775
Chlorogenic Acid,9245.06936669043,36.816301854547994
Chlorogenic Acid,9241.21243325358,126.55756045765929
Chlorogenic Acid,9237.35549981674,74.104054927264883
Chlorogenic Acid,9233.49856637989,27.027672941072272
Chlorogenic Acid,9229.64163294304,-9.9860180849644369
Chlorogenic Acid,9225.7846995062,6.9987196841527419
Chlorogenic Acid,9221.92776606935,119.96141598010813
Chlorogenic Acid,9218.0708326325,131.55423879094539
Chlorogenic Acid,9214.21389919565,19.029420588885188
Chlorogenic Acid,9210.35696575881,38.970073080287875
Chlorogenic Acid,9206.50003232196,120.21015213700585
Chlorogenic Acid,9202.64309888511,213.59992322427001
Chlorogenic Acid,9198.78616544826,155.99221840552752
Chlorogenic Acid,9194.92923201142,59.514487314738211
Chlorogenic Acid,9191.07229857457,-4.3062494957831596
Chlorogenic Acid,9187.21536513772,93.89710771125057
Chlorogenic Acid,9183.35843170088,171.65439880104989
Chlorogenic Acid,9179.50149826403,115.58817588858814
Chlorogenic Acid,9175.64456482718,41.053356741113696
Chlorogenic Acid,9171.78763139033,67.561735744156991
Chlorogenic Acid,9167.93069795349,56.525963864284968
Chlorogenic Acid,9164.07376451664,81.366420632353524
Chlorogenic Acid,9160.21683107979,99.442076983241421
Chlorogenic Acid,9156.35989764294,120.28471094190699
Chlorogenic Acid,9152.5029642061,218.65954468756789
Chlorogenic Acid,9148.64603076925,325.50723381043736
Chlorogenic Acid,9144.7890973324,256.38400663834005
Chlorogenic Acid,9140.93216389556,113.05382039202064
Chlorogenic Acid,9137.07523045871,85.357608837294023
Chlorogenic Acid,9133.21829702186,77.201188670078096
Chlorogenic Acid,9129.36136358501,61.594342316616299
Chlorogenic Acid,9125.50443014817,94.406261545338268
Chlorogenic Acid,9121.64749671132,141.41025858892459
Chlorogenic Acid,9117.79056327447,224.30999713815524
Chlorogenic Acid,9113.93362983762,165.9746020124002
Chlorogenic Acid,9110.07669640078,146.80567796815893
Chlorogenic Acid,9106.21976296393,64.733596595838591
Chlorogenic Acid,9102.36282952708,1.2028140999298094
Chlorogenic Acid,9098.50589609024,67.347084465940839
Chlorogenic Acid,9094.64896265339,143.67228954198271
Chlorogenic Acid,9090.79202921654,149.29782924729588
Chlorogenic Acid,9086.93509577969,110.49642836541028
Chlorogenic Acid,9083.07816234285,-8.9418876937997851
Chlorogenic Acid,9079.221228906,12.044365191193441
Chlorogenic Acid,9075.36429546915,179.79614784580534
Chlorogenic Acid,9071.5073620323,177.97526701023639
Chlorogenic Acid,9067.65042859546,48.477774565047241
Chlorogenic Acid,9063.79349515861,58.85652553654031
Chlorogenic Acid,9059.93656172176,171.40037401698208
Chlorogenic Acid,9056.07962828492,119.67195058829861
Chlorogenic Acid,9052.22269484807,30.685927175465835
Chlorogenic Acid,9048.36576141122,52.470747839445501
Chlorogenic Acid,9044.50882797437,114.5892918816962
Chlorogenic Acid,9040.65189453753,150.78915623996224
Chlorogenic Acid,9036.79496110068,61.132046856539539
Chlorogenic Acid,9032.93802766383,-16.571197523067543
Chlorogenic Acid,9029.08109422698,7.9992072277317039
Chlorogenic Acid,9025.22416079014,168.71880759065664
Chlorogenic Acid,9021.36722735329,116.22103561846694
Chlorogenic Acid,9017.51029391644,-7.8971306935795527
Chlorogenic Acid,9013.6533604796,-43.610525243986956
Chlorogenic Acid,9009.79642704275,-5.5068982292797006
Chlorogenic Acid,9005.9394936059,24.42557389179607
Chlorogenic Acid,9002.08256016905,9.6903523858691738
Chlorogenic Acid,8998.22562673221,-1.6092481596767652
Chlorogenic Acid,8994.36869329536,35.846677797296195
Chlorogenic Acid,8990.51175985851,91.312676916718203
Chlorogenic Acid,8986.65482642166,162.26619826192817
Chlorogenic Acid,8982.79789298482,118.36230071129755
Chlorogenic Acid,8978.94095954797,99.762341529440576
Chlorogenic Acid,8975.08402611112,37.69159684434679
Chlorogenic Acid,8971.22709267428,-82.642834928855095
Chlorogenic Acid,8967.37015923743,-54.795402080664878
Chlorogenic Acid,8963.51322580058,12.500013446414146
Chlorogenic Acid,8959.65629236373,-51.254373697880069
Chlorogenic Acid,8955.79935892689,-78.341571813288027
Chlorogenic Acid,8951.94242549004,-14.645851026274803
Chlorogenic Acid,8948.08549205319,-47.071478553042716
Chlorogenic Acid,8944.22855861634,-37.704561721174827
Chlorogenic Acid,8940.3716251795,15.955310485453131
Chlorogenic Acid,8936.51469174265,51.279321455665738
Chlorogenic Acid,8932.6577583058,82.148045493154015
Chlorogenic Acid,8928.80082486896,72.622588152039967
Chlorogenic Acid,8924.94389143211,-14.272969054296277
Chlorogenic Acid,8921.08695799526,-64.943237619156804
Chlorogenic Acid,8917.23002455841,-9.6984054976957275
Chlorogenic Acid,8913.37309112157,-89.089784397466445
Chlorogenic Acid,8909.51615768472,-106.96936326439621
Chlorogenic Acid,8905.65922424787,-104.88304636107644
Chlorogenic Acid,8901.80229081102,-151.6899285691953
Chlorogenic Acid,8897.94535737418,-179.37287712500762
Chlorogenic Acid,8894.08842393733,-83.145486887781487
Chlorogenic Acid,8890.23149050048,74.732951839144405
Chlorogenic Acid,8886.37455706364,51.676411567819969
Chlorogenic Acid,8882.51762362679,18.049302804541931
Chlorogenic Acid,8878.66069018994,-39.998146390047644
Chlorogenic Acid,8874.80375675309,-55.021871586930246
Chlorogenic Acid,8870.94682331625,-79.144184304039527
Chlorogenic Acid,8867.0898898794,-136.91032327252904
Chlorogenic Acid,8863.23295644255,-121.00925968124697
Chlorogenic Acid,8859.3760230057,-58.353401527388698
Chlorogenic Acid,8855.51908956886,-75.364682148010573
Chlorogenic Acid,8851.66215613201,-65.877025559489581
Chlorogenic Acid,8847.80522269516,-84.366957479546372
Chlorogenic Acid,8843.94828925832,-10.208228320997208
Chlorogenic Acid,8840.09135582147,54.236353540598216
Chlorogenic Acid,8836.23442238462,-23.660192333770727
Chlorogenic Acid,8832.37748894777,-60.938607694635735
Chlorogenic Acid,8828.52055551093,-3.4041348038416999
Chlorogenic Acid,8824.66362207408,86.211742964731854
Chlorogenic Acid,8820.80668863723,54.978339162143563
Chlorogenic Acid,8816.94975520038,14.25166547642168
Chlorogenic Acid,8813.09282176354,-53.53174029289994
Chlorogenic Acid,8809.23588832669,-94.115050677251219
Chlorogenic Acid,8805.37895488984,-135.03416567615577
Chlorogenic Acid,8801.522021453,-70.653650725029564
Chlorogenic Acid,8797.66508801615,-61.829215774711749
Chlorogenic Acid,8793.8081545793,-34.203594550392523
Chlorogenic Acid,8789.95122114245,-18.845351611241
Chlorogenic Acid,8786.09428770561,4.9703920971196931
Chlorogenic Acid,8782.23735426876,30.055371072038007
Chlorogenic Acid,8778.38042083191,-40.122002388093733
Chlorogenic Acid,8774.52348739506,-31.150824523337477
Chlorogenic Acid,8770.66655395822,12.77679491706785
Chlorogenic Acid,8766.80962052137,-27.314286863213947
Chlorogenic Acid,8762.95268708452,-86.30617688360725
Chlorogenic Acid,8759.09575364767,-48.933221851413983
Chlorogenic Acid,8755.23882021083,-18.091557368687958
Chlorogenic Acid,8751.38188677398,-43.670048724909719
Chlorogenic Acid,8747.52495333713,-31.638529834717211
Chlorogenic Acid,8743.66801990029,-62.972389089244295
Chlorogenic Acid,8739.81108646344,-123.85549111834679
Chlorogenic Acid,8735.95415302659,-74.765691584034045
Chlorogenic Acid,8732.09721958974,15.51064986311221
Chlorogenic Acid,8728.2402861529,-51.257893584729587
Chlorogenic Acid,8724.38335271605,-177.2926147270899
Chlorogenic Acid,8720.5264192792,-187.41154618467567
Chlorogenic Acid,8716.66948584235,-143.42355629221868
Chlorogenic Acid,8712.81255240551,-29.882778554841845
Chlorogenic Acid,8708.95561896866,1.034076694163131
Chlorogenic Acid,8705.09868553181,14.032584630502216
Chlorogenic Acid,8701.24175209497,0.69582421631335734
Chlorogenic Acid,8697.38481865812,-26.917247826438636
Chlorogenic Acid,8693.52788522127,-135.64246208393453
Chlorogenic Acid,8689.67095178442,-199.56515998675133
Chlorogenic Acid,8685.81401834758,-122.14468747599626
Chlorogenic Acid,8681.95708491073,-47.138984164065562
Chlorogenic Acid,8678.10015147388,-90.089130209655437
Chlorogenic Acid,8674.24321803703,-9.8817234998987669
Chlorogenic Acid,8670.38628460019,144.24942914796105
Chlorogenic Acid,8666.52935116334,92.945462756956104
Chlorogenic Acid,8662.67241772649,-149.71252101334301
Chlorogenic Acid,8658.81548428965,-186.99447931955194
Chlorogenic Acid,8654.9585508528,-85.843345219594497
Chlorogenic Acid,8651.10161741595,-64.872881052053245
Chlorogenic Acid,8647.2446839791,-80.841697605029239
Chlorogenic Acid,8643.38775054226,-53.682224891828866
Chlorogenic Acid,8639.53081710541,-49.111021049863844
Chlorogenic Acid,8635.67388366856,-110.12826420709861
Chlorogenic Acid,8631.81695023171,-25.090858628284142
Chlorogenic Acid,8627.96001679487,-83.316098626434652
Chlorogenic Acid,8624.10308335802,-127.5648892996287
Chlorogenic Acid,8620.24614992117,-193.8966099659994
Chlorogenic Acid,8616.38921648433,-169.49739280551412
Chlorogenic Acid,8612.53228304748,-38.414742962880744
Chlorogenic Acid,8608.67534961063,57.593635029086641
Chlorogenic Acid,8604.81841617378,119.11498834487685
Chlorogenic Acid,8600.96148273694,94.128780278384895
Chlorogenic Acid,8597.10454930009,62.856146598462196
Chlorogenic Acid,8593.24761586324,90.048452059878585
Chlorogenic Acid,8589.39068242639,51.10619642991027
Chlorogenic Acid,8585.53374898955,-54.737595935006894
Chlorogenic Acid,8581.6768155527,-88.584682271108221
Chlorogenic Acid,8577.81988211585,-57.698579259365928
Chlorogenic Acid,8573.96294867901,-1.9262592230075437
Chlorogenic Acid,8570.10601524216,49.777852326864156
Chlorogenic Acid,8566.24908180531,73.628997660228748
Chlorogenic Acid,8562.39214836846,92.963582294126539
Chlorogenic Acid,8558.53521493162,23.032506903404528
Chlorogenic Acid,8554.67828149477,-17.586935035456907
Chlorogenic Acid,8550.82134805792,-76.27712646359825
Chlorogenic Acid,8546.96441462107,-129.00279747451305
Chlorogenic Acid,8543.10748118423,-102.16354013366872
Chlorogenic Acid,8539.25054774738,-31.637214857441002
Chlorogenic Acid,8535.39361431053,62.948368803157933
Chlorogenic Acid,8531.53668087368,30.12651050570086
Chlorogenic Acid,8527.67974743684,10.781006929119494
Chlorogenic Acid,8523.82281399999,-82.460211088081195
Chlorogenic Acid,8519.96588056314,-129.98235980812586
Chlorogenic Acid,8516.1089471263,-11.425171229060036
Chlorogenic Acid,8512.25201368945,-32.548892848701882
Chlorogenic Acid,8508.3950802526,-108.1980434427925
Chlorogenic Acid,8504.53814681575,-78.251392069986053
Chlorogenic Acid,8500.68121337891,-58.871332974744398
Chlorogenic Acid,8496.82427994206,44.411192540974803
Chlorogenic Acid,8492.96734650521,78.287192392574468
Chlorogenic Acid,8489.11041306836,14.568043831412668
Chlorogenic Acid,8485.25347963152,-158.2557469372245
Chlorogenic Acid,8481.39654619467,-191.0491893515624
Chlorogenic Acid,8477.53961275782,-25.250574457511036
Chlorogenic Acid,8473.68267932098,0.54989312953893665
Chlorogenic Acid,8469.82574588413,-22.55206364282343
Chlorogenic Acid,8465.96881244728,18.190421375766608
Chlorogenic Acid,8462.11187901043,-83.224503471920727
Chlorogenic Acid,8458.25494557359,-222.72162440770691
Chlorogenic Acid,8454.39801213674,-118.5081936701847
Chlorogenic Acid,8450.54107869989,44.424553509096867
Chlorogenic Acid,8446.68414526304,32.245868904425947
Chlorogenic Acid,8442.8272118262,31.823628459957749
Chlorogenic Acid,8438.97027838935,34.365018785181675
Chlorogenic Acid,8435.1133449525,28.138674553940444
Chlorogenic Acid,8431.25641151566,-48.337370579323697
Chlorogenic Acid,8427.39947807881,-1.6448613077920282
Chlorogenic Acid,8423.54254464196,110.94888828645225
Chlorogenic Acid,8419.68561120511,71.455041250019931
Chlorogenic Acid,8415.82867776827,-69.376389248076904
Chlorogenic Acid,8411.97174433142,3.4377545720172518
Chlorogenic Acid,8408.11481089457,-2.2212259707980331
Chlorogenic Acid,8404.25787745772,-25.242121001989876
Chlorogenic Acid,8400.40094402088,2.8593016627098637
Chlorogenic Acid,8396.54401058403,-18.783230585409203
Chlorogenic Acid,8392.68707714718,27.576833088505712
Chlorogenic Acid,8388.83014371034,178.64042963197286
Chlorogenic Acid,8384.97321027349,205.03918556238713
Chlorogenic Acid,8381.11627683664,69.589080470020122
Chlorogenic Acid,8377.25934339979,-16.792433808891289
Chlorogenic Acid,8373.40240996295,-96.339033120165794
Chlorogenic Acid,8369.5454765261,-78.899776322445106
Chlorogenic Acid,8365.68854308925,51.367227615818848
Chlorogenic Acid,8361.8316096524,153.49132153486164
Chlorogenic Acid,8357.97467621556,-21.003667137122402
Chlorogenic Acid,8354.11774277871,-93.404827984464106
Chlorogenic Acid,8350.26080934186,30.984495171470737
Chlorogenic Acid,8346.40387590502,7.7106387358964161
Chlorogenic Acid,8342.54694246817,-50.966696085984992
Chlorogenic Acid,8338.69000903132,-97.890000204704975
Chlorogenic Acid,8334.83307559447,-161.24807721463611
Chlorogenic Acid,8330.97614215763,-118.39286712295966
Chlorogenic Acid,8327.11920872078,-18.120495590608886
Chlorogenic Acid,8323.26227528393,-52.978331742880748
Chlorogenic Acid,8319.40534184708,-126.24158218304547
Chlorogenic Acid,8315.54840841024,-65.367222459328531
Chlorogenic Acid,8311.69147497339,-49.222516257389877
Chlorogenic Acid,8307.83454153654,-44.183679501391872
Chlorogenic Acid,8303.97760809969,51.526709141425464
Chlorogenic Acid,8300.12067466285,125.58562374241923
Chlorogenic Acid,8296.263741226,63.620611194454369
Chlorogenic Acid,8292.40680778915,-50.540040415182879
Chlorogenic Acid,8288.54987435231,-148.02762873353598
Chlorogenic Acid,8284.69294091546,-30.678555661399312
Chlorogenic Acid,8280.83600747861,87.398300234366673
Chlorogenic Acid,8276.97907404176,177.44276324881588
Chlorogenic Acid,8273.12214060492,92.400128747417114
Chlorogenic Acid,8269.26520716807,-20.040336379217351
Chlorogenic Acid,8265.40827373122,-44.851571623708793
Chlorogenic Acid,8261.55134029437,-59.582289545265581
Chlorogenic Acid,8257.69440685753,-181.36389982013071
Chlorogenic Acid,8253.83747342068,-227.06955045322368
Chlorogenic Acid,8249.98053998383,-190.89687382898279
Chlorogenic Acid,8246.12360654699,13.405712935278123
Chlorogenic Acid,8242.26667311014,130.12310436753316
Chlorogenic Acid,8238.40973967329,82.603219542914815
Chlorogenic Acid,8234.55280623644,31.022037821260291
Chlorogenic Acid,8230.6958727996,47.512362815208967
Chlorogenic Acid,8226.83893936275,75.995993587485614
Chlorogenic Acid,8222.9820059259,130.31399440575817
Chlorogenic Acid,8219.12507248905,188.94532494052754
Chlorogenic Acid,8215.26813905221,213.09964783181374
Chlorogenic Acid,8211.41120561536,141.43938971889742
Chlorogenic Acid,8207.55427217851,52.97445316102089
Chlorogenic Acid,8203.69733874167,5.5222578272388123
Chlorogenic Acid,8199.84040530482,141.06145796787243
Chlorogenic Acid,8195.98347186797,234.28890836115622
Chlorogenic Acid,8192.12653843112,212.13224927338661
Chlorogenic Acid,8188.26960499428,91.866386270462272
Chlorogenic Acid,8184.41267155743,21.790626701140571
Chlorogenic Acid,8180.55573812058,-41.900586518044342
Chlorogenic Acid,8176.69880468373,-82.491416364924731
Chlorogenic Acid,8172.84187124689,-96.948337768559213
Chlorogenic Acid,8168.98493781004,-85.330286856110703
Chlorogenic Acid,8165.12800437319,-40.485451545624052
Chlorogenic Acid,8161.27107093635,40.629426839775796
Chlorogenic Acid,8157.4141374995,28.383187660245436
Chlorogenic Acid,8153.55720406265,-2.1485883440188283
Chlorogenic Acid,8149.7002706258,36.140867899054143
Chlorogenic Acid,8145.84333718896,115.25874412372464
Chlorogenic Acid,8141.98640375211,100.89316605845563
Chlorogenic Acid,8138.12947031526,88.21468988658151
Chlorogenic Acid,8134.27253687841,130.55506863927934
Chlorogenic Acid,8130.41560344157,13.124747970407368
Chlorogenic Acid,8126.55867000472,-63.64671583624181
Chlorogenic Acid,8122.70173656787,-13.26035297284785
Chlorogenic Acid,8118.84480313103,49.597090430223609
Chlorogenic Acid,8114.98786969418,-14.959777409225618
Chlorogenic Acid,8111.13093625733,-23.531021884760474
Chlorogenic Acid,8107.27400282048,72.699565199422253
Chlorogenic Acid,8103.41706938364,59.357728691118709
Chlorogenic Acid,8099.56013594679,78.654408458847158
Chlorogenic Acid,8095.70320250994,83.025472217004221
Chlorogenic Acid,8091.84626907309,76.95221007726353
Chlorogenic Acid,8087.98933563625,-17.171283019765099
Chlorogenic Acid,8084.1324021994,-44.296530316064612
Chlorogenic Acid,8080.27546876255,21.576915115447541
Chlorogenic Acid,8076.41853532571,91.961618066853603
Chlorogenic Acid,8072.56160188886,18.425746962030793
Chlorogenic Acid,8068.70466845201,57.560636347190318
Chlorogenic Acid,8064.84773501516,105.0677566346815
Chlorogenic Acid,8060.99080157832,171.21776087753244
Chlorogenic Acid,8057.13386814147,173.67551376354879
Chlorogenic Acid,8053.27693470462,162.72059554949269
Chlorogenic Acid,8049.42000126777,84.54879302855727
Chlorogenic Acid,8045.56306783093,48.681561766769981
Chlorogenic Acid,8041.70613439408,106.68787317672081
Chlorogenic Acid,8037.84920095723,167.39401050952893
Chlorogenic Acid,8033.99226752039,0.54628309530844532
Chlorogenic Acid,8030.13533408354,-138.28203889221103
Chlorogenic Acid,8026.27840064669,-24.966102704156068
Chlorogenic Acid,8022.42146720984,97.661177593847867
Chlorogenic Acid,8018.564533773,65.288773358088207
Chlorogenic Acid,8014.70760033615,-12.851273911536126
Chlorogenic Acid,8010.8506668993,-36.738538485160745
Chlorogenic Acid,8006.99373346245,-49.599403397243528
Chlorogenic Acid,8003.13680002561,-19.317675577930871
Chlorogenic Acid,7999.27986658876,-48.618415296043011
Chlorogenic Acid,7995.42293315191,-21.178866535484882
Chlorogenic Acid,7991.56599971507,-28.45077641627271
Chlorogenic Acid,7987.70906627822,-32.0078674245011
Chlorogenic Acid,7983.85213284137,-35.198610599045288
Chlorogenic Acid,7979.99519940452,115.68581647529582
Chlorogenic Acid,7976.13826596768,105.42780035086557
Chlorogenic Acid,7972.28133253083,-16.789696797131938
Chlorogenic Acid,7968.42439909398,-90.593607689750158
Chlorogenic Acid,7964.56746565713,-99.277726627370072
Chlorogenic Acid,7960.71053222029,-45.861291949246812
Chlorogenic Acid,7956.85359878344,65.90032605674557
Chlorogenic Acid,7952.99666534659,59.321697321252401
Chlorogenic Acid,7949.13973190975,19.713800326068018
Chlorogenic Acid,7945.2827984729,-2.7830011116834248
Chlorogenic Acid,7941.42586503605,-35.595081952539218
Chlorogenic Acid,7937.5689315992,-83.067461125904757
Chlorogenic Acid,7933.71199816236,-135.34360053387871
Chlorogenic Acid,7929.85506472551,-85.674171554612272
Chlorogenic Acid,7925.99813128866,-43.129876139809703
Chlorogenic Acid,7922.14119785181,-24.784410853822767
Chlorogenic Acid,7918.28426441497,-12.414775587363104
Chlorogenic Acid,7914.42733097812,22.552928338490958
Chlorogenic Acid,7910.57039754127,10.58237926574499
Chlorogenic Acid,7906.71346410443,-46.94106038244599
Chlorogenic Acid,7902.85653066758,-95.004596861961218
Chlorogenic Acid,7898.99959723073,-105.42508268166351
Chlorogenic Acid,7895.14266379388,-117.93242624574422
Chlorogenic Acid,7891.28573035704,-159.67861360800936
Chlorogenic Acid,7887.42879692019,-162.43910172919232
Chlorogenic Acid,7883.57186348334,-181.32734778259396
Chlorogenic Acid,7879.71493004649,-140.12491910249855
Chlorogenic Acid,7875.85799660965,-20.847310559831946
Chlorogenic Acid,7872.0010631728,-139.42590836732418
Chlorogenic Acid,7868.14412973595,-146.32273435207676
Chlorogenic Acid,7864.28719629911,-103.37926892787337
Chlorogenic Acid,7860.43026286226,-127.65480187265133
Chlorogenic Acid,7856.57332942541,-155.40248761608265
Chlorogenic Acid,7852.71639598856,-103.593906854769
Chlorogenic Acid,7848.85946255172,-17.62776937614046
Chlorogenic Acid,7845.00252911487,-82.141585575227381
Chlorogenic Acid,7841.14559567802,-169.75257688770463
Chlorogenic Acid,7837.28866224117,-125.70781056107084
Chlorogenic Acid,7833.43172880433,-136.32312927191151
Chlorogenic Acid,7829.57479536748,-79.160742149137008
Chlorogenic Acid,7825.71786193063,-16.534398719541684
Chlorogenic Acid,7821.86092849379,-39.511890006043352
Chlorogenic Acid,7818.00399505694,-48.903988512483487
Chlorogenic Acid,7814.14706162009,-44.332022213374422
Chlorogenic Acid,7810.29012818324,-85.508429645228489
Chlorogenic Acid,7806.4331947464,-100.56320326065172
Chlorogenic Acid,7802.57626130955,-0.76662297506061194
Chlorogenic Acid,7798.7193278727,12.285683380595195
Chlorogenic Acid,7794.86239443585,-68.867227554341923
Chlorogenic Acid,7791.00546099901,-142.17561704217883
Chlorogenic Acid,7787.14852756216,-154.6942111635471
Chlorogenic Acid,7783.29159412531,-158.51085285083781
Chlorogenic Acid,7779.43466068847,-87.927881282214429
Chlorogenic Acid,7775.57772725162,24.689852943069884
Chlorogenic Acid,7771.72079381477,-35.63388664758422
Chlorogenic Acid,7767.86386037792,-67.002739042240023
Chlorogenic Acid,7764.00692694107,-25.009904840918647
Chlorogenic Acid,7760.14999350423,-75.55925181617711
Chlorogenic Acid,7756.29306006738,-82.62196085810902
Chlorogenic Acid,7752.43612663053,-109.73659291453433
Chlorogenic Acid,7748.57919319369,-86.039819480808475
Chlorogenic Acid,7744.72225975684,-119.89710213387325
Chlorogenic Acid,7740.86532631999,-150.53635759476046
Chlorogenic Acid,7737.00839288315,-136.16980267476745
Chlorogenic Acid,7733.1514594463,-50.093762612838994
Chlorogenic Acid,7729.29452600945,0.57912610597282455
Chlorogenic Acid,7725.4375925726,-92.566935935094577
Chlorogenic Acid,7721.58065913575,-86.822068480918347
Chlorogenic Acid,7717.72372569891,-54.895109618318344
Chlorogenic Acid,7713.86679226206,-36.149427655896844
Chlorogenic Acid,7710.00985882521,5.9640238619260026
Chlorogenic Acid,7706.15292538837,-35.507632976508582
Chlorogenic Acid,7702.29599195152,-56.332176406119352
Chlorogenic Acid,7698.43905851467,-38.002689448808823
Chlorogenic Acid,7694.58212507782,-86.486643189596194
Chlorogenic Acid,7690.72519164098,-199.63232200741575
Chlorogenic Acid,7686.86825820413,-190.56333530662636
Chlorogenic Acid,7683.01132476728,-134.81266989536942
Chlorogenic Acid,7679.15439133043,-55.096252754539364
Chlorogenic Acid,7675.29745789359,-77.659291567972062
Chlorogenic Acid,7671.44052445674,-191.78912943043906
Chlorogenic Acid,7667.58359101989,-165.20128676936017
Chlorogenic Acid,7663.72665758305,-97.21419130994957
Chlorogenic Acid,7659.8697241462,-66.205157073958972
Chlorogenic Acid,7656.01279070935,-64.941169051859845
Chlorogenic Acid,7652.1558572725,-66.50726414782838
Chlorogenic Acid,7648.29892383566,-67.536000063845592
Chlorogenic Acid,7644.44199039881,-85.866609414604866
Chlorogenic Acid,7640.58505696196,-55.544778802139206
Chlorogenic Acid,7636.72812352511,20.622249157727857
Chlorogenic Acid,7632.87119008827,-1.0624428209415788
Chlorogenic Acid,7629.01425665142,-79.304532922618975
Chlorogenic Acid,7625.15732321457,-27.720045631272392
Chlorogenic Acid,7621.30038977773,18.349724008273792
Chlorogenic Acid,7617.44345634088,-32.586689266005713
Chlorogenic Acid,7613.58652290403,-94.374235448751989
Chlorogenic Acid,7609.72958946718,-114.08850820354833
Chlorogenic Acid,7605.87265603034,-137.15398734330529
Chlorogenic Acid,7602.01572259349,-101.2710362099303
Chlorogenic Acid,7598.15878915664,-26.741151887212141
Chlorogenic Acid,7594.30185571979,45.600957180862672
Chlorogenic Acid,7590.44492228295,55.049231763343677
Chlorogenic Acid,7586.5879888461,-16.372581840292579
Chlorogenic Acid,7582.73105540925,-17.514464413631597
Chlorogenic Acid,7578.87412197241,-22.16452123403819
Chlorogenic Acid,7575.01718853556,6.4810210135067079
Chlorogenic Acid,7571.16025509871,74.510476722213568
Chlorogenic Acid,7567.30332166186,45.593535651187132
Chlorogenic Acid,7563.44638822502,4.971032775827978
Chlorogenic Acid,7559.58945478817,5.3628715915438834
Chlorogenic Acid,7555.73252135132,59.235280711424416
Chlorogenic Acid,7551.87558791447,100.39004670239981
Chlorogenic Acid,7548.01865447763,126.23417965005382
Chlorogenic Acid,7544.16172104078,83.852189858846614
Chlorogenic Acid,7540.30478760393,8.8370748575064031
Chlorogenic Acid,7536.44785416709,-11.627459418637827
Chlorogenic Acid,7532.59092073024,-55.648844967480898
Chlorogenic Acid,7528.73398729339,-61.183602120506336
Chlorogenic Acid,7524.87705385654,-56.538218922090387
Chlorogenic Acid,7521.0201204197,69.886526366468658
Chlorogenic Acid,7517.16318698285,77.401185535367446
Chlorogenic Acid,7513.306253546,14.593478906308793
Chlorogenic Acid,7509.44932010915,77.808052883467795
Chlorogenic Acid,7505.59238667231,213.95776133564897
Chlorogenic Acid,7501.73545323546,212.30556520364499
Chlorogenic Acid,7497.87851979861,185.46040654605872
Chlorogenic Acid,7494.02158636177,74.750378164027367
Chlorogenic Acid,7490.16465292492,94.541274036601536
Chlorogenic Acid,7486.30771948807,132.30309282415524
Chlorogenic Acid,7482.45078605122,114.075679763838
Chlorogenic Acid,7478.59385261438,109.57295370729652
Chlorogenic Acid,7474.73691917753,119.80969770191476
Chlorogenic Acid,7470.87998574068,194.56192022323233
Chlorogenic Acid,7467.02305230383,307.42986438230389
Chlorogenic Acid,7463.16611886699,273.09628954806749
Chlorogenic Acid,7459.30918543014,154.60296895419688
Chlorogenic Acid,7455.45225199329,110.03210967644335
Chlorogenic Acid,7451.59531855645,221.35602158450797
Chlorogenic Acid,7447.7383851196,230.64098180834389
Chlorogenic Acid,7443.88145168275,165.87786938491405
Chlorogenic Acid,7440.0245182459,206.16879825759349
Chlorogenic Acid,7436.16758480906,207.8932509672494
Chlorogenic Acid,7432.31065137221,228.38996679452157
Chlorogenic Acid,7428.45371793536,317.27074864644209
Chlorogenic Acid,7424.59678449851,217.64191005590715
Chlorogenic Acid,7420.73985106167,104.40682448901235
Chlorogenic Acid,7416.88291762482,108.68224519398603
Chlorogenic Acid,7413.02598418797,150.83653827059453
Chlorogenic Acid,7409.16905075113,66.868120570148562
Chlorogenic Acid,7405.31211731428,40.84891407378484
Chlorogenic Acid,7401.45518387743,184.1192260642585
Chlorogenic Acid,7397.59825044058,79.355554356178288
Chlorogenic Acid,7393.74131700374,-6.2511202255179317
Chlorogenic Acid,7389.88438356689,61.224457132181172
Chlorogenic Acid,7386.02745013004,61.935371539241977
Chlorogenic Acid,7382.17051669319,33.816468227211345
Chlorogenic Acid,7378.31358325635,-31.627959328244408
Chlorogenic Acid,7374.4566498195,50.581429359115248
Chlorogenic Acid,7370.59971638265,85.617265345387153
Chlorogenic Acid,7366.74278294581,58.07544024162447
Chlorogenic Acid,7362.88584950896,110.98476677600782
Chlorogenic Acid,7359.02891607211,129.65054520055401
Chlorogenic Acid,7355.17198263526,174.51839030478683
Chlorogenic Acid,7351.31504919842,226.44672677315572
Chlorogenic Acid,7347.45811576157,205.03805111555607
Chlorogenic Acid,7343.60118232472,227.12790193691933
Chlorogenic Acid,7339.74424888787,178.9653744035746
Chlorogenic Acid,7335.88731545103,144.7057768974116
Chlorogenic Acid,7332.03038201418,136.75632860490288
Chlorogenic Acid,7328.17344857733,235.14989002446487
Chlorogenic Acid,7324.31651514049,226.81540632702328
Chlorogenic Acid,7320.45958170364,71.951911969570389
Chlorogenic Acid,7316.60264826679,177.84175418902552
Chlorogenic Acid,7312.74571482994,235.15136336755128
Chlorogenic Acid,7308.8887813931,213.03439484214343
Chlorogenic Acid,7305.03184795625,204.77406442762523
Chlorogenic Acid,7301.1749145194,158.83580377715799
Chlorogenic Acid,7297.31798108255,73.485394576410926
Chlorogenic Acid,7293.46104764571,63.379627897274482
Chlorogenic Acid,7289.60411420886,111.92312557536695
Chlorogenic Acid,7285.74718077201,-18.158304230736732
Chlorogenic Acid,7281.89024733516,-164.54316361734064
Chlorogenic Acid,7278.03331389832,-83.65895824372592
Chlorogenic Acid,7274.17638046147,-106.58789360088731
Chlorogenic Acid,7270.31944702462,-164.90454804815212
Chlorogenic Acid,7266.46251358778,-216.46590896507271
Chlorogenic Acid,7262.60558015093,-175.13680187251961
Chlorogenic Acid,7258.74864671408,-136.62514033508859
Chlorogenic Acid,7254.89171327723,20.652240167547198
Chlorogenic Acid,7251.03477984039,3.1036115151383883
Chlorogenic Acid,7247.17784640354,-184.25010562697477
Chlorogenic Acid,7243.32091296669,-196.23126139960931
Chlorogenic Acid,7239.46397952984,-200.45105635230544
Chlorogenic Acid,7235.607046093,-270.73342520123816
Chlorogenic Acid,7231.75011265615,-81.649846147161185
Chlorogenic Acid,7227.8931792193,16.386645253059275
Chlorogenic Acid,7224.03624578246,-25.292326681250223
Chlorogenic Acid,7220.17931234561,-213.7675929380801
Chlorogenic Acid,7216.32237890876,-246.54726055023087
Chlorogenic Acid,7212.46544547191,-66.510221655626424
Chlorogenic Acid,7208.60851203507,-76.521684939701686
Chlorogenic Acid,7204.75157859822,-132.24634484792486
Chlorogenic Acid,7200.89464516137,-144.01784967069992
Chlorogenic Acid,7197.03771172452,-109.29274411250169
Chlorogenic Acid,7193.18077828768,56.050534756528521
Chlorogenic Acid,7189.32384485083,-52.408499173510741
Chlorogenic Acid,7185.46691141398,-140.26218502499009
Chlorogenic Acid,7181.60997797714,-94.388044634391804
Chlorogenic Acid,7177.75304454029,-33.718975125314415
Chlorogenic Acid,7173.89611110344,19.388140223504809
Chlorogenic Acid,7170.03917766659,74.129992733167001
Chlorogenic Acid,7166.18224422975,105.81341719571297
Chlorogenic Acid,7162.3253107929,-30.267688204440574
Chlorogenic Acid,7158.46837735605,-207.06300968327525
Chlorogenic Acid,7154.6114439192,-50.007054767945363
Chlorogenic Acid,7150.75451048236,91.166933157050948
Chlorogenic Acid,7146.89757704551,56.112516789667019
Chlorogenic Acid,7143.04064360866,58.628125341849788
Chlorogenic Acid,7139.18371017182,3.3780846293456825
Chlorogenic Acid,7135.32677673497,-147.32723194183882
Chlorogenic Acid,7131.46984329812,-111.28054674621146
Chlorogenic Acid,7127.61290986127,139.50334704911643
Chlorogenic Acid,7123.75597642443,104.19733618839815
Chlorogenic Acid,7119.89904298758,-17.666403573680775
Chlorogenic Acid,7116.04210955073,53.402409284293121
Chlorogenic Acid,7112.18517611388,41.383910338278135
Chlorogenic Acid,7108.32824267704,35.915999612595456
Chlorogenic Acid,7104.47130924019,123.31091451212578
Chlorogenic Acid,7100.61437580334,114.57537837364293
Chlorogenic Acid,7096.7574423665,59.451340688610443
Chlorogenic Acid,7092.90050892965,-50.506049584022648
Chlorogenic Acid,7089.0435754928,-12.091279209354008
Chlorogenic Acid,7085.18664205595,-13.254033846108067
Chlorogenic Acid,7081.32970861911,-117.7765713856741
Chlorogenic Acid,7077.47277518226,-234.0224961767708
Chlorogenic Acid,7073.61584174541,-311.15731983526439
Chlorogenic Acid,7069.75890830856,-340.3145476017375
Chlorogenic Acid,7065.90197487172,-271.42477352731771
Chlorogenic Acid,7062.04504143487,-264.68051569461301
Chlorogenic Acid,7058.18810799802,-156.10612406481863
Chlorogenic Acid,7054.33117456117,-82.058262565087148
Chlorogenic Acid,7050.47424112433,-79.851345341371172
Chlorogenic Acid,7046.61730768748,-98.545937632485249
Chlorogenic Acid,7042.76037425063,10.025707782703087
Chlorogenic Acid,7038.90344081379,135.23888087440665
Chlorogenic Acid,7035.04650737694,126.08507486928845
Chlorogenic Acid,7031.18957394009,12.98041387461377
Chlorogenic Acid,7027.33264050324,-28.637981149984292
Chlorogenic Acid,7023.4757070664,-67.985490527397701
Chlorogenic Acid,7019.61877362955,-27.491912013411074
Chlorogenic Acid,7015.7618401927,30.896853764406394
Chlorogenic Acid,7011.90490675585,18.310277810305863
Chlorogenic Acid,7008.04797331901,-33.938533428179497
Chlorogenic Acid,7004.19103988216,-72.43191170100512
Chlorogenic Acid,7000.33410644531,-79.275372611619602
Chlorogenic Acid,6996.47717300847,-57.102810047196705
Chlorogenic Acid,6992.62023957162,-49.199230177251636
Chlorogenic Acid,6988.76330613477,-52.371907516811937
Chlorogenic Acid,6984.90637269792,-18.019897401692234
Chlorogenic Acid,6981.04943926108,-10.545628610457404
Chlorogenic Acid,6977.19250582423,-6.5368298716697861
Chlorogenic Acid,6973.33557238738,-29.072423105762368
Chlorogenic Acid,6969.47863895053,-6.4211287037829869
Chlorogenic Acid,6965.62170551369,18.534692594257287
Chlorogenic Acid,6961.76477207684,-19.522887749521427
Chlorogenic Acid,6957.90783863999,-46.985414038114598
Chlorogenic Acid,6954.05090520315,-41.299149687770814
Chlorogenic Acid,6950.1939717663,-39.999607704239537
Chlorogenic Acid,6946.33703832945,-28.293447740582135
Chlorogenic Acid,6942.4801048926,-31.392264518499609
Chlorogenic Acid,6938.62317145576,-19.541177006593085
Chlorogenic Acid,6934.76623801891,-9.4772221733222892
Chlorogenic Acid,6930.90930458206,-24.985168171316303
Chlorogenic Acid,6927.05237114521,-44.419761859665876
Chlorogenic Acid,6923.19543770837,-51.370564882524576
Chlorogenic Acid,6919.33850427152,-58.427453305055423
Chlorogenic Acid,6915.48157083467,-67.536835463575215
Chlorogenic Acid,6911.62463739783,-53.555557209994916
Chlorogenic Acid,6907.76770396098,-46.08260619767681
Chlorogenic Acid,6903.91077052413,-17.507499007197556
Chlorogenic Acid,6900.05383708728,-33.270980068675328
Chlorogenic Acid,6896.19690365044,-57.009196258222012
Chlorogenic Acid,6892.33997021359,-63.596431181900925
Chlorogenic Acid,6888.48303677674,-32.387241325230633
Chlorogenic Acid,6884.62610333989,-5.6006597156813696
Chlorogenic Acid,6880.76916990305,-2.4285611472485833
Chlorogenic Acid,6876.9122364662,-13.492553382601454
Chlorogenic Acid,6873.05530302935,-53.446258539218888
Chlorogenic Acid,6869.19836959251,-50.729720594569734
Chlorogenic Acid,6865.34143615566,-7.3520490708836919
Chlorogenic Acid,6861.48450271881,-16.415077120823053
Chlorogenic Acid,6857.62756928196,-18.65257031372877
Chlorogenic Acid,6853.77063584512,-5.1594102420654187
Chlorogenic Acid,6849.91370240827,-22.189371008715359
Chlorogenic Acid,6846.05676897142,-38.350278600449386
Chlorogenic Acid,6842.19983553457,-25.900417076825519
Chlorogenic Acid,6838.34290209773,6.6818870369404735
Chlorogenic Acid,6834.48596866088,15.695384581420749
Chlorogenic Acid,6830.62903522403,40.214191044971002
Chlorogenic Acid,6826.77210178718,51.602032664165868
Chlorogenic Acid,6822.91516835034,39.523170625479175
Chlorogenic Acid,6819.05823491349,42.844608045981182
Chlorogenic Acid,6815.20130147664,85.475788183559544
Chlorogenic Acid,6811.3443680398,101.18453160076893
Chlorogenic Acid,6807.48743460295,70.118694552337985
Chlorogenic Acid,6803.6305011661,39.892210344761416
Chlorogenic Acid,6799.77356772925,32.743173033337435
Chlorogenic Acid,6795.91663429241,24.190676548651492
Chlorogenic Acid,6792.05970085556,25.746124979956083
Chlorogenic Acid,6788.20276741871,22.915203193115989
Chlorogenic Acid,6784.34583398186,53.628193813282302
Chlorogenic Acid,6780.48890054502,64.040714280459042
Chlorogenic Acid,6776.63196710817,53.249595815608387
Chlorogenic Acid,6772.77503367132,82.483651075428526
Chlorogenic Acid,6768.91810023448,90.918865425559503
Chlorogenic Acid,6765.06116679763,70.644885314094623
Chlorogenic Acid,6761.20423336078,70.02931408424088
Chlorogenic Acid,6757.34729992393,68.51438145317023
Chlorogenic Acid,6753.49036648709,69.772310588479357
Chlorogenic Acid,6749.63343305024,71.579992887939468
Chlorogenic Acid,6745.77649961339,53.148996613479383
Chlorogenic Acid,6741.91956617654,52.632051410599125
Chlorogenic Acid,6738.0626327397,55.848617115349995
Chlorogenic Acid,6734.20569930285,56.437132170650685
Chlorogenic Acid,6730.348765866,56.904515313211959
Chlorogenic Acid,6726.49183242916,94.769227577035863
Chlorogenic Acid,6722.63489899231,100.48670278084316
Chlorogenic Acid,6718.77796555546,81.646859191480914
Chlorogenic Acid,6714.92103211861,61.477103400060642
Chlorogenic Acid,6711.06409868177,93.557752543373425
Chlorogenic Acid,6707.20716524492,92.477649243474559
Chlorogenic Acid,6703.35023180807,79.117993422344156
Chlorogenic Acid,6699.49329837122,74.391355555319521
Chlorogenic Acid,6695.63636493438,76.585395744531795
Chlorogenic Acid,6691.77943149753,123.25571191883084
Chlorogenic Acid,6687.92249806068,105.58349945964164
Chlorogenic Acid,6684.06556462384,40.864436331265289
Chlorogenic Acid,6680.20863118699,26.842931082145991
Chlorogenic Acid,6676.35169775014,44.804079167842424
Chlorogenic Acid,6672.49476431329,75.22286483200611
Chlorogenic Acid,6668.63783087645,94.755636209368092
Chlorogenic Acid,6664.7808974396,88.134830569777435
Chlorogenic Acid,6660.92396400275,66.030042087242421
Chlorogenic Acid,6657.0670305659,67.478411393977865
Chlorogenic Acid,6653.21009712906,88.270227065544645
Chlorogenic Acid,6649.35316369221,122.08972089055642
Chlorogenic Acid,6645.49623025536,103.19398775189806
Chlorogenic Acid,6641.63929681852,79.912236410850525
Chlorogenic Acid,6637.78236338167,76.978920946261596
Chlorogenic Acid,6633.92542994482,62.51196809222921
Chlorogenic Acid,6630.06849650797,88.253016562390229
Chlorogenic Acid,6626.21156307113,143.5790636432902
Chlorogenic Acid,6622.35462963428,139.94002764069219
Chlorogenic Acid,6618.49769619743,94.205492707543726
Chlorogenic Acid,6614.64076276058,115.68089181825607
Chlorogenic Acid,6610.78382932374,145.45901510970043
Chlorogenic Acid,6606.92689588689,158.38402981698854
Chlorogenic Acid,6603.06996245004,146.91224188961579
Chlorogenic Acid,6599.2130290132,113.67170613633778
Chlorogenic Acid,6595.35609557635,115.24276027473364
Chlorogenic Acid,6591.4991621395,106.633753427985
Chlorogenic Acid,6587.64222870265,102.76500950620664
Chlorogenic Acid,6583.78529526581,89.508299340297498
Chlorogenic Acid,6579.92836182896,120.28748769267054
Chlorogenic Acid,6576.07142839211,151.09830690939276
Chlorogenic Acid,6572.21449495526,89.658313748951798
Chlorogenic Acid,6568.35756151842,72.695701402372094
Chlorogenic Acid,6564.50062808157,71.507566686448911
Chlorogenic Acid,6560.64369464472,110.01684834925766
Chlorogenic Acid,6556.78676120788,99.534013547779551
Chlorogenic Acid,6552.92982777103,29.680687109497303
Chlorogenic Acid,6549.07289433418,39.437745437287667
Chlorogenic Acid,6545.21596089733,69.828681574877479
Chlorogenic Acid,6541.35902746049,75.023006011002408
Chlorogenic Acid,6537.50209402364,69.112677024391985
Chlorogenic Acid,6533.64516058679,51.918455379464298
Chlorogenic Acid,6529.78822714994,76.141477354977951
Chlorogenic Acid,6525.9312937131,81.140402457411952
Chlorogenic Acid,6522.07436027625,65.307289215534325
Chlorogenic Acid,6518.2174268394,26.33467394814091
Chlorogenic Acid,6514.36049340256,14.962624659593768
Chlorogenic Acid,6510.50355996571,21.023449533562818
Chlorogenic Acid,6506.64662652886,-3.7121727700726406
Chlorogenic Acid,6502.78969309201,-25.857701394294999
Chlorogenic Acid,6498.93275965517,-25.69019843249577
Chlorogenic Acid,6495.07582621832,-12.8053576818966
Chlorogenic Acid,6491.21889278147,-7.8062509473463804
Chlorogenic Acid,6487.36195934462,-26.205787667908993
Chlorogenic Acid,6483.50502590778,-68.943813182157484
Chlorogenic Acid,6479.64809247093,-83.429312339069497
Chlorogenic Acid,6475.79115903408,-40.300465998335618
Chlorogenic Acid,6471.93422559724,-8.3258031684798244
Chlorogenic Acid,6468.07729216039,-21.154853845702878
Chlorogenic Acid,6464.22035872354,-62.076064490296069
Chlorogenic Acid,6460.36342528669,-81.818695375592625
Chlorogenic Acid,6456.50649184985,-74.950028958261754
Chlorogenic Acid,6452.649558413,-80.622303746366669
Chlorogenic Acid,6448.79262497615,-75.792095538020234
Chlorogenic Acid,6444.9356915393,-46.855376064458618
Chlorogenic Acid,6441.07875810246,-40.386515708047867
Chlorogenic Acid,6437.22182466561,-52.348366709233616
Chlorogenic Acid,6433.36489122876,-70.873434503567537
Chlorogenic Acid,6429.50795779192,-86.040315640372214
Chlorogenic Acid,6425.65102435507,-98.840046173039553
Chlorogenic Acid,6421.79409091822,-94.834282470863684
Chlorogenic Acid,6417.93715748137,-73.817304829156626
Chlorogenic Acid,6414.08022404453,-79.153289921074489
Chlorogenic Acid,6410.22329060768,-79.856539527765506
Chlorogenic Acid,6406.36635717083,-74.033128751848324
Chlorogenic Acid,6402.50942373398,-87.012602416084732
Chlorogenic Acid,6398.65249029714,-101.85969249052464
Chlorogenic Acid,6394.79555686029,-122.88242747679126
Chlorogenic Acid,6390.93862342344,-113.15879755808047
Chlorogenic Acid,6387.08168998659,-115.35170590678391
Chlorogenic Acid,6383.22475654975,-125.1425091566761
Chlorogenic Acid,6379.3678231129,-132.62711803240114
Chlorogenic Acid,6375.51088967605,-131.46473685397851
Chlorogenic Acid,6371.6539562392,-132.16815118457134
Chlorogenic Acid,6367.79702280236,-97.273170353408062
Chlorogenic Acid,6363.94008936551,-118.11916331354576
Chlorogenic Acid,6360.08315592866,-116.55007558413132
Chlorogenic Acid,6356.22622249182,-93.155065935793175
Chlorogenic Acid,6352.36928905497,-116.05093133890109
Chlorogenic Acid,6348.51235561812,-159.79721172702554
Chlorogenic Acid,6344.65542218127,-168.24605453335715
Chlorogenic Acid,6340.79848874443,-166.14700792073552
Chlorogenic Acid,6336.94155530758,-154.39359102457834
Chlorogenic Acid,6333.08462187073,-187.93658921299135
Chlorogenic Acid,6329.22768843388,-215.00660105957601
Chlorogenic Acid,6325.37075499704,-199.04484011784905
Chlorogenic Acid,6321.51382156019,-184.00900152565296
Chlorogenic Acid,6317.65688812334,-165.12954848167584
Chlorogenic Acid,6313.7999546865,-168.25222916575962
Chlorogenic Acid,6309.94302124965,-162.07793972909192
Chlorogenic Acid,6306.0860878128,-153.70081812797747
Chlorogenic Acid,6302.22915437595,-174.80500927244125
Chlorogenic Acid,6298.37222093911,-162.9582580334224
Chlorogenic Acid,6294.51528750226,-142.96007966025124
Chlorogenic Acid,6290.65835406541,-154.7599720753131
Chlorogenic Acid,6286.80142062856,-166.78495276489991
Chlorogenic Acid,6282.94448719172,-165.72401535229739
Chlorogenic Acid,6279.08755375487,-152.02585720019317
Chlorogenic Acid,6275.23062031802,-120.93609664494632
Chlorogenic Acid,6271.37368688118,-111.4946516609113
Chlorogenic Acid,6267.51675344433,-123.26111942201008
Chlorogenic Acid,6263.65982000748,-146.84097239009833
Chlorogenic Acid,6259.80288657063,-109.64339148646957
Chlorogenic Acid,6255.94595313379,-124.61559388973808
Chlorogenic Acid,6252.08901969694,-140.6928269295116
Chlorogenic Acid,6248.23208626009,-110.68627641886178
Chlorogenic Acid,6244.37515282324,-92.00907697161162
Chlorogenic Acid,6240.5182193864,-120.05128445827272
Chlorogenic Acid,6236.66128594955,-100.45807867518818
Chlorogenic Acid,6232.8043525127,-107.24292656748806
Chlorogenic Acid,6228.94741907586,-109.79980388352462
Chlorogenic Acid,6225.09048563901,-107.02948649525685
Chlorogenic Acid,6221.23355220216,-112.60509830984135
Chlorogenic Acid,6217.37661876531,-79.505062295219133
Chlorogenic Acid,6213.51968532847,-33.328453848442543
Chlorogenic Acid,6209.66275189162,-14.408983672948041
Chlorogenic Acid,6205.80581845477,-0.95248741134332648
Chlorogenic Acid,6201.94888501792,-12.065951771448677
Chlorogenic Acid,6198.09195158108,-39.009148881565451
Chlorogenic Acid,6194.23501814423,-57.469910834731316
Chlorogenic Acid,6190.37808470738,-8.7244418185799777
Chlorogenic Acid,6186.52115127054,25.17263395616461
Chlorogenic Acid,6182.66421783369,49.301407042270846
Chlorogenic Acid,6178.80728439684,36.362779753201892
Chlorogenic Acid,6174.95035095999,62.863389061186211
Chlorogenic Acid,6171.09341752315,70.34921014500037
Chlorogenic Acid,6167.2364840863,24.63656842453857
Chlorogenic Acid,6163.37955064945,6.0647377865819925
Chlorogenic Acid,6159.5226172126,15.99075813965683
Chlorogenic Acid,6155.66568377576,8.0941126788704629
Chlorogenic Acid,6151.80875033891,17.472009007686722
Chlorogenic Acid,6147.95181690206,32.674268550446961
Chlorogenic Acid,6144.09488346522,41.96107456977181
Chlorogenic Acid,6140.23795002837,25.21006288962602
Chlorogenic Acid,6136.38101659152,65.943703446775729
Chlorogenic Acid,6132.52408315467,64.513899631645003
Chlorogenic Acid,6128.66714971783,12.044210250293888
Chlorogenic Acid,6124.81021628098,-10.22852498222356
Chlorogenic Acid,6120.95328284413,38.565654380050191
Chlorogenic Acid,6117.09634940728,24.484174417388743
Chlorogenic Acid,6113.23941597044,-1.6851077201057312
Chlorogenic Acid,6109.38248253359,21.154411333347699
Chlorogenic Acid,6105.52554909674,64.995750074408193
Chlorogenic Acid,6101.6686156599,61.490956852893845
Chlorogenic Acid,6097.81168222305,54.362594631683223
Chlorogenic Acid,6093.9547487862,82.237215851304271
Chlorogenic Acid,6090.09781534935,94.589336829354124
Chlorogenic Acid,6086.24088191251,124.7022460798425
Chlorogenic Acid,6082.38394847566,129.39206861144521
Chlorogenic Acid,6078.52701503881,127.09006872763855
Chlorogenic Acid,6074.67008160196,141.3016952552243
Chlorogenic Acid,6070.81314816512,99.300524629028331
Chlorogenic Acid,6066.95621472827,87.205704616892717
Chlorogenic Acid,6063.09928129142,125.70198357022713
Chlorogenic Acid,6059.24234785458,145.55991380915046
Chlorogenic Acid,6055.38541441773,142.22428406103768
Chlorogenic Acid,6051.52848098088,153.25148443379729
Chlorogenic Acid,6047.67154754403,154.17337426656923
Chlorogenic Acid,6043.81461410719,213.37851911898821
Chlorogenic Acid,6039.95768067034,219.19211958768048
Chlorogenic Acid,6036.10074723349,198.16522264472735
Chlorogenic Acid,6032.24381379664,166.15495121293236
Chlorogenic Acid,6028.3868803598,177.10396380692507
Chlorogenic Acid,6024.52994692295,254.38439900141469
Chlorogenic Acid,6020.6730134861,267.72025989467346
Chlorogenic Acid,6016.81608004926,226.42901609813146
Chlorogenic Acid,6012.95914661241,172.05412618217181
Chlorogenic Acid,6009.10221317556,135.81198837218957
Chlorogenic Acid,6005.24527973871,151.10417735923406
Chlorogenic Acid,6001.38834630187,156.21493505146833
Chlorogenic Acid,5997.53141286502,138.87384366816639
Chlorogenic Acid,5993.67447942817,157.18188957616297
Chlorogenic Acid,5989.81754599132,155.2828777257663
Chlorogenic Acid,5985.96061255448,165.57884903145242
Chlorogenic Acid,5982.10367911763,185.91233701535785
Chlorogenic Acid,5978.24674568078,174.83442775243162
Chlorogenic Acid,5974.38981224394,189.18779387818842
Chlorogenic Acid,5970.53287880709,193.87189655891024
Chlorogenic Acid,5966.67594537024,177.44447951867519
Chlorogenic Acid,5962.81901193339,115.51686073684417
Chlorogenic Acid,5958.96207849655,98.255574177002231
Chlorogenic Acid,5955.1051450597,100.76823790974431
Chlorogenic Acid,5951.24821162285,94.108036624618691
Chlorogenic Acid,5947.391278186,47.058142691630813
Chlorogenic Acid,5943.53434474916,21.023226557045948
Chlorogenic Acid,5939.67741131231,-3.3866215144997924
Chlorogenic Acid,5935.82047787546,-1.3775660349482461
Chlorogenic Acid,5931.96354443862,-12.21891880096822
Chlorogenic Acid,5928.10661100177,9.9613943179403091
Chlorogenic Acid,5924.24967756492,60.293538329784745
Chlorogenic Acid,5920.39274412807,97.189979255493597
Chlorogenic Acid,5916.53581069123,79.317103574181914
Chlorogenic Acid,5912.67887725438,82.098219239125683
Chlorogenic Acid,5908.82194381753,117.56126764710764
Chlorogenic Acid,5904.96501038068,130.13277227254798
Chlorogenic Acid,5901.10807694384,134.48589609603314
Chlorogenic Acid,5897.25114350699,89.130968419018643
Chlorogenic Acid,5893.39421007014,58.092952647799486
Chlorogenic Acid,5889.5372766333,27.644658683398418
Chlorogenic Acid,5885.68034319645,13.005500064308261
Chlorogenic Acid,5881.8234097596,10.746261466843247
Chlorogenic Acid,5877.96647632275,-16.366427147180712
Chlorogenic Acid,5874.10954288591,-30.211140064253573
Chlorogenic Acid,5870.25260944906,-3.2710717347815748
Chlorogenic Acid,5866.39567601221,25.985856539758181
Chlorogenic Acid,5862.53874257536,6.1452605426697309
Chlorogenic Acid,5858.68180913852,-9.0927002828220136
Chlorogenic Acid,5854.82487570167,8.2969861338384359
Chlorogenic Acid,5850.96794226482,1.3382495612919434
Chlorogenic Acid,5847.11100882798,1.4482523322044309
Chlorogenic Acid,5843.25407539113,41.352237127330405
Chlorogenic Acid,5839.39714195428,56.591687672209957
Chlorogenic Acid,5835.54020851743,34.600460069990795
Chlorogenic Acid,5831.68327508059,10.254905772430353
Chlorogenic Acid,5827.82634164374,-13.834656553125992
Chlorogenic Acid,5823.96940820689,-45.485016167195852
Chlorogenic Acid,5820.11247477004,-55.167795849074267
Chlorogenic Acid,5816.2555413332,-76.390229002195241
Chlorogenic Acid,5812.39860789635,-89.430485007741964
Chlorogenic Acid,5808.5416744595,-113.99927244749293
Chlorogenic Acid,5804.68474102266,-141.64845575657236
Chlorogenic Acid,5800.82780758581,-183.98273229314148
Chlorogenic Acid,5796.97087414896,-168.17530294250213
Chlorogenic Acid,5793.11394071211,-143.6445453259096
Chlorogenic Acid,5789.25700727527,-127.52607044556844
Chlorogenic Acid,5785.40007383842,-123.86270659173645
Chlorogenic Acid,5781.54314040157,-94.654116031516097
Chlorogenic Acid,5777.68620696472,12.287251744448398
Chlorogenic Acid,5773.82927352788,67.953651129093572
Chlorogenic Acid,5769.97234009103,47.836605606506531
Chlorogenic Acid,5766.11540665418,26.46397611395982
Chlorogenic Acid,5762.25847321733,23.692839768848241
Chlorogenic Acid,5758.40153978049,13.964379573375298
Chlorogenic Acid,5754.54460634364,4.2948314735145905
Chlorogenic Acid,5750.68767290679,3.7162275666499069
Chlorogenic Acid,5746.83073946995,13.37198908960513
Chlorogenic Acid,5742.9738060331,18.79697942773204
Chlorogenic Acid,5739.11687259625,15.204119301986534
Chlorogenic Acid,5735.2599391594,18.215898099719304
Chlorogenic Acid,5731.40300572256,8.7740474463760449
Chlorogenic Acid,5727.54607228571,-38.139334508197074
Chlorogenic Acid,5723.68913884886,-79.920712045548257
Chlorogenic Acid,5719.83220541201,-106.97923244069123
Chlorogenic Acid,5715.97527197517,-123.14499991004975
Chlorogenic Acid,5712.11833853832,-106.00139224789262
Chlorogenic Acid,5708.26140510147,-99.160293129338072
Chlorogenic Acid,5704.40447166463,-69.815597313184043
Chlorogenic Acid,5700.54753822778,-106.08106080117919
Chlorogenic Acid,5696.69060479093,-105.11459125109131
Chlorogenic Acid,5692.83367135408,-99.006985013046815
Chlorogenic Acid,5688.97673791724,-58.052656019330911
Chlorogenic Acid,5685.11980448039,-5.3305165734177686
Chlorogenic Acid,5681.26287104354,33.282241648399641
Chlorogenic Acid,5677.40593760669,28.367733513791535
Chlorogenic Acid,5673.54900416985,59.095172404175393
Chlorogenic Acid,5669.692070733,77.317636835068697
Chlorogenic Acid,5665.83513729615,104.30199208991395
Chlorogenic Acid,5661.97820385931,101.36061322532103
Chlorogenic Acid,5658.12127042246,85.694126143543073
Chlorogenic Acid,5654.26433698561,84.887218686752462
Chlorogenic Acid,5650.40740354876,83.454691530147187
Chlorogenic Acid,5646.55047011192,67.937385177721126
Chlorogenic Acid,5642.69353667507,49.369260109177226
Chlorogenic Acid,5638.83660323822,17.840255049130135
Chlorogenic Acid,5634.97966980137,17.466258314538987
Chlorogenic Acid,5631.12273636453,32.649761712273886
Chlorogenic Acid,5627.26580292768,28.000410870085759
Chlorogenic Acid,5623.40886949083,-0.40916503087710054
Chlorogenic Acid,5619.55193605399,-26.914247480255035
Chlorogenic Acid,5615.69500261714,-18.160202932676487
Chlorogenic Acid,5611.83806918029,16.210960118464183
Chlorogenic Acid,5607.98113574344,-9.3441719922492474
Chlorogenic Acid,5604.1242023066,-32.079896936272718
Chlorogenic Acid,5600.26726886975,-29.942144391377131
Chlorogenic Acid,5596.4103354329,17.604918405847148
Chlorogenic Acid,5592.55340199605,1.6290844079232345
Chlorogenic Acid,5588.69646855921,-0.68111123041357469
Chlorogenic Acid,5584.83953512236,-10.367122482377384
Chlorogenic Acid,5580.98260168551,-30.100104712355069
Chlorogenic Acid,5577.12566824867,-56.863810646757202
Chlorogenic Acid,5573.26873481182,-51.365034846666923
Chlorogenic Acid,5569.41180137497,-16.860067513841571
Chlorogenic Acid,5565.55486793812,66.555517023088896
Chlorogenic Acid,5561.69793450128,87.313830906043378
Chlorogenic Acid,5557.84100106443,22.285469062814329
Chlorogenic Acid,5553.98406762758,-16.081793272764756
Chlorogenic Acid,5550.12713419073,27.420382602195218
Chlorogenic Acid,5546.27020075389,5.1145166467373695
Chlorogenic Acid,5542.41326731704,-66.893267662986077
Chlorogenic Acid,5538.55633388019,-25.458433420276901
Chlorogenic Acid,5534.69940044334,69.722461502039465
Chlorogenic Acid,5530.8424670065,49.219648554070488
Chlorogenic Acid,5526.98553356965,23.392220925838579
Chlorogenic Acid,5523.1286001328,-40.138362283063564
Chlorogenic Acid,5519.27166669596,-10.842671500977733
Chlorogenic Acid,5515.41473325911,41.500023925275208
Chlorogenic Acid,5511.55779982226,19.7105293641903
Chlorogenic Acid,5507.70086638541,-33.650006879072194
Chlorogenic Acid,5503.84393294857,3.2709925221510869
Chlorogenic Acid,5499.98699951172,19.96148421445778
Chlorogenic Acid,5496.13006607487,5.5209361070360687
Chlorogenic Acid,5492.27313263802,-38.566071105158748
Chlorogenic Acid,5488.41619920118,-16.045534719715558
Chlorogenic Acid,5484.55926576433,-26.8618849792087
Chlorogenic Acid,5480.70233232748,-80.031209225472423
Chlorogenic Acid,5476.84539889064,-23.474773034797579
Chlorogenic Acid,5472.98846545379,40.433315388427353
Chlorogenic Acid,5469.13153201694,34.93455132370282
Chlorogenic Acid,5465.27459858009,46.96058289112564
Chlorogenic Acid,5461.41766514325,69.538218601431041
Chlorogenic Acid,5457.5607317064,152.5480405809661
Chlorogenic Acid,5453.70379826955,135.93316287663188
Chlorogenic Acid,5449.8468648327,69.111485068792319
Chlorogenic Acid,5445.98993139586,30.647399754472985
Chlorogenic Acid,5442.13299795901,119.17187938556715
Chlorogenic Acid,5438.27606452216,165.62834197745545
Chlorogenic Acid,5434.41913108532,121.41874787188259
Chlorogenic Acid,5430.56219764847,24.891508658114052
Chlorogenic Acid,5426.70526421162,55.921873163849114
Chlorogenic Acid,5422.84833077477,4.4898587006318493
Chlorogenic Acid,5418.99139733793,-15.866649038582961
Chlorogenic Acid,5415.13446390108,19.144054379695799
Chlorogenic Acid,5411.27753046423,10.95049731247178
Chlorogenic Acid,5407.42059702738,-71.44391141262291
Chlorogenic Acid,5403.56366359054,-111.57675329102815
Chlorogenic Acid,5399.70673015369,-58.356391402231715
Chlorogenic Acid,5395.84979671684,8.1973105644263544
Chlorogenic Acid,5391.99286328,-165.05802094455589
Chlorogenic Acid,5388.13592984315,-243.96900494832309
Chlorogenic Acid,5384.2789964063,-170.66451950711016
Chlorogenic Acid,5380.42206296945,-71.035340615649915
Chlorogenic Acid,5376.56512953261,-47.676680008969797
Chlorogenic Acid,5372.70819609576,-187.83435937909678
Chlorogenic Acid,5368.85126265891,-286.56291576981135
Chlorogenic Acid,5364.99432922206,-184.17797386756513
Chlorogenic Acid,5361.13739578522,-125.29599069784841
Chlorogenic Acid,5357.28046234837,-128.64953898888487
Chlorogenic Acid,5353.42352891152,-114.82810913758645
Chlorogenic Acid,5349.56659547468,-71.516998400973122
Chlorogenic Acid,5345.70966203783,-30.148109133031941
Chlorogenic Acid,5341.85272860098,-100.16824786597526
Chlorogenic Acid,5337.99579516413,-114.01068440469888
Chlorogenic Acid,5334.13886172729,-87.669631929481909
Chlorogenic Acid,5330.28192829044,-181.67581381806011
Chlorogenic Acid,5326.42499485359,-216.82754636906489
Chlorogenic Acid,5322.56806141674,-225.49328108852103
Chlorogenic Acid,5318.7111279799,-134.06388052188919
Chlorogenic Acid,5314.85419454305,-69.338935560024225
Chlorogenic Acid,5310.9972611062,-32.959429616106036
Chlorogenic Acid,5307.14032766935,-46.414955794412187
Chlorogenic Acid,5303.28339423251,-97.548374431999193
Chlorogenic Acid,5299.42646079566,-104.53374298712123
Chlorogenic Acid,5295.56952735881,-70.525122091041496
Chlorogenic Acid,5291.71259392197,-45.192146516679344
Chlorogenic Acid,5287.85566048512,-32.658780235633621
Chlorogenic Acid,5283.99872704827,-71.011466085371936
Chlorogenic Acid,5280.14179361142,-38.983760121944684
Chlorogenic Acid,5276.28486017458,29.022440447561838
Chlorogenic Acid,5272.42792673773,66.94006959410288
Chlorogenic Acid,5268.57099330088,74.376370708421533
Chlorogenic Acid,5264.71405986403,48.524034416630222
Chlorogenic Acid,5260.85712642719,6.6746135232614225
Chlorogenic Acid,5257.00019299034,42.941928089974084
Chlorogenic Acid,5253.14325955349,72.714018001803638
Chlorogenic Acid,5249.28632611665,107.07128741945984
Chlorogenic Acid,5245.4293926798,79.719779919410939
Chlorogenic Acid,5241.57245924295,36.039495705048701
Chlorogenic Acid,5237.7155258061,41.45602634063814
Chlorogenic Acid,5233.85859236926,73.686156827641383
Chlorogenic Acid,5230.00165893241,109.34448466754928
Chlorogenic Acid,5226.14472549556,89.02218186198202
Chlorogenic Acid,5222.28779205871,42.784850284028238
Chlorogenic Acid,5218.43085862187,58.309946078925663
Chlorogenic Acid,5214.57392518502,94.895788072991436
Chlorogenic Acid,5210.71699174817,120.58723513815585
Chlorogenic Acid,5206.86005831133,89.543358408313296
Chlorogenic Acid,5203.00312487448,34.406176440776875
Chlorogenic Acid,5199.14619143763,48.699344589003367
Chlorogenic Acid,5195.28925800078,61.068499063285778
Chlorogenic Acid,5191.43232456394,52.614495271555086
Chlorogenic Acid,5187.57539112709,43.706548212747194
Chlorogenic Acid,5183.71845769024,22.092381198854955
Chlorogenic Acid,5179.86152425339,2.0819413929497035
Chlorogenic Acid,5176.00459081655,-2.6283793788371663
Chlorogenic Acid,5172.1476573797,-4.9188944728485104
Chlorogenic Acid,5168.29072394285,-1.1710669436722116
Chlorogenic Acid,5164.43379050601,-28.155240602022587
Chlorogenic Acid,5160.57685706916,-36.826095119996324
Chlorogenic Acid,5156.71992363231,-28.293748633396735
Chlorogenic Acid,5152.86299019546,-35.815552872471152
Chlorogenic Acid,5149.00605675862,-46.161189589775901
Chlorogenic Acid,5145.14912332177,-49.059746622270524
Chlorogenic Acid,5141.29218988492,-47.384442639452693
Chlorogenic Acid,5137.43525644807,-41.699138717740453
Chlorogenic Acid,5133.57832301123,-49.240085506813244
Chlorogenic Acid,5129.72138957438,-39.673618980659803
Chlorogenic Acid,5125.86445613753,-38.665808806765618
Chlorogenic Acid,5122.00752270069,-37.159977760744994
Chlorogenic Acid,5118.15058926384,-38.054264725348325
Chlorogenic Acid,5114.29365582699,-30.631861617963612
Chlorogenic Acid,5110.43672239014,-38.334368000303407
Chlorogenic Acid,5106.5797889533,-37.772834212062023
Chlorogenic Acid,5102.72285551645,-26.373651400359105
Chlorogenic Acid,5098.8659220796,-21.368485810011038
Chlorogenic Acid,5095.00898864275,-24.836900318229475
Chlorogenic Acid,5091.15205520591,-12.560102160667299
Chlorogenic Acid,5087.29512176906,-25.778629597081618
Chlorogenic Acid,5083.43818833221,-31.943514060728834
Chlorogenic Acid,5079.58125489536,-22.936119539709612
Chlorogenic Acid,5075.72432145852,-17.096999102872317
Chlorogenic Acid,5071.86738802167,-39.554547201529864
Chlorogenic Acid,5068.01045458482,-53.171669293422795
Chlorogenic Acid,5064.15352114798,-48.009095352700115
Chlorogenic Acid,5060.29658771113,-57.476701192783523
Chlorogenic Acid,5056.43965427428,-62.243092649622916
Chlorogenic Acid,5052.58272083743,-43.71113405549864
Chlorogenic Acid,5048.72578740059,-39.252293788043879
Chlorogenic Acid,5044.86885396374,-43.490992524106318
Chlorogenic Acid,5041.01192052689,-57.221352654358313
Chlorogenic Acid,5037.15498709004,-49.476662828278506
Chlorogenic Acid,5033.2980536532,-49.852598742891985
Chlorogenic Acid,5029.44112021635,-48.187854389422192
Chlorogenic Acid,5025.5841867795,-45.224093263774719
Chlorogenic Acid,5021.72725334266,-29.815997602941351
Chlorogenic Acid,5017.87031990581,-26.001537221787192
Chlorogenic Acid,5014.01338646896,-6.8158299036970877
Chlorogenic Acid,5010.15645303211,3.5317635969142041
Chlorogenic Acid,5006.29951959527,12.178900966855483
Chlorogenic Acid,5002.44258615842,24.164936735710704
Chlorogenic Acid,4998.58565272157,44.785363990076121
Chlorogenic Acid,4994.72871928472,49.145782624799445
Chlorogenic Acid,4990.87178584788,62.236221383268386
Chlorogenic Acid,4987.01485241103,57.398169052900577
Chlorogenic Acid,4983.15791897418,63.75302196585686
Chlorogenic Acid,4979.30098553734,58.320758061159175
Chlorogenic Acid,4975.44405210049,64.00129347033868
Chlorogenic Acid,4971.58711866364,55.587808412971825
Chlorogenic Acid,4967.73018522679,71.057848070338252
Chlorogenic Acid,4963.87325178995,54.28067769146184
Chlorogenic Acid,4960.0163183531,34.089270664253519
Chlorogenic Acid,4956.15938491625,33.417666527473109
Chlorogenic Acid,4952.3024514794,40.592676029618417
Chlorogenic Acid,4948.44551804256,25.806270213681991
Chlorogenic Acid,4944.58858460571,31.975928014708881
Chlorogenic Acid,4940.73165116886,16.002353980234112
Chlorogenic Acid,4936.87471773202,3.233805089496173
Chlorogenic Acid,4933.01778429517,0.43786168880104898
Chlorogenic Acid,4929.16085085832,12.454417518704147
Chlorogenic Acid,4925.30391742147,-2.0305924572294805
Chlorogenic Acid,4921.44698398463,-10.65266630615714
Chlorogenic Acid,4917.59005054778,-27.646952631992097
Chlorogenic Acid,4913.73311711093,-24.494400450205379
Chlorogenic Acid,4909.87618367408,-20.541059678580464
Chlorogenic Acid,4906.01925023724,-3.5280434786710324
Chlorogenic Acid,4902.16231680039,-2.3775782256182674
Chlorogenic Acid,4898.30538336354,-13.855933906745753
Chlorogenic Acid,4894.4484499267,-24.904622474971283
Chlorogenic Acid,4890.59151648985,-18.187519944516453
Chlorogenic Acid,4886.734583053,-15.184624208137462
Chlorogenic Acid,4882.87764961615,-2.8972021269305643
Chlorogenic Acid,4879.02071617931,-10.196077794151998
Chlorogenic Acid,4875.16378274246,-0.068476964103537125
Chlorogenic Acid,4871.30684930561,-15.504522398154828
Chlorogenic Acid,4867.44991586876,-26.209909719370593
Chlorogenic Acid,4863.59298243192,-29.353390204447244
Chlorogenic Acid,4859.73604899507,-7.3600378792324124
Chlorogenic Acid,4855.87911555822,-5.2181430372657243
Chlorogenic Acid,4852.02218212137,-2.0501837935771294
Chlorogenic Acid,4848.16524868453,6.4916491959474376
Chlorogenic Acid,4844.30831524768,25.227365406165898
Chlorogenic Acid,4840.45138181083,22.811588436238498
Chlorogenic Acid,4836.59444837399,24.081168420058496
Chlorogenic Acid,4832.73751493714,28.555499351448361
Chlorogenic Acid,4828.88058150029,47.035481817791393
Chlorogenic Acid,4825.02364806344,41.236203491065169
Chlorogenic Acid,4821.1667146266,36.940684309918133
Chlorogenic Acid,4817.30978118975,35.499384240568176
Chlorogenic Acid,4813.4528477529,49.778307787313793
Chlorogenic Acid,4809.59591431605,43.75392739991571
Chlorogenic Acid,4805.73898087921,43.662562953474854
Chlorogenic Acid,4801.88204744236,32.505479028750649
Chlorogenic Acid,4798.02511400551,30.900633635977385
Chlorogenic Acid,4794.16818056867,18.340260254558842
Chlorogenic Acid,4790.31124713182,18.724170352737335
Chlorogenic Acid,4786.45431369497,11.310468975102545
Chlorogenic Acid,4782.59738025812,9.2902230152789844
Chlorogenic Acid,4778.74044682128,-2.7184377135685458
Chlorogenic Acid,4774.88351338443,-4.035954032659034
Chlorogenic Acid,4771.02657994758,-13.897209611516997
Chlorogenic Acid,4767.16964651073,-17.225600921979893
Chlorogenic Acid,4763.31271307389,-22.863243093256958
Chlorogenic Acid,4759.45577963704,-19.866307278581328
Chlorogenic Acid,4755.59884620019,-7.4034152863467018
Chlorogenic Acid,4751.74191276335,9.6614240968338905
Chlorogenic Acid,4747.8849793265,0.36922269668861774
Chlorogenic Acid,4744.02804588965,-25.605340913855578
Chlorogenic Acid,4740.1711124528,-42.378628908311349
Chlorogenic Acid,4736.31417901596,-35.290275193758902
Chlorogenic Acid,4732.45724557911,-28.069225957010712
Chlorogenic Acid,4728.60031214226,-24.048030610392832
Chlorogenic Acid,4724.74337870541,-39.07122509643925
Chlorogenic Acid,4720.88644526857,-42.193854967537995
Chlorogenic Acid,4717.02951183172,-35.524438440899495
Chlorogenic Acid,4713.17257839487,-23.136673699942136
Chlorogenic Acid,4709.31564495803,-19.306281132564372
Chlorogenic Acid,4705.45871152118,-16.478444059493771
Chlorogenic Acid,4701.60177808433,-15.576314780669152
Chlorogenic Acid,4697.74484464748,-3.5572260182221673
Chlorogenic Acid,4693.88791121064,-2.9414763005293847
Chlorogenic Acid,4690.03097777379,10.38343449163227
Chlorogenic Acid,4686.17404433694,11.946656198751789
Chlorogenic Acid,4682.31711090009,2.1314068333455891
Chlorogenic Acid,4678.46017746325,-9.1435682655032284
Chlorogenic Acid,4674.6032440264,-7.6833499559140659
Chlorogenic Acid,4670.74631058955,-26.245116964281898
Chlorogenic Acid,4666.88937715271,-34.319779507142023
Chlorogenic Acid,4663.03244371586,-40.564241897016132
Chlorogenic Acid,4659.17551027901,-20.345388388989434
Chlorogenic Acid,4655.31857684216,-38.051298862909718
Chlorogenic Acid,4651.46164340532,-38.700876986375093
Chlorogenic Acid,4647.60470996847,-28.716249335039539
Chlorogenic Acid,4643.74777653162,5.4167976536486018
Chlorogenic Acid,4639.89084309477,29.817317926162929
Chlorogenic Acid,4636.03390965793,33.921193955733983
Chlorogenic Acid,4632.17697622108,-0.31696754640445912
Chlorogenic Acid,4628.32004278423,-8.928465023105904
Chlorogenic Acid,4624.46310934739,-2.7479606788962698
Chlorogenic Acid,4620.60617591054,4.870820948358686
Chlorogenic Acid,4616.74924247369,-15.465389616908528
Chlorogenic Acid,4612.89230903684,-3.1069590886433396
Chlorogenic Acid,4609.0353756,6.2219234202666733
Chlorogenic Acid,4605.17844216315,12.363576793655994
Chlorogenic Acid,4601.3215087263,1.8281631311951685
Chlorogenic Acid,4597.46457528945,-11.210130864668455
Chlorogenic Acid,4593.60764185261,-9.0498284298859968
Chlorogenic Acid,4589.75070841576,5.5165213837399687
Chlorogenic Acid,4585.89377497891,0.70936899085684402
Chlorogenic Acid,4582.03684154207,-11.22317676276494
Chlorogenic Acid,4578.17990810522,-13.110324955555624
Chlorogenic Acid,4574.32297466837,-3.087441738912966
Chlorogenic Acid,4570.46604123152,3.9582540294098809
Chlorogenic Acid,4566.60910779468,-2.2528729709006297
Chlorogenic Acid,4562.75217435783,-11.484475869673721
Chlorogenic Acid,4558.89524092098,14.583875819167073
Chlorogenic Acid,4555.03830748413,28.398480266674724
Chlorogenic Acid,4551.18137404729,26.865247509607599
Chlorogenic Acid,4547.32444061044,4.2737538473413688
Chlorogenic Acid,4543.46750717359,6.5268675568764971
Chlorogenic Acid,4539.61057373675,3.9630516583349085
Chlorogenic Acid,4535.7536402999,22.166879157170321
Chlorogenic Acid,4531.89670686305,33.643409703781884
Chlorogenic Acid,4528.0397734262,16.423535086165113
Chlorogenic Acid,4524.18283998936,9.8915845595840537
Chlorogenic Acid,4520.32590655251,49.107963067868759
Chlorogenic Acid,4516.46897311566,63.149563943916846
Chlorogenic Acid,4512.61203967881,90.729904503080505
Chlorogenic Acid,4508.75510624197,99.103053380087331
Chlorogenic Acid,4504.89817280512,95.259185326269673
Chlorogenic Acid,4501.04123936827,87.742874457325428
Chlorogenic Acid,4497.18430593143,104.64358488056646
Chlorogenic Acid,4493.32737249458,110.78499912014274
Chlorogenic Acid,4489.47043905773,124.37033073305984
Chlorogenic Acid,4485.61350562088,98.751510831287263
Chlorogenic Acid,4481.75657218404,61.822919376590384
Chlorogenic Acid,4477.89963874719,35.055405761001595
Chlorogenic Acid,4474.04270531034,57.247894089499567
Chlorogenic Acid,4470.18577187349,53.706774435144368
Chlorogenic Acid,4466.32883843665,62.102884496438698
Chlorogenic Acid,4462.4719049998,44.603215949713615
Chlorogenic Acid,4458.61497156295,9.3227841813551073
Chlorogenic Acid,4454.75803812611,-30.100452421189555
Chlorogenic Acid,4450.90110468926,-51.075664162239093
Chlorogenic Acid,4447.04417125241,-109.78532636469019
Chlorogenic Acid,4443.18723781556,-162.20796121111857
Chlorogenic Acid,4439.33030437872,-208.155412724955
Chlorogenic Acid,4435.47337094187,-257.90908003508082
Chlorogenic Acid,4431.61643750502,-285.32051260659767
Chlorogenic Acid,4427.75950406817,-254.20831164844674
Chlorogenic Acid,4423.90257063133,-222.19150517836647
Chlorogenic Acid,4420.04563719448,-192.62393851451088
Chlorogenic Acid,4416.18870375763,-170.8589423770415
Chlorogenic Acid,4412.33177032078,-125.61493441418882
Chlorogenic Acid,4408.47483688394,-100.08704977886319
Chlorogenic Acid,4404.61790344709,-47.043032180407977
Chlorogenic Acid,4400.76097001024,-11.860235241192367
Chlorogenic Acid,4396.9040365734,9.6479396922524572
Chlorogenic Acid,4393.04710313655,6.9380892112053321
Chlorogenic Acid,4389.1901696997,9.4558388097717749
Chlorogenic Acid,4385.33323626285,-11.027559690677093
Chlorogenic Acid,4381.47630282601,-15.789862613483701
Chlorogenic Acid,4377.61936938916,-23.875425383264904
Chlorogenic Acid,4373.76243595231,-16.914301686374927
Chlorogenic Acid,4369.90550251546,-21.331067368238177
Chlorogenic Acid,4366.04856907862,-14.444759469252675
Chlorogenic Acid,4362.19163564177,-1.4863692386940273
Chlorogenic Acid,4358.33470220492,50.303327971435117
Chlorogenic Acid,4354.47776876808,73.73926373885341
Chlorogenic Acid,4350.62083533123,96.507660598237109
Chlorogenic Acid,4346.76390189438,129.25129171291957
Chlorogenic Acid,4342.90696845753,177.38411238318028
Chlorogenic Acid,4339.05003502069,191.58849835810304
Chlorogenic Acid,4335.19310158384,203.04949548040753
Chlorogenic Acid,4331.33616814699,233.04420362924068
Chlorogenic Acid,4327.47923471014,252.72264965979613
Chlorogenic Acid,4323.6223012733,263.9858164992142
Chlorogenic Acid,4319.76536783645,271.33353100164175
Chlorogenic Acid,4315.9084343996,186.08733692108129
Chlorogenic Acid,4312.05150096276,109.63718385115912
Chlorogenic Acid,4308.19456752591,68.214637417069142
Chlorogenic Acid,4304.33763408906,49.747577564022038
Chlorogenic Acid,4300.48070065221,36.611237798758708
Chlorogenic Acid,4296.62376721537,42.378777675786623
Chlorogenic Acid,4292.76683377852,19.389384372827912
Chlorogenic Acid,4288.90990034167,-0.25333064300397223
Chlorogenic Acid,4285.05296690482,-28.81967115848666
Chlorogenic Acid,4281.19603346798,-23.354786648254592
Chlorogenic Acid,4277.33910003113,-26.526511168637782
Chlorogenic Acid,4273.48216659428,-27.124336287080162
Chlorogenic Acid,4269.62523315744,-43.24780025080134
Chlorogenic Acid,4265.76829972059,-50.266541845913174
Chlorogenic Acid,4261.91136628374,-61.14484824425724
Chlorogenic Acid,4258.05443284689,-69.708579473180208
Chlorogenic Acid,4254.19749941005,-87.192225067612299
Chlorogenic Acid,4250.3405659732,-78.807917597809762
Chlorogenic Acid,4246.48363253635,-107.24530533497501
Chlorogenic Acid,4242.6266990995,-133.69060816675139
Chlorogenic Acid,4238.76976566266,-142.29923592999108
Chlorogenic Acid,4234.91283222581,-104.46952520359721
Chlorogenic Acid,4231.05589878896,-73.709023432777386
Chlorogenic Acid,4227.19896535212,-40.885361493513841
Chlorogenic Acid,4223.34203191527,-48.833177499982142
Chlorogenic Acid,4219.48509847842,-52.501989884413668
Chlorogenic Acid,4215.62816504157,-72.577130418265853
Chlorogenic Acid,4211.77123160473,-72.780256250161145
Chlorogenic Acid,4207.91429816788,-76.493297319392241
Chlorogenic Acid,4204.05736473103,-70.6695616451684
Chlorogenic Acid,4200.20043129418,-69.249529074512537
Chlorogenic Acid,4196.34349785734,-38.714934485806495
Chlorogenic Acid,4192.48656442049,-23.452633389815535
Chlorogenic Acid,4188.62963098364,14.965592105476306
Chlorogenic Acid,4184.7726975468,50.895370365368031
Chlorogenic Acid,4180.91576410995,72.4424424962789
Chlorogenic Acid,4177.0588306731,75.478738789321369
Chlorogenic Acid,4173.20189723625,97.183655441162358
Chlorogenic Acid,4169.34496379941,115.88808080469573
Chlorogenic Acid,4165.48803036256,130.57114474374114
Chlorogenic Acid,4161.63109692571,109.15631570714704
Chlorogenic Acid,4157.77416348886,84.826325279474688
Chlorogenic Acid,4153.91723005202,52.639774894806372
Chlorogenic Acid,4150.06029661517,49.172849326338074
Chlorogenic Acid,4146.20336317832,27.529461601679376
Chlorogenic Acid,4142.34642974148,6.3140884981036542
Chlorogenic Acid,4138.48949630463,-24.894724663631205
Chlorogenic Acid,4134.63256286778,-50.1990122254307
Chlorogenic Acid,4130.77562943093,-61.869392811113258
Chlorogenic Acid,4126.91869599409,-32.681507720654729
Chlorogenic Acid,4123.06176255724,-34.969604792180363
Chlorogenic Acid,4119.20482912039,-30.753744734623186
Chlorogenic Acid,4115.34789568354,-28.509389424628917
Chlorogenic Acid,4111.4909622467,-24.986818161982196
Chlorogenic Acid,4107.63402880985,-16.221149380133042
Chlorogenic Acid,4103.777095373,-24.480233584739032
Chlorogenic Acid,4099.92016193616,-41.245849663434683
Chlorogenic Acid,4096.06322849931,-52.662689235351777
Chlorogenic Acid,4092.20629506246,-83.683195058961473
Chlorogenic Acid,4088.34936162561,-97.163320525302098
Chlorogenic Acid,4084.49242818877,-123.51345811214804
Chlorogenic Acid,4080.63549475192,-111.59483636843744
Chlorogenic Acid,4076.77856131507,-94.235566140754315
Chlorogenic Acid,4072.92162787822,-100.61247242390553
Chlorogenic Acid,4069.06469444138,-115.20215364303294
Chlorogenic Acid,4065.20776100453,-81.581463572416993
Chlorogenic Acid,4061.35082756768,-38.739621927668495
Chlorogenic Acid,4057.49389413083,-10.158415007377148
Chlorogenic Acid,4053.63696069399,-9.3160607623601592
Chlorogenic Acid,4049.78002725714,-5.1735096868295916
Chlorogenic Acid,4045.92309382029,-6.5872438325926117
Chlorogenic Acid,4042.06616038345,5.701856731339686
Chlorogenic Acid,4038.2092269466,5.2864964402716765
Chlorogenic Acid,4034.35229350975,19.102366544127886
Chlorogenic Acid,4030.4953600729,24.832551926552171
Chlorogenic Acid,4026.63842663606,49.067324119692543
Chlorogenic Acid,4022.78149319921,56.201440016269714
Chlorogenic Acid,4018.92455976236,53.499597109791893
Chlorogenic Acid,4015.06762632551,60.975616183948269
Chlorogenic Acid,4011.21069288867,87.99978606903305
Chlorogenic Acid,4007.35375945182,95.761111420419809
Chlorogenic Acid,4003.49682601497,101.21939379543541
Chlorogenic Acid,3999.63989257813,109.78203449522354
Cryptochlorogenic Acid,10001.0283203125,-57.656172508483813
Cryptochlorogenic Acid,9997.17138687565,-37.101498259245119
Cryptochlorogenic Acid,9993.31445343881,-28.447407824262822
Cryptochlorogenic Acid,9989.45752000196,-28.897293532906378
Cryptochlorogenic Acid,9985.60058656511,-25.820182702128836
Cryptochlorogenic Acid,9981.74365312826,-10.435905225229549
Cryptochlorogenic Acid,9977.88671969142,5.626375768598626
Cryptochlorogenic Acid,9974.02978625457,8.9049354641749705
Cryptochlorogenic Acid,9970.17285281772,-9.0266264700553958
Cryptochlorogenic Acid,9966.31591938088,18.789771202546493
Cryptochlorogenic Acid,9962.45898594403,50.949214259816529
Cryptochlorogenic Acid,9958.60205250718,26.072328846887004
Cryptochlorogenic Acid,9954.74511907033,18.364297257809923
Cryptochlorogenic Acid,9950.88818563349,14.043533892793414
Cryptochlorogenic Acid,9947.03125219664,-1.8287497553454413
Cryptochlorogenic Acid,9943.17431875979,-11.635564901119515
Cryptochlorogenic Acid,9939.31738532294,-33.78644504106628
Cryptochlorogenic Acid,9935.4604518861,-1.573664796713971
Cryptochlorogenic Acid,9931.60351844925,40.052479084915632
Cryptochlorogenic Acid,9927.7465850124,27.741627657393508
Cryptochlorogenic Acid,9923.88965157556,-20.632082233246983
Cryptochlorogenic Acid,9920.03271813871,-22.548107817238936
Cryptochlorogenic Acid,9916.17578470186,-17.113188059811101
Cryptochlorogenic Acid,9912.31885126501,-28.535751203993829
Cryptochlorogenic Acid,9908.46191782817,-28.7655165401227
Cryptochlorogenic Acid,9904.60498439132,-26.836462129671578
Cryptochlorogenic Acid,9900.74805095447,-18.288059583297606
Cryptochlorogenic Acid,9896.89111751762,-38.513264570552273
Cryptochlorogenic Acid,9893.03418408078,-25.782742401364452
Cryptochlorogenic Acid,9889.17725064393,-1.4577817876188539
Cryptochlorogenic Acid,9885.32031720708,21.776934378100236
Cryptochlorogenic Acid,9881.46338377024,3.1391491979263373
Cryptochlorogenic Acid,9877.60645033339,-41.853611493419891
Cryptochlorogenic Acid,9873.74951689654,-20.707252675902662
Cryptochlorogenic Acid,9869.89258345969,4.1657324072797097
Cryptochlorogenic Acid,9866.03565002284,28.190205197037734
Cryptochlorogenic Acid,9862.178716586,23.437420208205786
Cryptochlorogenic Acid,9858.32178314915,-9.3194228115905364
Cryptochlorogenic Acid,9854.4648497123,-19.789577245186077
Cryptochlorogenic Acid,9850.60791627546,-30.321733844703282
Cryptochlorogenic Acid,9846.75098283861,-21.850849204140889
Cryptochlorogenic Acid,9842.89404940176,29.587763222930842
Cryptochlorogenic Acid,9839.03711596492,12.961341789405342
Cryptochlorogenic Acid,9835.18018252807,-32.304720078276269
Cryptochlorogenic Acid,9831.32324909122,-6.7810867061687086
Cryptochlorogenic Acid,9827.46631565437,25.680280476511793
Cryptochlorogenic Acid,9823.60938221752,-16.510150189518278
Cryptochlorogenic Acid,9819.75244878068,-13.978902387744004
Cryptochlorogenic Acid,9815.89551534383,-17.342670673067101
Cryptochlorogenic Acid,9812.03858190698,-31.470530243910634
Cryptochlorogenic Acid,9808.18164847014,-2.0776259070451979
Cryptochlorogenic Acid,9804.32471503329,23.158753071511562
Cryptochlorogenic Acid,9800.46778159644,21.111801621386881
Cryptochlorogenic Acid,9796.6108481596,-2.8944828266872804
Cryptochlorogenic Acid,9792.75391472275,-4.8594965401452983
Cryptochlorogenic Acid,9788.8969812859,8.6067436683861143
Cryptochlorogenic Acid,9785.04004784905,43.781256959041762
Cryptochlorogenic Acid,9781.1831144122,51.070665630444608
Cryptochlorogenic Acid,9777.32618097536,51.069603009666999
Cryptochlorogenic Acid,9773.46924753851,58.344245723770335
Cryptochlorogenic Acid,9769.61231410166,48.836107761531537
Cryptochlorogenic Acid,9765.75538066482,36.021004819579325
Cryptochlorogenic Acid,9761.89844722797,11.82752598926999
Cryptochlorogenic Acid,9758.04151379112,-14.17473259665538
Cryptochlorogenic Acid,9754.18458035428,-0.15556355967196928
Cryptochlorogenic Acid,9750.32764691743,13.257141374543366
Cryptochlorogenic Acid,9746.47071348058,16.168897036282424
Cryptochlorogenic Acid,9742.61378004373,24.053008871446021
Cryptochlorogenic Acid,9738.75684660688,13.81619751722747
Cryptochlorogenic Acid,9734.89991317004,10.489964684258821
Cryptochlorogenic Acid,9731.04297973319,26.154978791150704
Cryptochlorogenic Acid,9727.18604629634,18.053271912722543
Cryptochlorogenic Acid,9723.3291128595,26.008387826345352
Cryptochlorogenic Acid,9719.47217942265,29.477659238627194
Cryptochlorogenic Acid,9715.6152459858,10.085475944688286
Cryptochlorogenic Acid,9711.75831254896,-12.522360325053132
Cryptochlorogenic Acid,9707.90137911211,8.4573177398526891
Cryptochlorogenic Acid,9704.04444567526,46.410075034886205
Cryptochlorogenic Acid,9700.18751223841,66.553793297152453
Cryptochlorogenic Acid,9696.33057880156,24.729446186373799
Cryptochlorogenic Acid,9692.47364536472,-15.137225169732567
Cryptochlorogenic Acid,9688.61671192787,0.0472330833254977
Cryptochlorogenic Acid,9684.75977849102,12.271915887634549
Cryptochlorogenic Acid,9680.90284505418,-10.277700585786752
Cryptochlorogenic Acid,9677.04591161733,5.1580640036947392
Cryptochlorogenic Acid,9673.18897818048,8.9978589611164743
Cryptochlorogenic Acid,9669.33204474363,-1.5907448261500112
Cryptochlorogenic Acid,9665.47511130679,3.3841853679056464
Cryptochlorogenic Acid,9661.61817786994,11.138012729127496
Cryptochlorogenic Acid,9657.76124443309,1.9879590386303485
Cryptochlorogenic Acid,9653.90431099624,-0.59438246579033893
Cryptochlorogenic Acid,9650.0473775594,7.1706552082516746
Cryptochlorogenic Acid,9646.19044412255,14.117667800351207
Cryptochlorogenic Acid,9642.3335106857,14.112735568622409
Cryptochlorogenic Acid,9638.47657724886,0.52267647648201954
Cryptochlorogenic Acid,9634.61964381201,-41.951211714914571
Cryptochlorogenic Acid,9630.76271037516,-43.400417213703548
Cryptochlorogenic Acid,9626.90577693831,-16.131352808505827
Cryptochlorogenic Acid,9623.04884350147,3.0475561100045234
Cryptochlorogenic Acid,9619.19191006462,21.081604639894181
Cryptochlorogenic Acid,9615.33497662777,27.380245618225874
Cryptochlorogenic Acid,9611.47804319092,26.333195723983838
Cryptochlorogenic Acid,9607.62110975408,3.4756491003934982
Cryptochlorogenic Acid,9603.76417631723,2.7944368926462007
Cryptochlorogenic Acid,9599.90724288038,-11.513904510620213
Cryptochlorogenic Acid,9596.05030944354,-10.269478144674219
Cryptochlorogenic Acid,9592.19337600669,-0.59145093956549766
Cryptochlorogenic Acid,9588.33644256984,-10.178263903542097
Cryptochlorogenic Acid,9584.47950913299,-8.3470614879067
Cryptochlorogenic Acid,9580.62257569615,-8.2425754691458621
Cryptochlorogenic Acid,9576.7656422593,-16.958881165058884
Cryptochlorogenic Acid,9572.90870882245,4.7511829035140716
Cryptochlorogenic Acid,9569.0517753856,-14.445971131845935
Cryptochlorogenic Acid,9565.19484194876,-49.126667818393074
Cryptochlorogenic Acid,9561.33790851191,-58.130833028522304
Cryptochlorogenic Acid,9557.48097507506,-48.097986984732728
Cryptochlorogenic Acid,9553.62404163822,-28.001589208316897
Cryptochlorogenic Acid,9549.76710820137,-26.760118807511795
Cryptochlorogenic Acid,9545.91017476452,-35.535355923333917
Cryptochlorogenic Acid,9542.05324132767,-2.2193725754454876
Cryptochlorogenic Acid,9538.19630789083,12.087433304217182
Cryptochlorogenic Acid,9534.33937445398,-18.490827275604751
Cryptochlorogenic Acid,9530.48244101713,-20.391846917765164
Cryptochlorogenic Acid,9526.62550758028,-29.559056176003111
Cryptochlorogenic Acid,9522.76857414344,-44.770264695869571
Cryptochlorogenic Acid,9518.91164070659,-37.183685269269048
Cryptochlorogenic Acid,9515.05470726974,-44.81196550739044
Cryptochlorogenic Acid,9511.1977738329,-44.10719307320656
Cryptochlorogenic Acid,9507.34084039605,-46.729287665572969
Cryptochlorogenic Acid,9503.4839069592,-18.145878322952296
Cryptochlorogenic Acid,9499.62697352235,6.1132288629453821
Cryptochlorogenic Acid,9495.77004008551,1.7770413461226364
Cryptochlorogenic Acid,9491.91310664866,-9.7310776652266711
Cryptochlorogenic Acid,9488.05617321181,-4.9306226121280234
Cryptochlorogenic Acid,9484.19923977496,-11.774679180693214
Cryptochlorogenic Acid,9480.34230633812,-4.6615122955891408
Cryptochlorogenic Acid,9476.48537290127,-2.7302493186210963
Cryptochlorogenic Acid,9472.62843946442,12.259847501139417
Cryptochlorogenic Acid,9468.77150602758,24.451605566327892
Cryptochlorogenic Acid,9464.91457259073,-9.3765376004762846
Cryptochlorogenic Acid,9461.05763915388,-27.000942256365562
Cryptochlorogenic Acid,9457.20070571703,7.9642591852874789
Cryptochlorogenic Acid,9453.34377228019,6.5602128576858743
Cryptochlorogenic Acid,9449.48683884334,1.7719053288422788
Cryptochlorogenic Acid,9445.62990540649,6.3947105195980543
Cryptochlorogenic Acid,9441.77297196964,12.043673856106492
Cryptochlorogenic Acid,9437.9160385328,-21.830387873859969
Cryptochlorogenic Acid,9434.05910509595,-36.724676570062307
Cryptochlorogenic Acid,9430.2021716591,-31.408170988780316
Cryptochlorogenic Acid,9426.34523822226,-47.552901455067307
Cryptochlorogenic Acid,9422.48830478541,-46.567572110489643
Cryptochlorogenic Acid,9418.63137134856,-39.092039299583902
Cryptochlorogenic Acid,9414.77443791171,-25.259419930711843
Cryptochlorogenic Acid,9410.91750447487,-11.96259785105209
Cryptochlorogenic Acid,9407.06057103802,-9.6245938611940112
Cryptochlorogenic Acid,9403.20363760117,-13.802387111426036
Cryptochlorogenic Acid,9399.34670416432,-13.499610406711675
Cryptochlorogenic Acid,9395.48977072748,-24.470726237031709
Cryptochlorogenic Acid,9391.63283729063,-27.94674530280211
Cryptochlorogenic Acid,9387.77590385378,-21.005790952030576
Cryptochlorogenic Acid,9383.91897041694,-25.390465374828281
Cryptochlorogenic Acid,9380.06203698009,-33.906570189499178
Cryptochlorogenic Acid,9376.20510354324,-24.371733969587986
Cryptochlorogenic Acid,9372.34817010639,1.8797487706285896
Cryptochlorogenic Acid,9368.49123666955,7.2436496849416754
Cryptochlorogenic Acid,9364.6343032327,9.9369536402587126
Cryptochlorogenic Acid,9360.77736979585,19.997188977116689
Cryptochlorogenic Acid,9356.920436359,13.659857603844795
Cryptochlorogenic Acid,9353.06350292216,-3.2348435222212872
Cryptochlorogenic Acid,9349.20656948531,-8.8511819906713498
Cryptochlorogenic Acid,9345.34963604846,-9.019696990570095
Cryptochlorogenic Acid,9341.49270261162,3.0956649025574094
Cryptochlorogenic Acid,9337.63576917477,13.271873052044004
Cryptochlorogenic Acid,9333.77883573792,-2.464148396431121
Cryptochlorogenic Acid,9329.92190230107,-18.485831044904039
Cryptochlorogenic Acid,9326.06496886423,12.022026333367403
Cryptochlorogenic Acid,9322.20803542738,25.002551463862499
Cryptochlorogenic Acid,9318.35110199053,-1.1042596453046065
Cryptochlorogenic Acid,9314.49416855368,-1.3398579993090374
Cryptochlorogenic Acid,9310.63723511684,-1.5585888225170439
Cryptochlorogenic Acid,9306.78030167999,-8.5092952795701517
Cryptochlorogenic Acid,9302.92336824314,-8.4460138636549775
Cryptochlorogenic Acid,9299.0664348063,8.2797263364674247
Cryptochlorogenic Acid,9295.20950136945,27.029105947459875
Cryptochlorogenic Acid,9291.3525679326,37.084598611639123
Cryptochlorogenic Acid,9287.49563449575,20.971822955726143
Cryptochlorogenic Acid,9283.63870105891,-2.5646434461163983
Cryptochlorogenic Acid,9279.78176762206,-6.6279272626687895
Cryptochlorogenic Acid,9275.92483418521,-11.074921311877596
Cryptochlorogenic Acid,9272.06790074836,2.967968224623089
Cryptochlorogenic Acid,9268.21096731152,10.465274680844869
Cryptochlorogenic Acid,9264.35403387467,3.4853656630525194
Cryptochlorogenic Acid,9260.49710043782,16.516437588157359
Cryptochlorogenic Acid,9256.64016700098,12.232447806288839
Cryptochlorogenic Acid,9252.78323356413,14.263928812216893
Cryptochlorogenic Acid,9248.92630012728,18.691556017603478
Cryptochlorogenic Acid,9245.06936669043,18.40116242760233
Cryptochlorogenic Acid,9241.21243325358,21.079706392804773
Cryptochlorogenic Acid,9237.35549981674,27.612832921453116
Cryptochlorogenic Acid,9233.49856637989,31.801281307873264
Cryptochlorogenic Acid,9229.64163294304,-0.50807909190487111
Cryptochlorogenic Acid,9225.7846995062,0.86378624996300468
Cryptochlorogenic Acid,9221.92776606935,25.223743626148401
Cryptochlorogenic Acid,9218.0708326325,31.146472859877147
Cryptochlorogenic Acid,9214.21389919565,11.650433044618813
Cryptochlorogenic Acid,9210.35696575881,20.85841845938733
Cryptochlorogenic Acid,9206.50003232196,37.346852933787297
Cryptochlorogenic Acid,9202.64309888511,35.156262836846778
Cryptochlorogenic Acid,9198.78616544826,13.666270350226318
Cryptochlorogenic Acid,9194.92923201142,3.8572661427351957
Cryptochlorogenic Acid,9191.07229857457,19.091935045071345
Cryptochlorogenic Acid,9187.21536513772,34.491952817309965
Cryptochlorogenic Acid,9183.35843170088,34.031654194424114
Cryptochlorogenic Acid,9179.50149826403,23.025126422321669
Cryptochlorogenic Acid,9175.64456482718,-7.6595902609257402
Cryptochlorogenic Acid,9171.78763139033,1.501866799079294
Cryptochlorogenic Acid,9167.93069795349,0.41146156493475772
Cryptochlorogenic Acid,9164.07376451664,-5.6953001970213046
Cryptochlorogenic Acid,9160.21683107979,4.8306071893061322
Cryptochlorogenic Acid,9156.35989764294,41.468991524706787
Cryptochlorogenic Acid,9152.5029642061,62.469457242276093
Cryptochlorogenic Acid,9148.64603076925,57.085882513027421
Cryptochlorogenic Acid,9144.7890973324,30.637645149947875
Cryptochlorogenic Acid,9140.93216389556,21.024938996145004
Cryptochlorogenic Acid,9137.07523045871,21.807524876143091
Cryptochlorogenic Acid,9133.21829702186,7.4891244619771191
Cryptochlorogenic Acid,9129.36136358501,12.996138032636683
Cryptochlorogenic Acid,9125.50443014817,49.380327581590045
Cryptochlorogenic Acid,9121.64749671132,62.890893487312731
Cryptochlorogenic Acid,9117.79056327447,45.905482962654183
Cryptochlorogenic Acid,9113.93362983762,30.666933985412207
Cryptochlorogenic Acid,9110.07669640078,33.033739123900979
Cryptochlorogenic Acid,9106.21976296393,24.933520754996298
Cryptochlorogenic Acid,9102.36282952708,10.972350564107421
Cryptochlorogenic Acid,9098.50589609024,37.908351667388338
Cryptochlorogenic Acid,9094.64896265339,39.784239554694963
Cryptochlorogenic Acid,9090.79202921654,20.38937477833748
Cryptochlorogenic Acid,9086.93509577969,32.746363631084911
Cryptochlorogenic Acid,9083.07816234285,25.925966639147845
Cryptochlorogenic Acid,9079.221228906,22.067085484270965
Cryptochlorogenic Acid,9075.36429546915,32.589175144431287
Cryptochlorogenic Acid,9071.5073620323,40.294393243564571
Cryptochlorogenic Acid,9067.65042859546,30.664866008695668
Cryptochlorogenic Acid,9063.79349515861,25.895195865838303
Cryptochlorogenic Acid,9059.93656172176,15.733311127394343
Cryptochlorogenic Acid,9056.07962828492,-6.2326758694033462
Cryptochlorogenic Acid,9052.22269484807,11.667581132408825
Cryptochlorogenic Acid,9048.36576141122,34.936559225972353
Cryptochlorogenic Acid,9044.50882797437,44.43057364449043
Cryptochlorogenic Acid,9040.65189453753,35.29309492534599
Cryptochlorogenic Acid,9036.79496110068,14.628093341952125
Cryptochlorogenic Acid,9032.93802766383,10.760049115995399
Cryptochlorogenic Acid,9029.08109422698,21.443199030785959
Cryptochlorogenic Acid,9025.22416079014,28.617804077725506
Cryptochlorogenic Acid,9021.36722735329,-1.6006118708993977
Cryptochlorogenic Acid,9017.51029391644,-0.30938514216452068
Cryptochlorogenic Acid,9013.6533604796,12.006817324033356
Cryptochlorogenic Acid,9009.79642704275,9.4203610354284066
Cryptochlorogenic Acid,9005.9394936059,19.031203340763202
Cryptochlorogenic Acid,9002.08256016905,21.667012161146953
Cryptochlorogenic Acid,8998.22562673221,8.2511891487164064
Cryptochlorogenic Acid,8994.36869329536,13.807621707466925
Cryptochlorogenic Acid,8990.51175985851,14.039515431247205
Cryptochlorogenic Acid,8986.65482642166,18.487574391860583
Cryptochlorogenic Acid,8982.79789298482,20.126269038180951
Cryptochlorogenic Acid,8978.94095954797,14.88919639232275
Cryptochlorogenic Acid,8975.08402611112,20.16969531154961
Cryptochlorogenic Acid,8971.22709267428,3.8972150137614663
Cryptochlorogenic Acid,8967.37015923743,-17.402539573510548
Cryptochlorogenic Acid,8963.51322580058,-5.4452891585711258
Cryptochlorogenic Acid,8959.65629236373,-0.59419020351475482
Cryptochlorogenic Acid,8955.79935892689,3.6383558377943008
Cryptochlorogenic Acid,8951.94242549004,16.465955227562041
Cryptochlorogenic Acid,8948.08549205319,13.642429132315831
Cryptochlorogenic Acid,8944.22855861634,15.422287007651324
Cryptochlorogenic Acid,8940.3716251795,16.895180279612255
Cryptochlorogenic Acid,8936.51469174265,17.722442874917117
Cryptochlorogenic Acid,8932.6577583058,38.759208550507822
Cryptochlorogenic Acid,8928.80082486896,38.733440707835875
Cryptochlorogenic Acid,8924.94389143211,5.6698822867788383
Cryptochlorogenic Acid,8921.08695799526,-39.143326869477292
Cryptochlorogenic Acid,8917.23002455841,-31.868020787057549
Cryptochlorogenic Acid,8913.37309112157,-11.045475490349205
Cryptochlorogenic Acid,8909.51615768472,-8.0391416875151105
Cryptochlorogenic Acid,8905.65922424787,-12.222507897990743
Cryptochlorogenic Acid,8901.80229081102,-23.01330303169016
Cryptochlorogenic Acid,8897.94535737418,-36.214688302711231
Cryptochlorogenic Acid,8894.08842393733,-18.90262236834625
Cryptochlorogenic Acid,8890.23149050048,-2.5596076513789177
Cryptochlorogenic Acid,8886.37455706364,11.947969121008848
Cryptochlorogenic Acid,8882.51762362679,22.781801029243027
Cryptochlorogenic Acid,8878.66069018994,9.3261034951320045
Cryptochlorogenic Acid,8874.80375675309,-22.249280973471571
Cryptochlorogenic Acid,8870.94682331625,-44.431278125403217
Cryptochlorogenic Acid,8867.0898898794,-42.64211669026627
Cryptochlorogenic Acid,8863.23295644255,-27.214926335908757
Cryptochlorogenic Acid,8859.3760230057,-17.890782115511055
Cryptochlorogenic Acid,8855.51908956886,-23.570561805120942
Cryptochlorogenic Acid,8851.66215613201,-23.151301986198671
Cryptochlorogenic Acid,8847.80522269516,-31.118895784407258
Cryptochlorogenic Acid,8843.94828925832,-24.088742161551281
Cryptochlorogenic Acid,8840.09135582147,-25.757454377842972
Cryptochlorogenic Acid,8836.23442238462,-27.926269010964855
Cryptochlorogenic Acid,8832.37748894777,-27.91696490424636
Cryptochlorogenic Acid,8828.52055551093,-13.956273155054186
Cryptochlorogenic Acid,8824.66362207408,9.0298225850683327
Cryptochlorogenic Acid,8820.80668863723,-8.3630727039753587
Cryptochlorogenic Acid,8816.94975520038,-4.4292444455493536
Cryptochlorogenic Acid,8813.09282176354,-4.0794003967909802
Cryptochlorogenic Acid,8809.23588832669,-38.591921008527947
Cryptochlorogenic Acid,8805.37895488984,-57.723719109584877
Cryptochlorogenic Acid,8801.522021453,-37.889623132952529
Cryptochlorogenic Acid,8797.66508801615,-18.805248495788561
Cryptochlorogenic Acid,8793.8081545793,-25.637478863748104
Cryptochlorogenic Acid,8789.95122114245,-22.060408643204809
Cryptochlorogenic Acid,8786.09428770561,-16.663947190546942
Cryptochlorogenic Acid,8782.23735426876,-20.572098777842172
Cryptochlorogenic Acid,8778.38042083191,-24.823697411653203
Cryptochlorogenic Acid,8774.52348739506,9.9055239255866443
Cryptochlorogenic Acid,8770.66655395822,11.358503995929359
Cryptochlorogenic Acid,8766.80962052137,-9.2038849797299633
Cryptochlorogenic Acid,8762.95268708452,-21.920512368478935
Cryptochlorogenic Acid,8759.09575364767,-20.111671014246127
Cryptochlorogenic Acid,8755.23882021083,-19.002508789459004
Cryptochlorogenic Acid,8751.38188677398,-7.4918819168890209
Cryptochlorogenic Acid,8747.52495333713,-13.854169865181348
Cryptochlorogenic Acid,8743.66801990029,-22.704902730177164
Cryptochlorogenic Acid,8739.81108646344,-25.700745137149248
Cryptochlorogenic Acid,8735.95415302659,-22.35895248751412
Cryptochlorogenic Acid,8732.09721958974,-13.943579798084254
Cryptochlorogenic Acid,8728.2402861529,-19.973099051371968
Cryptochlorogenic Acid,8724.38335271605,-30.479064215967806
Cryptochlorogenic Acid,8720.5264192792,-12.448128966690607
Cryptochlorogenic Acid,8716.66948584235,-9.5409096643007789
Cryptochlorogenic Acid,8712.81255240551,-8.8007382931597835
Cryptochlorogenic Acid,8708.95561896866,-5.6189596449668517
Cryptochlorogenic Acid,8705.09868553181,-17.068351973206198
Cryptochlorogenic Acid,8701.24175209497,-36.634420463168198
Cryptochlorogenic Acid,8697.38481865812,-39.900652467815284
Cryptochlorogenic Acid,8693.52788522127,-31.278552661210153
Cryptochlorogenic Acid,8689.67095178442,-35.765955813223563
Cryptochlorogenic Acid,8685.81401834758,-25.476324573264289
Cryptochlorogenic Acid,8681.95708491073,-18.223294659724001
Cryptochlorogenic Acid,8678.10015147388,-23.147492374682148
Cryptochlorogenic Acid,8674.24321803703,-13.138877396005183
Cryptochlorogenic Acid,8670.38628460019,12.010626511374953
Cryptochlorogenic Acid,8666.52935116334,32.016214099237366
Cryptochlorogenic Acid,8662.67241772649,9.1211349062817479
Cryptochlorogenic Acid,8658.81548428965,-1.8748059265666324
Cryptochlorogenic Acid,8654.9585508528,17.43069970921983
Cryptochlorogenic Acid,8651.10161741595,-2.9518729419571654
Cryptochlorogenic Acid,8647.2446839791,-20.267007410987233
Cryptochlorogenic Acid,8643.38775054226,4.6008695970783506
Cryptochlorogenic Acid,8639.53081710541,26.880828791833007
Cryptochlorogenic Acid,8635.67388366856,17.726050506884594
Cryptochlorogenic Acid,8631.81695023171,7.5783816389635792
Cryptochlorogenic Acid,8627.96001679487,-15.526401778578899
Cryptochlorogenic Acid,8624.10308335802,-22.250306492024421
Cryptochlorogenic Acid,8620.24614992117,-1.2098056515879707
Cryptochlorogenic Acid,8616.38921648433,11.397666179521853
Cryptochlorogenic Acid,8612.53228304748,3.1941934606252338
Cryptochlorogenic Acid,8608.67534961063,11.785460323971009
Cryptochlorogenic Acid,8604.81841617378,24.398813227738323
Cryptochlorogenic Acid,8600.96148273694,27.02776422144991
Cryptochlorogenic Acid,8597.10454930009,27.484417774568055
Cryptochlorogenic Acid,8593.24761586324,16.979646317401365
Cryptochlorogenic Acid,8589.39068242639,-11.807371167233081
Cryptochlorogenic Acid,8585.53374898955,-21.670754548161863
Cryptochlorogenic Acid,8581.6768155527,-0.084801750249604901
Cryptochlorogenic Acid,8577.81988211585,18.368390030832984
Cryptochlorogenic Acid,8573.96294867901,12.792059993894664
Cryptochlorogenic Acid,8570.10601524216,20.270697859770319
Cryptochlorogenic Acid,8566.24908180531,13.517632197923376
Cryptochlorogenic Acid,8562.39214836846,18.761539431267462
Cryptochlorogenic Acid,8558.53521493162,4.9415622623828144
Cryptochlorogenic Acid,8554.67828149477,11.762122382886091
Cryptochlorogenic Acid,8550.82134805792,-5.8724668549175689
Cryptochlorogenic Acid,8546.96441462107,-19.900355398674872
Cryptochlorogenic Acid,8543.10748118423,-4.6547867189740346
Cryptochlorogenic Acid,8539.25054774738,11.322578574403606
Cryptochlorogenic Acid,8535.39361431053,13.561438147077089
Cryptochlorogenic Acid,8531.53668087368,14.455869012318821
Cryptochlorogenic Acid,8527.67974743684,-3.5692795143590925
Cryptochlorogenic Acid,8523.82281399999,-31.893878231761537
Cryptochlorogenic Acid,8519.96588056314,-36.23986426176134
Cryptochlorogenic Acid,8516.1089471263,-10.047592031280235
Cryptochlorogenic Acid,8512.25201368945,-21.287245596247455
Cryptochlorogenic Acid,8508.3950802526,-11.476520983274554
Cryptochlorogenic Acid,8504.53814681575,0.50424856016411179
Cryptochlorogenic Acid,8500.68121337891,-16.790618357430994
Cryptochlorogenic Acid,8496.82427994206,-8.4576527041412763
Cryptochlorogenic Acid,8492.96734650521,-14.606898366935956
Cryptochlorogenic Acid,8489.11041306836,-29.707496706086502
Cryptochlorogenic Acid,8485.25347963152,-70.058708200907759
Cryptochlorogenic Acid,8481.39654619467,-96.774834776643416
Cryptochlorogenic Acid,8477.53961275782,-57.952479146236023
Cryptochlorogenic Acid,8473.68267932098,-32.076530087787866
Cryptochlorogenic Acid,8469.82574588413,-30.075637199892576
Cryptochlorogenic Acid,8465.96881244728,-5.5177430528406974
Cryptochlorogenic Acid,8462.11187901043,-4.2707668034681401
Cryptochlorogenic Acid,8458.25494557359,-46.956698703687501
Cryptochlorogenic Acid,8454.39801213674,-40.043915623430344
Cryptochlorogenic Acid,8450.54107869989,7.9817331087440975
Cryptochlorogenic Acid,8446.68414526304,23.882406424762841
Cryptochlorogenic Acid,8442.8272118262,11.920121859786162
Cryptochlorogenic Acid,8438.97027838935,-3.2394133380250318
Cryptochlorogenic Acid,8435.1133449525,1.1216157833957443
Cryptochlorogenic Acid,8431.25641151566,-4.4830592624775747
Cryptochlorogenic Acid,8427.39947807881,-18.219731606795136
Cryptochlorogenic Acid,8423.54254464196,4.8256375005480487
Cryptochlorogenic Acid,8419.68561120511,28.457513174206689
Cryptochlorogenic Acid,8415.82867776827,32.749202312237358
Cryptochlorogenic Acid,8411.97174433142,36.562362539720269
Cryptochlorogenic Acid,8408.11481089457,22.72880291389767
Cryptochlorogenic Acid,8404.25787745772,-17.347361206932039
Cryptochlorogenic Acid,8400.40094402088,-37.571228504473382
Cryptochlorogenic Acid,8396.54401058403,-32.996599852702559
Cryptochlorogenic Acid,8392.68707714718,4.3862036097426556
Cryptochlorogenic Acid,8388.83014371034,59.220159492893913
Cryptochlorogenic Acid,8384.97321027349,77.784715551394854
Cryptochlorogenic Acid,8381.11627683664,25.162136529422558
Cryptochlorogenic Acid,8377.25934339979,-10.747023357347965
Cryptochlorogenic Acid,8373.40240996295,-9.1144504126545911
Cryptochlorogenic Acid,8369.5454765261,2.2157310841947386
Cryptochlorogenic Acid,8365.68854308925,-5.4421296913303179
Cryptochlorogenic Acid,8361.8316096524,3.409980332608809
Cryptochlorogenic Acid,8357.97467621556,-3.1306644226241116
Cryptochlorogenic Acid,8354.11774277871,10.712412577430635
Cryptochlorogenic Acid,8350.26080934186,20.160488336237901
Cryptochlorogenic Acid,8346.40387590502,9.1142602459180733
Cryptochlorogenic Acid,8342.54694246817,-11.82054295482645
Cryptochlorogenic Acid,8338.69000903132,-9.2551175913522226
Cryptochlorogenic Acid,8334.83307559447,-10.902598275259608
Cryptochlorogenic Acid,8330.97614215763,-8.6898929804108036
Cryptochlorogenic Acid,8327.11920872078,10.869883893679193
Cryptochlorogenic Acid,8323.26227528393,19.523468056809904
Cryptochlorogenic Acid,8319.40534184708,-7.2264402873762634
Cryptochlorogenic Acid,8315.54840841024,13.281953994563716
Cryptochlorogenic Acid,8311.69147497339,11.905162520030734
Cryptochlorogenic Acid,8307.83454153654,-32.748389033774238
Cryptochlorogenic Acid,8303.97760809969,-36.881516619134203
Cryptochlorogenic Acid,8300.12067466285,-7.0182716160545979
Cryptochlorogenic Acid,8296.263741226,-18.046078803553375
Cryptochlorogenic Acid,8292.40680778915,-19.928005335886699
Cryptochlorogenic Acid,8288.54987435231,-21.279802476539984
Cryptochlorogenic Acid,8284.69294091546,-2.5667138595157408
Cryptochlorogenic Acid,8280.83600747861,15.415382223003569
Cryptochlorogenic Acid,8276.97907404176,31.206619285257496
Cryptochlorogenic Acid,8273.12214060492,10.220027631828444
Cryptochlorogenic Acid,8269.26520716807,-9.9937993264990244
Cryptochlorogenic Acid,8265.40827373122,-7.935104297331911
Cryptochlorogenic Acid,8261.55134029437,-4.442650307933504
Cryptochlorogenic Acid,8257.69440685753,-41.195251924758573
Cryptochlorogenic Acid,8253.83747342068,-64.251926251330275
Cryptochlorogenic Acid,8249.98053998383,-42.596731068038743
Cryptochlorogenic Acid,8246.12360654699,-7.5593450452999527
Cryptochlorogenic Acid,8242.26667311014,9.2523133326808153
Cryptochlorogenic Acid,8238.40973967329,-9.5062812002192736
Cryptochlorogenic Acid,8234.55280623644,-8.6882940380763767
Cryptochlorogenic Acid,8230.6958727996,22.314307023253889
Cryptochlorogenic Acid,8226.83893936275,8.409588869487985
Cryptochlorogenic Acid,8222.9820059259,-11.407426375962375
Cryptochlorogenic Acid,8219.12507248905,17.920375175404516
Cryptochlorogenic Acid,8215.26813905221,53.877261747210369
Cryptochlorogenic Acid,8211.41120561536,42.726289176073045
Cryptochlorogenic Acid,8207.55427217851,5.4701603074033596
Cryptochlorogenic Acid,8203.69733874167,-20.031744953688758
Cryptochlorogenic Acid,8199.84040530482,4.7292392334691398
Cryptochlorogenic Acid,8195.98347186797,21.173978887173373
Cryptochlorogenic Acid,8192.12653843112,25.023012155851696
Cryptochlorogenic Acid,8188.26960499428,-3.6407326227073002
Cryptochlorogenic Acid,8184.41267155743,-7.4665193602083528
Cryptochlorogenic Acid,8180.55573812058,4.0046803227368644
Cryptochlorogenic Acid,8176.69880468373,9.8120943040307722
Cryptochlorogenic Acid,8172.84187124689,0.47971107398303325
Cryptochlorogenic Acid,8168.98493781004,-0.68965448764183035
Cryptochlorogenic Acid,8165.12800437319,7.4860871504413256
Cryptochlorogenic Acid,8161.27107093635,2.099751944870937
Cryptochlorogenic Acid,8157.4141374995,3.8909410114865031
Cryptochlorogenic Acid,8153.55720406265,16.725890830827815
Cryptochlorogenic Acid,8149.7002706258,5.4335721423859642
Cryptochlorogenic Acid,8145.84333718896,16.1287786349566
Cryptochlorogenic Acid,8141.98640375211,2.3933095232359474
Cryptochlorogenic Acid,8138.12947031526,20.112435176041444
Cryptochlorogenic Acid,8134.27253687841,33.784125552537589
Cryptochlorogenic Acid,8130.41560344157,19.632061404901307
Cryptochlorogenic Acid,8126.55867000472,-0.56426170670212084
Cryptochlorogenic Acid,8122.70173656787,-0.64528057812043937
Cryptochlorogenic Acid,8118.84480313103,11.905706667114092
Cryptochlorogenic Acid,8114.98786969418,9.5302764277761582
Cryptochlorogenic Acid,8111.13093625733,2.6674673985576089
Cryptochlorogenic Acid,8107.27400282048,13.885987515959867
Cryptochlorogenic Acid,8103.41706938364,23.5536795256766
Cryptochlorogenic Acid,8099.56013594679,37.272003754000188
Cryptochlorogenic Acid,8095.70320250994,29.172770578671255
Cryptochlorogenic Acid,8091.84626907309,26.775006299184092
Cryptochlorogenic Acid,8087.98933563625,-2.1653703142132148
Cryptochlorogenic Acid,8084.1324021994,-2.4987923526792679
Cryptochlorogenic Acid,8080.27546876255,12.858525727244212
Cryptochlorogenic Acid,8076.41853532571,33.545234549706834
Cryptochlorogenic Acid,8072.56160188886,23.469934479444571
Cryptochlorogenic Acid,8068.70466845201,23.97292049900895
Cryptochlorogenic Acid,8064.84773501516,24.296426299772182
Cryptochlorogenic Acid,8060.99080157832,36.628086871492712
Cryptochlorogenic Acid,8057.13386814147,32.123774887809695
Cryptochlorogenic Acid,8053.27693470462,17.73600274584949
Cryptochlorogenic Acid,8049.42000126777,-1.8008666898070269
Cryptochlorogenic Acid,8045.56306783093,-8.8308235089600586
Cryptochlorogenic Acid,8041.70613439408,2.0399727164066479
Cryptochlorogenic Acid,8037.84920095723,11.670890333776468
Cryptochlorogenic Acid,8033.99226752039,-13.964535660103989
Cryptochlorogenic Acid,8030.13533408354,-35.509875979339419
Cryptochlorogenic Acid,8026.27840064669,3.3360070238906507
Cryptochlorogenic Acid,8022.42146720984,30.498532507910884
Cryptochlorogenic Acid,8018.564533773,18.919208122393552
Cryptochlorogenic Acid,8014.70760033615,7.9160931927532578
Cryptochlorogenic Acid,8010.8506668993,-10.902518301394856
Cryptochlorogenic Acid,8006.99373346245,-17.779052155484827
Cryptochlorogenic Acid,8003.13680002561,-15.822111341875669
Cryptochlorogenic Acid,7999.27986658876,-28.260382350159713
Cryptochlorogenic Acid,7995.42293315191,-16.328753537927277
Cryptochlorogenic Acid,7991.56599971507,-23.927711787160597
Cryptochlorogenic Acid,7987.70906627822,-27.179878742976037
Cryptochlorogenic Acid,7983.85213284137,-16.836300985216006
Cryptochlorogenic Acid,7979.99519940452,16.453237440433874
Cryptochlorogenic Acid,7976.13826596768,21.068260129937656
Cryptochlorogenic Acid,7972.28133253083,-21.645454248149502
Cryptochlorogenic Acid,7968.42439909398,-37.124832467219534
Cryptochlorogenic Acid,7964.56746565713,-19.864658222993775
Cryptochlorogenic Acid,7960.71053222029,-23.21873272094432
Cryptochlorogenic Acid,7956.85359878344,-6.026945320693307
Cryptochlorogenic Acid,7952.99666534659,17.934434019167902
Cryptochlorogenic Acid,7949.13973190975,28.166187402716869
Cryptochlorogenic Acid,7945.2827984729,17.040052298192165
Cryptochlorogenic Acid,7941.42586503605,-10.787580374798454
Cryptochlorogenic Acid,7937.5689315992,-23.629983030008344
Cryptochlorogenic Acid,7933.71199816236,-20.868522788797605
Cryptochlorogenic Acid,7929.85506472551,-19.700144316960984
Cryptochlorogenic Acid,7925.99813128866,-19.826474886642441
Cryptochlorogenic Acid,7922.14119785181,-3.0292493676583359
Cryptochlorogenic Acid,7918.28426441497,-8.1536647745860034
Cryptochlorogenic Acid,7914.42733097812,-5.1234138387361785
Cryptochlorogenic Acid,7910.57039754127,-12.102907192135214
Cryptochlorogenic Acid,7906.71346410443,-30.652649289393207
Cryptochlorogenic Acid,7902.85653066758,-23.205975479743881
Cryptochlorogenic Acid,7898.99959723073,-4.7343081301440071
Cryptochlorogenic Acid,7895.14266379388,-9.8477008173946636
Cryptochlorogenic Acid,7891.28573035704,-19.223990824886929
Cryptochlorogenic Acid,7887.42879692019,-18.033167681436485
Cryptochlorogenic Acid,7883.57186348334,-17.696161135609408
Cryptochlorogenic Acid,7879.71493004649,-24.182387895678751
Cryptochlorogenic Acid,7875.85799660965,-3.2379183928611641
Cryptochlorogenic Acid,7872.0010631728,-10.692500132739438
Cryptochlorogenic Acid,7868.14412973595,-12.662919579901921
Cryptochlorogenic Acid,7864.28719629911,-2.9803758566508116
Cryptochlorogenic Acid,7860.43026286226,5.3187335688299182
Cryptochlorogenic Acid,7856.57332942541,-2.4326510959742658
Cryptochlorogenic Acid,7852.71639598856,2.870809986314161
Cryptochlorogenic Acid,7848.85946255172,21.427992410569534
Cryptochlorogenic Acid,7845.00252911487,4.8578679086528593
Cryptochlorogenic Acid,7841.14559567802,-38.089056720095478
Cryptochlorogenic Acid,7837.28866224117,-34.8560686464482
Cryptochlorogenic Acid,7833.43172880433,-25.40400536973225
Cryptochlorogenic Acid,7829.57479536748,-11.799154131126498
Cryptochlorogenic Acid,7825.71786193063,5.958372249741557
Cryptochlorogenic Acid,7821.86092849379,11.275944802816106
Cryptochlorogenic Acid,7818.00399505694,8.3553928893649108
Cryptochlorogenic Acid,7814.14706162009,0.83409583918217567
Cryptochlorogenic Acid,7810.29012818324,-19.27864389540456
Cryptochlorogenic Acid,7806.4331947464,-30.741914478235387
Cryptochlorogenic Acid,7802.57626130955,-2.4453315164722267
Cryptochlorogenic Acid,7798.7193278727,9.3484441978207631
Cryptochlorogenic Acid,7794.86239443585,-5.4811404909206471
Cryptochlorogenic Acid,7791.00546099901,-11.128793871174162
Cryptochlorogenic Acid,7787.14852756216,-19.642113710686179
Cryptochlorogenic Acid,7783.29159412531,-36.639460775446274
Cryptochlorogenic Acid,7779.43466068847,-32.642154651735183
Cryptochlorogenic Acid,7775.57772725162,-10.867475365297331
Cryptochlorogenic Acid,7771.72079381477,-15.147391854585171
Cryptochlorogenic Acid,7767.86386037792,-12.591193548245091
Cryptochlorogenic Acid,7764.00692694107,-4.5243397741490661
Cryptochlorogenic Acid,7760.14999350423,-20.571570877032539
Cryptochlorogenic Acid,7756.29306006738,-23.880320170483618
Cryptochlorogenic Acid,7752.43612663053,-11.296533481936187
Cryptochlorogenic Acid,7748.57919319369,1.5021212159281163
Cryptochlorogenic Acid,7744.72225975684,-6.1114778365408222
Cryptochlorogenic Acid,7740.86532631999,-26.011605186897022
Cryptochlorogenic Acid,7737.00839288315,-22.239332540209997
Cryptochlorogenic Acid,7733.1514594463,-10.612915210297421
Cryptochlorogenic Acid,7729.29452600945,6.5014431890140623
Cryptochlorogenic Acid,7725.4375925726,1.4798880704620767
Cryptochlorogenic Acid,7721.58065913575,1.298794175474641
Cryptochlorogenic Acid,7717.72372569891,-4.1448160574284145
Cryptochlorogenic Acid,7713.86679226206,-0.63452850359687196
Cryptochlorogenic Acid,7710.00985882521,-3.0520492189395134
Cryptochlorogenic Acid,7706.15292538837,-18.248035869672997
Cryptochlorogenic Acid,7702.29599195152,-30.103185988346823
Cryptochlorogenic Acid,7698.43905851467,-9.3127198364804133
Cryptochlorogenic Acid,7694.58212507782,-1.5965982445992317
Cryptochlorogenic Acid,7690.72519164098,-28.332656704340533
Cryptochlorogenic Acid,7686.86825820413,-39.987759224414667
Cryptochlorogenic Acid,7683.01132476728,-30.126260791135746
Cryptochlorogenic Acid,7679.15439133043,-16.164693834430604
Cryptochlorogenic Acid,7675.29745789359,-4.2271723767218896
Cryptochlorogenic Acid,7671.44052445674,-18.962069291096302
Cryptochlorogenic Acid,7667.58359101989,-11.960865150956742
Cryptochlorogenic Acid,7663.72665758305,-0.4369928779357164
Cryptochlorogenic Acid,7659.8697241462,-1.3206749875349835
Cryptochlorogenic Acid,7656.01279070935,-6.8824516126502004
Cryptochlorogenic Acid,7652.1558572725,0.90389334183464531
Cryptochlorogenic Acid,7648.29892383566,4.5795080265352883
Cryptochlorogenic Acid,7644.44199039881,-14.126758077954561
Cryptochlorogenic Acid,7640.58505696196,-20.906738637804537
Cryptochlorogenic Acid,7636.72812352511,-4.8943964001714297
Cryptochlorogenic Acid,7632.87119008827,7.3845518858809838
Cryptochlorogenic Acid,7629.01425665142,-1.1905622204000446
Cryptochlorogenic Acid,7625.15732321457,-9.2344065330753313
Cryptochlorogenic Acid,7621.30038977773,-0.044564749095711405
Cryptochlorogenic Acid,7617.44345634088,-11.077705044277922
Cryptochlorogenic Acid,7613.58652290403,-13.333152518618549
Cryptochlorogenic Acid,7609.72958946718,-22.60146272641413
Cryptochlorogenic Acid,7605.87265603034,-26.008708524048171
Cryptochlorogenic Acid,7602.01572259349,-33.018535022326944
Cryptochlorogenic Acid,7598.15878915664,-24.181761544531415
Cryptochlorogenic Acid,7594.30185571979,-8.0461237332846292
Cryptochlorogenic Acid,7590.44492228295,3.0258278656746143
Cryptochlorogenic Acid,7586.5879888461,2.547769237057163
Cryptochlorogenic Acid,7582.73105540925,-2.9293431760315674
Cryptochlorogenic Acid,7578.87412197241,-11.231180004326378
Cryptochlorogenic Acid,7575.01718853556,-3.4978559935477662
Cryptochlorogenic Acid,7571.16025509871,-1.7868325045773985
Cryptochlorogenic Acid,7567.30332166186,-7.9069397938061954
Cryptochlorogenic Acid,7563.44638822502,-11.703976219298166
Cryptochlorogenic Acid,7559.58945478817,1.1803335251052638
Cryptochlorogenic Acid,7555.73252135132,11.175945467196657
Cryptochlorogenic Acid,7551.87558791447,9.6965147600580774
Cryptochlorogenic Acid,7548.01865447763,10.18167716909586
Cryptochlorogenic Acid,7544.16172104078,-3.5326925148213402
Cryptochlorogenic Acid,7540.30478760393,-26.425902742741641
Cryptochlorogenic Acid,7536.44785416709,-11.466244426381017
Cryptochlorogenic Acid,7532.59092073024,-7.5765741576173715
Cryptochlorogenic Acid,7528.73398729339,-10.103657903853614
Cryptochlorogenic Acid,7524.87705385654,-2.7398523513365816
Cryptochlorogenic Acid,7521.0201204197,20.929856263194928
Cryptochlorogenic Acid,7517.16318698285,17.69067145559568
Cryptochlorogenic Acid,7513.306253546,-0.40587902392032815
Cryptochlorogenic Acid,7509.44932010915,8.7407001092904508
Cryptochlorogenic Acid,7505.59238667231,44.27259337366862
Cryptochlorogenic Acid,7501.73545323546,50.978262062287996
Cryptochlorogenic Acid,7497.87851979861,44.223079772639508
Cryptochlorogenic Acid,7494.02158636177,25.91774104451698
Cryptochlorogenic Acid,7490.16465292492,15.861341886166398
Cryptochlorogenic Acid,7486.30771948807,14.329905225012704
Cryptochlorogenic Acid,7482.45078605122,16.215312077023071
Cryptochlorogenic Acid,7478.59385261438,-1.996930675365683
Cryptochlorogenic Acid,7474.73691917753,-10.659812858085433
Cryptochlorogenic Acid,7470.87998574068,16.19166396316399
Cryptochlorogenic Acid,7467.02305230383,49.326112483836489
Cryptochlorogenic Acid,7463.16611886699,19.878362971660327
Cryptochlorogenic Acid,7459.30918543014,3.6456480110119616
Cryptochlorogenic Acid,7455.45225199329,23.692426141082834
Cryptochlorogenic Acid,7451.59531855645,45.59417028263762
Cryptochlorogenic Acid,7447.7383851196,46.091196671206895
Cryptochlorogenic Acid,7443.88145168275,30.786287932836945
Cryptochlorogenic Acid,7440.0245182459,35.730942920262336
Cryptochlorogenic Acid,7436.16758480906,41.641301201077638
Cryptochlorogenic Acid,7432.31065137221,36.528501923697682
Cryptochlorogenic Acid,7428.45371793536,55.759663697986802
Cryptochlorogenic Acid,7424.59678449851,42.887562183821522
Cryptochlorogenic Acid,7420.73985106167,22.002197938452376
Cryptochlorogenic Acid,7416.88291762482,45.636636100202963
Cryptochlorogenic Acid,7413.02598418797,43.855991351713833
Cryptochlorogenic Acid,7409.16905075113,23.453519498837242
Cryptochlorogenic Acid,7405.31211731428,24.297681069822012
Cryptochlorogenic Acid,7401.45518387743,27.795925024211641
Cryptochlorogenic Acid,7397.59825044058,19.849138465220001
Cryptochlorogenic Acid,7393.74131700374,13.904061299445756
Cryptochlorogenic Acid,7389.88438356689,31.864773911181061
Cryptochlorogenic Acid,7386.02745013004,14.934003473633851
Cryptochlorogenic Acid,7382.17051669319,5.8289312973783458
Cryptochlorogenic Acid,7378.31358325635,-10.34077736332326
Cryptochlorogenic Acid,7374.4566498195,30.743440791792629
Cryptochlorogenic Acid,7370.59971638265,50.042187069085912
Cryptochlorogenic Acid,7366.74278294581,-0.27212511801093892
Cryptochlorogenic Acid,7362.88584950896,1.7464146228825226
Cryptochlorogenic Acid,7359.02891607211,24.2288180370718
Cryptochlorogenic Acid,7355.17198263526,42.364300638219149
Cryptochlorogenic Acid,7351.31504919842,17.40476940929841
Cryptochlorogenic Acid,7347.45811576157,-11.798465894940295
Cryptochlorogenic Acid,7343.60118232472,-4.0143344941950136
Cryptochlorogenic Acid,7339.74424888787,-5.4051441590437417
Cryptochlorogenic Acid,7335.88731545103,-15.960509405832962
Cryptochlorogenic Acid,7332.03038201418,-28.556774889235651
Cryptochlorogenic Acid,7328.17344857733,-17.661185846774096
Cryptochlorogenic Acid,7324.31651514049,-10.220665039618272
Cryptochlorogenic Acid,7320.45958170364,-9.3938429168896214
Cryptochlorogenic Acid,7316.60264826679,21.35788929605317
Cryptochlorogenic Acid,7312.74571482994,12.119340014736032
Cryptochlorogenic Acid,7308.8887813931,-29.51535386996461
Cryptochlorogenic Acid,7305.03184795625,1.3196042140280519
Cryptochlorogenic Acid,7301.1749145194,24.509372836621754
Cryptochlorogenic Acid,7297.31798108255,-9.0922637281055696
Cryptochlorogenic Acid,7293.46104764571,-48.835551568059145
Cryptochlorogenic Acid,7289.60411420886,-46.693766545401907
Cryptochlorogenic Acid,7285.74718077201,0.21246793501704681
Cryptochlorogenic Acid,7281.89024733516,37.511320522225112
Cryptochlorogenic Acid,7278.03331389832,18.976626780178933
Cryptochlorogenic Acid,7274.17638046147,5.0768418742379842
Cryptochlorogenic Acid,7270.31944702462,2.9358429275929723
Cryptochlorogenic Acid,7266.46251358778,22.013837523278344
Cryptochlorogenic Acid,7262.60558015093,34.405890506003345
Cryptochlorogenic Acid,7258.74864671408,10.719910428710801
Cryptochlorogenic Acid,7254.89171327723,18.477723659536213
Cryptochlorogenic Acid,7251.03477984039,25.227764212353307
Cryptochlorogenic Acid,7247.17784640354,2.5772212028011725
Cryptochlorogenic Acid,7243.32091296669,-21.157583256672837
Cryptochlorogenic Acid,7239.46397952984,-9.2879698460511975
Cryptochlorogenic Acid,7235.607046093,26.376200890359364
Cryptochlorogenic Acid,7231.75011265615,41.673131915335709
Cryptochlorogenic Acid,7227.8931792193,1.238355133179472
Cryptochlorogenic Acid,7224.03624578246,-34.336456873778531
Cryptochlorogenic Acid,7220.17931234561,-18.180423107540619
Cryptochlorogenic Acid,7216.32237890876,41.534984951180768
Cryptochlorogenic Acid,7212.46544547191,85.160514706714523
Cryptochlorogenic Acid,7208.60851203507,58.47963558087627
Cryptochlorogenic Acid,7204.75157859822,20.411430120297929
Cryptochlorogenic Acid,7200.89464516137,5.3750258590359987
Cryptochlorogenic Acid,7197.03771172452,6.8381344847166972
Cryptochlorogenic Acid,7193.18077828768,28.971550122018712
Cryptochlorogenic Acid,7189.32384485083,18.326397775650864
Cryptochlorogenic Acid,7185.46691141398,-0.0081108157245186885
Cryptochlorogenic Acid,7181.60997797714,-18.615965485983637
Cryptochlorogenic Acid,7177.75304454029,1.2175568240927195
Cryptochlorogenic Acid,7173.89611110344,35.26937319758617
Cryptochlorogenic Acid,7170.03917766659,31.406967481825919
Cryptochlorogenic Acid,7166.18224422975,22.716728513090288
Cryptochlorogenic Acid,7162.3253107929,-17.311926875363405
Cryptochlorogenic Acid,7158.46837735605,-50.302760029672598
Cryptochlorogenic Acid,7154.6114439192,-35.164598497229697
Cryptochlorogenic Acid,7150.75451048236,-18.02629507530181
Cryptochlorogenic Acid,7146.89757704551,-22.174243409460122
Cryptochlorogenic Acid,7143.04064360866,-26.397847733728756
Cryptochlorogenic Acid,7139.18371017182,-30.501644471685644
Cryptochlorogenic Acid,7135.32677673497,-70.80097456788846
Cryptochlorogenic Acid,7131.46984329812,-75.89236713940646
Cryptochlorogenic Acid,7127.61290986127,-31.922480899255529
Cryptochlorogenic Acid,7123.75597642443,-23.055822817388137
Cryptochlorogenic Acid,7119.89904298758,-35.657701193538095
Cryptochlorogenic Acid,7116.04210955073,-56.419408934508319
Cryptochlorogenic Acid,7112.18517611388,-46.851878331382274
Cryptochlorogenic Acid,7108.32824267704,-33.502019389735551
Cryptochlorogenic Acid,7104.47130924019,-21.306070709804047
Cryptochlorogenic Acid,7100.61437580334,-8.0472097726295999
Cryptochlorogenic Acid,7096.7574423665,-17.394560385891175
Cryptochlorogenic Acid,7092.90050892965,-34.708751242944757
Cryptochlorogenic Acid,7089.0435754928,-3.6989463115102565
Cryptochlorogenic Acid,7085.18664205595,10.726048191159308
Cryptochlorogenic Acid,7081.32970861911,22.859340233846673
Cryptochlorogenic Acid,7077.47277518226,43.527862621474682
Cryptochlorogenic Acid,7073.61584174541,69.842753816932657
Cryptochlorogenic Acid,7069.75890830856,61.498143491882161
Cryptochlorogenic Acid,7065.90197487172,51.326177185208188
Cryptochlorogenic Acid,7062.04504143487,31.856251017025322
Cryptochlorogenic Acid,7058.18810799802,14.917768630239166
Cryptochlorogenic Acid,7054.33117456117,-0.047981363128261158
Cryptochlorogenic Acid,7050.47424112433,-10.073545385387773
Cryptochlorogenic Acid,7046.61730768748,-15.553999597841148
Cryptochlorogenic Acid,7042.76037425063,-14.712099854433463
Cryptochlorogenic Acid,7038.90344081379,-11.116361424629115
Cryptochlorogenic Acid,7035.04650737694,1.8307824042310801
Cryptochlorogenic Acid,7031.18957394009,-9.3628632432264105
Cryptochlorogenic Acid,7027.33264050324,-11.124767102511667
Cryptochlorogenic Acid,7023.4757070664,-11.478711335591044
Cryptochlorogenic Acid,7019.61877362955,-9.5887720081233105
Cryptochlorogenic Acid,7015.7618401927,2.8866915780256552
Cryptochlorogenic Acid,7011.90490675585,4.2796390121105521
Cryptochlorogenic Acid,7008.04797331901,-12.980652528295616
Cryptochlorogenic Acid,7004.19103988216,-21.660505727555289
Cryptochlorogenic Acid,7000.33410644531,-19.093651316003619
Cryptochlorogenic Acid,6996.47717300847,-3.2669647962765844
Cryptochlorogenic Acid,6992.62023957162,5.1729848822688664
Cryptochlorogenic Acid,6988.76330613477,9.3034493479884901
Cryptochlorogenic Acid,6984.90637269792,4.4667190655762061
Cryptochlorogenic Acid,6981.04943926108,-2.5068302129288744
Cryptochlorogenic Acid,6977.19250582423,-3.3689513328559593
Cryptochlorogenic Acid,6973.33557238738,0.01752137029900433
Cryptochlorogenic Acid,6969.47863895053,5.8121382763687617
Cryptochlorogenic Acid,6965.62170551369,11.125872882481213
Cryptochlorogenic Acid,6961.76477207684,4.369700464375069
Cryptochlorogenic Acid,6957.90783863999,-0.51373794040999998
Cryptochlorogenic Acid,6954.05090520315,-10.083911188937678
Cryptochlorogenic Acid,6950.1939717663,-12.662026102328364
Cryptochlorogenic Acid,6946.33703832945,-6.0321952351152941
Cryptochlorogenic Acid,6942.4801048926,4.0189047855593634
Cryptochlorogenic Acid,6938.62317145576,6.6499492656737393
Cryptochlorogenic Acid,6934.76623801891,3.7059431762896788
Cryptochlorogenic Acid,6930.90930458206,1.503559884345854
Cryptochlorogenic Acid,6927.05237114521,-8.6257105021829279
Cryptochlorogenic Acid,6923.19543770837,-14.717546217529684
Cryptochlorogenic Acid,6919.33850427152,-13.283806871178168
Cryptochlorogenic Acid,6915.48157083467,-21.57141481500814
Cryptochlorogenic Acid,6911.62463739783,-17.050381405652509
Cryptochlorogenic Acid,6907.76770396098,-8.0201301019839963
Cryptochlorogenic Acid,6903.91077052413,-6.5678270943149064
Cryptochlorogenic Acid,6900.05383708728,-13.597209397325088
Cryptochlorogenic Acid,6896.19690365044,-14.548324230265974
Cryptochlorogenic Acid,6892.33997021359,-21.726213113430671
Cryptochlorogenic Acid,6888.48303677674,-19.398753015361134
Cryptochlorogenic Acid,6884.62610333989,-18.909798260711099
Cryptochlorogenic Acid,6880.76916990305,-14.973532423133067
Cryptochlorogenic Acid,6876.9122364662,-17.14430359189279
Cryptochlorogenic Acid,6873.05530302935,-20.792471040897141
Cryptochlorogenic Acid,6869.19836959251,-19.9161157551382
Cryptochlorogenic Acid,6865.34143615566,-11.131285070117096
Cryptochlorogenic Acid,6861.48450271881,-13.653811698474943
Cryptochlorogenic Acid,6857.62756928196,-17.899762434241332
Cryptochlorogenic Acid,6853.77063584512,-21.939474925429987
Cryptochlorogenic Acid,6849.91370240827,-22.107039293894886
Cryptochlorogenic Acid,6846.05676897142,-18.553438028902281
Cryptochlorogenic Acid,6842.19983553457,-17.333438389956243
Cryptochlorogenic Acid,6838.34290209773,-17.1782677985811
Cryptochlorogenic Acid,6834.48596866088,-12.466176983872403
Cryptochlorogenic Acid,6830.62903522403,-4.8195202868070242
Cryptochlorogenic Acid,6826.77210178718,1.3104601242971896
Cryptochlorogenic Acid,6822.91516835034,-2.9898548261063373
Cryptochlorogenic Acid,6819.05823491349,-5.258900741272245
Cryptochlorogenic Acid,6815.20130147664,2.578861971923748
Cryptochlorogenic Acid,6811.3443680398,1.1516827189996051
Cryptochlorogenic Acid,6807.48743460295,-5.3154490380161885
Cryptochlorogenic Acid,6803.6305011661,-4.058162205453324
Cryptochlorogenic Acid,6799.77356772925,-1.0773660658975648
Cryptochlorogenic Acid,6795.91663429241,-1.47561444916347
Cryptochlorogenic Acid,6792.05970085556,-5.9981703498243606
Cryptochlorogenic Acid,6788.20276741871,-3.3426975633090756
Cryptochlorogenic Acid,6784.34583398186,0.46985002013220162
Cryptochlorogenic Acid,6780.48890054502,2.0423251867592236
Cryptochlorogenic Acid,6776.63196710817,1.1775840165460749
Cryptochlorogenic Acid,6772.77503367132,10.036534633525235
Cryptochlorogenic Acid,6768.91810023448,9.4472339642521312
Cryptochlorogenic Acid,6765.06116679763,11.272711270202249
Cryptochlorogenic Acid,6761.20423336078,13.39082425064011
Cryptochlorogenic Acid,6757.34729992393,18.029507973249267
Cryptochlorogenic Acid,6753.49036648709,17.754955860479377
Cryptochlorogenic Acid,6749.63343305024,16.298470929341494
Cryptochlorogenic Acid,6745.77649961339,11.358812343838069
Cryptochlorogenic Acid,6741.91956617654,13.610767354478448
Cryptochlorogenic Acid,6738.0626327397,14.974454707042238
Cryptochlorogenic Acid,6734.20569930285,12.034690422308143
Cryptochlorogenic Acid,6730.348765866,13.031611350975606
Cryptochlorogenic Acid,6726.49183242916,22.148421604391476
Cryptochlorogenic Acid,6722.63489899231,26.667463976498709
Cryptochlorogenic Acid,6718.77796555546,26.667221650246649
Cryptochlorogenic Acid,6714.92103211861,22.756088721558235
Cryptochlorogenic Acid,6711.06409868177,24.183353484015811
Cryptochlorogenic Acid,6707.20716524492,19.941588903971443
Cryptochlorogenic Acid,6703.35023180807,17.768644395905863
Cryptochlorogenic Acid,6699.49329837122,17.879501775755408
Cryptochlorogenic Acid,6695.63636493438,21.533699738706179
Cryptochlorogenic Acid,6691.77943149753,30.112801576099208
Cryptochlorogenic Acid,6687.92249806068,26.029532889565544
Cryptochlorogenic Acid,6684.06556462384,16.116404030782999
Cryptochlorogenic Acid,6680.20863118699,18.166086307110639
Cryptochlorogenic Acid,6676.35169775014,18.258468356208606
Cryptochlorogenic Acid,6672.49476431329,24.07135363369952
Cryptochlorogenic Acid,6668.63783087645,24.470467452747307
Cryptochlorogenic Acid,6664.7808974396,27.60499008217236
Cryptochlorogenic Acid,6660.92396400275,22.565673794582448
Cryptochlorogenic Acid,6657.0670305659,25.352489334695544
Cryptochlorogenic Acid,6653.21009712906,29.107774797162485
Cryptochlorogenic Acid,6649.35316369221,30.162843441586993
Cryptochlorogenic Acid,6645.49623025536,23.714172389395642
Cryptochlorogenic Acid,6641.63929681852,23.53560396219623
Cryptochlorogenic Acid,6637.78236338167,22.643912661875397
Cryptochlorogenic Acid,6633.92542994482,27.579834027544219
Cryptochlorogenic Acid,6630.06849650797,24.964906162315913
Cryptochlorogenic Acid,6626.21156307113,23.381605631819863
Cryptochlorogenic Acid,6622.35462963428,20.45644392035355
Cryptochlorogenic Acid,6618.49769619743,15.195296058773694
Cryptochlorogenic Acid,6614.64076276058,20.081034777705749
Cryptochlorogenic Acid,6610.78382932374,23.808930086085777
Cryptochlorogenic Acid,6606.92689588689,17.991726916243358
Cryptochlorogenic Acid,6603.06996245004,18.172506955157132
Cryptochlorogenic Acid,6599.2130290132,15.616865875136991
Cryptochlorogenic Acid,6595.35609557635,17.509594944753598
Cryptochlorogenic Acid,6591.4991621395,21.160470091088481
Cryptochlorogenic Acid,6587.64222870265,19.618953578744232
Cryptochlorogenic Acid,6583.78529526581,17.678712490837107
Cryptochlorogenic Acid,6579.92836182896,20.793093817469636
Cryptochlorogenic Acid,6576.07142839211,20.219101076848734
Cryptochlorogenic Acid,6572.21449495526,15.260523283854583
Cryptochlorogenic Acid,6568.35756151842,10.244855591737778
Cryptochlorogenic Acid,6564.50062808157,9.7825426139817733
Cryptochlorogenic Acid,6560.64369464472,22.072652444164103
Cryptochlorogenic Acid,6556.78676120788,17.381866527481385
Cryptochlorogenic Acid,6552.92982777103,2.7111207397421606
Cryptochlorogenic Acid,6549.07289433418,-1.2809732510766423
Cryptochlorogenic Acid,6545.21596089733,1.9079458935795472
Cryptochlorogenic Acid,6541.35902746049,9.4151209880076578
Cryptochlorogenic Acid,6537.50209402364,10.941070076974594
Cryptochlorogenic Acid,6533.64516058679,8.0005697247861676
Cryptochlorogenic Acid,6529.78822714994,6.2888652812205104
Cryptochlorogenic Acid,6525.9312937131,5.8823221463075814
Cryptochlorogenic Acid,6522.07436027625,5.5617757226076376
Cryptochlorogenic Acid,6518.2174268394,-1.0922765193615624
Cryptochlorogenic Acid,6514.36049340256,-2.8976926210362617
Cryptochlorogenic Acid,6510.50355996571,-0.43303755581113129
Cryptochlorogenic Acid,6506.64662652886,2.8482128352320886
Cryptochlorogenic Acid,6502.78969309201,1.1575999407191422
Cryptochlorogenic Acid,6498.93275965517,-2.5984278693927303
Cryptochlorogenic Acid,6495.07582621832,-6.9313673686800383
Cryptochlorogenic Acid,6491.21889278147,-6.9218386348173402
Cryptochlorogenic Acid,6487.36195934462,-10.499721121826854
Cryptochlorogenic Acid,6483.50502590778,-21.351553919159496
Cryptochlorogenic Acid,6479.64809247093,-28.541417051727041
Cryptochlorogenic Acid,6475.79115903408,-21.560306773943921
Cryptochlorogenic Acid,6471.93422559724,-16.080727359994302
Cryptochlorogenic Acid,6468.07729216039,-10.889027270406942
Cryptochlorogenic Acid,6464.22035872354,-12.684569873503975
Cryptochlorogenic Acid,6460.36342528669,-20.347449055920322
Cryptochlorogenic Acid,6456.50649184985,-22.049994364220854
Cryptochlorogenic Acid,6452.649558413,-15.212182419533001
Cryptochlorogenic Acid,6448.79262497615,-14.91212877536495
Cryptochlorogenic Acid,6444.9356915393,-10.783504905711117
Cryptochlorogenic Acid,6441.07875810246,-9.0566002007531612
Cryptochlorogenic Acid,6437.22182466561,-15.418926566594974
Cryptochlorogenic Acid,6433.36489122876,-23.014033395019609
Cryptochlorogenic Acid,6429.50795779192,-26.233572826839684
Cryptochlorogenic Acid,6425.65102435507,-27.35081420801405
Cryptochlorogenic Acid,6421.79409091822,-24.067435057281937
Cryptochlorogenic Acid,6417.93715748137,-19.325700677668323
Cryptochlorogenic Acid,6414.08022404453,-22.357046592075367
Cryptochlorogenic Acid,6410.22329060768,-24.906236576411423
Cryptochlorogenic Acid,6406.36635717083,-22.498968151371404
Cryptochlorogenic Acid,6402.50942373398,-20.507887812155328
Cryptochlorogenic Acid,6398.65249029714,-22.758170135933074
Cryptochlorogenic Acid,6394.79555686029,-25.62233949207172
Cryptochlorogenic Acid,6390.93862342344,-31.052109446422158
Cryptochlorogenic Acid,6387.08168998659,-27.246158613897034
Cryptochlorogenic Acid,6383.22475654975,-28.112441463527013
Cryptochlorogenic Acid,6379.3678231129,-35.420737791466557
Cryptochlorogenic Acid,6375.51088967605,-37.630526581858213
Cryptochlorogenic Acid,6371.6539562392,-28.193174821471572
Cryptochlorogenic Acid,6367.79702280236,-20.042784242097365
Cryptochlorogenic Acid,6363.94008936551,-21.776358796408257
Cryptochlorogenic Acid,6360.08315592866,-20.911899242708088
Cryptochlorogenic Acid,6356.22622249182,-17.697887083631109
Cryptochlorogenic Acid,6352.36928905497,-20.212561387310128
Cryptochlorogenic Acid,6348.51235561812,-23.481347613171668
Cryptochlorogenic Acid,6344.65542218127,-25.340073325653954
Cryptochlorogenic Acid,6340.79848874443,-29.751693081695475
Cryptochlorogenic Acid,6336.94155530758,-25.899660702714506
Cryptochlorogenic Acid,6333.08462187073,-32.17151386395269
Cryptochlorogenic Acid,6329.22768843388,-36.597599949769979
Cryptochlorogenic Acid,6325.37075499704,-36.266699923050325
Cryptochlorogenic Acid,6321.51382156019,-32.364251998690911
Cryptochlorogenic Acid,6317.65688812334,-23.418723582663134
Cryptochlorogenic Acid,6313.7999546865,-23.216330563463419
Cryptochlorogenic Acid,6309.94302124965,-26.049528170249673
Cryptochlorogenic Acid,6306.0860878128,-20.221875870538721
Cryptochlorogenic Acid,6302.22915437595,-21.312640279915854
Cryptochlorogenic Acid,6298.37222093911,-21.192512596676149
Cryptochlorogenic Acid,6294.51528750226,-20.234512715107197
Cryptochlorogenic Acid,6290.65835406541,-19.32690733140338
Cryptochlorogenic Acid,6286.80142062856,-18.29395019360258
Cryptochlorogenic Acid,6282.94448719172,-19.493985500787335
Cryptochlorogenic Acid,6279.08755375487,-19.231978620228571
Cryptochlorogenic Acid,6275.23062031802,-15.623791069825021
Cryptochlorogenic Acid,6271.37368688118,-17.868092299580539
Cryptochlorogenic Acid,6267.51675344433,-18.994835572387522
Cryptochlorogenic Acid,6263.65982000748,-16.399015118671684
Cryptochlorogenic Acid,6259.80288657063,-12.858319279942716
Cryptochlorogenic Acid,6255.94595313379,-16.01321362566604
Cryptochlorogenic Acid,6252.08901969694,-17.900728567508427
Cryptochlorogenic Acid,6248.23208626009,-9.1485102636532929
Cryptochlorogenic Acid,6244.37515282324,-9.346618313987987
Cryptochlorogenic Acid,6240.5182193864,-16.643905573936092
Cryptochlorogenic Acid,6236.66128594955,-13.122781133544301
Cryptochlorogenic Acid,6232.8043525127,-8.8315790499275622
Cryptochlorogenic Acid,6228.94741907586,-1.9806396430211455
Cryptochlorogenic Acid,6225.09048563901,-4.5831674603910137
Cryptochlorogenic Acid,6221.23355220216,-12.38919151309044
Cryptochlorogenic Acid,6217.37661876531,-3.1973107089524273
Cryptochlorogenic Acid,6213.51968532847,4.6318843671545
Cryptochlorogenic Acid,6209.66275189162,-0.43907381644852583
Cryptochlorogenic Acid,6205.80581845477,0.71968162024253202
Cryptochlorogenic Acid,6201.94888501792,3.0351938538396044
Cryptochlorogenic Acid,6198.09195158108,7.5536380517434925
Cryptochlorogenic Acid,6194.23501814423,2.4084975651868552
Cryptochlorogenic Acid,6190.37808470738,0.77327809883982446
Cryptochlorogenic Acid,6186.52115127054,9.1240807498343095
Cryptochlorogenic Acid,6182.66421783369,21.76107966700885
Cryptochlorogenic Acid,6178.80728439684,22.741147606592037
Cryptochlorogenic Acid,6174.95035095999,25.267636530546742
Cryptochlorogenic Acid,6171.09341752315,22.761109489779884
Cryptochlorogenic Acid,6167.2364840863,17.541704328300884
Cryptochlorogenic Acid,6163.37955064945,23.591781226277874
Cryptochlorogenic Acid,6159.5226172126,30.620712196243318
Cryptochlorogenic Acid,6155.66568377576,23.485927531516097
Cryptochlorogenic Acid,6151.80875033891,17.549536045024446
Cryptochlorogenic Acid,6147.95181690206,16.966183999800446
Cryptochlorogenic Acid,6144.09488346522,14.045338499340433
Cryptochlorogenic Acid,6140.23795002837,6.331683958868946
Cryptochlorogenic Acid,6136.38101659152,14.4091565274529
Cryptochlorogenic Acid,6132.52408315467,16.375894865082568
Cryptochlorogenic Acid,6128.66714971783,10.761714711210372
Cryptochlorogenic Acid,6124.81021628098,4.342940414827301
Cryptochlorogenic Acid,6120.95328284413,4.5991218260944047
Cryptochlorogenic Acid,6117.09634940728,-0.68895311717806063
Cryptochlorogenic Acid,6113.23941597044,-4.8942712175187655
Cryptochlorogenic Acid,6109.38248253359,-3.265999694832757
Cryptochlorogenic Acid,6105.52554909674,1.5130411931562229
Cryptochlorogenic Acid,6101.6686156599,4.3369145384503112
Cryptochlorogenic Acid,6097.81168222305,2.5312168009665541
Cryptochlorogenic Acid,6093.9547487862,8.0945922357282036
Cryptochlorogenic Acid,6090.09781534935,14.247931991036713
Cryptochlorogenic Acid,6086.24088191251,16.231969779439456
Cryptochlorogenic Acid,6082.38394847566,19.277563228274008
Cryptochlorogenic Acid,6078.52701503881,17.137025756026997
Cryptochlorogenic Acid,6074.67008160196,13.737121713590838
Cryptochlorogenic Acid,6070.81314816512,10.910837106311
Cryptochlorogenic Acid,6066.95621472827,6.0486117345936972
Cryptochlorogenic Acid,6063.09928129142,5.1181447482264577
Cryptochlorogenic Acid,6059.24234785458,6.9892457247689359
Cryptochlorogenic Acid,6055.38541441773,5.2307660133760114
Cryptochlorogenic Acid,6051.52848098088,7.3081074202823846
Cryptochlorogenic Acid,6047.67154754403,-0.0057374102334488758
Cryptochlorogenic Acid,6043.81461410719,4.1559464416801868
Cryptochlorogenic Acid,6039.95768067034,8.4112190399377784
Cryptochlorogenic Acid,6036.10074723349,18.179454441962523
Cryptochlorogenic Acid,6032.24381379664,13.179845777288037
Cryptochlorogenic Acid,6028.3868803598,11.737893025731923
Cryptochlorogenic Acid,6024.52994692295,17.817662602030019
Cryptochlorogenic Acid,6020.6730134861,26.29408144880037
Cryptochlorogenic Acid,6016.81608004926,28.972195507960734
Cryptochlorogenic Acid,6012.95914661241,28.603019026029518
Cryptochlorogenic Acid,6009.10221317556,23.16437900480712
Cryptochlorogenic Acid,6005.24527973871,21.520956950614853
Cryptochlorogenic Acid,6001.38834630187,21.136406404994563
Cryptochlorogenic Acid,5997.53141286502,32.141529963688583
Cryptochlorogenic Acid,5993.67447942817,33.338983423237657
Cryptochlorogenic Acid,5989.81754599132,26.667182459528021
Cryptochlorogenic Acid,5985.96061255448,38.380150058394065
Cryptochlorogenic Acid,5982.10367911763,51.472064003658666
Cryptochlorogenic Acid,5978.24674568078,41.79178259734001
Cryptochlorogenic Acid,5974.38981224394,39.241929284589439
Cryptochlorogenic Acid,5970.53287880709,46.148191682020453
Cryptochlorogenic Acid,5966.67594537024,54.07941010155718
Cryptochlorogenic Acid,5962.81901193339,47.938411364724608
Cryptochlorogenic Acid,5958.96207849655,28.76832139514368
Cryptochlorogenic Acid,5955.1051450597,21.753312333628656
Cryptochlorogenic Acid,5951.24821162285,20.577032467132167
Cryptochlorogenic Acid,5947.391278186,19.270239190388171
Cryptochlorogenic Acid,5943.53434474916,14.811593810985304
Cryptochlorogenic Acid,5939.67741131231,8.4433059464632887
Cryptochlorogenic Acid,5935.82047787546,-4.0949291743680947
Cryptochlorogenic Acid,5931.96354443862,-20.574162876751849
Cryptochlorogenic Acid,5928.10661100177,-26.347989416755969
Cryptochlorogenic Acid,5924.24967756492,-22.788497136442054
Cryptochlorogenic Acid,5920.39274412807,-18.486616614644088
Cryptochlorogenic Acid,5916.53581069123,-33.693718634821941
Cryptochlorogenic Acid,5912.67887725438,-36.306812248958522
Cryptochlorogenic Acid,5908.82194381753,-28.462048107508114
Cryptochlorogenic Acid,5904.96501038068,-21.990160049437279
Cryptochlorogenic Acid,5901.10807694384,-16.048336756702895
Cryptochlorogenic Acid,5897.25114350699,-14.138355430002278
Cryptochlorogenic Acid,5893.39421007014,-17.743559822833049
Cryptochlorogenic Acid,5889.5372766333,-19.561143732197426
Cryptochlorogenic Acid,5885.68034319645,-19.025582117929929
Cryptochlorogenic Acid,5881.8234097596,-11.190986609246254
Cryptochlorogenic Acid,5877.96647632275,-8.581323147857578
Cryptochlorogenic Acid,5874.10954288591,-7.3752035213699303
Cryptochlorogenic Acid,5870.25260944906,-10.07698730460147
Cryptochlorogenic Acid,5866.39567601221,-1.7007233732157836
Cryptochlorogenic Acid,5862.53874257536,-3.136941148396708
Cryptochlorogenic Acid,5858.68180913852,-3.2920398960578394
Cryptochlorogenic Acid,5854.82487570167,3.2110328513303146
Cryptochlorogenic Acid,5850.96794226482,8.6264912125662683
Cryptochlorogenic Acid,5847.11100882798,16.380088903382187
Cryptochlorogenic Acid,5843.25407539113,32.471452561964149
Cryptochlorogenic Acid,5839.39714195428,31.72199701469653
Cryptochlorogenic Acid,5835.54020851743,31.726702024079945
Cryptochlorogenic Acid,5831.68327508059,39.296055788521144
Cryptochlorogenic Acid,5827.82634164374,37.467802847596367
Cryptochlorogenic Acid,5823.96940820689,23.283779060652634
Cryptochlorogenic Acid,5820.11247477004,18.251416868986766
Cryptochlorogenic Acid,5816.2555413332,13.900812154339432
Cryptochlorogenic Acid,5812.39860789635,11.207293743801552
Cryptochlorogenic Acid,5808.5416744595,-6.8668057419720316
Cryptochlorogenic Acid,5804.68474102266,-23.950634132554999
Cryptochlorogenic Acid,5800.82780758581,-36.204147313681609
Cryptochlorogenic Acid,5796.97087414896,-36.475800464514506
Cryptochlorogenic Acid,5793.11394071211,-35.417911922588871
Cryptochlorogenic Acid,5789.25700727527,-36.498063402087503
Cryptochlorogenic Acid,5785.40007383842,-36.206576961236593
Cryptochlorogenic Acid,5781.54314040157,-27.467799104065787
Cryptochlorogenic Acid,5777.68620696472,-22.286751825154109
Cryptochlorogenic Acid,5773.82927352788,-17.356892782334793
Cryptochlorogenic Acid,5769.97234009103,-13.949513508418747
Cryptochlorogenic Acid,5766.11540665418,-11.873008623267491
Cryptochlorogenic Acid,5762.25847321733,-9.0987300909367086
Cryptochlorogenic Acid,5758.40153978049,-1.3701576340520421
Cryptochlorogenic Acid,5754.54460634364,-3.1922854977116386
Cryptochlorogenic Acid,5750.68767290679,-12.530148582530465
Cryptochlorogenic Acid,5746.83073946995,-22.135228309952637
Cryptochlorogenic Acid,5742.9738060331,-16.727584683211624
Cryptochlorogenic Acid,5739.11687259625,-13.80420639484122
Cryptochlorogenic Acid,5735.2599391594,-16.115193785611069
Cryptochlorogenic Acid,5731.40300572256,-26.784953143517725
Cryptochlorogenic Acid,5727.54607228571,-32.576477905984227
Cryptochlorogenic Acid,5723.68913884886,-40.296109590714465
Cryptochlorogenic Acid,5719.83220541201,-33.158366868432068
Cryptochlorogenic Acid,5715.97527197517,-28.463895047146984
Cryptochlorogenic Acid,5712.11833853832,-20.46721869577971
Cryptochlorogenic Acid,5708.26140510147,-19.979317032015736
Cryptochlorogenic Acid,5704.40447166463,-11.634208574672035
Cryptochlorogenic Acid,5700.54753822778,-6.0210047126222541
Cryptochlorogenic Acid,5696.69060479093,9.8486416092905156
Cryptochlorogenic Acid,5692.83367135408,11.99865256783562
Cryptochlorogenic Acid,5688.97673791724,24.168239751089263
Cryptochlorogenic Acid,5685.11980448039,39.699689775263948
Cryptochlorogenic Acid,5681.26287104354,53.67017684914704
Cryptochlorogenic Acid,5677.40593760669,47.793579230609481
Cryptochlorogenic Acid,5673.54900416985,49.121245747889333
Cryptochlorogenic Acid,5669.692070733,49.891633649699784
Cryptochlorogenic Acid,5665.83513729615,53.886667543429439
Cryptochlorogenic Acid,5661.97820385931,52.486094461053639
Cryptochlorogenic Acid,5658.12127042246,49.79399626349138
Cryptochlorogenic Acid,5654.26433698561,44.200124303918813
Cryptochlorogenic Acid,5650.40740354876,35.25058297455022
Cryptochlorogenic Acid,5646.55047011192,23.709027440372036
Cryptochlorogenic Acid,5642.69353667507,21.289459760204018
Cryptochlorogenic Acid,5638.83660323822,11.520369285145019
Cryptochlorogenic Acid,5634.97966980137,6.030614656507562
Cryptochlorogenic Acid,5631.12273636453,8.8708426755457346
Cryptochlorogenic Acid,5627.26580292768,3.0344456329538829
Cryptochlorogenic Acid,5623.40886949083,-0.53358649017332227
Cryptochlorogenic Acid,5619.55193605399,-6.6451118670529974
Cryptochlorogenic Acid,5615.69500261714,-14.633013189718802
Cryptochlorogenic Acid,5611.83806918029,-12.439315196867319
Cryptochlorogenic Acid,5607.98113574344,-14.443974117065229
Cryptochlorogenic Acid,5604.1242023066,-7.4694762077788948
Cryptochlorogenic Acid,5600.26726886975,-17.677497944631952
Cryptochlorogenic Acid,5596.4103354329,-10.047936077192398
Cryptochlorogenic Acid,5592.55340199605,-7.832902432611851
Cryptochlorogenic Acid,5588.69646855921,-4.0108959617475506
Cryptochlorogenic Acid,5584.83953512236,-6.7974347980717624
Cryptochlorogenic Acid,5580.98260168551,-14.12946041704736
Cryptochlorogenic Acid,5577.12566824867,-19.546477120676123
Cryptochlorogenic Acid,5573.26873481182,-13.144648209681014
Cryptochlorogenic Acid,5569.41180137497,-3.5249586336825214
Cryptochlorogenic Acid,5565.55486793812,6.8016824331586756
Cryptochlorogenic Acid,5561.69793450128,5.2372668312260409
Cryptochlorogenic Acid,5557.84100106443,-3.1244726502635309
Cryptochlorogenic Acid,5553.98406762758,-4.6085720396013947
Cryptochlorogenic Acid,5550.12713419073,3.9278049599563296
Cryptochlorogenic Acid,5546.27020075389,-11.068400018835355
Cryptochlorogenic Acid,5542.41326731704,-10.61000552283687
Cryptochlorogenic Acid,5538.55633388019,8.5444032181185037
Cryptochlorogenic Acid,5534.69940044334,25.671500737356574
Cryptochlorogenic Acid,5530.8424670065,2.9467897220838175
Cryptochlorogenic Acid,5526.98553356965,-7.6873195308942499
Cryptochlorogenic Acid,5523.1286001328,-10.418312950114917
Cryptochlorogenic Acid,5519.27166669596,3.6400895657182235
Cryptochlorogenic Acid,5515.41473325911,-1.1969942136018126
Cryptochlorogenic Acid,5511.55779982226,-7.1505178458637051
Cryptochlorogenic Acid,5507.70086638541,-2.2594737767996542
Cryptochlorogenic Acid,5503.84393294857,11.833243361115029
Cryptochlorogenic Acid,5499.98699951172,3.726473166783193
Cryptochlorogenic Acid,5496.13006607487,2.2000120955342934
Cryptochlorogenic Acid,5492.27313263802,-6.4532340317213608
Cryptochlorogenic Acid,5488.41619920118,-2.9852471323400103
Cryptochlorogenic Acid,5484.55926576433,-8.5280228699225287
Cryptochlorogenic Acid,5480.70233232748,-12.688234400506099
Cryptochlorogenic Acid,5476.84539889064,-3.533167258793771
Cryptochlorogenic Acid,5472.98846545379,10.779532730310539
Cryptochlorogenic Acid,5469.13153201694,-3.3042844726182308
Cryptochlorogenic Acid,5465.27459858009,-1.6809794757119898
Cryptochlorogenic Acid,5461.41766514325,0.69700083153424208
Cryptochlorogenic Acid,5457.5607317064,16.394635168409568
Cryptochlorogenic Acid,5453.70379826955,8.5909139423113139
Cryptochlorogenic Acid,5449.8468648327,4.091699282208948
Cryptochlorogenic Acid,5445.98993139586,9.8774843070258385
Cryptochlorogenic Acid,5442.13299795901,26.566406165596188
Cryptochlorogenic Acid,5438.27606452216,14.243438454270288
Cryptochlorogenic Acid,5434.41913108532,-1.1924435847294172
Cryptochlorogenic Acid,5430.56219764847,-22.258761825725912
Cryptochlorogenic Acid,5426.70526421162,11.931023947981069
Cryptochlorogenic Acid,5422.84833077477,10.107090965452999
Cryptochlorogenic Acid,5418.99139733793,1.4546560490018212
Cryptochlorogenic Acid,5415.13446390108,-8.6227874724036937
Cryptochlorogenic Acid,5411.27753046423,-9.4615338653917078
Cryptochlorogenic Acid,5407.42059702738,-9.9571522000580082
Cryptochlorogenic Acid,5403.56366359054,3.0016500130826738
Cryptochlorogenic Acid,5399.70673015369,-11.458170873260981
Cryptochlorogenic Acid,5395.84979671684,-16.980170619789661
Cryptochlorogenic Acid,5391.99286328,-38.007602178665501
Cryptochlorogenic Acid,5388.13592984315,-5.1610809845561896
Cryptochlorogenic Acid,5384.2789964063,24.840241625522363
Cryptochlorogenic Acid,5380.42206296945,34.303449716080699
Cryptochlorogenic Acid,5376.56512953261,12.620798300388941
Cryptochlorogenic Acid,5372.70819609576,-10.690302319590577
Cryptochlorogenic Acid,5368.85126265891,-12.035453498567092
Cryptochlorogenic Acid,5364.99432922206,12.865811093989169
Cryptochlorogenic Acid,5361.13739578522,7.7878145470731885
Cryptochlorogenic Acid,5357.28046234837,13.574021658896966
Cryptochlorogenic Acid,5353.42352891152,16.794027951211422
Cryptochlorogenic Acid,5349.56659547468,24.265754308644706
Cryptochlorogenic Acid,5345.70966203783,-10.331527025942504
Cryptochlorogenic Acid,5341.85272860098,-23.872290899258026
Cryptochlorogenic Acid,5337.99579516413,-15.139664037045828
Cryptochlorogenic Acid,5334.13886172729,6.7319619750467616
Cryptochlorogenic Acid,5330.28192829044,-19.042214713953484
Cryptochlorogenic Acid,5326.42499485359,-34.701664089925302
Cryptochlorogenic Acid,5322.56806141674,-41.418585249789118
Cryptochlorogenic Acid,5318.7111279799,-22.168241916816243
Cryptochlorogenic Acid,5314.85419454305,-26.191103999918518
Cryptochlorogenic Acid,5310.9972611062,-21.548613461957071
Cryptochlorogenic Acid,5307.14032766935,-36.704832868872515
Cryptochlorogenic Acid,5303.28339423251,-35.916935921330357
Cryptochlorogenic Acid,5299.42646079566,-38.703381650275517
Cryptochlorogenic Acid,5295.56952735881,-24.601714482119672
Cryptochlorogenic Acid,5291.71259392197,-28.875331793207156
Cryptochlorogenic Acid,5287.85566048512,-36.799315740029407
Cryptochlorogenic Acid,5283.99872704827,-40.424245485632781
Cryptochlorogenic Acid,5280.14179361142,-28.362629412197251
Cryptochlorogenic Acid,5276.28486017458,-21.594827610983739
Cryptochlorogenic Acid,5272.42792673773,-4.6470672090259502
Cryptochlorogenic Acid,5268.57099330088,1.050996711073104
Cryptochlorogenic Acid,5264.71405986403,-1.2620620028331766
Cryptochlorogenic Acid,5260.85712642719,-9.3492427924583978
Cryptochlorogenic Acid,5257.00019299034,9.9028015432906624
Cryptochlorogenic Acid,5253.14325955349,11.933757008392085
Cryptochlorogenic Acid,5249.28632611665,25.154803217297054
Cryptochlorogenic Acid,5245.4293926798,14.583990564056638
Cryptochlorogenic Acid,5241.57245924295,10.372149024647586
Cryptochlorogenic Acid,5237.7155258061,24.776687539075247
Cryptochlorogenic Acid,5233.85859236926,32.275769152206941
Cryptochlorogenic Acid,5230.00165893241,34.486385251045938
Cryptochlorogenic Acid,5226.14472549556,30.308572913285381
Cryptochlorogenic Acid,5222.28779205871,21.442279019537004
Cryptochlorogenic Acid,5218.43085862187,21.851644854913463
Cryptochlorogenic Acid,5214.57392518502,20.572281986976929
Cryptochlorogenic Acid,5210.71699174817,26.865869308270625
Cryptochlorogenic Acid,5206.86005831133,18.648549198641849
Cryptochlorogenic Acid,5203.00312487448,5.1541045845028801
Cryptochlorogenic Acid,5199.14619143763,10.822774954254371
Cryptochlorogenic Acid,5195.28925800078,9.962763263665348
Cryptochlorogenic Acid,5191.43232456394,6.1260184375146203
Cryptochlorogenic Acid,5187.57539112709,3.2874904038621984
Cryptochlorogenic Acid,5183.71845769024,-1.7981444622381584
Cryptochlorogenic Acid,5179.86152425339,-5.8700464867845357
Cryptochlorogenic Acid,5176.00459081655,-8.2892578080786183
Cryptochlorogenic Acid,5172.1476573797,-10.185887212196587
Cryptochlorogenic Acid,5168.29072394285,-7.626175553326342
Cryptochlorogenic Acid,5164.43379050601,-12.469471312736047
Cryptochlorogenic Acid,5160.57685706916,-16.341888525314154
Cryptochlorogenic Acid,5156.71992363231,-15.309401877477015
Cryptochlorogenic Acid,5152.86299019546,-13.252918472685581
Cryptochlorogenic Acid,5149.00605675862,-11.596037023219417
Cryptochlorogenic Acid,5145.14912332177,-9.8479796251620648
Cryptochlorogenic Acid,5141.29218988492,-8.089546905186717
Cryptochlorogenic Acid,5137.43525644807,-5.9463362505633199
Cryptochlorogenic Acid,5133.57832301123,-9.0411719746812267
Cryptochlorogenic Acid,5129.72138957438,-5.1124639576180035
Cryptochlorogenic Acid,5125.86445613753,-2.1273617481720244
Cryptochlorogenic Acid,5122.00752270069,0.60777592950296755
Cryptochlorogenic Acid,5118.15058926384,-0.39996839237388415
Cryptochlorogenic Acid,5114.29365582699,3.8998051041389692
Cryptochlorogenic Acid,5110.43672239014,1.2258053977180328
Cryptochlorogenic Acid,5106.5797889533,1.97640177171442
Cryptochlorogenic Acid,5102.72285551645,5.3433202758355351
Cryptochlorogenic Acid,5098.8659220796,7.3771281016319703
Cryptochlorogenic Acid,5095.00898864275,7.8896850148302429
Cryptochlorogenic Acid,5091.15205520591,11.94579837101235
Cryptochlorogenic Acid,5087.29512176906,6.0260292288183956
Cryptochlorogenic Acid,5083.43818833221,4.6126140736797625
Cryptochlorogenic Acid,5079.58125489536,5.6743972692618598
Cryptochlorogenic Acid,5075.72432145852,9.6718028561723006
Cryptochlorogenic Acid,5071.86738802167,2.1609289407525392
Cryptochlorogenic Acid,5068.01045458482,-3.6132722282376508
Cryptochlorogenic Acid,5064.15352114798,-8.022631947478386
Cryptochlorogenic Acid,5060.29658771113,-7.9453405067545591
Cryptochlorogenic Acid,5056.43965427428,-10.523614779335785
Cryptochlorogenic Acid,5052.58272083743,-7.3755916164824473
Cryptochlorogenic Acid,5048.72578740059,-9.6525603230807899
Cryptochlorogenic Acid,5044.86885396374,-10.765220252893453
Cryptochlorogenic Acid,5041.01192052689,-16.778454935777191
Cryptochlorogenic Acid,5037.15498709004,-13.161518159703229
Cryptochlorogenic Acid,5033.2980536532,-14.332774156334033
Cryptochlorogenic Acid,5029.44112021635,-12.893234331345406
Cryptochlorogenic Acid,5025.5841867795,-15.264054767837781
Cryptochlorogenic Acid,5021.72725334266,-12.330480299707919
Cryptochlorogenic Acid,5017.87031990581,-13.746520809097559
Cryptochlorogenic Acid,5014.01338646896,-8.338051308264129
Cryptochlorogenic Acid,5010.15645303211,-7.4253706222969447
Cryptochlorogenic Acid,5006.29951959527,-3.4722626441242839
Cryptochlorogenic Acid,5002.44258615842,-1.9937083601157635
Cryptochlorogenic Acid,4998.58565272157,3.2764383055365713
Cryptochlorogenic Acid,4994.72871928472,4.5773948199924837
Cryptochlorogenic Acid,4990.87178584788,8.6952250343593072
Cryptochlorogenic Acid,4987.01485241103,8.1514309198866641
Cryptochlorogenic Acid,4983.15791897418,12.82442279835862
Cryptochlorogenic Acid,4979.30098553734,10.402283801018466
Cryptochlorogenic Acid,4975.44405210049,12.203601308496474
Cryptochlorogenic Acid,4971.58711866364,7.9328535046927948
Cryptochlorogenic Acid,4967.73018522679,7.969321425486922
Cryptochlorogenic Acid,4963.87325178995,3.6591556903261426
Cryptochlorogenic Acid,4960.0163183531,4.8806132759989262
Cryptochlorogenic Acid,4956.15938491625,4.1373365376710414
Cryptochlorogenic Acid,4952.3024514794,2.8519102604706235
Cryptochlorogenic Acid,4948.44551804256,-2.8929595183260393
Cryptochlorogenic Acid,4944.58858460571,-2.130782623718479
Cryptochlorogenic Acid,4940.73165116886,-7.016930098460807
Cryptochlorogenic Acid,4936.87471773202,-7.7657259377979342
Cryptochlorogenic Acid,4933.01778429517,-12.436719019158151
Cryptochlorogenic Acid,4929.16085085832,-6.5791415307680028
Cryptochlorogenic Acid,4925.30391742147,-7.3856054089827978
Cryptochlorogenic Acid,4921.44698398463,-8.0871981174141965
Cryptochlorogenic Acid,4917.59005054778,-15.624799727988126
Cryptochlorogenic Acid,4913.73311711093,-14.787915982108776
Cryptochlorogenic Acid,4909.87618367408,-15.106034074655902
Cryptochlorogenic Acid,4906.01925023724,-7.0423229327455061
Cryptochlorogenic Acid,4902.16231680039,-6.1246249477641239
Cryptochlorogenic Acid,4898.30538336354,-2.9373111138218464
Cryptochlorogenic Acid,4894.4484499267,-4.1723098676466961
Cryptochlorogenic Acid,4890.59151648985,-1.4224211301043213
Cryptochlorogenic Acid,4886.734583053,-0.95494236712629377
Cryptochlorogenic Acid,4882.87764961615,6.2294807365219258
Cryptochlorogenic Acid,4879.02071617931,6.1867706294401783
Cryptochlorogenic Acid,4875.16378274246,14.052950804173761
Cryptochlorogenic Acid,4871.30684930561,12.224957796362276
Cryptochlorogenic Acid,4867.44991586876,11.112460443042909
Cryptochlorogenic Acid,4863.59298243192,11.902365100250595
Cryptochlorogenic Acid,4859.73604899507,20.799286766530148
Cryptochlorogenic Acid,4855.87911555822,20.511597314494985
Cryptochlorogenic Acid,4852.02218212137,21.775871745642885
Cryptochlorogenic Acid,4848.16524868453,17.944818171137822
Cryptochlorogenic Acid,4844.30831524768,19.206501658626316
Cryptochlorogenic Acid,4840.45138181083,18.653377802020799
Cryptochlorogenic Acid,4836.59444837399,17.808986942426149
Cryptochlorogenic Acid,4832.73751493714,14.036343568822176
Cryptochlorogenic Acid,4828.88058150029,20.643259269931463
Cryptochlorogenic Acid,4825.02364806344,19.35966598032357
Cryptochlorogenic Acid,4821.1667146266,17.600267679771381
Cryptochlorogenic Acid,4817.30978118975,13.833676009306869
Cryptochlorogenic Acid,4813.4528477529,15.323949776280381
Cryptochlorogenic Acid,4809.59591431605,10.822690192789178
Cryptochlorogenic Acid,4805.73898087921,9.008205507723007
Cryptochlorogenic Acid,4801.88204744236,4.1457809850211085
Cryptochlorogenic Acid,4798.02511400551,6.036926254190722
Cryptochlorogenic Acid,4794.16818056867,2.0479731346585317
Cryptochlorogenic Acid,4790.31124713182,2.1501395252222602
Cryptochlorogenic Acid,4786.45431369497,-0.24192023686908909
Cryptochlorogenic Acid,4782.59738025812,-0.43306189852273874
Cryptochlorogenic Acid,4778.74044682128,-5.9757342120692547
Cryptochlorogenic Acid,4774.88351338443,-7.0918858324295773
Cryptochlorogenic Acid,4771.02657994758,-14.913276417689723
Cryptochlorogenic Acid,4767.16964651073,-15.312497437819252
Cryptochlorogenic Acid,4763.31271307389,-13.891023180932793
Cryptochlorogenic Acid,4759.45577963704,-12.322299595661258
Cryptochlorogenic Acid,4755.59884620019,-13.434370438686429
Cryptochlorogenic Acid,4751.74191276335,-11.446182993487067
Cryptochlorogenic Acid,4747.8849793265,-15.610700888290285
Cryptochlorogenic Acid,4744.02804588965,-16.576747220400506
Cryptochlorogenic Acid,4740.1711124528,-19.845462998969566
Cryptochlorogenic Acid,4736.31417901596,-16.644504582607073
Cryptochlorogenic Acid,4732.45724557911,-16.589247980400152
Cryptochlorogenic Acid,4728.60031214226,-14.415189138317112
Cryptochlorogenic Acid,4724.74337870541,-19.109096771075226
Cryptochlorogenic Acid,4720.88644526857,-18.506663054747431
Cryptochlorogenic Acid,4717.02951183172,-15.581619125376468
Cryptochlorogenic Acid,4713.17257839487,-8.2110451315595032
Cryptochlorogenic Acid,4709.31564495803,-8.1945839318716391
Cryptochlorogenic Acid,4705.45871152118,-4.2267174380580164
Cryptochlorogenic Acid,4701.60177808433,-4.6941164311157069
Cryptochlorogenic Acid,4697.74484464748,-4.7905389821496236
Cryptochlorogenic Acid,4693.88791121064,-6.5126644449147548
Cryptochlorogenic Acid,4690.03097777379,2.1585354820506746
Cryptochlorogenic Acid,4686.17404433694,4.2715094943281091
Cryptochlorogenic Acid,4682.31711090009,5.4082630488863082
Cryptochlorogenic Acid,4678.46017746325,5.4600852135648292
Cryptochlorogenic Acid,4674.6032440264,7.6884058675565292
Cryptochlorogenic Acid,4670.74631058955,4.7260709367161597
Cryptochlorogenic Acid,4666.88937715271,8.5198228743018216
Cryptochlorogenic Acid,4663.03244371586,11.271076100031214
Cryptochlorogenic Acid,4659.17551027901,18.813279891188461
Cryptochlorogenic Acid,4655.31857684216,15.123050749382699
Cryptochlorogenic Acid,4651.46164340532,19.078027297073778
Cryptochlorogenic Acid,4647.60470996847,13.970746523366449
Cryptochlorogenic Acid,4643.74777653162,20.175594824228597
Cryptochlorogenic Acid,4639.89084309477,25.285898612395521
Cryptochlorogenic Acid,4636.03390965793,29.514014951522377
Cryptochlorogenic Acid,4632.17697622108,20.394393594645944
Cryptochlorogenic Acid,4628.32004278423,20.30298006594623
Cryptochlorogenic Acid,4624.46310934739,21.123896388307912
Cryptochlorogenic Acid,4620.60617591054,22.13708162083114
Cryptochlorogenic Acid,4616.74924247369,13.798008341872746
Cryptochlorogenic Acid,4612.89230903684,16.182010230676916
Cryptochlorogenic Acid,4609.0353756,13.927186026578958
Cryptochlorogenic Acid,4605.17844216315,16.166111439612152
Cryptochlorogenic Acid,4601.3215087263,8.2233053433002929
Cryptochlorogenic Acid,4597.46457528945,5.542141728063144
Cryptochlorogenic Acid,4593.60764185261,3.6641988080788268
Cryptochlorogenic Acid,4589.75070841576,7.8873884796720901
Cryptochlorogenic Acid,4585.89377497891,4.4355009210497682
Cryptochlorogenic Acid,4582.03684154207,1.5643749356430761
Cryptochlorogenic Acid,4578.17990810522,-6.017792117336727
Cryptochlorogenic Acid,4574.32297466837,-2.3233271000441054
Cryptochlorogenic Acid,4570.46604123152,-5.349387863360211
Cryptochlorogenic Acid,4566.60910779468,-8.7086019015174809
Cryptochlorogenic Acid,4562.75217435783,-16.175714321032451
Cryptochlorogenic Acid,4558.89524092098,-13.860230443347085
Cryptochlorogenic Acid,4555.03830748413,-13.36867551771245
Cryptochlorogenic Acid,4551.18137404729,-13.931084518826943
Cryptochlorogenic Acid,4547.32444061044,-21.962309872509351
Cryptochlorogenic Acid,4543.46750717359,-23.851713194019734
Cryptochlorogenic Acid,4539.61057373675,-21.624653760639603
Cryptochlorogenic Acid,4535.7536402999,-7.1720181789080115
Cryptochlorogenic Acid,4531.89670686305,-1.3281662032568833
Cryptochlorogenic Acid,4528.0397734262,0.75429132950987243
Cryptochlorogenic Acid,4524.18283998936,-3.7634091503910359
Cryptochlorogenic Acid,4520.32590655251,-1.963166132004512
Cryptochlorogenic Acid,4516.46897311566,-6.292426827614598
Cryptochlorogenic Acid,4512.61203967881,0.064047784892245802
Cryptochlorogenic Acid,4508.75510624197,3.2933046836869586
Cryptochlorogenic Acid,4504.89817280512,4.2991753545863691
Cryptochlorogenic Acid,4501.04123936827,-1.8376238594754353
Cryptochlorogenic Acid,4497.18430593143,7.954500817002824
Cryptochlorogenic Acid,4493.32737249458,15.156726294042919
Cryptochlorogenic Acid,4489.47043905773,19.600316694005166
Cryptochlorogenic Acid,4485.61350562088,10.495134513418291
Cryptochlorogenic Acid,4481.75657218404,12.609900277774161
Cryptochlorogenic Acid,4477.89963874719,8.6241089720760229
Cryptochlorogenic Acid,4474.04270531034,13.393940369745412
Cryptochlorogenic Acid,4470.18577187349,15.349005244177864
Cryptochlorogenic Acid,4466.32883843665,20.568485975302497
Cryptochlorogenic Acid,4462.4719049998,10.426603095596969
Cryptochlorogenic Acid,4458.61497156295,8.6504276268818749
Cryptochlorogenic Acid,4454.75803812611,4.0504061215735145
Cryptochlorogenic Acid,4450.90110468926,4.6640641588143934
Cryptochlorogenic Acid,4447.04417125241,-1.6030300634721928
Cryptochlorogenic Acid,4443.18723781556,-2.7767452904003602
Cryptochlorogenic Acid,4439.33030437872,-15.010082080560338
Cryptochlorogenic Acid,4435.47337094187,-23.543635367141064
Cryptochlorogenic Acid,4431.61643750502,-33.211007979648713
Cryptochlorogenic Acid,4427.75950406817,-30.909561339938129
Cryptochlorogenic Acid,4423.90257063133,-32.045142730588942
Cryptochlorogenic Acid,4420.04563719448,-30.907934971052651
Cryptochlorogenic Acid,4416.18870375763,-31.522916331168467
Cryptochlorogenic Acid,4412.33177032078,-22.396849633491847
Cryptochlorogenic Acid,4408.47483688394,-19.300876691454931
Cryptochlorogenic Acid,4404.61790344709,-5.1390754579414555
Cryptochlorogenic Acid,4400.76097001024,2.1819432713020506
Cryptochlorogenic Acid,4396.9040365734,6.3493649966212367
Cryptochlorogenic Acid,4393.04710313655,2.6830113512290756
Cryptochlorogenic Acid,4389.1901696997,1.3102444211122308
Cryptochlorogenic Acid,4385.33323626285,-10.191184984272315
Cryptochlorogenic Acid,4381.47630282601,-15.178104119063732
Cryptochlorogenic Acid,4377.61936938916,-21.42609879996624
Cryptochlorogenic Acid,4373.76243595231,-16.000313740710059
Cryptochlorogenic Acid,4369.90550251546,-16.318237681566064
Cryptochlorogenic Acid,4366.04856907862,-14.932585841709132
Cryptochlorogenic Acid,4362.19163564177,-18.650235838583754
Cryptochlorogenic Acid,4358.33470220492,-14.329984233044673
Cryptochlorogenic Acid,4354.47776876808,-12.695840085274948
Cryptochlorogenic Acid,4350.62083533123,-2.3636925780041018
Cryptochlorogenic Acid,4346.76390189438,6.2697183711433704
Cryptochlorogenic Acid,4342.90696845753,26.522287212296721
Cryptochlorogenic Acid,4339.05003502069,38.81996342666087
Cryptochlorogenic Acid,4335.19310158384,51.470567350898214
Cryptochlorogenic Acid,4331.33616814699,56.829796274634198
Cryptochlorogenic Acid,4327.47923471014,60.84970971051029
Cryptochlorogenic Acid,4323.6223012733,50.313100140805489
Cryptochlorogenic Acid,4319.76536783645,46.782823671833718
Cryptochlorogenic Acid,4315.9084343996,32.55904318995497
Cryptochlorogenic Acid,4312.05150096276,21.297998274099651
Cryptochlorogenic Acid,4308.19456752591,12.150998682442486
Cryptochlorogenic Acid,4304.33763408906,10.04897693248058
Cryptochlorogenic Acid,4300.48070065221,5.2282760698536652
Cryptochlorogenic Acid,4296.62376721537,4.1273682136315335
Cryptochlorogenic Acid,4292.76683377852,-5.5629781557747
Cryptochlorogenic Acid,4288.90990034167,-12.257072352195635
Cryptochlorogenic Acid,4285.05296690482,-23.254162493710865
Cryptochlorogenic Acid,4281.19603346798,-26.661614853530619
Cryptochlorogenic Acid,4277.33910003113,-28.614480201539862
Cryptochlorogenic Acid,4273.48216659428,-19.315100762743821
Cryptochlorogenic Acid,4269.62523315744,-19.657911014072276
Cryptochlorogenic Acid,4265.76829972059,-20.181961331397147
Cryptochlorogenic Acid,4261.91136628374,-23.408546074299444
Cryptochlorogenic Acid,4258.05443284689,-15.902679704233629
Cryptochlorogenic Acid,4254.19749941005,-16.701199702680224
Cryptochlorogenic Acid,4250.3405659732,-11.913864078762026
Cryptochlorogenic Acid,4246.48363253635,-15.649366253267813
Cryptochlorogenic Acid,4242.6266990995,-18.388401741861571
Cryptochlorogenic Acid,4238.76976566266,-25.008045349096193
Cryptochlorogenic Acid,4234.91283222581,-17.588684886653656
Cryptochlorogenic Acid,4231.05589878896,-15.04292571891146
Cryptochlorogenic Acid,4227.19896535212,-6.7316415954259572
Cryptochlorogenic Acid,4223.34203191527,-11.577161963017875
Cryptochlorogenic Acid,4219.48509847842,-11.420034900360591
Cryptochlorogenic Acid,4215.62816504157,-18.416274051446234
Cryptochlorogenic Acid,4211.77123160473,-17.40884681428513
Cryptochlorogenic Acid,4207.91429816788,-18.257202149764353
Cryptochlorogenic Acid,4204.05736473103,-11.597805489796182
Cryptochlorogenic Acid,4200.20043129418,-9.0259395029634213
Cryptochlorogenic Acid,4196.34349785734,0.77828656508251381
Cryptochlorogenic Acid,4192.48656442049,1.8270912291525578
Cryptochlorogenic Acid,4188.62963098364,12.92687308504166
Cryptochlorogenic Acid,4184.7726975468,23.197266755686488
Cryptochlorogenic Acid,4180.91576410995,33.726913313449337
Cryptochlorogenic Acid,4177.0588306731,33.722735262887007
Cryptochlorogenic Acid,4173.20189723625,40.715035561065243
Cryptochlorogenic Acid,4169.34496379941,42.169276571211135
Cryptochlorogenic Acid,4165.48803036256,44.19523573201289
Cryptochlorogenic Acid,4161.63109692571,37.759231822745477
Cryptochlorogenic Acid,4157.77416348886,36.072625722535641
Cryptochlorogenic Acid,4153.91723005202,29.62961298887663
Cryptochlorogenic Acid,4150.06029661517,28.501366384822358
Cryptochlorogenic Acid,4146.20336317832,18.506820176917728
Cryptochlorogenic Acid,4142.34642974148,13.950687657405513
Cryptochlorogenic Acid,4138.48949630463,5.8262790022189064
Cryptochlorogenic Acid,4134.63256286778,0.68948440173673708
Cryptochlorogenic Acid,4130.77562943093,-8.4961114771619783
Cryptochlorogenic Acid,4126.91869599409,-9.6947909200678897
Cryptochlorogenic Acid,4123.06176255724,-15.172419382483643
Cryptochlorogenic Acid,4119.20482912039,-11.253232582004816
Cryptochlorogenic Acid,4115.34789568354,-15.243433944266878
Cryptochlorogenic Acid,4111.4909622467,-16.130365738174113
Cryptochlorogenic Acid,4107.63402880985,-16.004534342453223
Cryptochlorogenic Acid,4103.777095373,-17.326543073310283
Cryptochlorogenic Acid,4099.92016193616,-20.895363938146595
Cryptochlorogenic Acid,4096.06322849931,-22.341229710308799
Cryptochlorogenic Acid,4092.20629506246,-30.535695479657839
Cryptochlorogenic Acid,4088.34936162561,-29.398678454129286
Cryptochlorogenic Acid,4084.49242818877,-33.452996181915175
Cryptochlorogenic Acid,4080.63549475192,-30.73470394109145
Cryptochlorogenic Acid,4076.77856131507,-30.927442179694211
Cryptochlorogenic Acid,4072.92162787822,-30.540889051398302
Cryptochlorogenic Acid,4069.06469444138,-34.524395977244481
Cryptochlorogenic Acid,4065.20776100453,-24.224268975043113
Cryptochlorogenic Acid,4061.35082756768,-13.933209636030078
Cryptochlorogenic Acid,4057.49389413083,-6.9240687683079294
Cryptochlorogenic Acid,4053.63696069399,-6.4375753648609813
Cryptochlorogenic Acid,4049.78002725714,1.4353380096665787
Cryptochlorogenic Acid,4045.92309382029,1.1967572423535013
Cryptochlorogenic Acid,4042.06616038345,4.0975220353784767
Cryptochlorogenic Acid,4038.2092269466,0.63244030065697843
Cryptochlorogenic Acid,4034.35229350975,5.0268612614490813
Cryptochlorogenic Acid,4030.4953600729,6.2097456393733248
Cryptochlorogenic Acid,4026.63842663606,11.855505034415103
Cryptochlorogenic Acid,4022.78149319921,11.717133310564384
Cryptochlorogenic Acid,4018.92455976236,16.669683436078454
Cryptochlorogenic Acid,4015.06762632551,16.73554278842963
Cryptochlorogenic Acid,4011.21069288867,20.57120736561934
Cryptochlorogenic Acid,4007.35375945182,21.223042929996357
Cryptochlorogenic Acid,4003.49682601497,24.13629497267215
Cryptochlorogenic Acid,3999.63989257813,21.043366602627536
Scopoletin,10001.0283203125,10.190998904971801
Scopoletin,9997.17138687565,12.019392569998624
Scopoletin,9993.31445343881,11.062532304320406
Scopoletin,9989.45752000196,7.7866250279015441
Scopoletin,9985.60058656511,3.4458508458334527
Scopoletin,9981.74365312826,-5.6793981500564357
Scopoletin,9977.88671969142,-6.1697741981252907
Scopoletin,9974.02978625457,2.7504436275744237
Scopoletin,9970.17285281772,7.7538198186130476
Scopoletin,9966.31591938088,3.5574677512930255
Scopoletin,9962.45898594403,-8.5719994700197724
Scopoletin,9958.60205250718,-5.8849860343055953
Scopoletin,9954.74511907033,-1.5834362347622495
Scopoletin,9950.88818563349,1.4348520665182243
Scopoletin,9947.03125219664,9.1980751675225019
Scopoletin,9943.17431875979,12.249864806645496
Scopoletin,9939.31738532294,10.823640577930927
Scopoletin,9935.4604518861,10.249290445135468
Scopoletin,9931.60351844925,15.968360830174722
Scopoletin,9927.7465850124,13.113979106867712
Scopoletin,9923.88965157556,0.56613722511269782
Scopoletin,9920.03271813871,-5.9244873458264378
Scopoletin,9916.17578470186,-6.6323202508699657
Scopoletin,9912.31885126501,-3.2819001116612667
Scopoletin,9908.46191782817,-0.89848008414587233
Scopoletin,9904.60498439132,-5.0826588397677854
Scopoletin,9900.74805095447,-0.49869456102653298
Scopoletin,9896.89111751762,4.1366756145338028
Scopoletin,9893.03418408078,-0.80965283239177555
Scopoletin,9889.17725064393,-4.2571284717882367
Scopoletin,9885.32031720708,-1.9957854933171499
Scopoletin,9881.46338377024,3.0918932840477611
Scopoletin,9877.60645033339,6.1585500586909365
Scopoletin,9873.74951689654,4.4024278086706623
Scopoletin,9869.89258345969,2.1705607178712563
Scopoletin,9866.03565002284,4.486829344771162
Scopoletin,9862.178716586,1.1187394201511502
Scopoletin,9858.32178314915,-2.4931588718839093
Scopoletin,9854.4648497123,-3.3751058043883084
Scopoletin,9850.60791627546,1.8159297374570464
Scopoletin,9846.75098283861,5.4452198137161298
Scopoletin,9842.89404940176,0.47907395628708571
Scopoletin,9839.03711596492,-1.7432471880870988
Scopoletin,9835.18018252807,-0.93858702576578268
Scopoletin,9831.32324909122,-4.6232781027823231
Scopoletin,9827.46631565437,-7.1679493211159429
Scopoletin,9823.60938221752,-4.0895717340368059
Scopoletin,9819.75244878068,1.1005551558073812
Scopoletin,9815.89551534383,-1.1949651513482811
Scopoletin,9812.03858190698,-0.42355946150490398
Scopoletin,9808.18164847014,0.0034860394034772089
Scopoletin,9804.32471503329,-5.3612620653749827
Scopoletin,9800.46778159644,0.11075640964751539
Scopoletin,9796.6108481596,5.0694508879813389
Scopoletin,9792.75391472275,-1.1657409635630218
Scopoletin,9788.8969812859,-4.3833621795457711
Scopoletin,9785.04004784905,0.89958241243099046
Scopoletin,9781.1831144122,1.6563374014401839
Scopoletin,9777.32618097536,-0.23780011869106041
Scopoletin,9773.46924753851,-3.6536716753939529
Scopoletin,9769.61231410166,-10.501573050178543
Scopoletin,9765.75538066482,-13.455417203416216
Scopoletin,9761.89844722797,-8.5873024505742634
Scopoletin,9758.04151379112,-0.18520555717813852
Scopoletin,9754.18458035428,1.5235359037829292
Scopoletin,9750.32764691743,1.1570601413709551
Scopoletin,9746.47071348058,4.8430752539877693
Scopoletin,9742.61378004373,2.3783364619135976
Scopoletin,9738.75684660688,-1.9455981081554978
Scopoletin,9734.89991317004,1.5683651508433232
Scopoletin,9731.04297973319,15.44058628147309
Scopoletin,9727.18604629634,14.464986797932145
Scopoletin,9723.3291128595,4.8154164780929243
Scopoletin,9719.47217942265,1.3158071259714879
Scopoletin,9715.6152459858,4.3399908402628284
Scopoletin,9711.75831254896,4.0383389839258532
Scopoletin,9707.90137911211,1.0880473334501826
Scopoletin,9704.04444567526,-3.2322028873404469
Scopoletin,9700.18751223841,-2.9903350788894678
Scopoletin,9696.33057880156,-0.73047355196692831
Scopoletin,9692.47364536472,1.9309184402318897
Scopoletin,9688.61671192787,6.2038801861448931
Scopoletin,9684.75977849102,0.046870773545205885
Scopoletin,9680.90284505418,-1.4912326788994912
Scopoletin,9677.04591161733,4.0902331326007433
Scopoletin,9673.18897818048,0.45892715125509337
Scopoletin,9669.33204474363,-6.8845536825368514
Scopoletin,9665.47511130679,-2.8427032588307015
Scopoletin,9661.61817786994,-3.5610683781101575
Scopoletin,9657.76124443309,-7.2646018729420874
Scopoletin,9653.90431099624,-7.4570261994662896
Scopoletin,9650.0473775594,-7.5702919121047838
Scopoletin,9646.19044412255,-5.3460011887942072
Scopoletin,9642.3335106857,-0.80444150560994176
Scopoletin,9638.47657724886,-0.37529499069363781
Scopoletin,9634.61964381201,-4.8820088997122584
Scopoletin,9630.76271037516,-1.7316258496526411
Scopoletin,9626.90577693831,-0.28771620338726489
Scopoletin,9623.04884350147,-11.900281481202297
Scopoletin,9619.19191006462,-12.961936667154248
Scopoletin,9615.33497662777,-7.8137329246098473
Scopoletin,9611.47804319092,-5.1013924257861678
Scopoletin,9607.62110975408,-1.6881211082867007
Scopoletin,9603.76417631723,2.4464081960032869
Scopoletin,9599.90724288038,1.7132073576955276
Scopoletin,9596.05030944354,-5.1986062676695139
Scopoletin,9592.19337600669,-9.0622135761768714
Scopoletin,9588.33644256984,-5.1394947065544692
Scopoletin,9584.47950913299,-7.463430476228452
Scopoletin,9580.62257569615,-11.776773544858484
Scopoletin,9576.7656422593,-4.9149311740390589
Scopoletin,9572.90870882245,0.75207714776580115
Scopoletin,9569.0517753856,-3.9275970251727608
Scopoletin,9565.19484194876,-4.6591884436150623
Scopoletin,9561.33790851191,-9.0860813622487751
Scopoletin,9557.48097507506,-9.7687463781666128
Scopoletin,9553.62404163822,-6.0811614654585036
Scopoletin,9549.76710820137,-12.069002949711146
Scopoletin,9545.91017476452,-11.586913195898061
Scopoletin,9542.05324132767,-12.047006368299288
Scopoletin,9538.19630789083,-10.927103181079023
Scopoletin,9534.33937445398,-7.6523184089314968
Scopoletin,9530.48244101713,-3.8905343091072844
Scopoletin,9526.62550758028,0.16719821479887226
Scopoletin,9522.76857414344,-5.6929485387935639
Scopoletin,9518.91164070659,-10.11189424825033
Scopoletin,9515.05470726974,-9.9213026122949142
Scopoletin,9511.1977738329,-8.3807464830253533
Scopoletin,9507.34084039605,-6.6047662515778622
Scopoletin,9503.4839069592,-8.9068691946870295
Scopoletin,9499.62697352235,-9.7531997688056915
Scopoletin,9495.77004008551,-6.8454081540203502
Scopoletin,9491.91310664866,0.57097667434213262
Scopoletin,9488.05617321181,-0.15511170173450672
Scopoletin,9484.19923977496,-7.9211157561458059
Scopoletin,9480.34230633812,-5.4681619700753759
Scopoletin,9476.48537290127,-9.4345850179052526
Scopoletin,9472.62843946442,-9.1085534028516886
Scopoletin,9468.77150602758,-2.7734824809048817
Scopoletin,9464.91457259073,-2.2689294087665965
Scopoletin,9461.05763915388,-5.1858157614128695
Scopoletin,9457.20070571703,-9.7609277392835772
Scopoletin,9453.34377228019,-11.230700905410885
Scopoletin,9449.48683884334,-5.9032373507771592
Scopoletin,9445.62990540649,-3.1458216546517885
Scopoletin,9441.77297196964,-1.3332367497706556
Scopoletin,9437.9160385328,-2.0435047849208643
Scopoletin,9434.05910509595,-4.5744405009046183
Scopoletin,9430.2021716591,-2.1961580816306459
Scopoletin,9426.34523822226,-1.9017243306999254
Scopoletin,9422.48830478541,1.2387044102653029
Scopoletin,9418.63137134856,0.60077049365870649
Scopoletin,9414.77443791171,-2.0259335255170097
Scopoletin,9410.91750447487,3.262920364747937
Scopoletin,9407.06057103802,7.4610665672895147
Scopoletin,9403.20363760117,13.297239608550989
Scopoletin,9399.34670416432,12.32945245611903
Scopoletin,9395.48977072748,5.027945549474266
Scopoletin,9391.63283729063,-0.45050518202020806
Scopoletin,9387.77590385378,3.0385470151947778
Scopoletin,9383.91897041694,6.0429491717502408
Scopoletin,9380.06203698009,3.5349110433122743
Scopoletin,9376.20510354324,4.1553485708673188
Scopoletin,9372.34817010639,5.8292083237705894
Scopoletin,9368.49123666955,-0.85528483356085527
Scopoletin,9364.6343032327,1.993482874928783
Scopoletin,9360.77736979585,2.9915164799007683
Scopoletin,9356.920436359,3.2660529936653102
Scopoletin,9353.06350292216,2.7269712940295943
Scopoletin,9349.20656948531,1.5795322391931963
Scopoletin,9345.34963604846,1.3151246648819037
Scopoletin,9341.49270261162,3.442420413342449
Scopoletin,9337.63576917477,4.9423049746983736
Scopoletin,9333.77883573792,2.1362617378986841
Scopoletin,9329.92190230107,-1.9630631645529015
Scopoletin,9326.06496886423,-5.4664822755665243
Scopoletin,9322.20803542738,-7.655596198397232
Scopoletin,9318.35110199053,-4.1495060213025683
Scopoletin,9314.49416855368,1.0325358316737414
Scopoletin,9310.63723511684,1.5827788462380041
Scopoletin,9306.78030167999,3.4382489239837568
Scopoletin,9302.92336824314,7.7697952942200708
Scopoletin,9299.0664348063,5.5071708424586552
Scopoletin,9295.20950136945,2.1181850852838062
Scopoletin,9291.3525679326,-2.6844232546583613
Scopoletin,9287.49563449575,-2.5426024461504788
Scopoletin,9283.63870105891,-0.16601137536467944
Scopoletin,9279.78176762206,2.0070048687590263
Scopoletin,9275.92483418521,3.2196063568790492
Scopoletin,9272.06790074836,6.1146275301050705
Scopoletin,9268.21096731152,2.7874562352784564
Scopoletin,9264.35403387467,7.4954190689986664
Scopoletin,9260.49710043782,11.581633950267717
Scopoletin,9256.64016700098,6.9302845839294029
Scopoletin,9252.78323356413,5.8116745485301111
Scopoletin,9248.92630012728,12.77954614857846
Scopoletin,9245.06936669043,17.695899714014704
Scopoletin,9241.21243325358,23.271389777651216
Scopoletin,9237.35549981674,14.392562254847956
Scopoletin,9233.49856637989,0.6467508382671775
Scopoletin,9229.64163294304,-2.6529014568223639
Scopoletin,9225.7846995062,-1.4874231772690312
Scopoletin,9221.92776606935,3.9544048763635686
Scopoletin,9218.0708326325,7.6187494486976215
Scopoletin,9214.21389919565,6.6641640550600272
Scopoletin,9210.35696575881,9.9219499193930805
Scopoletin,9206.50003232196,11.067983939369768
Scopoletin,9202.64309888511,3.431607032786443
Scopoletin,9198.78616544826,1.6342126223254567
Scopoletin,9194.92923201142,6.8224210021155285
Scopoletin,9191.07229857457,6.4154841609327926
Scopoletin,9187.21536513772,6.0160840887451634
Scopoletin,9183.35843170088,13.282435388315912
Scopoletin,9179.50149826403,15.372087029143954
Scopoletin,9175.64456482718,8.694087681416379
Scopoletin,9171.78763139033,3.3075953555208923
Scopoletin,9167.93069795349,1.5915682259559525
Scopoletin,9164.07376451664,3.464902932007758
Scopoletin,9160.21683107979,8.615989451213748
Scopoletin,9156.35989764294,13.769892442887354
Scopoletin,9152.5029642061,11.487203615825724
Scopoletin,9148.64603076925,11.231212848033161
Scopoletin,9144.7890973324,6.7291985647434398
Scopoletin,9140.93216389556,1.6739305295068028
Scopoletin,9137.07523045871,0.16452815386733285
Scopoletin,9133.21829702186,4.2955059070937107
Scopoletin,9129.36136358501,7.5429629615899403
Scopoletin,9125.50443014817,4.6397468743615402
Scopoletin,9121.64749671132,6.3017955970561932
Scopoletin,9117.79056327447,10.863100692428636
Scopoletin,9113.93362983762,13.580324687247776
Scopoletin,9110.07669640078,12.579737244737881
Scopoletin,9106.21976296393,6.2964803999439658
Scopoletin,9102.36282952708,1.7823792115940484
Scopoletin,9098.50589609024,-0.84161331554573626
Scopoletin,9094.64896265339,0.00032443080588734829
Scopoletin,9090.79202921654,0.27749983569265874
Scopoletin,9086.93509577969,-2.4098798811525639
Scopoletin,9083.07816234285,-2.3794678443842643
Scopoletin,9079.221228906,0.50063958545423382
Scopoletin,9075.36429546915,0.96380085519747327
Scopoletin,9071.5073620323,1.6236545838012517
Scopoletin,9067.65042859546,1.8307906176885971
Scopoletin,9063.79349515861,1.2742145106374598
Scopoletin,9059.93656172176,-1.4141885137663373
Scopoletin,9056.07962828492,0.66774780123008071
Scopoletin,9052.22269484807,5.2369683696821854
Scopoletin,9048.36576141122,7.0777398303263066
Scopoletin,9044.50882797437,5.7979841292935124
Scopoletin,9040.65189453753,5.5352514595651767
Scopoletin,9036.79496110068,3.31589013009707
Scopoletin,9032.93802766383,0.31871196790517198
Scopoletin,9029.08109422698,3.8144381590327994
Scopoletin,9025.22416079014,6.346403615946639
Scopoletin,9021.36722735329,4.5910850884651522
Scopoletin,9017.51029391644,1.2424672533193251
Scopoletin,9013.6533604796,-3.3862238524966237
Scopoletin,9009.79642704275,-3.0568829215958182
Scopoletin,9005.9394936059,1.2589902713416821
Scopoletin,9002.08256016905,3.4462267779063285
Scopoletin,8998.22562673221,-0.96408504409733697
Scopoletin,8994.36869329536,-2.1652244053906138
Scopoletin,8990.51175985851,0.591129121222289
Scopoletin,8986.65482642166,-1.3830240800882327
Scopoletin,8982.79789298482,-3.4813022286787727
Scopoletin,8978.94095954797,-1.0597944806586632
Scopoletin,8975.08402611112,-3.500385808104554
Scopoletin,8971.22709267428,-8.3157689054163288
Scopoletin,8967.37015923743,-5.5175835156120767
Scopoletin,8963.51322580058,-1.6379723780062727
Scopoletin,8959.65629236373,1.1548766982087353
Scopoletin,8955.79935892689,2.5915904306976465
Scopoletin,8951.94242549004,-0.29189059901084546
Scopoletin,8948.08549205319,-1.0946257156887877
Scopoletin,8944.22855861634,0.25804988846844945
Scopoletin,8940.3716251795,-1.6381175756846782
Scopoletin,8936.51469174265,-3.6004395619578098
Scopoletin,8932.6577583058,1.6942641921626722
Scopoletin,8928.80082486896,1.4699020444672728
Scopoletin,8924.94389143211,0.2844643348770548
Scopoletin,8921.08695799526,-0.61883150676046395
Scopoletin,8917.23002455841,0.067772802953655273
Scopoletin,8913.37309112157,0.012154011455285154
Scopoletin,8909.51615768472,-1.8490012810033978
Scopoletin,8905.65922424787,0.40759972477708289
Scopoletin,8901.80229081102,2.8143278835902206
Scopoletin,8897.94535737418,-1.4394008046113824
Scopoletin,8894.08842393733,-5.7622096703700834
Scopoletin,8890.23149050048,-1.9953179079999408
Scopoletin,8886.37455706364,-0.94275356465369486
Scopoletin,8882.51762362679,-4.4619468801882052
Scopoletin,8878.66069018994,-8.5036260562721555
Scopoletin,8874.80375675309,-8.0191905403469548
Scopoletin,8870.94682331625,-3.1224398816347509
Scopoletin,8867.0898898794,-1.9131407196186618
Scopoletin,8863.23295644255,-3.7903678295718324
Scopoletin,8859.3760230057,-6.6472391679490981
Scopoletin,8855.51908956886,-5.967882987879328
Scopoletin,8851.66215613201,-1.9360796474752331
Scopoletin,8847.80522269516,-0.82893639805004848
Scopoletin,8843.94828925832,-0.67671423595825708
Scopoletin,8840.09135582147,-1.939129260979686
Scopoletin,8836.23442238462,-1.8046838738294975
Scopoletin,8832.37748894777,-1.9779248799602827
Scopoletin,8828.52055551093,-1.3704370779660129
Scopoletin,8824.66362207408,-2.7836280017986055
Scopoletin,8820.80668863723,-3.212122789355313
Scopoletin,8816.94975520038,-1.5989779002276165
Scopoletin,8813.09282176354,-8.1933705195708662
Scopoletin,8809.23588832669,-5.9111007175149108
Scopoletin,8805.37895488984,1.1743324653300664
Scopoletin,8801.522021453,1.9883605554314066
Scopoletin,8797.66508801615,-2.2578877639985429
Scopoletin,8793.8081545793,-1.2938016775847705
Scopoletin,8789.95122114245,-2.7334613850733804
Scopoletin,8786.09428770561,-5.1967047584134187
Scopoletin,8782.23735426876,-6.243617079955456
Scopoletin,8778.38042083191,-8.8557650932089693
Scopoletin,8774.52348739506,-9.461144672703659
Scopoletin,8770.66655395822,-3.7747767406496711
Scopoletin,8766.80962052137,-0.46784171638597538
Scopoletin,8762.95268708452,1.6479250353975845
Scopoletin,8759.09575364767,-0.70420390464196436
Scopoletin,8755.23882021083,-6.1633136871688139
Scopoletin,8751.38188677398,-5.3662167754460022
Scopoletin,8747.52495333713,-1.3473752019794867
Scopoletin,8743.66801990029,-1.2732202410495475
Scopoletin,8739.81108646344,-0.45491050378749409
Scopoletin,8735.95415302659,-0.74156465853584019
Scopoletin,8732.09721958974,-1.0668038323114817
Scopoletin,8728.2402861529,-5.1718248937204541
Scopoletin,8724.38335271605,-6.4964765162270508
Scopoletin,8720.5264192792,-7.4118842402293525
Scopoletin,8716.66948584235,-6.659717773535367
Scopoletin,8712.81255240551,-4.7350201133129843
Scopoletin,8708.95561896866,-3.1149776247432865
Scopoletin,8705.09868553181,-2.504962438924009
Scopoletin,8701.24175209497,0.60311634830551109
Scopoletin,8697.38481865812,-4.2565386893213546
Scopoletin,8693.52788522127,-8.0165591116538
Scopoletin,8689.67095178442,-9.9635253110940099
Scopoletin,8685.81401834758,-5.5343162317922152
Scopoletin,8681.95708491073,-4.9883481347378718
Scopoletin,8678.10015147388,-2.5352105567215211
Scopoletin,8674.24321803703,0.43483030933096517
Scopoletin,8670.38628460019,2.2595285565265044
Scopoletin,8666.52935116334,4.32840248426157
Scopoletin,8662.67241772649,-1.8943133741043849
Scopoletin,8658.81548428965,-7.3363339204904987
Scopoletin,8654.9585508528,-7.7264764244441801
Scopoletin,8651.10161741595,-3.5798389550162217
Scopoletin,8647.2446839791,-2.747874901622402
Scopoletin,8643.38775054226,-6.0633741118376099
Scopoletin,8639.53081710541,-9.4393636531534693
Scopoletin,8635.67388366856,-10.695356054300236
Scopoletin,8631.81695023171,-3.3570550983170029
Scopoletin,8627.96001679487,-6.7684551219872979
Scopoletin,8624.10308335802,-4.7581266817529908
Scopoletin,8620.24614992117,-5.0291959106671227
Scopoletin,8616.38921648433,-9.3455412396139259
Scopoletin,8612.53228304748,-6.8180456632495634
Scopoletin,8608.67534961063,-2.8148631383029175
Scopoletin,8604.81841617378,-4.4708307564381107
Scopoletin,8600.96148273694,-4.4519901431702493
Scopoletin,8597.10454930009,-4.8637672116751407
Scopoletin,8593.24761586324,-1.2522280049865415
Scopoletin,8589.39068242639,1.6418257373516312
Scopoletin,8585.53374898955,-4.040504313006454
Scopoletin,8581.6768155527,-8.9444896077641189
Scopoletin,8577.81988211585,-5.5611697046659891
Scopoletin,8573.96294867901,-0.10431801507632037
Scopoletin,8570.10601524216,2.3991147936481316
Scopoletin,8566.24908180531,-2.02962844485599
Scopoletin,8562.39214836846,-10.114268750369192
Scopoletin,8558.53521493162,-14.390382858692874
Scopoletin,8554.67828149477,-10.418983229580171
Scopoletin,8550.82134805792,-7.4687682785082368
Scopoletin,8546.96441462107,-3.9531810309959705
Scopoletin,8543.10748118423,-2.6506517131712002
Scopoletin,8539.25054774738,-1.3071649201179854
Scopoletin,8535.39361431053,2.0536446538011814
Scopoletin,8531.53668087368,3.2938157118683615
Scopoletin,8527.67974743684,1.4637528397616635
Scopoletin,8523.82281399999,1.2728797115782369
Scopoletin,8519.96588056314,-3.7100747064710631
Scopoletin,8516.1089471263,-3.549311465655725
Scopoletin,8512.25201368945,-3.0934445163842086
Scopoletin,8508.3950802526,-6.3316260371060054
Scopoletin,8504.53814681575,-4.5879020000336688
Scopoletin,8500.68121337891,1.1365178492052386
Scopoletin,8496.82427994206,1.8779512615889369
Scopoletin,8492.96734650521,-0.8519597431902628
Scopoletin,8489.11041306836,-4.768933238925781
Scopoletin,8485.25347963152,0.060716849473538982
Scopoletin,8481.39654619467,2.2312914856578825
Scopoletin,8477.53961275782,1.1304544606178388
Scopoletin,8473.68267932098,-0.24878593900046678
Scopoletin,8469.82574588413,0.30510910849279493
Scopoletin,8465.96881244728,1.7407664904855897
Scopoletin,8462.11187901043,1.7176758832284005
Scopoletin,8458.25494557359,3.4274769975552539
Scopoletin,8454.39801213674,1.1792667668066787
Scopoletin,8450.54107869989,-1.7650070347637616
Scopoletin,8446.68414526304,-3.839600698478205
Scopoletin,8442.8272118262,-1.8830459343206776
Scopoletin,8438.97027838935,-0.28180619149882924
Scopoletin,8435.1133449525,5.066673822534125
Scopoletin,8431.25641151566,8.759799469745678
Scopoletin,8427.39947807881,4.9645414425445411
Scopoletin,8423.54254464196,3.4074117812013025
Scopoletin,8419.68561120511,0.60482400252462309
Scopoletin,8415.82867776827,-1.8527368765634646
Scopoletin,8411.97174433142,1.9574801320701907
Scopoletin,8408.11481089457,2.9281816816180339
Scopoletin,8404.25787745772,2.1424332865260798
Scopoletin,8400.40094402088,7.2952476660776115
Scopoletin,8396.54401058403,3.7132971751825434
Scopoletin,8392.68707714718,-0.27029123377760295
Scopoletin,8388.83014371034,1.8092238550504427
Scopoletin,8384.97321027349,7.7161741356004487
Scopoletin,8381.11627683664,9.1577593383267875
Scopoletin,8377.25934339979,7.2577064341322277
Scopoletin,8373.40240996295,8.6594595781529673
Scopoletin,8369.5454765261,5.5811638497674183
Scopoletin,8365.68854308925,4.3205579400378031
Scopoletin,8361.8316096524,4.4230953000533386
Scopoletin,8357.97467621556,4.2482557641105725
Scopoletin,8354.11774277871,6.6932347828385854
Scopoletin,8350.26080934186,3.9792603153936992
Scopoletin,8346.40387590502,0.069181488712286521
Scopoletin,8342.54694246817,3.420915028106589
Scopoletin,8338.69000903132,5.3872549330137849
Scopoletin,8334.83307559447,6.4674109312265182
Scopoletin,8330.97614215763,10.987859388275698
Scopoletin,8327.11920872078,11.78218674119962
Scopoletin,8323.26227528393,4.0091742339754219
Scopoletin,8319.40534184708,-0.089597438781224087
Scopoletin,8315.54840841024,0.39286830920066929
Scopoletin,8311.69147497339,5.1049880435982136
Scopoletin,8307.83454153654,10.931720621166633
Scopoletin,8303.97760809969,13.803129328684301
Scopoletin,8300.12067466285,9.6302290310222407
Scopoletin,8296.263741226,5.1757810964053625
Scopoletin,8292.40680778915,3.7886186933203074
Scopoletin,8288.54987435231,3.3168417602333005
Scopoletin,8284.69294091546,8.810331560541
Scopoletin,8280.83600747861,7.8194370545230774
Scopoletin,8276.97907404176,7.0176159830754097
Scopoletin,8273.12214060492,7.0305154979822833
Scopoletin,8269.26520716807,4.7570570191667851
Scopoletin,8265.40827373122,3.4479330708936899
Scopoletin,8261.55134029437,1.7616396947795707
Scopoletin,8257.69440685753,3.0572406576517404
Scopoletin,8253.83747342068,2.4558506892720979
Scopoletin,8249.98053998383,1.063861959152393
Scopoletin,8246.12360654699,3.6498799616491335
Scopoletin,8242.26667311014,5.5428808084122529
Scopoletin,8238.40973967329,-1.2963773022427723
Scopoletin,8234.55280623644,-3.0631562627239677
Scopoletin,8230.6958727996,2.4213319187765379
Scopoletin,8226.83893936275,6.5932296309663156
Scopoletin,8222.9820059259,9.4633127590149613
Scopoletin,8219.12507248905,9.2484094256056455
Scopoletin,8215.26813905221,0.021852400638463474
Scopoletin,8211.41120561536,-2.6796425287173515
Scopoletin,8207.55427217851,5.6075648451902849
Scopoletin,8203.69733874167,8.0049388302339182
Scopoletin,8199.84040530482,0.053293414536707363
Scopoletin,8195.98347186797,1.5947206987807809
Scopoletin,8192.12653843112,3.9473973164315947
Scopoletin,8188.26960499428,1.8980590836497579
Scopoletin,8184.41267155743,4.4686433268048695
Scopoletin,8180.55573812058,5.7168013237356758
Scopoletin,8176.69880468373,1.2438115202840649
Scopoletin,8172.84187124689,-5.4547609947356337
Scopoletin,8168.98493781004,-2.9682972316734624
Scopoletin,8165.12800437319,0.87442870446410625
Scopoletin,8161.27107093635,0.071329701767143511
Scopoletin,8157.4141374995,1.8687463198066316
Scopoletin,8153.55720406265,3.7765916549226741
Scopoletin,8149.7002706258,3.6224378535326269
Scopoletin,8145.84333718896,2.9424904677852908
Scopoletin,8141.98640375211,-0.36484841535299367
Scopoletin,8138.12947031526,-3.4579703245988918
Scopoletin,8134.27253687841,-6.8865578306071829
Scopoletin,8130.41560344157,-4.7723186976056757
Scopoletin,8126.55867000472,-3.4208870728461469
Scopoletin,8122.70173656787,1.2002996713121183
Scopoletin,8118.84480313103,1.6843660436508214
Scopoletin,8114.98786969418,-3.7751374885623559
Scopoletin,8111.13093625733,-6.7266049643553885
Scopoletin,8107.27400282048,-3.3040620566087489
Scopoletin,8103.41706938364,-2.5365768461381886
Scopoletin,8099.56013594679,-3.2432689395570895
Scopoletin,8095.70320250994,-6.8950575536550165
Scopoletin,8091.84626907309,-4.6373996825709218
Scopoletin,8087.98933563625,-2.7544809840845477
Scopoletin,8084.1324021994,-4.8481009378799156
Scopoletin,8080.27546876255,-6.9591007148715338
Scopoletin,8076.41853532571,-3.7336390289259795
Scopoletin,8072.56160188886,-7.1964019616529056
Scopoletin,8068.70466845201,-3.9307384747101732
Scopoletin,8064.84773501516,4.8551303200566389
Scopoletin,8060.99080157832,1.6646272433067746
Scopoletin,8057.13386814147,-2.8898592203483124
Scopoletin,8053.27693470462,-0.89283102793939673
Scopoletin,8049.42000126777,-1.143942336375896
Scopoletin,8045.56306783093,-2.7091048371231814
Scopoletin,8041.70613439408,0.20706874795567901
Scopoletin,8037.84920095723,3.746125574087749
Scopoletin,8033.99226752039,0.45082035439819773
Scopoletin,8030.13533408354,-1.9789623826591227
Scopoletin,8026.27840064669,-2.2657263560581793
Scopoletin,8022.42146720984,-4.8304579309414724
Scopoletin,8018.564533773,-3.9829985805863513
Scopoletin,8014.70760033615,-6.0806425725345186
Scopoletin,8010.8506668993,-6.8229472308549886
Scopoletin,8006.99373346245,-1.0205387562632493
Scopoletin,8003.13680002561,1.6613943842697478
Scopoletin,7999.27986658876,-0.84336795807886844
Scopoletin,7995.42293315191,-5.2461578955831145
Scopoletin,7991.56599971507,-5.7714664490275567
Scopoletin,7987.70906627822,-2.1376720253752475
Scopoletin,7983.85213284137,0.98347404904598779
Scopoletin,7979.99519940452,-5.8135744250923498
Scopoletin,7976.13826596768,-8.5710027326702143
Scopoletin,7972.28133253083,-6.046087331933566
Scopoletin,7968.42439909398,-2.8135429310837519
Scopoletin,7964.56746565713,-4.1359556183301578
Scopoletin,7960.71053222029,-2.6262392544015909
Scopoletin,7956.85359878344,-2.4025859671697507
Scopoletin,7952.99666534659,-1.2928642546250195
Scopoletin,7949.13973190975,-2.5883603139761053
Scopoletin,7945.2827984729,-1.8405479080112042
Scopoletin,7941.42586503605,0.21115329550267914
Scopoletin,7937.5689315992,1.3756317152366448
Scopoletin,7933.71199816236,0.54632750037398337
Scopoletin,7929.85506472551,-0.99471288718906892
Scopoletin,7925.99813128866,-0.90807267872936137
Scopoletin,7922.14119785181,1.6342158263951485
Scopoletin,7918.28426441497,1.2784030974519669
Scopoletin,7914.42733097812,2.1229864913862153
Scopoletin,7910.57039754127,2.7446281884930093
Scopoletin,7906.71346410443,0.9863708051720953
Scopoletin,7902.85653066758,-4.4275509070390173
Scopoletin,7898.99959723073,-2.8135714039295943
Scopoletin,7895.14266379388,0.95597804012850296
Scopoletin,7891.28573035704,5.2465517283841008
Scopoletin,7887.42879692019,3.2579741065699559
Scopoletin,7883.57186348334,-2.0495786869033541
Scopoletin,7879.71493004649,-4.5763799321819203
Scopoletin,7875.85799660965,0.47718377965539149
Scopoletin,7872.0010631728,1.0258891262462675
Scopoletin,7868.14412973595,-2.1399285895187541
Scopoletin,7864.28719629911,-2.8067594650513605
Scopoletin,7860.43026286226,-3.7639589549653296
Scopoletin,7856.57332942541,-0.66372907523425961
Scopoletin,7852.71639598856,1.7083826741360704
Scopoletin,7848.85946255172,3.4265044122880859
Scopoletin,7845.00252911487,1.3540353788300685
Scopoletin,7841.14559567802,3.1558292927739111
Scopoletin,7837.28866224117,4.3683376066007753
Scopoletin,7833.43172880433,3.6506876361375249
Scopoletin,7829.57479536748,5.3786505190374925
Scopoletin,7825.71786193063,5.2632733226871595
Scopoletin,7821.86092849379,3.1283730637159186
Scopoletin,7818.00399505694,-0.12136635091753373
Scopoletin,7814.14706162009,-0.90568794173447964
Scopoletin,7810.29012818324,-2.5077644591384294
Scopoletin,7806.4331947464,1.0722030465785133
Scopoletin,7802.57626130955,4.3851939615446565
Scopoletin,7798.7193278727,7.0570516329396309
Scopoletin,7794.86239443585,5.2149967634201717
Scopoletin,7791.00546099901,3.0096270776089433
Scopoletin,7787.14852756216,6.6507959695823322
Scopoletin,7783.29159412531,8.9513880237836734
Scopoletin,7779.43466068847,5.0946701071188674
Scopoletin,7775.57772725162,4.686089108836315
Scopoletin,7771.72079381477,6.0772618506854643
Scopoletin,7767.86386037792,9.4707260996078659
Scopoletin,7764.00692694107,10.16390579862786
Scopoletin,7760.14999350423,6.2817523065735399
Scopoletin,7756.29306006738,5.4389891221998612
Scopoletin,7752.43612663053,5.7746203045203766
Scopoletin,7748.57919319369,5.9326379647714012
Scopoletin,7744.72225975684,8.1734088131757048
Scopoletin,7740.86532631999,6.5828763194973661
Scopoletin,7737.00839288315,0.49625819205656785
Scopoletin,7733.1514594463,2.25685150095903
Scopoletin,7729.29452600945,5.2781170923855329
Scopoletin,7725.4375925726,7.4649475895018202
Scopoletin,7721.58065913575,7.578220688414202
Scopoletin,7717.72372569891,4.9201055638291527
Scopoletin,7713.86679226206,3.4104536056978669
Scopoletin,7710.00985882521,2.5425736925065703
Scopoletin,7706.15292538837,5.4159020771064519
Scopoletin,7702.29599195152,4.3219123669213744
Scopoletin,7698.43905851467,2.1949780376560466
Scopoletin,7694.58212507782,1.2269119458635789
Scopoletin,7690.72519164098,0.89978700106497567
Scopoletin,7686.86825820413,-2.0263992483237425
Scopoletin,7683.01132476728,0.39013780780318397
Scopoletin,7679.15439133043,4.8677325123427426
Scopoletin,7675.29745789359,3.2617526108312882
Scopoletin,7671.44052445674,2.6553601230244284
Scopoletin,7667.58359101989,2.6780271530500177
Scopoletin,7663.72665758305,1.2349017977199968
Scopoletin,7659.8697241462,0.35978461076550633
Scopoletin,7656.01279070935,-1.4693239242372358
Scopoletin,7652.1558572725,-3.9231701709672304
Scopoletin,7648.29892383566,-2.4905587679442962
Scopoletin,7644.44199039881,-0.62352662845203732
Scopoletin,7640.58505696196,0.2822459859732297
Scopoletin,7636.72812352511,-0.25070654176169527
Scopoletin,7632.87119008827,0.68038244261808334
Scopoletin,7629.01425665142,-0.93980132786115789
Scopoletin,7625.15732321457,-2.2691135800092734
Scopoletin,7621.30038977773,-2.3829825471257702
Scopoletin,7617.44345634088,-1.6664582450801646
Scopoletin,7613.58652290403,-1.8520034588781864
Scopoletin,7609.72958946718,-1.2157762879011627
Scopoletin,7605.87265603034,-0.78988875814814541
Scopoletin,7602.01572259349,0.46843551781044102
Scopoletin,7598.15878915664,1.1979876065339654
Scopoletin,7594.30185571979,0.37032018805014838
Scopoletin,7590.44492228295,0.28596932974481887
Scopoletin,7586.5879888461,0.21437519473191649
Scopoletin,7582.73105540925,4.7284471454424262
Scopoletin,7578.87412197241,6.9757679256291176
Scopoletin,7575.01718853556,3.2092287586432251
Scopoletin,7571.16025509871,1.0882069883062893
Scopoletin,7567.30332166186,1.1484056509121212
Scopoletin,7563.44638822502,-0.78556524856039434
Scopoletin,7559.58945478817,-2.9809839462859253
Scopoletin,7555.73252135132,-3.8605225705325341
Scopoletin,7551.87558791447,-6.7152146527948977
Scopoletin,7548.01865447763,-8.817133361070665
Scopoletin,7544.16172104078,-6.0519262456598293
Scopoletin,7540.30478760393,-5.212472288462509
Scopoletin,7536.44785416709,-6.3784984618157878
Scopoletin,7532.59092073024,-5.0366736747266758
Scopoletin,7528.73398729339,-5.6280886578135219
Scopoletin,7524.87705385654,-6.2765894412755889
Scopoletin,7521.0201204197,-3.6778397416516131
Scopoletin,7517.16318698285,-2.6522510037416258
Scopoletin,7513.306253546,-3.1542252029377766
Scopoletin,7509.44932010915,-7.480876941106092
Scopoletin,7505.59238667231,-5.8626119222860664
Scopoletin,7501.73545323546,-1.9013635808323124
Scopoletin,7497.87851979861,-2.7694938867424903
Scopoletin,7494.02158636177,-4.799821617017292
Scopoletin,7490.16465292492,-7.8163747949794233
Scopoletin,7486.30771948807,-9.3446811589226222
Scopoletin,7482.45078605122,-8.8363416760373621
Scopoletin,7478.59385261438,-6.639717065421773
Scopoletin,7474.73691917753,-2.2365274149672798
Scopoletin,7470.87998574068,-5.1738067861741746
Scopoletin,7467.02305230383,-8.4153953199660361
Scopoletin,7463.16611886699,-4.4280328984522717
Scopoletin,7459.30918543014,0.042368404667722862
Scopoletin,7455.45225199329,-3.7283789313083475
Scopoletin,7451.59531855645,-4.9784479820778937
Scopoletin,7447.7383851196,-6.7612665922805899
Scopoletin,7443.88145168275,-6.2271025311295869
Scopoletin,7440.0245182459,-8.1783704349179249
Scopoletin,7436.16758480906,-8.6958727034315313
Scopoletin,7432.31065137221,-1.9702695563122277
Scopoletin,7428.45371793536,-1.9104178471307922
Scopoletin,7424.59678449851,-13.622664263294315
Scopoletin,7420.73985106167,-10.691473032083868
Scopoletin,7416.88291762482,-3.6621659842311964
Scopoletin,7413.02598418797,-5.3612355730579777
Scopoletin,7409.16905075113,-3.6464247592373762
Scopoletin,7405.31211731428,-6.294220005763969
Scopoletin,7401.45518387743,-4.2523647470523267
Scopoletin,7397.59825044058,-1.2843392428722979
Scopoletin,7393.74131700374,-4.5920855531065694
Scopoletin,7389.88438356689,-5.6199927660799531
Scopoletin,7386.02745013004,1.1246709124295393
Scopoletin,7382.17051669319,12.080599514188641
Scopoletin,7378.31358325635,15.753751497158444
Scopoletin,7374.4566498195,3.4147730233212381
Scopoletin,7370.59971638265,1.9173393222766277
Scopoletin,7366.74278294581,9.6313297863161988
Scopoletin,7362.88584950896,10.645599037373357
Scopoletin,7359.02891607211,3.1037378136645204
Scopoletin,7355.17198263526,-2.8667548302675656
Scopoletin,7351.31504919842,3.3335824931953346
Scopoletin,7347.45811576157,9.1104758918741311
Scopoletin,7343.60118232472,9.8116072369951315
Scopoletin,7339.74424888787,-1.223210046119785
Scopoletin,7335.88731545103,-1.2162643259196504
Scopoletin,7332.03038201418,1.9091121696154967
Scopoletin,7328.17344857733,1.1460480126203336
Scopoletin,7324.31651514049,2.0646769156090969
Scopoletin,7320.45958170364,1.1670991748930888
Scopoletin,7316.60264826679,0.39449640152128096
Scopoletin,7312.74571482994,4.9768005921656329
Scopoletin,7308.8887813931,9.5475833873420353
Scopoletin,7305.03184795625,7.5082341890318638
Scopoletin,7301.1749145194,7.7323422474208412
Scopoletin,7297.31798108255,6.170073781952417
Scopoletin,7293.46104764571,9.1059372811847208
Scopoletin,7289.60411420886,6.7361800902002615
Scopoletin,7285.74718077201,2.7314027998143215
Scopoletin,7281.89024733516,2.477217594571214
Scopoletin,7278.03331389832,6.5815514510314745
Scopoletin,7274.17638046147,13.25033305344428
Scopoletin,7270.31944702462,12.247347253076711
Scopoletin,7266.46251358778,5.7684896174464395
Scopoletin,7262.60558015093,0.30143864620246491
Scopoletin,7258.74864671408,6.1995498721449618
Scopoletin,7254.89171327723,5.4780492230348505
Scopoletin,7251.03477984039,-0.38560866059121768
Scopoletin,7247.17784640354,-2.2881042848519115
Scopoletin,7243.32091296669,-13.068356447674686
Scopoletin,7239.46397952984,-6.6233623900502065
Scopoletin,7235.607046093,-5.7384580405715164
Scopoletin,7231.75011265615,-16.669870897053155
Scopoletin,7227.8931792193,-10.491404770030639
Scopoletin,7224.03624578246,-3.2243236198717509
Scopoletin,7220.17931234561,-5.9010189525985659
Scopoletin,7216.32237890876,-13.64165643869875
Scopoletin,7212.46544547191,-5.6128142025665122
Scopoletin,7208.60851203507,-1.3241943448155027
Scopoletin,7204.75157859822,1.594482452673607
Scopoletin,7200.89464516137,4.9323581540019656
Scopoletin,7197.03771172452,5.8026045468728666
Scopoletin,7193.18077828768,5.7831818927377698
Scopoletin,7189.32384485083,3.7926059889173436
Scopoletin,7185.46691141398,5.3355146740696364
Scopoletin,7181.60997797714,3.0167543811142443
Scopoletin,7177.75304454029,-1.2251656334180419
Scopoletin,7173.89611110344,0.428038257241594
Scopoletin,7170.03917766659,3.4490091740967252
Scopoletin,7166.18224422975,3.3288606686850724
Scopoletin,7162.3253107929,3.947161459137146
Scopoletin,7158.46837735605,6.0483587941162735
Scopoletin,7154.6114439192,3.615757677705278
Scopoletin,7150.75451048236,-1.6314137607052048
Scopoletin,7146.89757704551,-0.48017996000306773
Scopoletin,7143.04064360866,3.9969898917978219
Scopoletin,7139.18371017182,0.75385945021559264
Scopoletin,7135.32677673497,-2.6152938893223934
Scopoletin,7131.46984329812,-1.2079250991545012
Scopoletin,7127.61290986127,-3.1562413779855256
Scopoletin,7123.75597642443,-5.4178307845197473
Scopoletin,7119.89904298758,-1.290379340198138
Scopoletin,7116.04210955073,0.30411934311461869
Scopoletin,7112.18517611388,3.4296368446636958
Scopoletin,7108.32824267704,3.7325077824911119
Scopoletin,7104.47130924019,1.8843944056949367
Scopoletin,7100.61437580334,3.7961434730831689
Scopoletin,7096.7574423665,5.7384417069579001
Scopoletin,7092.90050892965,1.0074003738748514
Scopoletin,7089.0435754928,0.57373258957530071
Scopoletin,7085.18664205595,-0.37497509357275571
Scopoletin,7081.32970861911,-2.8986954111639127
Scopoletin,7077.47277518226,-8.9988041991796042
Scopoletin,7073.61584174541,-8.8879463372717851
Scopoletin,7069.75890830856,-6.1059994736090726
Scopoletin,7065.90197487172,-7.374103207875188
Scopoletin,7062.04504143487,-10.465212130252086
Scopoletin,7058.18810799802,-4.7072460602309603
Scopoletin,7054.33117456117,0.091575065999236926
Scopoletin,7050.47424112433,1.1511022218319158
Scopoletin,7046.61730768748,2.8065390220648161
Scopoletin,7042.76037425063,5.9921699128793389
Scopoletin,7038.90344081379,4.8089911680344519
Scopoletin,7035.04650737694,3.2663532009632945
Scopoletin,7031.18957394009,2.9111790893134071
Scopoletin,7027.33264050324,3.1931320746190575
Scopoletin,7023.4757070664,2.4953572100715213
Scopoletin,7019.61877362955,3.3669804778664232
Scopoletin,7015.7618401927,1.2644643160011486
Scopoletin,7011.90490675585,0.7336852509562789
Scopoletin,7008.04797331901,1.485181679045501
Scopoletin,7004.19103988216,0.53827464395504054
Scopoletin,7000.33410644531,0.71017186199401205
Scopoletin,6996.47717300847,0.85145100685095387
Scopoletin,6992.62023957162,-0.18066702698772924
Scopoletin,6988.76330613477,0.57991241339491073
Scopoletin,6984.90637269792,0.9868254526061252
Scopoletin,6981.04943926108,1.4828821490559507
Scopoletin,6977.19250582423,-0.024919081268205086
Scopoletin,6973.33557238738,-2.0255748529598923
Scopoletin,6969.47863895053,-4.5007894962869388
Scopoletin,6965.62170551369,-5.1416727772465016
Scopoletin,6961.76477207684,-5.893887881289853
Scopoletin,6957.90783863999,-4.6123797648148814
Scopoletin,6954.05090520315,-3.5052655910295591
Scopoletin,6950.1939717663,-2.4489041328117414
Scopoletin,6946.33703832945,-1.5409110907155283
Scopoletin,6942.4801048926,-1.4403348400108944
Scopoletin,6938.62317145576,-3.6069069457363852
Scopoletin,6934.76623801891,-4.1204199237154393
Scopoletin,6930.90930458206,-3.7742908062092577
Scopoletin,6927.05237114521,-1.6637278516774678
Scopoletin,6923.19543770837,-0.22847007835456171
Scopoletin,6919.33850427152,-0.9282526151705629
Scopoletin,6915.48157083467,-2.0154624092373266
Scopoletin,6911.62463739783,-1.9695635693940863
Scopoletin,6907.76770396098,-1.4029305366607416
Scopoletin,6903.91077052413,-1.0639905226375532
Scopoletin,6900.05383708728,-1.3193410579295408
Scopoletin,6896.19690365044,-1.3606019478459794
Scopoletin,6892.33997021359,0.52783965994552695
Scopoletin,6888.48303677674,1.5174168057591453
Scopoletin,6884.62610333989,0.46413273200426081
Scopoletin,6880.76916990305,0.047683821080731041
Scopoletin,6876.9122364662,0.071931276862004831
Scopoletin,6873.05530302935,1.5266561303093669
Scopoletin,6869.19836959251,2.0930782745026333
Scopoletin,6865.34143615566,1.0543186494785519
Scopoletin,6861.48450271881,0.5167779480969561
Scopoletin,6857.62756928196,1.0223696514515073
Scopoletin,6853.77063584512,1.4266304249285198
Scopoletin,6849.91370240827,1.5305557024616965
Scopoletin,6846.05676897142,2.1228133535602471
Scopoletin,6842.19983553457,0.99949683186238891
Scopoletin,6838.34290209773,-0.36890428320901486
Scopoletin,6834.48596866088,-0.49313248238462748
Scopoletin,6830.62903522403,-0.34940643147988365
Scopoletin,6826.77210178718,0.5326801626545199
Scopoletin,6822.91516835034,0.920219695872736
Scopoletin,6819.05823491349,0.51571747367617637
Scopoletin,6815.20130147664,0.76521138962430058
Scopoletin,6811.3443680398,1.4936244217470553
Scopoletin,6807.48743460295,2.3476143592093477
Scopoletin,6803.6305011661,2.0510675224078878
Scopoletin,6799.77356772925,0.0020831027840806492
Scopoletin,6795.91663429241,-0.19972596097051903
Scopoletin,6792.05970085556,0.64360006262036806
Scopoletin,6788.20276741871,0.95936321088425103
Scopoletin,6784.34583398186,0.89702508302301631
Scopoletin,6780.48890054502,-0.26936778737934025
Scopoletin,6776.63196710817,-1.5516247433828232
Scopoletin,6772.77503367132,-0.65908449576265027
Scopoletin,6768.91810023448,0.20046945029243185
Scopoletin,6765.06116679763,0.69734840986140456
Scopoletin,6761.20423336078,1.2527778360941815
Scopoletin,6757.34729992393,1.1627432133436275
Scopoletin,6753.49036648709,0.76756266442267873
Scopoletin,6749.63343305024,0.70197175094522857
Scopoletin,6745.77649961339,0.52094367743024428
Scopoletin,6741.91956617654,2.1001841897138824
Scopoletin,6738.0626327397,3.2756409909769451
Scopoletin,6734.20569930285,2.3085621159417116
Scopoletin,6730.348765866,0.96827003545293633
Scopoletin,6726.49183242916,1.8428179351871095
Scopoletin,6722.63489899231,1.734419397111405
Scopoletin,6718.77796555546,1.0700128631042529
Scopoletin,6714.92103211861,1.3783187534046608
Scopoletin,6711.06409868177,1.2270245085054994
Scopoletin,6707.20716524492,1.723758616311823
Scopoletin,6703.35023180807,1.4239971582956872
Scopoletin,6699.49329837122,-0.29131357431401816
Scopoletin,6695.63636493438,-1.0467005636576805
Scopoletin,6691.77943149753,-1.5876004596504405
Scopoletin,6687.92249806068,-1.0018419984467748
Scopoletin,6684.06556462384,-0.0064806993532055858
Scopoletin,6680.20863118699,0.97335651820152114
Scopoletin,6676.35169775014,0.041614980212566974
Scopoletin,6672.49476431329,-0.43029211636188541
Scopoletin,6668.63783087645,-0.88834421401630126
Scopoletin,6664.7808974396,-0.44708445986677492
Scopoletin,6660.92396400275,0.0070633854018879536
Scopoletin,6657.0670305659,-0.25630996089164043
Scopoletin,6653.21009712906,0.2589626711683729
Scopoletin,6649.35316369221,1.0229559421287855
Scopoletin,6645.49623025536,-0.21705173701932881
Scopoletin,6641.63929681852,-1.7476653491654863
Scopoletin,6637.78236338167,-2.3723656105135507
Scopoletin,6633.92542994482,-0.88188301951676473
Scopoletin,6630.06849650797,-1.4750625003359354
Scopoletin,6626.21156307113,-1.0016237182696379
Scopoletin,6622.35462963428,-0.45320144215832564
Scopoletin,6618.49769619743,-2.7428902102427704
Scopoletin,6614.64076276058,-3.8184787039775436
Scopoletin,6610.78382932374,-2.9575255764444814
Scopoletin,6606.92689588689,-2.5475996751670356
Scopoletin,6603.06996245004,-3.4413343955030258
Scopoletin,6599.2130290132,-3.8522376770510411
Scopoletin,6595.35609557635,-2.6398876767345465
Scopoletin,6591.4991621395,-1.1172012571437375
Scopoletin,6587.64222870265,-2.315988939783673
Scopoletin,6583.78529526581,-3.2399355980992763
Scopoletin,6579.92836182896,-2.7031101712647669
Scopoletin,6576.07142839211,-0.64839137799466395
Scopoletin,6572.21449495526,-0.64773967269580379
Scopoletin,6568.35756151842,-2.4695112504971926
Scopoletin,6564.50062808157,-4.3780269158528435
Scopoletin,6560.64369464472,-3.6327041284880437
Scopoletin,6556.78676120788,-2.4393868688977003
Scopoletin,6552.92982777103,-3.4316580453263215
Scopoletin,6549.07289433418,-2.2384939723204034
Scopoletin,6545.21596089733,-1.9871958244437959
Scopoletin,6541.35902746049,-1.560101405957637
Scopoletin,6537.50209402364,-1.9773823292148813
Scopoletin,6533.64516058679,-2.3584553836309152
Scopoletin,6529.78822714994,-0.48594650892884855
Scopoletin,6525.9312937131,-0.61145918304683389
Scopoletin,6522.07436027625,-2.5019448188253053
Scopoletin,6518.2174268394,-2.2056923563011015
Scopoletin,6514.36049340256,-1.1533244619753116
Scopoletin,6510.50355996571,-0.26269976503017417
Scopoletin,6506.64662652886,0.3676873595624402
Scopoletin,6502.78969309201,0.24456421290779271
Scopoletin,6498.93275965517,0.41069871644000755
Scopoletin,6495.07582621832,-0.021983708421430159
Scopoletin,6491.21889278147,-0.49424371914398774
Scopoletin,6487.36195934462,-0.32747066736338515
Scopoletin,6483.50502590778,1.0498274259589893
Scopoletin,6479.64809247093,1.1439383513695385
Scopoletin,6475.79115903408,0.12507709261208391
Scopoletin,6471.93422559724,-0.96866330627112818
Scopoletin,6468.07729216039,-1.1842273570082502
Scopoletin,6464.22035872354,-0.43150189374269726
Scopoletin,6460.36342528669,0.46609220036221077
Scopoletin,6456.50649184985,2.3867179556473563
Scopoletin,6452.649558413,1.4504716073044064
Scopoletin,6448.79262497615,-0.12135828600633133
Scopoletin,6444.9356915393,0.33915657557777001
Scopoletin,6441.07875810246,0.91139165269226441
Scopoletin,6437.22182466561,1.5158106354880441
Scopoletin,6433.36489122876,2.9149507209176004
Scopoletin,6429.50795779192,1.9086252907492391
Scopoletin,6425.65102435507,2.0702621485503232
Scopoletin,6421.79409091822,2.7739549044759735
Scopoletin,6417.93715748137,3.0315874565470295
Scopoletin,6414.08022404453,3.3991749244901639
Scopoletin,6410.22329060768,4.0143324897932242
Scopoletin,6406.36635717083,2.7691790395441611
Scopoletin,6402.50942373398,0.74820823855180107
Scopoletin,6398.65249029714,-1.182637246633105
Scopoletin,6394.79555686029,-0.67729214467166676
Scopoletin,6390.93862342344,3.6043345735924404
Scopoletin,6387.08168998659,3.3085035426452083
Scopoletin,6383.22475654975,2.1895940395312552
Scopoletin,6379.3678231129,0.8998101734362014
Scopoletin,6375.51088967605,1.2598477425053305
Scopoletin,6371.6539562392,0.82887347510192411
Scopoletin,6367.79702280236,1.0504423168187766
Scopoletin,6363.94008936551,0.83673335825772188
Scopoletin,6360.08315592866,0.47137664226899156
Scopoletin,6356.22622249182,1.9930764849694973
Scopoletin,6352.36928905497,2.590239404221391
Scopoletin,6348.51235561812,0.38578210952789649
Scopoletin,6344.65542218127,-0.51215556124622941
Scopoletin,6340.79848874443,0.6070687376966214
Scopoletin,6336.94155530758,2.5352250475097367
Scopoletin,6333.08462187073,2.1264213267483432
Scopoletin,6329.22768843388,0.27331875662412125
Scopoletin,6325.37075499704,0.94964280068056484
Scopoletin,6321.51382156019,0.11503543276234379
Scopoletin,6317.65688812334,0.58148835574963564
Scopoletin,6313.7999546865,2.4063064341560052
Scopoletin,6309.94302124965,2.3067274945377529
Scopoletin,6306.0860878128,1.889234110220454
Scopoletin,6302.22915437595,0.88638784550452365
Scopoletin,6298.37222093911,-0.37953944994348798
Scopoletin,6294.51528750226,-0.030883617659524926
Scopoletin,6290.65835406541,1.3305089126736771
Scopoletin,6286.80142062856,1.2935025143957066
Scopoletin,6282.94448719172,-0.21896052091045126
Scopoletin,6279.08755375487,0.19364680637026446
Scopoletin,6275.23062031802,0.85920804007375906
Scopoletin,6271.37368688118,0.09663610670331467
Scopoletin,6267.51675344433,0.43584717439289505
Scopoletin,6263.65982000748,-0.072101404777515157
Scopoletin,6259.80288657063,-0.04041849277508
Scopoletin,6255.94595313379,0.088824651430141094
Scopoletin,6252.08901969694,-1.4351386598293503
Scopoletin,6248.23208626009,-2.5784713180816659
Scopoletin,6244.37515282324,-2.021432600204629
Scopoletin,6240.5182193864,-0.78997933131097087
Scopoletin,6236.66128594955,-1.0456736392238679
Scopoletin,6232.8043525127,-2.5533697648326252
Scopoletin,6228.94741907586,-3.5758478513458898
Scopoletin,6225.09048563901,-3.3289724728676662
Scopoletin,6221.23355220216,-4.5661829927497388
Scopoletin,6217.37661876531,-5.4084718635534346
Scopoletin,6213.51968532847,-5.013844747485777
Scopoletin,6209.66275189162,-4.3932417922674754
Scopoletin,6205.80581845477,-4.3135800671162041
Scopoletin,6201.94888501792,-4.5489929917319252
Scopoletin,6198.09195158108,-4.8205242111064051
Scopoletin,6194.23501814423,-5.463847518207805
Scopoletin,6190.37808470738,-4.0237460040855693
Scopoletin,6186.52115127054,-4.3793115711219945
Scopoletin,6182.66421783369,-5.8551849727786216
Scopoletin,6178.80728439684,-5.4688726042362417
Scopoletin,6174.95035095999,-3.1075910807843807
Scopoletin,6171.09341752315,-3.0294076709920827
Scopoletin,6167.2364840863,-5.8424474513718128
Scopoletin,6163.37955064945,-7.1907553200203731
Scopoletin,6159.5226172126,-5.2328593312598715
Scopoletin,6155.66568377576,-3.6233981637007067
Scopoletin,6151.80875033891,-2.8935097159652243
Scopoletin,6147.95181690206,-2.9728898540493631
Scopoletin,6144.09488346522,-2.093798984219617
Scopoletin,6140.23795002837,-0.37258928966792049
Scopoletin,6136.38101659152,0.13950080688095462
Scopoletin,6132.52408315467,-2.5507924301332663
Scopoletin,6128.66714971783,-2.5786788634344884
Scopoletin,6124.81021628098,0.9640264294848887
Scopoletin,6120.95328284413,1.4049207718060974
Scopoletin,6117.09634940728,2.9562703501985723
Scopoletin,6113.23941597044,4.4003248954795238
Scopoletin,6109.38248253359,2.5168942523222859
Scopoletin,6105.52554909674,2.9704485292925802
Scopoletin,6101.6686156599,2.8726880090651625
Scopoletin,6097.81168222305,2.1108782673636788
Scopoletin,6093.9547487862,1.4827101140719545
Scopoletin,6090.09781534935,1.7409182603316988
Scopoletin,6086.24088191251,2.9868428036829182
Scopoletin,6082.38394847566,4.7983145237122207
Scopoletin,6078.52701503881,2.9581264442662731
Scopoletin,6074.67008160196,2.5314002772260671
Scopoletin,6070.81314816512,2.6071673059813287
Scopoletin,6066.95621472827,2.1766911199662347
Scopoletin,6063.09928129142,1.3492101889013104
Scopoletin,6059.24234785458,2.1989274702370829
Scopoletin,6055.38541441773,1.7301052674153072
Scopoletin,6051.52848098088,-0.012137058303082791
Scopoletin,6047.67154754403,0.64199147516337929
Scopoletin,6043.81461410719,0.0031519364640502949
Scopoletin,6039.95768067034,-1.7258728034264854
Scopoletin,6036.10074723349,-0.62061269849305956
Scopoletin,6032.24381379664,-1.2698593032591181
Scopoletin,6028.3868803598,-0.98326631226513272
Scopoletin,6024.52994692295,-2.7110123285953849
Scopoletin,6020.6730134861,-1.7565686674264922
Scopoletin,6016.81608004926,-0.99558728356592552
Scopoletin,6012.95914661241,-1.9315935013394518
Scopoletin,6009.10221317556,-3.1309317538421726
Scopoletin,6005.24527973871,-3.2277491811586962
Scopoletin,6001.38834630187,-3.1747437756817414
Scopoletin,5997.53141286502,-1.6140718038649688
Scopoletin,5993.67447942817,-0.14171768590736339
Scopoletin,5989.81754599132,-0.69417134587174456
Scopoletin,5985.96061255448,-2.5579653239582001
Scopoletin,5982.10367911763,-2.7955163201739093
Scopoletin,5978.24674568078,-0.77777543531779925
Scopoletin,5974.38981224394,-0.15175126859280894
Scopoletin,5970.53287880709,0.85982562842712462
Scopoletin,5966.67594537024,0.13870583762038474
Scopoletin,5962.81901193339,-2.3705424857962107
Scopoletin,5958.96207849655,-0.61195130233566764
Scopoletin,5955.1051450597,1.9370456640344682
Scopoletin,5951.24821162285,2.4524871307494824
Scopoletin,5947.391278186,2.9719333326069415
Scopoletin,5943.53434474916,3.8752627077261605
Scopoletin,5939.67741131231,5.3533935056379303
Scopoletin,5935.82047787546,6.4622091777216299
Scopoletin,5931.96354443862,6.9380273843446689
Scopoletin,5928.10661100177,6.3325973039362919
Scopoletin,5924.24967756492,4.8475232054113748
Scopoletin,5920.39274412807,5.0177071296321447
Scopoletin,5916.53581069123,6.2484868988943782
Scopoletin,5912.67887725438,6.6139048062681942
Scopoletin,5908.82194381753,7.8540496294452016
Scopoletin,5904.96501038068,7.3713782167185071
Scopoletin,5901.10807694384,5.4912007285225011
Scopoletin,5897.25114350699,5.0784557054496018
Scopoletin,5893.39421007014,4.4653989709080646
Scopoletin,5889.5372766333,5.7405621121079662
Scopoletin,5885.68034319645,3.7314552507471586
Scopoletin,5881.8234097596,2.3380080296430621
Scopoletin,5877.96647632275,0.041710658579428281
Scopoletin,5874.10954288591,0.18860936753686969
Scopoletin,5870.25260944906,-0.004366889443236625
Scopoletin,5866.39567601221,-0.15911242908036782
Scopoletin,5862.53874257536,-0.89823605022255615
Scopoletin,5858.68180913852,-0.75179774280370781
Scopoletin,5854.82487570167,-2.7819367956933512
Scopoletin,5850.96794226482,-4.7926416894654844
Scopoletin,5847.11100882798,-5.9749427007681337
Scopoletin,5843.25407539113,-7.1366595323420334
Scopoletin,5839.39714195428,-6.7779518769456741
Scopoletin,5835.54020851743,-5.1534028401766871
Scopoletin,5831.68327508059,-4.1518902310233416
Scopoletin,5827.82634164374,-3.8321523727494688
Scopoletin,5823.96940820689,-3.5923704537979897
Scopoletin,5820.11247477004,-1.3349921743392836
Scopoletin,5816.2555413332,-0.20299739004555387
Scopoletin,5812.39860789635,1.6531002245473743
Scopoletin,5808.5416744595,2.9922025568593504
Scopoletin,5804.68474102266,2.1986995178051689
Scopoletin,5800.82780758581,1.6210484778709391
Scopoletin,5796.97087414896,2.677109163975874
Scopoletin,5793.11394071211,5.0717707628458459
Scopoletin,5789.25700727527,6.584082657305574
Scopoletin,5785.40007383842,5.5229961295207062
Scopoletin,5781.54314040157,7.6411620170327827
Scopoletin,5777.68620696472,10.954058823705155
Scopoletin,5773.82927352788,10.998933437165183
Scopoletin,5769.97234009103,8.6429309651080928
Scopoletin,5766.11540665418,7.6461708689102004
Scopoletin,5762.25847321733,6.40394357065923
Scopoletin,5758.40153978049,5.4319241944893024
Scopoletin,5754.54460634364,4.8430355050695439
Scopoletin,5750.68767290679,4.5640868315938565
Scopoletin,5746.83073946995,3.1282184261223787
Scopoletin,5742.9738060331,1.3033337333118182
Scopoletin,5739.11687259625,-0.33904808276234272
Scopoletin,5735.2599391594,0.63226413184003627
Scopoletin,5731.40300572256,0.50554901899166216
Scopoletin,5727.54607228571,-1.0025381443861598
Scopoletin,5723.68913884886,-1.594139677981173
Scopoletin,5719.83220541201,-3.8163634551256855
Scopoletin,5715.97527197517,-6.6810252968581958
Scopoletin,5712.11833853832,-7.2332660714489672
Scopoletin,5708.26140510147,-7.9380989623241041
Scopoletin,5704.40447166463,-7.8972849648972101
Scopoletin,5700.54753822778,-9.0064626575702977
Scopoletin,5696.69060479093,-10.862222347566849
Scopoletin,5692.83367135408,-10.811634156307262
Scopoletin,5688.97673791724,-10.701252402856586
Scopoletin,5685.11980448039,-12.69960371143085
Scopoletin,5681.26287104354,-12.090280344344691
Scopoletin,5677.40593760669,-10.810756361288973
Scopoletin,5673.54900416985,-9.1740497114531898
Scopoletin,5669.692070733,-7.2989535694837544
Scopoletin,5665.83513729615,-5.3100981549901913
Scopoletin,5661.97820385931,-7.204025740425327
Scopoletin,5658.12127042246,-9.0765178654157115
Scopoletin,5654.26433698561,-8.2087005724363884
Scopoletin,5650.40740354876,-7.5807623843865217
Scopoletin,5646.55047011192,-6.9723756458634023
Scopoletin,5642.69353667507,-5.7404119005054213
Scopoletin,5638.83660323822,-4.1485079008506576
Scopoletin,5634.97966980137,-1.7124166972749708
Scopoletin,5631.12273636453,-1.1204653814259944
Scopoletin,5627.26580292768,-0.96725143197846475
Scopoletin,5623.40886949083,-2.0184379644839376
Scopoletin,5619.55193605399,-2.0341870143645866
Scopoletin,5615.69500261714,-0.47724532851404172
Scopoletin,5611.83806918029,1.458500751393236
Scopoletin,5607.98113574344,1.6512756632860182
Scopoletin,5604.1242023066,2.4615042156407863
Scopoletin,5600.26726886975,3.8208673757754252
Scopoletin,5596.4103354329,5.1499933791020958
Scopoletin,5592.55340199605,1.4128862245817408
Scopoletin,5588.69646855921,0.16182289539705502
Scopoletin,5584.83953512236,2.9631518180763998
Scopoletin,5580.98260168551,6.2732819422829156
Scopoletin,5577.12566824867,4.7612613290687227
Scopoletin,5573.26873481182,0.86150410771950914
Scopoletin,5569.41180137497,0.43962146741266622
Scopoletin,5565.55486793812,4.0244189133577279
Scopoletin,5561.69793450128,5.2719610332447964
Scopoletin,5557.84100106443,3.2293929426851991
Scopoletin,5553.98406762758,4.251219650970949
Scopoletin,5550.12713419073,6.6914988361073728
Scopoletin,5546.27020075389,6.5700109886491083
Scopoletin,5542.41326731704,1.8868548028828056
Scopoletin,5538.55633388019,-1.021422767026045
Scopoletin,5534.69940044334,1.198580809556816
Scopoletin,5530.8424670065,5.052724389860515
Scopoletin,5526.98553356965,7.7309769085095121
Scopoletin,5523.1286001328,7.2811528480873005
Scopoletin,5519.27166669596,7.1393110252168945
Scopoletin,5515.41473325911,5.8615574453130783
Scopoletin,5511.55779982226,4.9151395112476566
Scopoletin,5507.70086638541,4.9741540908802993
Scopoletin,5503.84393294857,4.4678349023709449
Scopoletin,5499.98699951172,4.3905819934860872
Scopoletin,5496.13006607487,5.2518494128506861
Scopoletin,5492.27313263802,5.4908376805968411
Scopoletin,5488.41619920118,6.3580277076078611
Scopoletin,5484.55926576433,2.0317737580926001
Scopoletin,5480.70233232748,-1.2296105189672801
Scopoletin,5476.84539889064,-0.35278179547356581
Scopoletin,5472.98846545379,4.9934898933984435
Scopoletin,5469.13153201694,6.2725857746796194
Scopoletin,5465.27459858009,4.1140542067188077
Scopoletin,5461.41766514325,-1.9272608900393307
Scopoletin,5457.5607317064,-3.0525876396703953
Scopoletin,5453.70379826955,-0.96302817692816023
Scopoletin,5449.8468648327,-0.54065137849107658
Scopoletin,5445.98993139586,1.6104985198065622
Scopoletin,5442.13299795901,-2.2008279845291385
Scopoletin,5438.27606452216,-5.8921022141789869
Scopoletin,5434.41913108532,-4.2750476898380549
Scopoletin,5430.56219764847,-4.5465231085395752
Scopoletin,5426.70526421162,-6.0373350825716416
Scopoletin,5422.84833077477,-10.529151251047981
Scopoletin,5418.99139733793,-10.543094540832278
Scopoletin,5415.13446390108,-6.8754594782967144
Scopoletin,5411.27753046423,-1.4240798307031686
Scopoletin,5407.42059702738,-4.3194813685751789
Scopoletin,5403.56366359054,-7.9831874559181104
Scopoletin,5399.70673015369,-9.3301245970434046
Scopoletin,5395.84979671684,-4.4443961438897084
Scopoletin,5391.99286328,-4.8405557104704959
Scopoletin,5388.13592984315,-7.0152777422057886
Scopoletin,5384.2789964063,-11.259150287373553
Scopoletin,5380.42206296945,-6.5716524830522802
Scopoletin,5376.56512953261,-3.2391883586541725
Scopoletin,5372.70819609576,-1.0039783119183638
Scopoletin,5368.85126265891,-2.8412219562717969
Scopoletin,5364.99432922206,-0.16167449556528082
Scopoletin,5361.13739578522,-2.3428979553392772
Scopoletin,5357.28046234837,-3.0595070724438269
Scopoletin,5353.42352891152,-4.934092456789708
Scopoletin,5349.56659547468,-2.0320610885490273
Scopoletin,5345.70966203783,1.3520371569217744
Scopoletin,5341.85272860098,1.2575377997935937
Scopoletin,5337.99579516413,-4.9116537834016496
Scopoletin,5334.13886172729,-7.4386483353767519
Scopoletin,5330.28192829044,-5.9252433850985469
Scopoletin,5326.42499485359,-0.47310867219581743
Scopoletin,5322.56806141674,-0.22892198644003561
Scopoletin,5318.7111279799,0.61002211708432741
Scopoletin,5314.85419454305,2.6007451728367883
Scopoletin,5310.9972611062,4.9849544768887428
Scopoletin,5307.14032766935,5.7026814195065176
Scopoletin,5303.28339423251,9.0525291386949753
Scopoletin,5299.42646079566,8.0205085257069317
Scopoletin,5295.56952735881,7.7010733652358248
Scopoletin,5291.71259392197,8.257944728194385
Scopoletin,5287.85566048512,10.862946443403082
Scopoletin,5283.99872704827,8.8257951342284091
Scopoletin,5280.14179361142,7.8521313226707123
Scopoletin,5276.28486017458,5.6645088385982341
Scopoletin,5272.42792673773,5.4970144279272581
Scopoletin,5268.57099330088,7.2626531758416304
Scopoletin,5264.71405986403,5.6923100222930278
Scopoletin,5260.85712642719,2.7902196826037615
Scopoletin,5257.00019299034,2.5067315629701001
Scopoletin,5253.14325955349,0.56872048107964812
Scopoletin,5249.28632611665,1.6817615575583478
Scopoletin,5245.4293926798,-0.071936190841191489
Scopoletin,5241.57245924295,-1.4614769758951309
Scopoletin,5237.7155258061,-2.0775229498018688
Scopoletin,5233.85859236926,-2.1006011246154426
Scopoletin,5230.00165893241,-1.9001624905301557
Scopoletin,5226.14472549556,-2.3032036219240166
Scopoletin,5222.28779205871,-3.8998697296542395
Scopoletin,5218.43085862187,-4.3067771148759473
Scopoletin,5214.57392518502,-3.4300113580668712
Scopoletin,5210.71699174817,-0.57675971445454277
Scopoletin,5206.86005831133,-0.58837418274556508
Scopoletin,5203.00312487448,-3.0810650873328038
Scopoletin,5199.14619143763,-2.7478778690039207
Scopoletin,5195.28925800078,-1.7561786147809502
Scopoletin,5191.43232456394,-0.75478346529978846
Scopoletin,5187.57539112709,-0.30337610396904013
Scopoletin,5183.71845769024,-0.8662066819014721
Scopoletin,5179.86152425339,-0.53081934500402461
Scopoletin,5176.00459081655,-0.09418003009994845
Scopoletin,5172.1476573797,-0.06830750386642559
Scopoletin,5168.29072394285,0.69847352307630317
Scopoletin,5164.43379050601,0.47106518701242933
Scopoletin,5160.57685706916,0.71799249462297909
Scopoletin,5156.71992363231,0.86931533237458114
Scopoletin,5152.86299019546,0.16592796678404806
Scopoletin,5149.00605675862,-0.73292843806047681
Scopoletin,5145.14912332177,-1.0169073431520614
Scopoletin,5141.29218988492,-1.0420815329327959
Scopoletin,5137.43525644807,-0.66896039896746784
Scopoletin,5133.57832301123,-0.39925075825383505
Scopoletin,5129.72138957438,-0.53561140831660647
Scopoletin,5125.86445613753,-1.6096258698020804
Scopoletin,5122.00752270069,-1.2841732551512925
Scopoletin,5118.15058926384,-0.83946132578746102
Scopoletin,5114.29365582699,-0.67080207752184062
Scopoletin,5110.43672239014,-0.93204779714551633
Scopoletin,5106.5797889533,-0.66652708408240857
Scopoletin,5102.72285551645,-0.89660480631054285
Scopoletin,5098.8659220796,-0.68176460186481902
Scopoletin,5095.00898864275,-1.0909204848801803
Scopoletin,5091.15205520591,-0.40776884183174233
Scopoletin,5087.29512176906,-0.060984442262843087
Scopoletin,5083.43818833221,0.49352928790919975
Scopoletin,5079.58125489536,0.6199512802246816
Scopoletin,5075.72432145852,1.6064145278128912
Scopoletin,5071.86738802167,1.8090502502517158
Scopoletin,5068.01045458482,2.578763746247184
Scopoletin,5064.15352114798,3.0287697548232084
Scopoletin,5060.29658771113,3.6191281373372148
Scopoletin,5056.43965427428,3.6344452839649186
Scopoletin,5052.58272083743,3.6128362779019709
Scopoletin,5048.72578740059,3.5986634762842908
Scopoletin,5044.86885396374,4.3819040954963411
Scopoletin,5041.01192052689,3.8997519949481103
Scopoletin,5037.15498709004,3.6357163914497961
Scopoletin,5033.2980536532,2.975836786786723
Scopoletin,5029.44112021635,2.9941716211938778
Scopoletin,5025.5841867795,1.8675759352668739
Scopoletin,5021.72725334266,1.4396608819885952
Scopoletin,5017.87031990581,0.4781148475261176
Scopoletin,5014.01338646896,1.4887007687459335
Scopoletin,5010.15645303211,1.1083026086175174
Scopoletin,5006.29951959527,0.21959170833971933
Scopoletin,5002.44258615842,-2.2810871264574546
Scopoletin,4998.58565272157,-2.5816583283627259
Scopoletin,4994.72871928472,-2.7738039220617461
Scopoletin,4990.87178584788,-3.1984118121385716
Scopoletin,4987.01485241103,-3.8916327668459427
Scopoletin,4983.15791897418,-2.7223995732429649
Scopoletin,4979.30098553734,-2.7171576477093322
Scopoletin,4975.44405210049,-2.0469265656536426
Scopoletin,4971.58711866364,-1.6163365385579909
Scopoletin,4967.73018522679,-0.47580477114462627
Scopoletin,4963.87325178995,0.13108037272291001
Scopoletin,4960.0163183531,-0.2727173955689764
Scopoletin,4956.15938491625,-0.34752051663082445
Scopoletin,4952.3024514794,1.3911013076813741
Scopoletin,4948.44551804256,1.9138893201803464
Scopoletin,4944.58858460571,2.4808856618215573
Scopoletin,4940.73165116886,2.6638577996562103
Scopoletin,4936.87471773202,3.819256012989328
Scopoletin,4933.01778429517,3.5946671375809429
Scopoletin,4929.16085085832,2.9858068640091431
Scopoletin,4925.30391742147,2.3431642969032342
Scopoletin,4921.44698398463,2.3899402733804744
Scopoletin,4917.59005054778,2.9076071256699878
Scopoletin,4913.73311711093,3.192678915469263
Scopoletin,4909.87618367408,1.889283534941935
Scopoletin,4906.01925023724,0.72417598961446872
Scopoletin,4902.16231680039,-0.21488131343058672
Scopoletin,4898.30538336354,-0.047381040150756358
Scopoletin,4894.4484499267,-0.42582363263396839
Scopoletin,4890.59151648985,-0.76931623756397094
Scopoletin,4886.734583053,-1.2814024721809032
Scopoletin,4882.87764961615,-1.266749657483909
Scopoletin,4879.02071617931,-2.5233310214704883
Scopoletin,4875.16378274246,-2.1014116645542913
Scopoletin,4871.30684930561,-2.2981643734052133
Scopoletin,4867.44991586876,-1.9485345817494832
Scopoletin,4863.59298243192,-2.5687290028849006
Scopoletin,4859.73604899507,-3.1275926867456376
Scopoletin,4855.87911555822,-3.7385845656427636
Scopoletin,4852.02218212137,-2.8800024991722712
Scopoletin,4848.16524868453,-2.5243864578665858
Scopoletin,4844.30831524768,-2.3569233030599026
Scopoletin,4840.45138181083,-2.6926363761864409
Scopoletin,4836.59444837399,-1.8940340220092036
Scopoletin,4832.73751493714,-1.8862808001525764
Scopoletin,4828.88058150029,-2.1380597853960999
Scopoletin,4825.02364806344,-2.6899750863291163
Scopoletin,4821.1667146266,-2.2381457392092474
Scopoletin,4817.30978118975,-2.9642543293726922
Scopoletin,4813.4528477529,-2.4367060176258546
Scopoletin,4809.59591431605,-2.1751814692235825
Scopoletin,4805.73898087921,-1.4797856930933557
Scopoletin,4801.88204744236,-1.918645137829551
Scopoletin,4798.02511400551,-1.6109268637010605
Scopoletin,4794.16818056867,-1.5203492683181028
Scopoletin,4790.31124713182,-0.83854568541886687
Scopoletin,4786.45431369497,-0.96822068897949221
Scopoletin,4782.59738025812,-0.81140577140053416
Scopoletin,4778.74044682128,-0.7101881887373146
Scopoletin,4774.88351338443,0.19727881172875278
Scopoletin,4771.02657994758,0.37119492971316775
Scopoletin,4767.16964651073,0.88047841642919367
Scopoletin,4763.31271307389,0.59512108230657612
Scopoletin,4759.45577963704,1.4709479225710478
Scopoletin,4755.59884620019,2.0682311828838338
Scopoletin,4751.74191276335,2.9005848805524583
Scopoletin,4747.8849793265,2.911657010403264
Scopoletin,4744.02804588965,2.9166945601232102
Scopoletin,4740.1711124528,2.7662218226019704
Scopoletin,4736.31417901596,3.0892251987399124
Scopoletin,4732.45724557911,2.8370431607540527
Scopoletin,4728.60031214226,3.6599881276057724
Scopoletin,4724.74337870541,4.0035728096039405
Scopoletin,4720.88644526857,4.6340061805335013
Scopoletin,4717.02951183172,4.0684730331293366
Scopoletin,4713.17257839487,3.5523101207384356
Scopoletin,4709.31564495803,2.7877228601232753
Scopoletin,4705.45871152118,3.5094973438863879
Scopoletin,4701.60177808433,3.9457941241807633
Scopoletin,4697.74484464748,4.3380984101568849
Scopoletin,4693.88791121064,3.8255686397355828
Scopoletin,4690.03097777379,3.42359200060443
Scopoletin,4686.17404433694,2.6553210027959926
Scopoletin,4682.31711090009,2.7640449700775718
Scopoletin,4678.46017746325,1.8829960730553321
Scopoletin,4674.6032440264,1.7225508516040253
Scopoletin,4670.74631058955,1.3925139644426496
Scopoletin,4666.88937715271,1.3789205066383308
Scopoletin,4663.03244371586,-0.29496568833892561
Scopoletin,4659.17551027901,-0.91775834948473023
Scopoletin,4655.31857684216,-0.99044938262061533
Scopoletin,4651.46164340532,-0.43631998229909902
Scopoletin,4647.60470996847,-0.19926894822683405
Scopoletin,4643.74777653162,0.13913404786375483
Scopoletin,4639.89084309477,-0.9204844826307107
Scopoletin,4636.03390965793,-0.91246581380675718
Scopoletin,4632.17697622108,-0.77112231307336832
Scopoletin,4628.32004278423,-0.39485048224457459
Scopoletin,4624.46310934739,-1.6887844208033236
Scopoletin,4620.60617591054,-2.5276432126960886
Scopoletin,4616.74924247369,-1.4567165665004749
Scopoletin,4612.89230903684,-0.44704564928834495
Scopoletin,4609.0353756,-1.0595450747503421
Scopoletin,4605.17844216315,-0.73125180023954672
Scopoletin,4601.3215087263,-1.3241389022838048
Scopoletin,4597.46457528945,-1.4499867939388593
Scopoletin,4593.60764185261,-1.9184890414212423
Scopoletin,4589.75070841576,-2.8440392470724229
Scopoletin,4585.89377497891,-3.4508632431173702
Scopoletin,4582.03684154207,-1.1938057266328708
Scopoletin,4578.17990810522,-0.11964212747914421
Scopoletin,4574.32297466837,-0.076738916356114364
Scopoletin,4570.46604123152,-1.8032230286379072
Scopoletin,4566.60910779468,-0.90512433931539393
Scopoletin,4562.75217435783,0.094229474292665927
Scopoletin,4558.89524092098,0.73712591034662145
Scopoletin,4555.03830748413,1.0367708024300957
Scopoletin,4551.18137404729,2.8722398942295562
Scopoletin,4547.32444061044,3.6112280630952025
Scopoletin,4543.46750717359,3.9021291638866056
Scopoletin,4539.61057373675,3.1431512117722198
Scopoletin,4535.7536402999,2.3280823301424256
Scopoletin,4531.89670686305,1.2831694714213007
Scopoletin,4528.0397734262,2.1685425735537964
Scopoletin,4524.18283998936,2.079970075322048
Scopoletin,4520.32590655251,3.015447389278874
Scopoletin,4516.46897311566,2.1894346452329141
Scopoletin,4512.61203967881,2.2494905727366001
Scopoletin,4508.75510624197,2.151480863011622
Scopoletin,4504.89817280512,1.7507799979581664
Scopoletin,4501.04123936827,0.69749025571509837
Scopoletin,4497.18430593143,-0.4314206456664138
Scopoletin,4493.32737249458,-2.0774292192764019
Scopoletin,4489.47043905773,-2.3954089865965202
Scopoletin,4485.61350562088,-2.4649579391675367
Scopoletin,4481.75657218404,-2.1529791310815316
Scopoletin,4477.89963874719,-2.0784834538876642
Scopoletin,4474.04270531034,-2.0334788523988863
Scopoletin,4470.18577187349,-3.4283344737121113
Scopoletin,4466.32883843665,-4.1004786657987351
Scopoletin,4462.4719049998,-3.9497587042548328
Scopoletin,4458.61497156295,-2.6518953686566538
Scopoletin,4454.75803812611,-2.0381520131725193
Scopoletin,4450.90110468926,-1.8841298224738883
Scopoletin,4447.04417125241,-3.5743805328640841
Scopoletin,4443.18723781556,-2.8225257791379295
Scopoletin,4439.33030437872,-0.33791824129036391
Scopoletin,4435.47337094187,2.4400013561403817
Scopoletin,4431.61643750502,3.2042227793480667
Scopoletin,4427.75950406817,4.5006224781143116
Scopoletin,4423.90257063133,3.823804412364979
Scopoletin,4420.04563719448,4.7214790968614002
Scopoletin,4416.18870375763,5.7826860641482734
Scopoletin,4412.33177032078,6.8798904495554387
Scopoletin,4408.47483688394,5.311120936038412
Scopoletin,4404.61790344709,4.1304993901908587
Scopoletin,4400.76097001024,2.164926963635692
Scopoletin,4396.9040365734,1.9687469483514886
Scopoletin,4393.04710313655,1.0329328566342102
Scopoletin,4389.1901696997,1.2650414423927905
Scopoletin,4385.33323626285,2.2777406669759204
Scopoletin,4381.47630282601,3.4988566366813858
Scopoletin,4377.61936938916,2.3640071911966443
Scopoletin,4373.76243595231,0.7493129718886028
Scopoletin,4369.90550251546,-0.64582725781822881
Scopoletin,4366.04856907862,-1.2448550033719552
Scopoletin,4362.19163564177,-2.6921546094621331
Scopoletin,4358.33470220492,-3.4305772468925819
Scopoletin,4354.47776876808,-4.7936389929014824
Scopoletin,4350.62083533123,-5.6918946636679175
Scopoletin,4346.76390189438,-6.9714488451831098
Scopoletin,4342.90696845753,-7.5628482672669826
Scopoletin,4339.05003502069,-8.4597998976028403
Scopoletin,4335.19310158384,-7.5718681893712398
Scopoletin,4331.33616814699,-5.7833431789822027
Scopoletin,4327.47923471014,-2.4821228925555188
Scopoletin,4323.6223012733,-1.1305557970849225
Scopoletin,4319.76536783645,-1.6656459956720224
Scopoletin,4315.9084343996,-3.3151808746707907
Scopoletin,4312.05150096276,-3.1168827073930885
Scopoletin,4308.19456752591,-3.4950706643850045
Scopoletin,4304.33763408906,-2.5853551956465917
Scopoletin,4300.48070065221,-3.0788696498530199
Scopoletin,4296.62376721537,-2.728515452838888
Scopoletin,4292.76683377852,-2.4313328527737754
Scopoletin,4288.90990034167,-1.5197201795821007
Scopoletin,4285.05296690482,-0.99550764071820685
Scopoletin,4281.19603346798,1.0671267521703662
Scopoletin,4277.33910003113,0.54249603300233329
Scopoletin,4273.48216659428,0.045346553514941088
Scopoletin,4269.62523315744,-0.29410252269716436
Scopoletin,4265.76829972059,1.550875598587476
Scopoletin,4261.91136628374,2.028828083690795
Scopoletin,4258.05443284689,2.6924415864374205
Scopoletin,4254.19749941005,3.3182287764344602
Scopoletin,4250.3405659732,4.1866713761731464
Scopoletin,4246.48363253635,4.22128444742608
Scopoletin,4242.6266990995,5.7634886364182591
Scopoletin,4238.76976566266,5.5425821312024262
Scopoletin,4234.91283222581,5.5287480582024546
Scopoletin,4231.05589878896,5.1930186366885254
Scopoletin,4227.19896535212,4.5281964639535008
Scopoletin,4223.34203191527,3.9921071011850442
Scopoletin,4219.48509847842,4.8152078285062911
Scopoletin,4215.62816504157,4.4260776540007027
Scopoletin,4211.77123160473,4.2406462934739277
Scopoletin,4207.91429816788,3.6317591269911018
Scopoletin,4204.05736473103,3.180627729390674
Scopoletin,4200.20043129418,2.0829424078982708
Scopoletin,4196.34349785734,1.9044925080020945
Scopoletin,4192.48656442049,1.1757093978226412
Scopoletin,4188.62963098364,0.53503879101146701
Scopoletin,4184.7726975468,-1.821598742040641
Scopoletin,4180.91576410995,-2.9767724383969871
Scopoletin,4177.0588306731,-3.6368889714389279
Scopoletin,4173.20189723625,-3.1424126373353567
Scopoletin,4169.34496379941,-3.5286320696396225
Scopoletin,4165.48803036256,-3.1927459023996678
Scopoletin,4161.63109692571,-3.4034003701625113
Scopoletin,4157.77416348886,-2.9844797898211595
Scopoletin,4153.91723005202,-3.6289014802581616
Scopoletin,4150.06029661517,-2.972732792931295
Scopoletin,4146.20336317832,-3.1948818186899017
Scopoletin,4142.34642974148,-2.7327431272150129
Scopoletin,4138.48949630463,-2.5564992575793615
Scopoletin,4134.63256286778,-1.1034233607742951
Scopoletin,4130.77562943093,-1.7578313057391224
Scopoletin,4126.91869599409,-2.182663451672664
Scopoletin,4123.06176255724,-1.7948455650101791
Scopoletin,4119.20482912039,-1.1244760182621407
Scopoletin,4115.34789568354,-1.061666187999478
Scopoletin,4111.4909622467,0.18626452707028282
Scopoletin,4107.63402880985,-0.11017383677728211
Scopoletin,4103.777095373,-0.83069740805120351
Scopoletin,4099.92016193616,-1.9260146381550676
Scopoletin,4096.06322849931,-1.1107310574376739
Scopoletin,4092.20629506246,-0.77000731192706517
Scopoletin,4088.34936162561,0.41572163219788727
Scopoletin,4084.49242818877,0.078291198465816433
Scopoletin,4080.63549475192,-0.10860771364107591
Scopoletin,4076.77856131507,-0.80636390838534766
Scopoletin,4072.92162787822,-0.25548400807691724
Scopoletin,4069.06469444138,0.8800636332117957
Scopoletin,4065.20776100453,2.3464728262326107
Scopoletin,4061.35082756768,1.1877212256999707
Scopoletin,4057.49389413083,0.2889954583768351
Scopoletin,4053.63696069399,0.35249906729871916
Scopoletin,4049.78002725714,1.6348999490379812
Scopoletin,4045.92309382029,1.8275717916972303
Scopoletin,4042.06616038345,1.5344613494065709
Scopoletin,4038.2092269466,0.84910806339215639
Scopoletin,4034.35229350975,1.1958302920276811
Scopoletin,4030.4953600729,0.19414434437518441
Scopoletin,4026.63842663606,0.27963625288032834
Scopoletin,4022.78149319921,-0.27762031980406471
Scopoletin,4018.92455976236,-0.28113944456811962
Scopoletin,4015.06762632551,-0.52689662784615898
Scopoletin,4011.21069288867,-0.55180942257910526
Scopoletin,4007.35375945182,-1.5201094757946925
Scopoletin,4003.49682601497,-1.2440871757378793
Scopoletin,3999.63989257813,-1.9103990371151622
Rutin,10001.0283203125,-217.54083021549982
Rutin,9997.17138687565,-73.232737604703388
Rutin,9993.31445343881,-89.824511641559866
Rutin,9989.45752000196,-184.6523544291903
Rutin,9985.60058656511,-160.85241103672789
Rutin,9981.74365312826,-32.747889681963187
Rutin,9977.88671969142,34.362368152509944
Rutin,9974.02978625457,58.873752291044774
Rutin,9970.17285281772,0.17883243184312705
Rutin,9966.31591938088,74.765296691525691
Rutin,9962.45898594403,133.11326412014617
Rutin,9958.60205250718,36.715282143935525
Rutin,9954.74511907033,-8.3433156841952414
Rutin,9950.88818563349,-136.20003001048079
Rutin,9947.03125219664,-204.96473252051919
Rutin,9943.17431875979,-205.8776874023923
Rutin,9939.31738532294,-138.91637454244886
Rutin,9935.4604518861,13.001733344205773
Rutin,9931.60351844925,60.613925239036661
Rutin,9927.7465850124,6.0063711281319243
Rutin,9923.88965157556,-99.178468711679969
Rutin,9920.03271813871,-67.82895324673342
Rutin,9916.17578470186,-35.717904157939387
Rutin,9912.31885126501,-105.1838095821068
Rutin,9908.46191782817,-82.714734686555985
Rutin,9904.60498439132,-22.239585712645628
Rutin,9900.74805095447,-41.10587808081344
Rutin,9896.89111751762,-103.14606754255327
Rutin,9893.03418408078,-77.926790566087178
Rutin,9889.17725064393,-17.165871228064521
Rutin,9885.32031720708,107.86187059327007
Rutin,9881.46338377024,127.78711646193149
Rutin,9877.60645033339,-77.417834090128238
Rutin,9873.74951689654,-40.72587568007495
Rutin,9869.89258345969,13.654767193588293
Rutin,9866.03565002284,67.215951936150844
Rutin,9862.178716586,0.50559205225073744
Rutin,9858.32178314915,-23.457462489539253
Rutin,9854.4648497123,-12.050672693178456
Rutin,9850.60791627546,-30.997173181988451
Rutin,9846.75098283861,1.6424611836784591
Rutin,9842.89404940176,100.62358372659402
Rutin,9839.03711596492,-15.373436904229916
Rutin,9835.18018252807,-94.091720342803782
Rutin,9831.32324909122,-14.572136556575479
Rutin,9827.46631565437,54.047534772480752
Rutin,9823.60938221752,-65.79332295414639
Rutin,9819.75244878068,-38.452448704025052
Rutin,9815.89551534383,-24.211566493180197
Rutin,9812.03858190698,-73.961663667035154
Rutin,9808.18164847014,-2.5183921971402383
Rutin,9804.32471503329,53.87061003858161
Rutin,9800.46778159644,9.0346465344219773
Rutin,9796.6108481596,-41.078037820155167
Rutin,9792.75391472275,13.304183989596584
Rutin,9788.8969812859,-73.168639137594894
Rutin,9785.04004784905,-69.808189525632656
Rutin,9781.1831144122,98.375830037303047
Rutin,9777.32618097536,174.87875791875726
Rutin,9773.46924753851,162.05578069885624
Rutin,9769.61231410166,149.13646583987926
Rutin,9765.75538066482,108.1045738046453
Rutin,9761.89844722797,-58.024725242477679
Rutin,9758.04151379112,-150.99245700095776
Rutin,9754.18458035428,-10.802998779242229
Rutin,9750.32764691743,132.30434800829428
Rutin,9746.47071348058,72.828543950217679
Rutin,9742.61378004373,37.648577751494422
Rutin,9738.75684660688,91.709472366074664
Rutin,9734.89991317004,199.26097853499334
Rutin,9731.04297973319,172.60329285915174
Rutin,9727.18604629634,82.624497928093007
Rutin,9723.3291128595,57.418738269463418
Rutin,9719.47217942265,22.69538758261956
Rutin,9715.6152459858,-21.123898082282061
Rutin,9711.75831254896,-49.930449276516491
Rutin,9707.90137911211,74.836176812504903
Rutin,9704.04444567526,154.13493383182413
Rutin,9700.18751223841,210.80196677874312
Rutin,9696.33057880156,76.209993349488258
Rutin,9692.47364536472,-96.905961884785981
Rutin,9688.61671192787,-52.968504718997167
Rutin,9684.75977849102,30.71995287060701
Rutin,9680.90284505418,-27.546743721592765
Rutin,9677.04591161733,13.979681472196502
Rutin,9673.18897818048,56.990783345275901
Rutin,9669.33204474363,107.09430129275766
Rutin,9665.47511130679,181.49593889456253
Rutin,9661.61817786994,161.24611198532892
Rutin,9657.76124443309,62.142215766414417
Rutin,9653.90431099624,12.919153587446894
Rutin,9650.0473775594,34.547678713666699
Rutin,9646.19044412255,94.564029617516454
Rutin,9642.3335106857,124.97205218060144
Rutin,9638.47657724886,33.254123780301043
Rutin,9634.61964381201,-120.98158632309203
Rutin,9630.76271037516,-167.86018585441408
Rutin,9626.90577693831,-92.207478056100214
Rutin,9623.04884350147,18.765618531054265
Rutin,9619.19191006462,105.95732443296636
Rutin,9615.33497662777,51.908326249368038
Rutin,9611.47804319092,-9.0172863299264723
Rutin,9607.62110975408,-63.998187122699889
Rutin,9603.76417631723,-7.0154320540428721
Rutin,9599.90724288038,-17.756387635217692
Rutin,9596.05030944354,41.120213719899454
Rutin,9592.19337600669,28.348657532241148
Rutin,9588.33644256984,-59.408857658460747
Rutin,9584.47950913299,-120.26689088031118
Rutin,9580.62257569615,-88.288336692080406
Rutin,9576.7656422593,-65.170794801764742
Rutin,9572.90870882245,-36.607073342930136
Rutin,9569.0517753856,-57.097403694154423
Rutin,9565.19484194876,-145.95609569409336
Rutin,9561.33790851191,-240.18179558529962
Rutin,9557.48097507506,-184.34380203403154
Rutin,9553.62404163822,-91.429968849769438
Rutin,9549.76710820137,-97.309911381560354
Rutin,9545.91017476452,-145.13198551572279
Rutin,9542.05324132767,-19.033217900814105
Rutin,9538.19630789083,22.428257980902679
Rutin,9534.33937445398,-50.163233347416003
Rutin,9530.48244101713,6.5414099490738264
Rutin,9526.62550758028,-19.317129006334461
Rutin,9522.76857414344,-145.47037474532647
Rutin,9518.91164070659,-87.21598197846626
Rutin,9515.05470726974,6.4595729109925548
Rutin,9511.1977738329,8.9929714046813327
Rutin,9507.34084039605,-52.083753298577982
Rutin,9503.4839069592,58.512812076386943
Rutin,9499.62697352235,101.87290290363063
Rutin,9495.77004008551,-16.544476311084477
Rutin,9491.91310664866,-86.88629895730989
Rutin,9488.05617321181,-39.264156674926859
Rutin,9484.19923977496,-16.130579123065946
Rutin,9480.34230633812,24.489592618151438
Rutin,9476.48537290127,47.59513970683652
Rutin,9472.62843946442,88.871865092031754
Rutin,9468.77150602758,71.733518468370562
Rutin,9464.91457259073,-59.698766055438085
Rutin,9461.05763915388,-58.231538290751338
Rutin,9457.20070571703,30.781890244748563
Rutin,9453.34377228019,21.096171023007063
Rutin,9449.48683884334,25.965168588028416
Rutin,9445.62990540649,45.210391201648491
Rutin,9441.77297196964,7.780894977057967
Rutin,9437.9160385328,-107.68908589202306
Rutin,9434.05910509595,-105.54726007402489
Rutin,9430.2021716591,-37.53145100330174
Rutin,9426.34523822226,-58.066509717826548
Rutin,9422.48830478541,-114.99515545156194
Rutin,9418.63137134856,-180.80438600419984
Rutin,9414.77443791171,-161.38044290438052
Rutin,9410.91750447487,-56.98713095675317
Rutin,9407.06057103802,21.149474534356898
Rutin,9403.20363760117,25.077864169321579
Rutin,9399.34670416432,-7.0797858910664457
Rutin,9395.48977072748,-4.761764255668437
Rutin,9391.63283729063,20.694146269569057
Rutin,9387.77590385378,3.8664321670788064
Rutin,9383.91897041694,-42.119644832046902
Rutin,9380.06203698009,-107.77197536320045
Rutin,9376.20510354324,-159.06184840941589
Rutin,9372.34817010639,-55.305676415520232
Rutin,9368.49123666955,40.722943104825234
Rutin,9364.6343032327,108.69154175445782
Rutin,9360.77736979585,157.57763075867351
Rutin,9356.920436359,78.115472063994289
Rutin,9353.06350292216,16.292113255908305
Rutin,9349.20656948531,110.85466471375557
Rutin,9345.34963604846,82.142947052970356
Rutin,9341.49270261162,88.071577974873932
Rutin,9337.63576917477,118.5675832768186
Rutin,9333.77883573792,28.220560409317688
Rutin,9329.92190230107,-25.88528471274158
Rutin,9326.06496886423,104.47849511051513
Rutin,9322.20803542738,131.28236631927402
Rutin,9318.35110199053,6.7209282626116567
Rutin,9314.49416855368,11.156456407690902
Rutin,9310.63723511684,59.310616604931575
Rutin,9306.78030167999,-7.4269153288409457
Rutin,9302.92336824314,-37.436708187962786
Rutin,9299.0664348063,1.5946403864093239
Rutin,9295.20950136945,108.02881023704836
Rutin,9291.3525679326,213.03158783825208
Rutin,9287.49563449575,119.66779725291666
Rutin,9283.63870105891,12.814360681070523
Rutin,9279.78176762206,-30.704660601676483
Rutin,9275.92483418521,-56.882440639496906
Rutin,9272.06790074836,-50.22738924300797
Rutin,9268.21096731152,-41.165970343148963
Rutin,9264.35403387467,24.25056417350001
Rutin,9260.49710043782,88.734522748079357
Rutin,9256.64016700098,21.379907035327655
Rutin,9252.78323356413,6.7603711949350931
Rutin,9248.92630012728,78.514899572047355
Rutin,9245.06936669043,64.460186560711364
Rutin,9241.21243325358,19.396799875187689
Rutin,9237.35549981674,23.497747826528723
Rutin,9233.49856637989,32.598738778701382
Rutin,9229.64163294304,62.067814159533178
Rutin,9225.7846995062,116.89611864461997
Rutin,9221.92776606935,130.57304209518929
Rutin,9218.0708326325,120.66002658091577
Rutin,9214.21389919565,13.003389874881824
Rutin,9210.35696575881,12.517524591977354
Rutin,9206.50003232196,36.124469911121821
Rutin,9202.64309888511,55.491332604721194
Rutin,9198.78616544826,10.840920650092906
Rutin,9194.92923201142,-50.179963734159053
Rutin,9191.07229857457,22.714919994955423
Rutin,9187.21536513772,126.93368487730316
Rutin,9183.35843170088,140.66664065088719
Rutin,9179.50149826403,71.864707756815989
Rutin,9175.64456482718,-47.172893998113707
Rutin,9171.78763139033,-10.487735915189807
Rutin,9167.93069795349,-9.9992276413739578
Rutin,9164.07376451664,-34.027305171318147
Rutin,9160.21683107979,-14.448731455864413
Rutin,9156.35989764294,119.82360440876802
Rutin,9152.5029642061,190.3017727022339
Rutin,9148.64603076925,140.5801047734497
Rutin,9144.7890973324,-3.9388722657286497
Rutin,9140.93216389556,-17.540487342019418
Rutin,9137.07523045871,13.157859491650854
Rutin,9133.21829702186,16.383306674961052
Rutin,9129.36136358501,96.953348210668665
Rutin,9125.50443014817,178.26775052566921
Rutin,9121.64749671132,146.8022990221383
Rutin,9117.79056327447,85.888989622263594
Rutin,9113.93362983762,77.099751315465966
Rutin,9110.07669640078,51.122019019785093
Rutin,9106.21976296393,-22.838606096349512
Rutin,9102.36282952708,-46.390428817265807
Rutin,9098.50589609024,107.17402819208452
Rutin,9094.64896265339,124.44213419773627
Rutin,9090.79202921654,92.456634909234509
Rutin,9086.93509577969,176.03302999239864
Rutin,9083.07816234285,123.36317468693579
Rutin,9079.221228906,36.256576979710808
Rutin,9075.36429546915,29.066778082110702
Rutin,9071.5073620323,78.962857575763138
Rutin,9067.65042859546,118.28771248714303
Rutin,9063.79349515861,156.95330237238625
Rutin,9059.93656172176,115.62150981814438
Rutin,9056.07962828492,3.5033468426785688
Rutin,9052.22269484807,40.571413449567167
Rutin,9048.36576141122,92.720978982114147
Rutin,9044.50882797437,94.892863928789993
Rutin,9040.65189453753,64.506497231306327
Rutin,9036.79496110068,16.486078372294013
Rutin,9032.93802766383,-35.072197989177965
Rutin,9029.08109422698,9.1030785531863998
Rutin,9025.22416079014,72.135739186173112
Rutin,9021.36722735329,-7.2705167763505605
Rutin,9017.51029391644,71.799968543468736
Rutin,9013.6533604796,95.750658780147418
Rutin,9009.79642704275,50.004275574843483
Rutin,9005.9394936059,57.902423726865528
Rutin,9002.08256016905,37.984759656930215
Rutin,8998.22562673221,-6.2424570167567186
Rutin,8994.36869329536,60.330611639290098
Rutin,8990.51175985851,35.31344048500506
Rutin,8986.65482642166,38.519580978963582
Rutin,8982.79789298482,20.052152063522307
Rutin,8978.94095954797,47.861865370098499
Rutin,8975.08402611112,95.22824076509832
Rutin,8971.22709267428,27.613349026376689
Rutin,8967.37015923743,-33.033077564145877
Rutin,8963.51322580058,-12.769747145465372
Rutin,8959.65629236373,-17.242834404398618
Rutin,8955.79935892689,7.4305784542273159
Rutin,8951.94242549004,41.373020830861101
Rutin,8948.08549205319,67.299763681164208
Rutin,8944.22855861634,99.720679990043919
Rutin,8940.3716251795,120.72204971261799
Rutin,8936.51469174265,111.60321522052949
Rutin,8932.6577583058,162.11861391344414
Rutin,8928.80082486896,130.222670302149
Rutin,8924.94389143211,30.128774818075975
Rutin,8921.08695799526,-74.801406965343546
Rutin,8917.23002455841,-48.956583208961767
Rutin,8913.37309112157,59.978497572523899
Rutin,8909.51615768472,60.498828245498501
Rutin,8905.65922424787,-30.907644776641185
Rutin,8901.80229081102,-73.345908119902361
Rutin,8897.94535737418,-79.574446381301598
Rutin,8894.08842393733,-15.287880959237054
Rutin,8890.23149050048,47.822155098331066
Rutin,8886.37455706364,80.353666817565738
Rutin,8882.51762362679,88.711858390710006
Rutin,8878.66069018994,46.210429887980006
Rutin,8874.80375675309,-7.9183057295500259
Rutin,8870.94682331625,-44.440990639059045
Rutin,8867.0898898794,-81.945241190332993
Rutin,8863.23295644255,-91.753341767826015
Rutin,8859.3760230057,-112.83793108406888
Rutin,8855.51908956886,-86.351242054803535
Rutin,8851.66215613201,-65.276790710276373
Rutin,8847.80522269516,-78.369736335259503
Rutin,8843.94828925832,-79.641121982063893
Rutin,8840.09135582147,-104.05284619434448
Rutin,8836.23442238462,-103.89466496644754
Rutin,8832.37748894777,-96.713988714534139
Rutin,8828.52055551093,-71.000752754920015
Rutin,8824.66362207408,-34.570647368077431
Rutin,8820.80668863723,-80.295772189255743
Rutin,8816.94975520038,-24.015129090857716
Rutin,8813.09282176354,7.3019477535022173
Rutin,8809.23588832669,-91.228803467695997
Rutin,8805.37895488984,-156.94068704395895
Rutin,8801.522021453,-143.7242651935662
Rutin,8797.66508801615,-133.75715577140627
Rutin,8793.8081545793,-126.54304848056773
Rutin,8789.95122114245,-110.67357749181778
Rutin,8786.09428770561,-102.4452837560931
Rutin,8782.23735426876,-118.24400931441158
Rutin,8778.38042083191,-88.129628806065398
Rutin,8774.52348739506,62.801293197440955
Rutin,8770.66655395822,66.34223246415732
Rutin,8766.80962052137,-51.14741636812527
Rutin,8762.95268708452,-153.87310360179694
Rutin,8759.09575364767,-169.665875913219
Rutin,8755.23882021083,-94.291784911393108
Rutin,8751.38188677398,-37.093716938252285
Rutin,8747.52495333713,-61.62555639946229
Rutin,8743.66801990029,-115.94595019847833
Rutin,8739.81108646344,-126.72149049389577
Rutin,8735.95415302659,-110.49941936486688
Rutin,8732.09721958974,-67.071840280663238
Rutin,8728.2402861529,-137.27092459884946
Rutin,8724.38335271605,-156.61609712464104
Rutin,8720.5264192792,-37.688494028775175
Rutin,8716.66948584235,-70.222041856357691
Rutin,8712.81255240551,-121.06924283700836
Rutin,8708.95561896866,-66.109885229600138
Rutin,8705.09868553181,-93.188386854692112
Rutin,8701.24175209497,-193.19426925717769
Rutin,8697.38481865812,-172.82187007403226
Rutin,8693.52788522127,-84.157517580605457
Rutin,8689.67095178442,-73.774743569012372
Rutin,8685.81401834758,-58.733056576752588
Rutin,8681.95708491073,-35.506796158584791
Rutin,8678.10015147388,-29.819986131963528
Rutin,8674.24321803703,-52.727861068154247
Rutin,8670.38628460019,-13.64574549467083
Rutin,8666.52935116334,39.432054700877572
Rutin,8662.67241772649,7.0178704053979715
Rutin,8658.81548428965,-17.221357033695817
Rutin,8654.9585508528,3.5901064818285202
Rutin,8651.10161741595,-41.26207195441286
Rutin,8647.2446839791,-61.12920392538247
Rutin,8643.38775054226,39.740773804289049
Rutin,8639.53081710541,182.87872997673966
Rutin,8635.67388366856,169.93671744757583
Rutin,8631.81695023171,90.961867856024625
Rutin,8627.96001679487,-33.424932228536434
Rutin,8624.10308335802,-130.21906141566515
Rutin,8620.24614992117,-101.62448831039991
Rutin,8616.38921648433,-20.254575329815729
Rutin,8612.53228304748,-79.471543199425099
Rutin,8608.67534961063,-65.737175862893409
Rutin,8604.81841617378,0.77624530260196822
Rutin,8600.96148273694,66.779953673199202
Rutin,8597.10454930009,73.429389543327261
Rutin,8593.24761586324,-16.10467813837715
Rutin,8589.39068242639,-171.63468400488622
Rutin,8585.53374898955,-131.13572794616326
Rutin,8581.6768155527,-53.275918734214365
Rutin,8577.81988211585,-50.079817617752795
Rutin,8573.96294867901,-32.741537962949124
Rutin,8570.10601524216,101.91324588015991
Rutin,8566.24908180531,117.33701326067617
Rutin,8562.39214836846,51.852026792634263
Rutin,8558.53521493162,-27.256957485001646
Rutin,8554.67828149477,-43.849069844689225
Rutin,8550.82134805792,-110.9257295993656
Rutin,8546.96441462107,-102.05199029435508
Rutin,8543.10748118423,-91.614565193064436
Rutin,8539.25054774738,-21.783946372972277
Rutin,8535.39361431053,18.284906385816111
Rutin,8531.53668087368,17.305417376148103
Rutin,8527.67974743684,-8.2441727076643971
Rutin,8523.82281399999,-54.31216094500067
Rutin,8519.96588056314,-54.00157164132581
Rutin,8516.1089471263,0.12511224622556605
Rutin,8512.25201368945,-30.624832093371293
Rutin,8508.3950802526,7.2491679771113704
Rutin,8504.53814681575,-24.355342402942405
Rutin,8500.68121337891,-49.75439140606148
Rutin,8496.82427994206,24.184941750194241
Rutin,8492.96734650521,-3.2232772272592944
Rutin,8489.11041306836,-93.557229593645985
Rutin,8485.25347963152,-251.94967490411491
Rutin,8481.39654619467,-277.26117156192834
Rutin,8477.53961275782,-124.15261842193145
Rutin,8473.68267932098,2.1860293062557741
Rutin,8469.82574588413,0.74719609057955949
Rutin,8465.96881244728,41.175695325188563
Rutin,8462.11187901043,92.908812530757729
Rutin,8458.25494557359,-55.80539631192859
Rutin,8454.39801213674,-98.116721696943813
Rutin,8450.54107869989,30.752045407083571
Rutin,8446.68414526304,83.92250299636504
Rutin,8442.8272118262,97.49278677691278
Rutin,8438.97027838935,17.599233488618385
Rutin,8435.1133449525,4.1391334477121626
Rutin,8431.25641151566,48.981264149456521
Rutin,8427.39947807881,-40.79392172685349
Rutin,8423.54254464196,69.235703061728856
Rutin,8419.68561120511,230.25753206811265
Rutin,8415.82867776827,314.36415548994376
Rutin,8411.97174433142,191.76759000972783
Rutin,8408.11481089457,20.594986984760322
Rutin,8404.25787745772,-155.63276042632219
Rutin,8400.40094402088,-118.33934204261935
Rutin,8396.54401058403,-22.369661924998081
Rutin,8392.68707714718,115.12993763133669
Rutin,8388.83014371034,196.93767364323352
Rutin,8384.97321027349,224.63323247797319
Rutin,8381.11627683664,77.117599474685818
Rutin,8377.25934339979,-19.98954099051101
Rutin,8373.40240996295,2.8957356939003227
Rutin,8369.5454765261,63.5006165136002
Rutin,8365.68854308925,15.450572396812529
Rutin,8361.8316096524,32.398018357288244
Rutin,8357.97467621556,39.193612120506387
Rutin,8354.11774277871,90.048499940719367
Rutin,8350.26080934186,116.12058119819621
Rutin,8346.40387590502,97.247506719639787
Rutin,8342.54694246817,27.246994800964544
Rutin,8338.69000903132,100.5552054912076
Rutin,8334.83307559447,170.37264541241365
Rutin,8330.97614215763,57.094850957023446
Rutin,8327.11920872078,64.482240970872624
Rutin,8323.26227528393,230.19527012000577
Rutin,8319.40534184708,138.2918654238666
Rutin,8315.54840841024,95.895576639619534
Rutin,8311.69147497339,50.080460545148263
Rutin,8307.83454153654,-45.1992729175631
Rutin,8303.97760809969,-93.516321151922909
Rutin,8300.12067466285,-32.90061096028969
Rutin,8296.263741226,35.377847225193577
Rutin,8292.40680778915,65.814326574250614
Rutin,8288.54987435231,21.76183400959626
Rutin,8284.69294091546,61.237930839564143
Rutin,8280.83600747861,65.021535539515398
Rutin,8276.97907404176,100.24636800030268
Rutin,8273.12214060492,59.935434343527497
Rutin,8269.26520716807,55.263964778598655
Rutin,8265.40827373122,31.783809752171859
Rutin,8261.55134029437,-5.9190422994472245
Rutin,8257.69440685753,-116.31830590870524
Rutin,8253.83747342068,-185.76681549545779
Rutin,8249.98053998383,-106.26366320001928
Rutin,8246.12360654699,71.304510113452054
Rutin,8242.26667311014,118.16327004736706
Rutin,8238.40973967329,3.7629839892230432
Rutin,8234.55280623644,-13.844831437354285
Rutin,8230.6958727996,121.50814929468828
Rutin,8226.83893936275,0.44870668168548389
Rutin,8222.9820059259,-64.009267654973456
Rutin,8219.12507248905,34.426014354901945
Rutin,8215.26813905221,179.42968668608512
Rutin,8211.41120561536,166.8595068594135
Rutin,8207.55427217851,72.016257020177278
Rutin,8203.69733874167,-14.811088723020926
Rutin,8199.84040530482,27.119782039783907
Rutin,8195.98347186797,33.901449429447865
Rutin,8192.12653843112,59.407929000432425
Rutin,8188.26960499428,-53.025459006617844
Rutin,8184.41267155743,-100.05949177627063
Rutin,8180.55573812058,-32.657332232501233
Rutin,8176.69880468373,-4.2594730044688101
Rutin,8172.84187124689,-96.252363905238099
Rutin,8168.98493781004,-100.91961425081325
Rutin,8165.12800437319,-21.419153196362082
Rutin,8161.27107093635,-23.827067825865939
Rutin,8157.4141374995,-74.755222285671849
Rutin,8153.55720406265,-24.1603475780922
Rutin,8149.7002706258,54.811204158398454
Rutin,8145.84333718896,66.06366661937011
Rutin,8141.98640375211,-41.376683572704088
Rutin,8138.12947031526,15.681893077887349
Rutin,8134.27253687841,102.14870658398533
Rutin,8130.41560344157,104.52552801322257
Rutin,8126.55867000472,1.0019785419562153
Rutin,8122.70173656787,-60.882763659936792
Rutin,8118.84480313103,-13.139015959279533
Rutin,8114.98786969418,17.189978134558636
Rutin,8111.13093625733,-30.326715173393406
Rutin,8107.27400282048,-37.059956281528372
Rutin,8103.41706938364,-9.9615247884115803
Rutin,8099.56013594679,42.843406544009895
Rutin,8095.70320250994,19.049838154371322
Rutin,8091.84626907309,22.881587032765648
Rutin,8087.98933563625,-98.503546979236788
Rutin,8084.1324021994,-44.151907868153209
Rutin,8080.27546876255,30.240728226500867
Rutin,8076.41853532571,50.870068630482223
Rutin,8072.56160188886,-3.7656172424357006
Rutin,8068.70466845201,38.018296102126662
Rutin,8064.84773501516,23.104610698007807
Rutin,8060.99080157832,7.6158563681678162
Rutin,8057.13386814147,-1.5540755749536381
Rutin,8053.27693470462,-69.623042115952515
Rutin,8049.42000126777,-130.43452288798559
Rutin,8045.56306783093,-95.277960629223998
Rutin,8041.70613439408,-65.380005084805973
Rutin,8037.84920095723,-75.313117871698296
Rutin,8033.99226752039,-194.65165684256223
Rutin,8030.13533408354,-198.60133199524753
Rutin,8026.27840064669,-69.700747230066227
Rutin,8022.42146720984,10.470239175336411
Rutin,8018.564533773,-34.514641076993925
Rutin,8014.70760033615,-52.537373284783904
Rutin,8010.8506668993,-66.322040315906406
Rutin,8006.99373346245,-95.080175998926109
Rutin,8003.13680002561,-133.6497264163138
Rutin,7999.27986658876,-138.01916235504976
Rutin,7995.42293315191,-123.520719032868
Rutin,7991.56599971507,-128.23126660487367
Rutin,7987.70906627822,-91.875840110973485
Rutin,7983.85213284137,-47.78796787845581
Rutin,7979.99519940452,31.081695443122236
Rutin,7976.13826596768,59.371926392553732
Rutin,7972.28133253083,-97.10408214851708
Rutin,7968.42439909398,-160.57730674934561
Rutin,7964.56746565713,-67.103107875307614
Rutin,7960.71053222029,-71.678688391187819
Rutin,7956.85359878344,-69.226579041541854
Rutin,7952.99666534659,-41.490107202167778
Rutin,7949.13973190975,-5.9386984455827596
Rutin,7945.2827984729,15.004771661685677
Rutin,7941.42586503605,-36.048858418061549
Rutin,7937.5689315992,-53.53171651110447
Rutin,7933.71199816236,-40.430357921379901
Rutin,7929.85506472551,-83.647512639591227
Rutin,7925.99813128866,-119.65985003768304
Rutin,7922.14119785181,-47.805034278829268
Rutin,7918.28426441497,-74.257044107092753
Rutin,7914.42733097812,-77.867219928518296
Rutin,7910.57039754127,-110.64302658082201
Rutin,7906.71346410443,-137.39074313161294
Rutin,7902.85653066758,-63.273211964914069
Rutin,7898.99959723073,12.237096457006226
Rutin,7895.14266379388,-44.201299835473137
Rutin,7891.28573035704,-93.01487796659697
Rutin,7887.42879692019,-95.874894055510381
Rutin,7883.57186348334,-131.2480930063922
Rutin,7879.71493004649,-201.46129593686618
Rutin,7875.85799660965,-81.21389484375004
Rutin,7872.0010631728,-116.98275945325133
Rutin,7868.14412973595,-96.332058194823858
Rutin,7864.28719629911,-74.104167694433812
Rutin,7860.43026286226,-67.165787492928516
Rutin,7856.57332942541,-65.66041286980203
Rutin,7852.71639598856,-16.095563471920961
Rutin,7848.85946255172,49.844602256692241
Rutin,7845.00252911487,44.083029571984113
Rutin,7841.14559567802,-79.556489185249333
Rutin,7837.28866224117,-109.62482378373593
Rutin,7833.43172880433,-97.664843742122727
Rutin,7829.57479536748,-88.781868440294616
Rutin,7825.71786193063,-28.411632048712075
Rutin,7821.86092849379,-10.654719074920491
Rutin,7818.00399505694,-67.956020423849111
Rutin,7814.14706162009,-34.168042186255946
Rutin,7810.29012818324,0.26235250051068981
Rutin,7806.4331947464,-45.961062220864633
Rutin,7802.57626130955,6.5542386400672088
Rutin,7798.7193278727,44.211699249514389
Rutin,7794.86239443585,14.973920688591496
Rutin,7791.00546099901,-8.4101085457573141
Rutin,7787.14852756216,-89.568460256403867
Rutin,7783.29159412531,-142.3122998998663
Rutin,7779.43466068847,-120.41559702196847
Rutin,7775.57772725162,-31.506870146744852
Rutin,7771.72079381477,-16.2687790092291
Rutin,7767.86386037792,-22.257538602418958
Rutin,7764.00692694107,-12.473697703446414
Rutin,7760.14999350423,-36.672204129166488
Rutin,7756.29306006738,-58.155940190598997
Rutin,7752.43612663053,-48.668292121456432
Rutin,7748.57919319369,-11.88027207385503
Rutin,7744.72225975684,1.5287835487008175
Rutin,7740.86532631999,-90.548455820576862
Rutin,7737.00839288315,-37.642766587463242
Rutin,7733.1514594463,27.832821019651433
Rutin,7729.29452600945,26.919583924713994
Rutin,7725.4375925726,-1.553333317645333
Rutin,7721.58065913575,-3.2770918119791603
Rutin,7717.72372569891,-19.459131849537776
Rutin,7713.86679226206,27.993114777156681
Rutin,7710.00985882521,55.838719112011937
Rutin,7706.15292538837,-1.0114378124278198
Rutin,7702.29599195152,-90.829757111370128
Rutin,7698.43905851467,-41.58168645637376
Rutin,7694.58212507782,-37.937823734033579
Rutin,7690.72519164098,-83.24821847253817
Rutin,7686.86825820413,-125.58949287234272
Rutin,7683.01132476728,-101.18503761439591
Rutin,7679.15439133043,-48.934601584308552
Rutin,7675.29745789359,15.944995253860283
Rutin,7671.44052445674,-61.753620532467117
Rutin,7667.58359101989,-50.782467931046355
Rutin,7663.72665758305,29.559752794155344
Rutin,7659.8697241462,19.075745293423001
Rutin,7656.01279070935,38.413336443022317
Rutin,7652.1558572725,109.08628204206865
Rutin,7648.29892383566,104.49632743480822
Rutin,7644.44199039881,23.599908674697641
Rutin,7640.58505696196,-26.929456178783578
Rutin,7636.72812352511,-33.205218614463398
Rutin,7632.87119008827,-11.381150250132972
Rutin,7629.01425665142,-15.571003086746968
Rutin,7625.15732321457,-20.65635194482515
Rutin,7621.30038977773,31.181788144855947
Rutin,7617.44345634088,36.739763572170482
Rutin,7613.58652290403,28.451031803217866
Rutin,7609.72958946718,-21.6512899388057
Rutin,7605.87265603034,-41.706822492865903
Rutin,7602.01572259349,-66.826240011828929
Rutin,7598.15878915664,-68.648181295806651
Rutin,7594.30185571979,-36.299415255422922
Rutin,7590.44492228295,30.219658848944917
Rutin,7586.5879888461,42.396334738816854
Rutin,7582.73105540925,11.358411847574894
Rutin,7578.87412197241,-10.517459601838407
Rutin,7575.01718853556,8.5387770118648234
Rutin,7571.16025509871,-9.4205787552695028
Rutin,7567.30332166186,7.6667498868784634
Rutin,7563.44638822502,21.390507332367527
Rutin,7559.58945478817,49.783183526542224
Rutin,7555.73252135132,92.673185655179211
Rutin,7551.87558791447,93.678948500958811
Rutin,7548.01865447763,45.880237708080543
Rutin,7544.16172104078,4.0130169495185184
Rutin,7540.30478760393,-12.145881597969174
Rutin,7536.44785416709,65.979034973502166
Rutin,7532.59092073024,47.504799902624683
Rutin,7528.73398729339,20.006719081410868
Rutin,7524.87705385654,45.486367915729382
Rutin,7521.0201204197,124.09781529310511
Rutin,7517.16318698285,97.036849158572835
Rutin,7513.306253546,43.994480825809639
Rutin,7509.44932010915,74.391183003251911
Rutin,7505.59238667231,180.54393661423788
Rutin,7501.73545323546,168.85616535168074
Rutin,7497.87851979861,178.24202233212588
Rutin,7494.02158636177,147.61825472255967
Rutin,7490.16465292492,138.42490066457367
Rutin,7486.30771948807,126.23863287191874
Rutin,7482.45078605122,122.70188348227953
Rutin,7478.59385261438,113.98691733510329
Rutin,7474.73691917753,60.34457121877972
Rutin,7470.87998574068,93.759618993022499
Rutin,7467.02305230383,191.05412200148899
Rutin,7463.16611886699,61.856050162374757
Rutin,7459.30918543014,43.487142571698676
Rutin,7455.45225199329,124.47890997675435
Rutin,7451.59531855645,158.10511981817848
Rutin,7447.7383851196,131.29616012424913
Rutin,7443.88145168275,113.7564188132599
Rutin,7440.0245182459,161.63082868971645
Rutin,7436.16758480906,187.4631059903808
Rutin,7432.31065137221,197.64945596702634
Rutin,7428.45371793536,229.76312369206403
Rutin,7424.59678449851,185.35903138375267
Rutin,7420.73985106167,138.41994287415065
Rutin,7416.88291762482,156.26273444134611
Rutin,7413.02598418797,93.717760507920815
Rutin,7409.16905075113,60.179063172772032
Rutin,7405.31211731428,155.77295814687534
Rutin,7401.45518387743,212.25182540976212
Rutin,7397.59825044058,153.15196432134715
Rutin,7393.74131700374,65.380954591671085
Rutin,7389.88438356689,78.68544889141593
Rutin,7386.02745013004,108.241416661118
Rutin,7382.17051669319,96.679683111933841
Rutin,7378.31358325635,-55.769870405614782
Rutin,7374.4566498195,29.173181376822363
Rutin,7370.59971638265,149.2721565847819
Rutin,7366.74278294581,19.523132130945967
Rutin,7362.88584950896,2.5060811569756778
Rutin,7359.02891607211,103.40802625058826
Rutin,7355.17198263526,155.60014842641502
Rutin,7351.31504919842,50.911644821090768
Rutin,7347.45811576157,4.2949173513809713
Rutin,7343.60118232472,36.264198088980436
Rutin,7339.74424888787,-62.589845741836136
Rutin,7335.88731545103,-69.269246783345693
Rutin,7332.03038201418,-56.883664722685722
Rutin,7328.17344857733,-39.978587024083495
Rutin,7324.31651514049,-54.210653018390275
Rutin,7320.45958170364,-54.545945268980901
Rutin,7316.60264826679,50.731283220195266
Rutin,7312.74571482994,103.31815716019666
Rutin,7308.8887813931,-129.64289700997031
Rutin,7305.03184795625,-191.68504121818108
Rutin,7301.1749145194,-103.99656816156909
Rutin,7297.31798108255,-187.20356470488048
Rutin,7293.46104764571,-161.47794094523491
Rutin,7289.60411420886,-40.838730894499591
Rutin,7285.74718077201,35.775992832432443
Rutin,7281.89024733516,79.512887993264627
Rutin,7278.03331389832,6.6042393750646093
Rutin,7274.17638046147,-24.836563102091567
Rutin,7270.31944702462,-56.493423754425628
Rutin,7266.46251358778,-36.634377364526081
Rutin,7262.60558015093,55.010369891946709
Rutin,7258.74864671408,107.76728825021858
Rutin,7254.89171327723,122.36028657421565
Rutin,7251.03477984039,73.673689975081359
Rutin,7247.17784640354,49.205408368457142
Rutin,7243.32091296669,-30.155750995944555
Rutin,7239.46397952984,-151.70118588978914
Rutin,7235.607046093,32.307293736861482
Rutin,7231.75011265615,79.491360793560801
Rutin,7227.8931792193,-123.6603474316815
Rutin,7224.03624578246,-194.53971244667954
Rutin,7220.17931234561,-19.195459572968122
Rutin,7216.32237890876,96.855317359108383
Rutin,7212.46544547191,96.733660513368847
Rutin,7208.60851203507,22.917931196977886
Rutin,7204.75157859822,-35.718850390977877
Rutin,7200.89464516137,-170.09836233305106
Rutin,7197.03771172452,-89.554060429480259
Rutin,7193.18077828768,36.298754910901593
Rutin,7189.32384485083,32.350445290974569
Rutin,7185.46691141398,8.5140235027870563
Rutin,7181.60997797714,-32.140006593263713
Rutin,7177.75304454029,-50.764828957874577
Rutin,7173.89611110344,36.969326501637568
Rutin,7170.03917766659,-4.5762109886025337
Rutin,7166.18224422975,86.444236596841691
Rutin,7162.3253107929,58.041955587167621
Rutin,7158.46837735605,-107.35919142531519
Rutin,7154.6114439192,-126.97674645034895
Rutin,7150.75451048236,-71.515161724962738
Rutin,7146.89757704551,-36.776748101340459
Rutin,7143.04064360866,-34.344653293016954
Rutin,7139.18371017182,-105.46483423318998
Rutin,7135.32677673497,-160.93262100957816
Rutin,7131.46984329812,-178.20923808024779
Rutin,7127.61290986127,-75.401505275106643
Rutin,7123.75597642443,46.545135294792274
Rutin,7119.89904298758,4.5915774963520715
Rutin,7116.04210955073,-215.98308560976506
Rutin,7112.18517611388,-82.176721796748538
Rutin,7108.32824267704,27.076232925851833
Rutin,7104.47130924019,-51.132252927886519
Rutin,7100.61437580334,-42.081762877651883
Rutin,7096.7574423665,-25.665952311599188
Rutin,7092.90050892965,-151.36481804427066
Rutin,7089.0435754928,-47.016525259259041
Rutin,7085.18664205595,11.953239196434518
Rutin,7081.32970861911,29.409960074425438
Rutin,7077.47277518226,16.717181741688147
Rutin,7073.61584174541,113.60132592865463
Rutin,7069.75890830856,137.90525169954392
Rutin,7065.90197487172,85.890688805499551
Rutin,7062.04504143487,3.4604047478696431
Rutin,7058.18810799802,8.3098162805529778
Rutin,7054.33117456117,-9.2739288637775754
Rutin,7050.47424112433,12.802161261870834
Rutin,7046.61730768748,10.508588111828326
Rutin,7042.76037425063,-7.2225690777643257
Rutin,7038.90344081379,-23.469631366908875
Rutin,7035.04650737694,10.362243667750038
Rutin,7031.18957394009,-33.903107218467667
Rutin,7027.33264050324,-21.69165343359051
Rutin,7023.4757070664,-37.219313503642411
Rutin,7019.61877362955,-59.360672190526479
Rutin,7015.7618401927,-47.728658231114217
Rutin,7011.90490675585,-11.324381815577235
Rutin,7008.04797331901,-43.951750746228363
Rutin,7004.19103988216,-60.406074809294118
Rutin,7000.33410644531,-70.767378990217523
Rutin,6996.47717300847,-37.892301158785102
Rutin,6992.62023957162,-41.301316042071477
Rutin,6988.76330613477,24.746678635549074
Rutin,6984.90637269792,38.126011680251516
Rutin,6981.04943926108,-10.345144329403066
Rutin,6977.19250582423,-24.502431682100703
Rutin,6973.33557238738,3.2827534327532222
Rutin,6969.47863895053,-11.714502432927116
Rutin,6965.62170551369,-0.41403220606712132
Rutin,6961.76477207684,1.2530905983077933
Rutin,6957.90783863999,6.5915120851427256
Rutin,6954.05090520315,-16.680573594097037
Rutin,6950.1939717663,-48.696051204610285
Rutin,6946.33703832945,-38.564925793251028
Rutin,6942.4801048926,21.736418690837397
Rutin,6938.62317145576,48.381056093528365
Rutin,6934.76623801891,43.344088960083745
Rutin,6930.90930458206,33.862062948417893
Rutin,6927.05237114521,-1.220719880210821
Rutin,6923.19543770837,-18.903058936369312
Rutin,6919.33850427152,5.9599360195845534
Rutin,6915.48157083467,-40.471998629538554
Rutin,6911.62463739783,-29.647767414575267
Rutin,6907.76770396098,1.1931014313908388
Rutin,6903.91077052413,-6.2289360277893566
Rutin,6900.05383708728,-24.442179598407847
Rutin,6896.19690365044,0.9134814203383621
Rutin,6892.33997021359,-30.712274258284779
Rutin,6888.48303677674,-48.513924695890566
Rutin,6884.62610333989,-68.336020113352518
Rutin,6880.76916990305,-45.949642049656028
Rutin,6876.9122364662,-33.748955849412233
Rutin,6873.05530302935,-28.307114590961074
Rutin,6869.19836959251,-30.928765170594787
Rutin,6865.34143615566,0.47525886014543106
Rutin,6861.48450271881,-6.5567472624480958
Rutin,6857.62756928196,-30.131369569384479
Rutin,6853.77063584512,-59.180105969201222
Rutin,6849.91370240827,-52.101950163410741
Rutin,6846.05676897142,-31.073159400838723
Rutin,6842.19983553457,-24.529558613544214
Rutin,6838.34290209773,-31.511961340141713
Rutin,6834.48596866088,-2.1426477368452947
Rutin,6830.62903522403,12.647670075454005
Rutin,6826.77210178718,23.81288322028616
Rutin,6822.91516835034,7.2794453806788795
Rutin,6819.05823491349,1.7453014854940341
Rutin,6815.20130147664,27.900684505930265
Rutin,6811.3443680398,2.3632469357029895
Rutin,6807.48743460295,-31.822124097797087
Rutin,6803.6305011661,2.6104977699002156
Rutin,6799.77356772925,25.839162935351922
Rutin,6795.91663429241,33.330856980350205
Rutin,6792.05970085556,2.7702022565902298
Rutin,6788.20276741871,-4.2046540376665211
Rutin,6784.34583398186,4.944956607299142
Rutin,6780.48890054502,16.071533818553284
Rutin,6776.63196710817,-5.6717291373008951
Rutin,6772.77503367132,23.015785524413591
Rutin,6768.91810023448,20.688218465349934
Rutin,6765.06116679763,14.871410998117332
Rutin,6761.20423336078,7.863285622494713
Rutin,6757.34729992393,43.889119416258616
Rutin,6753.49036648709,52.055767320533086
Rutin,6749.63343305024,39.151550177599347
Rutin,6745.77649961339,-2.3969977785664947
Rutin,6741.91956617654,11.558600571254894
Rutin,6738.0626327397,24.241737095464515
Rutin,6734.20569930285,20.490743044312687
Rutin,6730.348765866,10.986559078549265
Rutin,6726.49183242916,37.867592278773166
Rutin,6722.63489899231,55.655099258431171
Rutin,6718.77796555546,61.593723685750206
Rutin,6714.92103211861,33.619359344593398
Rutin,6711.06409868177,49.792093219803675
Rutin,6707.20716524492,44.972735364832289
Rutin,6703.35023180807,40.751964743745191
Rutin,6699.49329837122,39.173150653807738
Rutin,6695.63636493438,52.000949239542351
Rutin,6691.77943149753,47.166851539305441
Rutin,6687.92249806068,35.522648106887928
Rutin,6684.06556462384,23.62737655391124
Rutin,6680.20863118699,42.320081378684002
Rutin,6676.35169775014,22.415619224630941
Rutin,6672.49476431329,35.167401922442373
Rutin,6668.63783087645,60.26473956705366
Rutin,6664.7808974396,78.862036860388301
Rutin,6660.92396400275,48.400049499716822
Rutin,6657.0670305659,57.337207744893874
Rutin,6653.21009712906,66.937993785103771
Rutin,6649.35316369221,58.426662819953137
Rutin,6645.49623025536,25.619519106018508
Rutin,6641.63929681852,28.598866882964497
Rutin,6637.78236338167,39.461758082833633
Rutin,6633.92542994482,69.29037558676913
Rutin,6630.06849650797,75.833726072540358
Rutin,6626.21156307113,68.224234194515091
Rutin,6622.35462963428,62.761718120699669
Rutin,6618.49769619743,75.679697902173004
Rutin,6614.64076276058,77.109498965415341
Rutin,6610.78382932374,69.622496101199403
Rutin,6606.92689588689,64.308605547048799
Rutin,6603.06996245004,66.082994586435262
Rutin,6599.2130290132,25.51676481883371
Rutin,6595.35609557635,41.839222442822013
Rutin,6591.4991621395,80.892597259145845
Rutin,6587.64222870265,59.116357797939784
Rutin,6583.78529526581,55.577969696514359
Rutin,6579.92836182896,63.605102362109633
Rutin,6576.07142839211,57.20919459051683
Rutin,6572.21449495526,67.94878533054775
Rutin,6568.35756151842,74.652139092107461
Rutin,6564.50062808157,55.042533586877347
Rutin,6560.64369464472,72.732495641254104
Rutin,6556.78676120788,56.569147367499482
Rutin,6552.92982777103,29.340156056778177
Rutin,6549.07289433418,30.618418170995767
Rutin,6545.21596089733,39.573186321093601
Rutin,6541.35902746049,52.179922028436621
Rutin,6537.50209402364,44.160048892073476
Rutin,6533.64516058679,19.376415667996334
Rutin,6529.78822714994,16.418993924596855
Rutin,6525.9312937131,31.394401868924085
Rutin,6522.07436027625,27.3575513853987
Rutin,6518.2174268394,14.359191474676813
Rutin,6514.36049340256,-5.2691334266765555
Rutin,6510.50355996571,-32.665539881325707
Rutin,6506.64662652886,-21.66429276690231
Rutin,6502.78969309201,-16.362560199862255
Rutin,6498.93275965517,-38.422102705504003
Rutin,6495.07582621832,-44.103241683078664
Rutin,6491.21889278147,-34.049263119434954
Rutin,6487.36195934462,-24.748238700648791
Rutin,6483.50502590778,-45.234640910554759
Rutin,6479.64809247093,-75.481879736747246
Rutin,6475.79115903408,-76.030689607779777
Rutin,6471.93422559724,-56.972066423815676
Rutin,6468.07729216039,-36.228770344712188
Rutin,6464.22035872354,-36.112998177247107
Rutin,6460.36342528669,-68.355625139687533
Rutin,6456.50649184985,-71.425771639066994
Rutin,6452.649558413,-46.526931721599176
Rutin,6448.79262497615,-64.72623716822703
Rutin,6444.9356915393,-73.165270616951403
Rutin,6441.07875810246,-50.481845562645766
Rutin,6437.22182466561,-39.32289687370892
Rutin,6433.36489122876,-39.629210558366701
Rutin,6429.50795779192,-38.11875385719464
Rutin,6425.65102435507,-52.041485907062246
Rutin,6421.79409091822,-64.503335919107712
Rutin,6417.93715748137,-65.217094589014849
Rutin,6414.08022404453,-51.379232737638667
Rutin,6410.22329060768,-35.728243050041307
Rutin,6406.36635717083,-46.308902063354864
Rutin,6402.50942373398,-43.951325721524043
Rutin,6398.65249029714,-48.332711660365703
Rutin,6394.79555686029,-60.964751861509932
Rutin,6390.93862342344,-67.26056500783902
Rutin,6387.08168998659,-47.496158617940658
Rutin,6383.22475654975,-50.123861848090279
Rutin,6379.3678231129,-81.451057975364265
Rutin,6375.51088967605,-92.764013456978091
Rutin,6371.6539562392,-63.792582543568528
Rutin,6367.79702280236,-45.921961247059791
Rutin,6363.94008936551,-69.015260837180662
Rutin,6360.08315592866,-59.814372713880807
Rutin,6356.22622249182,-52.177143163956636
Rutin,6352.36928905497,-58.288798615127909
Rutin,6348.51235561812,-50.216476376621799
Rutin,6344.65542218127,-61.019401407200604
Rutin,6340.79848874443,-77.017452347128867
Rutin,6336.94155530758,-58.827414481608983
Rutin,6333.08462187073,-63.878001045847121
Rutin,6329.22768843388,-90.627984257495498
Rutin,6325.37075499704,-96.946220146479845
Rutin,6321.51382156019,-80.081787291613381
Rutin,6317.65688812334,-56.579779202381523
Rutin,6313.7999546865,-66.522152574632727
Rutin,6309.94302124965,-74.577338060602912
Rutin,6306.0860878128,-57.800719476807529
Rutin,6302.22915437595,-68.605023432293734
Rutin,6298.37222093911,-69.009990506702607
Rutin,6294.51528750226,-70.084069146156338
Rutin,6290.65835406541,-68.926080924458773
Rutin,6286.80142062856,-56.364280893872071
Rutin,6282.94448719172,-56.451985018601313
Rutin,6279.08755375487,-49.597505978546423
Rutin,6275.23062031802,-42.800482295900608
Rutin,6271.37368688118,-63.459781950480661
Rutin,6267.51675344433,-71.387149782839856
Rutin,6263.65982000748,-65.113405945612612
Rutin,6259.80288657063,-58.710236413678004
Rutin,6255.94595313379,-61.764503104573137
Rutin,6252.08901969694,-59.806309947026769
Rutin,6248.23208626009,-20.187495835863206
Rutin,6244.37515282324,-23.419939484912145
Rutin,6240.5182193864,-76.091129163619073
Rutin,6236.66128594955,-68.641723623137054
Rutin,6232.8043525127,-45.265393628343219
Rutin,6228.94741907586,-32.585788019648241
Rutin,6225.09048563901,-36.405480203302666
Rutin,6221.23355220216,-49.818365077281832
Rutin,6217.37661876531,-9.8103852434083851
Rutin,6213.51968532847,23.387092561290604
Rutin,6209.66275189162,-12.520844376885213
Rutin,6205.80581845477,-18.292072157273825
Rutin,6201.94888501792,-13.130024628527504
Rutin,6198.09195158108,2.6389096266060563
Rutin,6194.23501814423,-15.015375157519282
Rutin,6190.37808470738,-22.951311105526521
Rutin,6186.52115127054,-7.7439306510134305
Rutin,6182.66421783369,33.869664669982136
Rutin,6178.80728439684,37.367586937372678
Rutin,6174.95035095999,31.469751405071058
Rutin,6171.09341752315,10.049970821411943
Rutin,6167.2364840863,12.661167238033963
Rutin,6163.37955064945,41.330526518428435
Rutin,6159.5226172126,61.072545071129866
Rutin,6155.66568377576,24.223605561599133
Rutin,6151.80875033891,-7.3074518597859868
Rutin,6147.95181690206,2.2643178900780052
Rutin,6144.09488346522,7.4457273619742725
Rutin,6140.23795002837,-19.627820970408024
Rutin,6136.38101659152,28.122866356028382
Rutin,6132.52408315467,50.462606666999378
Rutin,6128.66714971783,25.177001428047571
Rutin,6124.81021628098,-3.0198144221954171
Rutin,6120.95328284413,6.6896773198662922
Rutin,6117.09634940728,-12.641760115154835
Rutin,6113.23941597044,-33.390166843889489
Rutin,6109.38248253359,-48.34344049136849
Rutin,6105.52554909674,-27.575385693874985
Rutin,6101.6686156599,-14.330848178314524
Rutin,6097.81168222305,-20.634435466398671
Rutin,6093.9547487862,15.767270235166515
Rutin,6090.09781534935,34.011036701030982
Rutin,6086.24088191251,37.608821682406031
Rutin,6082.38394847566,40.049634772798626
Rutin,6078.52701503881,37.565906734443367
Rutin,6074.67008160196,72.530973419121167
Rutin,6070.81314816512,77.332493052995034
Rutin,6066.95621472827,85.172406486834248
Rutin,6063.09928129142,91.206656325251544
Rutin,6059.24234785458,97.288409232585181
Rutin,6055.38541441773,91.237362320150041
Rutin,6051.52848098088,117.04759010280755
Rutin,6047.67154754403,81.21412007452426
Rutin,6043.81461410719,99.015724265966369
Rutin,6039.95768067034,145.32380882139444
Rutin,6036.10074723349,193.05620838222853
Rutin,6032.24381379664,176.7905136873471
Rutin,6028.3868803598,148.90828448868848
Rutin,6024.52994692295,153.1502418870015
Rutin,6020.6730134861,192.91337920883251
Rutin,6016.81608004926,171.55434560611479
Rutin,6012.95914661241,183.3281654916087
Rutin,6009.10221317556,187.96960063812745
Rutin,6005.24527973871,162.76608889673261
Rutin,6001.38834630187,106.82561626779605
Rutin,5997.53141286502,117.34321168258889
Rutin,5993.67447942817,125.92680619001538
Rutin,5989.81754599132,96.63350709672352
Rutin,5985.96061255448,83.56395245579516
Rutin,5982.10367911763,94.224185742385885
Rutin,5978.24674568078,55.541095645927626
Rutin,5974.38981224394,40.872302913819844
Rutin,5970.53287880709,28.516640203963398
Rutin,5966.67594537024,51.145223873698932
Rutin,5962.81901193339,39.270144475060626
Rutin,5958.96207849655,-22.159587336247146
Rutin,5955.1051450597,-50.186663967989901
Rutin,5951.24821162285,-56.469521940825246
Rutin,5947.391278186,-65.639489736979442
Rutin,5943.53434474916,-73.767331125720048
Rutin,5939.67741131231,-99.47141217161807
Rutin,5935.82047787546,-113.79766561114728
Rutin,5931.96354443862,-114.13041140287548
Rutin,5928.10661100177,-113.25248468537788
Rutin,5924.24967756492,-70.150857347292003
Rutin,5920.39274412807,-21.429797214623019
Rutin,5916.53581069123,-61.857255007995704
Rutin,5912.67887725438,-50.766108841579396
Rutin,5908.82194381753,-27.148298363761452
Rutin,5904.96501038068,-0.41106741818761788
Rutin,5901.10807694384,12.72551772202476
Rutin,5897.25114350699,16.449279213779715
Rutin,5893.39421007014,8.8865497948210361
Rutin,5889.5372766333,11.525982133783108
Rutin,5885.68034319645,10.613826680415187
Rutin,5881.8234097596,29.394830756113567
Rutin,5877.96647632275,17.5329686002069
Rutin,5874.10954288591,-4.0593247878835284
Rutin,5870.25260944906,-10.164596834442062
Rutin,5866.39567601221,27.425015564656523
Rutin,5862.53874257536,40.510198535012385
Rutin,5858.68180913852,60.486792401580267
Rutin,5854.82487570167,75.293115808863632
Rutin,5850.96794226482,83.052204260857508
Rutin,5847.11100882798,87.672017681653685
Rutin,5843.25407539113,120.78300901599118
Rutin,5839.39714195428,118.21788676847802
Rutin,5835.54020851743,109.20859797284999
Rutin,5831.68327508059,110.26137702579709
Rutin,5827.82634164374,97.812992775223378
Rutin,5823.96940820689,66.489001359144723
Rutin,5820.11247477004,30.997819350184407
Rutin,5816.2555413332,-1.7339843579799881
Rutin,5812.39860789635,-21.424921032171355
Rutin,5808.5416744595,-89.629528581496288
Rutin,5804.68474102266,-136.39658058237197
Rutin,5800.82780758581,-161.55009874513348
Rutin,5796.97087414896,-151.62950298787939
Rutin,5793.11394071211,-161.75576994539421
Rutin,5789.25700727527,-181.20066558932857
Rutin,5785.40007383842,-183.07931944166057
Rutin,5781.54314040157,-154.15332120486204
Rutin,5777.68620696472,-163.89017722182908
Rutin,5773.82927352788,-166.62754195707561
Rutin,5769.97234009103,-154.69500422418159
Rutin,5766.11540665418,-142.75523788127268
Rutin,5762.25847321733,-154.4235030174288
Rutin,5758.40153978049,-119.34714872493079
Rutin,5754.54460634364,-130.1147187143593
Rutin,5750.68767290679,-139.77187700082007
Rutin,5746.83073946995,-159.87755327995697
Rutin,5742.9738060331,-129.37955170779233
Rutin,5739.11687259625,-103.36625350205178
Rutin,5735.2599391594,-79.300020304892172
Rutin,5731.40300572256,-93.430688095353617
Rutin,5727.54607228571,-85.529540177480499
Rutin,5723.68913884886,-109.16939052744934
Rutin,5719.83220541201,-75.935768648624716
Rutin,5715.97527197517,-45.976883331377834
Rutin,5712.11833853832,-20.366306290951638
Rutin,5708.26140510147,-26.842667961837797
Rutin,5704.40447166463,0.44070751748786718
Rutin,5700.54753822778,20.490696474794913
Rutin,5696.69060479093,68.449144000686459
Rutin,5692.83367135408,48.950894141379763
Rutin,5688.97673791724,75.487234615656362
Rutin,5685.11980448039,107.46817451837873
Rutin,5681.26287104354,124.49824583402153
Rutin,5677.40593760669,99.0502996061781
Rutin,5673.54900416985,134.18107950331319
Rutin,5669.692070733,135.0380009309269
Rutin,5665.83513729615,151.18402911723393
Rutin,5661.97820385931,152.482595721743
Rutin,5658.12127042246,152.42967699534537
Rutin,5654.26433698561,141.90738024597178
Rutin,5650.40740354876,136.84575704842658
Rutin,5646.55047011192,95.388360657151892
Rutin,5642.69353667507,103.92596574220174
Rutin,5638.83660323822,55.810703125739821
Rutin,5634.97966980137,56.13070680735467
Rutin,5631.12273636453,77.729453731363435
Rutin,5627.26580292768,83.329649267503015
Rutin,5623.40886949083,89.355230065452574
Rutin,5619.55193605399,89.323750748626949
Rutin,5615.69500261714,46.622508061701133
Rutin,5611.83806918029,74.772140598702521
Rutin,5607.98113574344,66.364010211307132
Rutin,5604.1242023066,100.82795599150289
Rutin,5600.26726886975,51.192480091688836
Rutin,5596.4103354329,57.863331249703641
Rutin,5592.55340199605,33.324049051114955
Rutin,5588.69646855921,36.491925948247868
Rutin,5584.83953512236,7.9107251164957733
Rutin,5580.98260168551,-9.4595685038429007
Rutin,5577.12566824867,-32.791737782495467
Rutin,5573.26873481182,0.97199912882350337
Rutin,5569.41180137497,20.320255337764156
Rutin,5565.55486793812,26.488368409064499
Rutin,5561.69793450128,8.2120563171104006
Rutin,5557.84100106443,-19.37394301401066
Rutin,5553.98406762758,-1.8707522276177773
Rutin,5550.12713419073,10.931753009099131
Rutin,5546.27020075389,-65.329565798522765
Rutin,5542.41326731704,-35.539344812698594
Rutin,5538.55633388019,47.53464947083431
Rutin,5534.69940044334,113.68537667555772
Rutin,5530.8424670065,-28.494403383314534
Rutin,5526.98553356965,-48.259342161406643
Rutin,5523.1286001328,5.0951362222288745
Rutin,5519.27166669596,81.680063056487953
Rutin,5515.41473325911,5.5122178407089839
Rutin,5511.55779982226,-5.2039357934378003
Rutin,5507.70086638541,50.498475424110637
Rutin,5503.84393294857,52.873474934898837
Rutin,5499.98699951172,-39.187170833734555
Rutin,5496.13006607487,37.890565740727311
Rutin,5492.27313263802,80.94233198411699
Rutin,5488.41619920118,55.035954214657508
Rutin,5484.55926576433,-61.160928080420923
Rutin,5480.70233232748,-63.902883063926964
Rutin,5476.84539889064,-24.919149645170055
Rutin,5472.98846545379,28.696765100784276
Rutin,5469.13153201694,-29.19659368508999
Rutin,5465.27459858009,19.665426424747846
Rutin,5461.41766514325,23.624632660746215
Rutin,5457.5607317064,98.817136651500107
Rutin,5453.70379826955,27.61131977713465
Rutin,5449.8468648327,3.4568194328043274
Rutin,5445.98993139586,38.67367993074383
Rutin,5442.13299795901,129.78265707987597
Rutin,5438.27606452216,28.112634813703568
Rutin,5434.41913108532,38.101121160835959
Rutin,5430.56219764847,23.490403759052139
Rutin,5426.70526421162,95.669346420202473
Rutin,5422.84833077477,-4.0824206653152535
Rutin,5418.99139733793,-72.946459718767144
Rutin,5415.13446390108,-55.939016957765361
Rutin,5411.27753046423,54.125439060534468
Rutin,5407.42059702738,-85.537489303222927
Rutin,5403.56366359054,-39.13883460524535
Rutin,5399.70673015369,-109.38195871980918
Rutin,5395.84979671684,-43.106708837150045
Rutin,5391.99286328,-131.98523041158802
Rutin,5388.13592984315,-64.28437393385758
Rutin,5384.2789964063,-1.4694607723797128
Rutin,5380.42206296945,39.392443912474334
Rutin,5376.56512953261,27.460716435762031
Rutin,5372.70819609576,-52.012663328429305
Rutin,5368.85126265891,-138.81333968132134
Rutin,5364.99432922206,-24.921762057726205
Rutin,5361.13739578522,-70.978457723636339
Rutin,5357.28046234837,47.96069713145269
Rutin,5353.42352891152,95.660615886430435
Rutin,5349.56659547468,93.808609179302707
Rutin,5345.70966203783,-17.401195229643232
Rutin,5341.85272860098,-19.717281530162374
Rutin,5337.99579516413,-61.867899551388753
Rutin,5334.13886172729,-25.039998311506437
Rutin,5330.28192829044,-92.853571052002678
Rutin,5326.42499485359,-130.68684534104884
Rutin,5322.56806141674,-220.6812430921625
Rutin,5318.7111279799,-134.46963123599991
Rutin,5314.85419454305,-137.09691936668011
Rutin,5310.9972611062,-74.894242754201542
Rutin,5307.14032766935,-144.72223820353724
Rutin,5303.28339423251,-117.84624079937346
Rutin,5299.42646079566,-175.39522831080657
Rutin,5295.56952735881,-97.637241950729106
Rutin,5291.71259392197,-66.137499975464507
Rutin,5287.85566048512,-78.188100734919914
Rutin,5283.99872704827,-75.735138414063428
Rutin,5280.14179361142,-34.221872572718929
Rutin,5276.28486017458,-70.420731936729069
Rutin,5272.42792673773,12.969175745168096
Rutin,5268.57099330088,62.378426686803351
Rutin,5264.71405986403,51.493095295034159
Rutin,5260.85712642719,-60.682919184915619
Rutin,5257.00019299034,24.020002621229821
Rutin,5253.14325955349,41.752648813623452
Rutin,5249.28632611665,118.65729891464731
Rutin,5245.4293926798,48.821931167798617
Rutin,5241.57245924295,-21.850461250350449
Rutin,5237.7155258061,38.582501377798145
Rutin,5233.85859236926,89.881519165236085
Rutin,5230.00165893241,100.09501740406677
Rutin,5226.14472549556,90.50577809794602
Rutin,5222.28779205871,58.653808550340038
Rutin,5218.43085862187,53.001143792848346
Rutin,5214.57392518502,41.315456778491502
Rutin,5210.71699174817,96.262725486780454
Rutin,5206.86005831133,75.090864482468646
Rutin,5203.00312487448,14.835325498012713
Rutin,5199.14619143763,54.398502438963845
Rutin,5195.28925800078,49.642700287968964
Rutin,5191.43232456394,42.786203229705819
Rutin,5187.57539112709,39.656470670260305
Rutin,5183.71845769024,18.455729198250587
Rutin,5179.86152425339,4.0177186590074374
Rutin,5176.00459081655,-3.8489152947603471
Rutin,5172.1476573797,-8.1842635966471704
Rutin,5168.29072394285,0.96048043984330411
Rutin,5164.43379050601,-9.1959824421152234
Rutin,5160.57685706916,-15.45062027729888
Rutin,5156.71992363231,-16.736742528404825
Rutin,5152.86299019546,-20.598135401739476
Rutin,5149.00605675862,-34.659383919899504
Rutin,5145.14912332177,-19.954638799632271
Rutin,5141.29218988492,-19.238579708532818
Rutin,5137.43525644807,-15.518951652316373
Rutin,5133.57832301123,-30.957436951063166
Rutin,5129.72138957438,-25.338444142862599
Rutin,5125.86445613753,-25.291137405979701
Rutin,5122.00752270069,-22.015445261941924
Rutin,5118.15058926384,-39.359860269288227
Rutin,5114.29365582699,-22.59287264367099
Rutin,5110.43672239014,-32.453604222414086
Rutin,5106.5797889533,-24.243458115193864
Rutin,5102.72285551645,-21.456264540488437
Rutin,5098.8659220796,-15.811855922765272
Rutin,5095.00898864275,-23.591701690400257
Rutin,5091.15205520591,-4.541812376145665
Rutin,5087.29512176906,-32.767299030317588
Rutin,5083.43818833221,-38.305606919439875
Rutin,5079.58125489536,-45.429203440395945
Rutin,5075.72432145852,-23.895352633134149
Rutin,5071.86738802167,-38.946244095013789
Rutin,5068.01045458482,-47.855444312240209
Rutin,5064.15352114798,-66.351640214097642
Rutin,5060.29658771113,-52.539817681374572
Rutin,5056.43965427428,-55.10196414178845
Rutin,5052.58272083743,-32.685037181440485
Rutin,5048.72578740059,-43.164683494799881
Rutin,5044.86885396374,-30.671358675122335
Rutin,5041.01192052689,-49.697978384689939
Rutin,5037.15498709004,-28.122381694452447
Rutin,5033.2980536532,-29.665883998400911
Rutin,5029.44112021635,-14.199282850574402
Rutin,5025.5841867795,-25.239499287533295
Rutin,5021.72725334266,4.8818483989230561
Rutin,5017.87031990581,-3.3667106306818404
Rutin,5014.01338646896,8.1241083514067682
Rutin,5010.15645303211,8.9544225592458542
Rutin,5006.29951959527,37.027093499051595
Rutin,5002.44258615842,28.357580675474306
Rutin,4998.58565272157,46.466404408755636
Rutin,4994.72871928472,43.819450168514486
Rutin,4990.87178584788,58.739138886928565
Rutin,4987.01485241103,45.790734227138245
Rutin,4983.15791897418,51.12412420310978
Rutin,4979.30098553734,19.667005798703308
Rutin,4975.44405210049,36.347377842595684
Rutin,4971.58711866364,13.969075875715804
Rutin,4967.73018522679,19.19836859056015
Rutin,4963.87325178995,3.5825928483528826
Rutin,4960.0163183531,15.201181586620546
Rutin,4956.15938491625,5.9094469736084436
Rutin,4952.3024514794,8.9972919396951347
Rutin,4948.44551804256,-15.31556976136376
Rutin,4944.58858460571,-4.8711474652178302
Rutin,4940.73165116886,-31.623223770396198
Rutin,4936.87471773202,-30.077429703511275
Rutin,4933.01778429517,-48.836024803364879
Rutin,4929.16085085832,-19.339956461053255
Rutin,4925.30391742147,-20.696566867664927
Rutin,4921.44698398463,-14.758877321945283
Rutin,4917.59005054778,-38.800045001598335
Rutin,4913.73311711093,-27.6018564582096
Rutin,4909.87618367408,-33.493387369100695
Rutin,4906.01925023724,6.2675305945934374
Rutin,4902.16231680039,20.33570602884366
Rutin,4898.30538336354,43.248576262530342
Rutin,4894.4484499267,27.477780531583996
Rutin,4890.59151648985,37.786912571731371
Rutin,4886.734583053,17.506861851543583
Rutin,4882.87764961615,45.285291037107349
Rutin,4879.02071617931,43.96762309973559
Rutin,4875.16378274246,63.368043255002988
Rutin,4871.30684930561,42.251463833025809
Rutin,4867.44991586876,43.704993584225384
Rutin,4863.59298243192,31.229822460983808
Rutin,4859.73604899507,58.550041879536494
Rutin,4855.87911555822,45.673385009062144
Rutin,4852.02218212137,53.662029518754501
Rutin,4848.16524868453,35.402132415424617
Rutin,4844.30831524768,47.689493590054042
Rutin,4840.45138181083,35.221434627512046
Rutin,4836.59444837399,37.453790749068759
Rutin,4832.73751493714,23.153988933231936
Rutin,4828.88058150029,53.563781591085238
Rutin,4825.02364806344,43.236916332617746
Rutin,4821.1667146266,44.912677756123045
Rutin,4817.30978118975,28.096982108300843
Rutin,4813.4528477529,35.854350899884636
Rutin,4809.59591431605,23.34146264152962
Rutin,4805.73898087921,27.498108910132611
Rutin,4801.88204744236,14.076235089947026
Rutin,4798.02511400551,30.53816927317515
Rutin,4794.16818056867,14.220198453112186
Rutin,4790.31124713182,19.728455592432496
Rutin,4786.45431369497,5.3715250890482835
Rutin,4782.59738025812,9.2158362306769046
Rutin,4778.74044682128,-9.6427170521179626
Rutin,4774.88351338443,-5.4081213822189342
Rutin,4771.02657994758,-36.462927307958154
Rutin,4767.16964651073,-31.892922570056978
Rutin,4763.31271307389,-34.178397851492363
Rutin,4759.45577963704,-30.170043569057679
Rutin,4755.59884620019,-41.329305672153453
Rutin,4751.74191276335,-23.386068679665577
Rutin,4747.8849793265,-41.135313291562383
Rutin,4744.02804588965,-33.16836469486347
Rutin,4740.1711124528,-46.214076575638963
Rutin,4736.31417901596,-35.672604102204872
Rutin,4732.45724557911,-48.093816534566066
Rutin,4728.60031214226,-40.079507622436026
Rutin,4724.74337870541,-54.003751306783847
Rutin,4720.88644526857,-44.760477997741745
Rutin,4717.02951183172,-42.342596374689805
Rutin,4713.17257839487,-11.82403981284636
Rutin,4709.31564495803,-23.377248100091375
Rutin,4705.45871152118,-14.106674563700508
Rutin,4701.60177808433,-30.466028695342338
Rutin,4697.74484464748,-23.185605694046835
Rutin,4693.88791121064,-31.163831964402029
Rutin,4690.03097777379,3.120467809858591
Rutin,4686.17404433694,-3.588710410340207
Rutin,4682.31711090009,3.9491278602698086
Rutin,4678.46017746325,-2.0333035469080296
Rutin,4674.6032440264,-1.2577935711598656
Rutin,4670.74631058955,-17.623900580200008
Rutin,4666.88937715271,-2.0534123923923855
Rutin,4663.03244371586,6.3785533914155623
Rutin,4659.17551027901,40.266273976339313
Rutin,4655.31857684216,22.584003496394924
Rutin,4651.46164340532,41.134974303135806
Rutin,4647.60470996847,8.9634990589267147
Rutin,4643.74777653162,27.045358269830757
Rutin,4639.89084309477,36.943881943833183
Rutin,4636.03390965793,61.508607306467184
Rutin,4632.17697622108,18.208255849527159
Rutin,4628.32004278423,23.527935810195935
Rutin,4624.46310934739,29.409905292739413
Rutin,4620.60617591054,43.218258311408313
Rutin,4616.74924247369,12.52574100414042
Rutin,4612.89230903684,35.011468157600078
Rutin,4609.0353756,35.186230620240906
Rutin,4605.17844216315,59.135523672255118
Rutin,4601.3215087263,34.216285576350394
Rutin,4597.46457528945,43.396120544453034
Rutin,4593.60764185261,34.603471094174971
Rutin,4589.75070841576,60.479861862963077
Rutin,4585.89377497891,55.971442076336274
Rutin,4582.03684154207,57.637784760852206
Rutin,4578.17990810522,20.183905335589472
Rutin,4574.32297466837,38.285524124844102
Rutin,4570.46604123152,24.942802488321565
Rutin,4566.60910779468,27.050266410519562
Rutin,4562.75217435783,-18.659444218464799
Rutin,4558.89524092098,-16.789513820841446
Rutin,4555.03830748413,-12.171442196576292
Rutin,4551.18137404729,-3.9337703318648649
Rutin,4547.32444061044,-48.873337159939936
Rutin,4543.46750717359,-66.025338231036784
Rutin,4539.61057373675,-82.072961813691649
Rutin,4535.7536402999,-57.480087461545963
Rutin,4531.89670686305,-56.307109645649298
Rutin,4528.0397734262,-40.715927863755446
Rutin,4524.18283998936,-62.415819219185785
Rutin,4520.32590655251,-53.907488214236167
Rutin,4516.46897311566,-70.686732420917906
Rutin,4512.61203967881,-29.065289436976201
Rutin,4508.75510624197,-9.618564577804273
Rutin,4504.89817280512,1.5400053113671741
Rutin,4501.04123936827,-21.718137806450038
Rutin,4497.18430593143,23.633776774114125
Rutin,4493.32737249458,30.012466927266793
Rutin,4489.47043905773,52.683308007782102
Rutin,4485.61350562088,27.165598287233159
Rutin,4481.75657218404,55.141649212505882
Rutin,4477.89963874719,39.743291016445284
Rutin,4474.04270531034,66.731446671787594
Rutin,4470.18577187349,84.056135181839664
Rutin,4466.32883843665,119.77636431445704
Rutin,4462.4719049998,87.554184490234348
Rutin,4458.61497156295,89.635499970878371
Rutin,4454.75803812611,68.698516030012712
Rutin,4450.90110468926,68.078854481788738
Rutin,4447.04417125241,34.097089666223027
Rutin,4443.18723781556,39.860061553622153
Rutin,4439.33030437872,-11.538526872546552
Rutin,4435.47337094187,-33.293876584589647
Rutin,4431.61643750502,-85.678066989641451
Rutin,4427.75950406817,-77.049671045818314
Rutin,4423.90257063133,-85.433947710123007
Rutin,4420.04563719448,-71.823487061933278
Rutin,4416.18870375763,-86.793033064394706
Rutin,4412.33177032078,-62.821668673614688
Rutin,4408.47483688394,-81.869707019865913
Rutin,4404.61790344709,-52.884210471570576
Rutin,4400.76097001024,-49.714076431833995
Rutin,4396.9040365734,-39.341888148139923
Rutin,4393.04710313655,-59.300499563992894
Rutin,4389.1901696997,-45.68733147910384
Rutin,4385.33323626285,-64.2862906310516
Rutin,4381.47630282601,-52.327550551358307
Rutin,4377.61936938916,-68.403667312816907
Rutin,4373.76243595231,-24.078619705891693
Rutin,4369.90550251546,-20.012429997896451
Rutin,4366.04856907862,9.0215427955386929
Rutin,4362.19163564177,1.4206662756738992
Rutin,4358.33470220492,31.398145560852509
Rutin,4354.47776876808,31.856944641029948
Rutin,4350.62083533123,68.74626863988054
Rutin,4346.76390189438,70.637566430536793
Rutin,4342.90696845753,112.76301561776292
Rutin,4339.05003502069,120.26834444944724
Rutin,4335.19310158384,160.61045267365068
Rutin,4331.33616814699,161.66796015646042
Rutin,4327.47923471014,162.81335262345857
Rutin,4323.6223012733,116.47889188605738
Rutin,4319.76536783645,127.52414033670536
Rutin,4315.9084343996,88.939547703126067
Rutin,4312.05150096276,68.242948588323998
Rutin,4308.19456752591,33.763820820055301
Rutin,4304.33763408906,38.710264746913865
Rutin,4300.48070065221,7.5459180688697964
Rutin,4296.62376721537,13.521741682552101
Rutin,4292.76683377852,-11.360970632824703
Rutin,4288.90990034167,-10.28642084119457
Rutin,4285.05296690482,-51.515103042518525
Rutin,4281.19603346798,-61.011470000506037
Rutin,4277.33910003113,-86.744307832024788
Rutin,4273.48216659428,-58.433305024671377
Rutin,4269.62523315744,-78.977750181356001
Rutin,4265.76829972059,-74.926528844015593
Rutin,4261.91136628374,-96.040197388666755
Rutin,4258.05443284689,-72.243511417119862
Rutin,4254.19749941005,-93.695689507417541
Rutin,4250.3405659732,-79.075255559919043
Rutin,4246.48363253635,-91.454300309114714
Rutin,4242.6266990995,-82.651666371380969
Rutin,4238.76976566266,-108.40857267957134
Rutin,4234.91283222581,-73.176635781574007
Rutin,4231.05589878896,-66.901818586185286
Rutin,4227.19896535212,-30.099784864129479
Rutin,4223.34203191527,-42.112019903196149
Rutin,4219.48509847842,-36.51406332926782
Rutin,4215.62816504157,-58.12455546515114
Rutin,4211.77123160473,-35.410258255654242
Rutin,4207.91429816788,-49.912806880290702
Rutin,4204.05736473103,-26.927954724690668
Rutin,4200.20043129418,-31.819182378561862
Rutin,4196.34349785734,-2.5053829392823728
Rutin,4192.48656442049,-20.065571762044346
Rutin,4188.62963098364,-1.8265065306996073
Rutin,4184.7726975468,13.683509023966844
Rutin,4180.91576410995,50.303034955463566
Rutin,4177.0588306731,35.176550111794235
Rutin,4173.20189723625,62.008183584910022
Rutin,4169.34496379941,57.547398771017306
Rutin,4165.48803036256,69.794396983975957
Rutin,4161.63109692571,47.971033681401231
Rutin,4157.77416348886,58.839405924242321
Rutin,4153.91723005202,35.4472170613438
Rutin,4150.06029661517,41.513891322374313
Rutin,4146.20336317832,13.838503263145956
Rutin,4142.34642974148,26.83856546198729
Rutin,4138.48949630463,26.223361540554677
Rutin,4134.63256286778,30.483459559141981
Rutin,4130.77562943093,-2.2858849971459603
Rutin,4126.91869599409,4.1690352567822258
Rutin,4123.06176255724,-22.165775128379895
Rutin,4119.20482912039,-13.20210972376552
Rutin,4115.34789568354,-43.504198028355027
Rutin,4111.4909622467,-27.103521279500686
Rutin,4107.63402880985,-14.538743982623108
Rutin,4103.777095373,-7.7908029306677431
Rutin,4099.92016193616,-23.74637093398448
Rutin,4096.06322849931,-17.957632456983927
Rutin,4092.20629506246,-41.063715483007435
Rutin,4088.34936162561,-23.061384891078156
Rutin,4084.49242818877,-45.046673465447633
Rutin,4080.63549475192,-28.812332843911403
Rutin,4076.77856131507,-32.894975067012055
Rutin,4072.92162787822,-26.697513986140518
Rutin,4069.06469444138,-51.45707635336921
Rutin,4065.20776100453,-35.007990263100957
Rutin,4061.35082756768,-23.623774207277087
Rutin,4057.49389413083,-7.4857940584282172
Rutin,4053.63696069399,-20.583411554455932
Rutin,4049.78002725714,0.75006548296469799
Rutin,4045.92309382029,-13.948508981007677
Rutin,4042.06616038345,-6.4370660614926205
Rutin,4038.2092269466,-26.675426450438337
Rutin,4034.35229350975,-7.3688726988288584
Rutin,4030.4953600729,-10.181528664963199
Rutin,4026.63842663606,17.141910401170485
Rutin,4022.78149319921,10.135352490437137
Rutin,4018.92455976236,26.207881241167218
Rutin,4015.06762632551,15.402430622948261
Rutin,4011.21069288867,38.815044335027302
Rutin,4007.35375945182,42.332542880190061
Rutin,4003.49682601497,56.177013164925434
Rutin,3999.63989257813,54.783889582556775
