predictor,component,p,component_sign
10001.0283203125,1,-0.068836518026090796,-1
9997.17138687565,1,-0.04424890802734234,-1
9993.31445343881,1,-0.040286023019248038,-1
9989.45752000196,1,-0.050144743481573842,-1
9985.60058656511,1,-0.043539657899904674,-1
9981.74365312826,1,-0.0096796972028457603,-1
9977.88671969142,1,0.0049688233063631213,-1
9974.02978625457,1,0.00025240239387610002,-1
9970.17285281772,1,-0.023531616207470893,-1
9966.31591938088,1,0.017584547418597215,-1
9962.45898594403,1,0.061723235388517941,-1
9958.60205250718,1,0.021245434044506729,-1
9954.74511907033,1,0.0041290378747920803,-1
9950.88818563349,1,-0.0039708852424462709,-1
9947.03125219664,1,-0.023946978400121097,-1
9943.17431875979,1,-0.032628846092989841,-1
9939.31738532294,1,-0.044483494441013439,-1
9935.4604518861,1,-0.0093686077090837441,-1
9931.60351844925,1,0.029934112072638436,-1
9927.7465850124,1,0.017787639933010076,-1
9923.88965157556,1,-0.024856813785984172,-1
9920.03271813871,1,-0.01905752889594901,-1
9916.17578470186,1,-0.011444250597718988,-1
9912.31885126501,1,-0.02889302300919849,-1
9908.46191782817,1,-0.029870313758578435,-1
9904.60498439132,1,-0.021039158005541549,-1
9900.74805095447,1,-0.017424101861465879,-1
9896.89111751762,1,-0.041081699458541378,-1
9893.03418408078,1,-0.026959306709161596,-1
9889.17725064393,1,-0.0038445276374803371,-1
9885.32031720708,1,0.022316311420810392,-1
9881.46338377024,1,0.0060472609043456986,-1
9877.60645033339,1,-0.045045450991231265,-1
9873.74951689654,1,-0.023979084820817929,-1
9869.89258345969,1,-0.0033980894193190781,-1
9866.03565002284,1,0.018031631731599326,-1
9862.178716586,1,0.01998693769934104,-1
9858.32178314915,1,-0.0059672821656690123,-1
9854.4648497123,1,-0.0078173466246766916,-1
9850.60791627546,1,-0.024498706110935509,-1
9846.75098283861,1,-0.023113578858523397,-1
9842.89404940176,1,0.029981077841774135,-1
9839.03711596492,1,0.0080617761030588441,-1
9835.18018252807,1,-0.034997450563113548,-1
9831.32324909122,1,0.0017960998332354138,-1
9827.46631565437,1,0.037544120962466225,-1
9823.60938221752,1,-0.011685985937390675,-1
9819.75244878068,1,-0.01394497013053334,-1
9815.89551534383,1,-0.013967069845458977,-1
9812.03858190698,1,-0.026554613813779573,-1
9808.18164847014,1,0.0073847374871195562,-1
9804.32471503329,1,0.033482413775656569,-1
9800.46778159644,1,0.020219161335399739,-1
9796.6108481596,1,-0.010363621609606338,-1
9792.75391472275,1,-0.0035849807559991814,-1
9788.8969812859,1,0.008420578866334379,-1
9785.04004784905,1,0.036646800935650384,-1
9781.1831144122,1,0.048020998699148935,-1
9777.32618097536,1,0.054582880399701432,-1
9773.46924753851,1,0.063564116602508297,-1
9769.61231410166,1,0.058647486294658963,-1
9765.75538066482,1,0.051588109350074275,-1
9761.89844722797,1,0.017080305098872629,-1
9758.04151379112,1,-0.021564100339721514,-1
9754.18458035428,1,-0.0045734866974173225,-1
9750.32764691743,1,0.019492036107614498,-1
9746.47071348058,1,0.017849005833614796,-1
9742.61378004373,1,0.024912240499459424,-1
9738.75684660688,1,0.02522085081559787,-1
9734.89991317004,1,0.024672079823197645,-1
9731.04297973319,1,0.02262006647596064,-1
9727.18604629634,1,0.010535926012752174,-1
9723.3291128595,1,0.021479393804918062,-1
9719.47217942265,1,0.021882710640024131,-1
9715.6152459858,1,0.003254243159550755,-1
9711.75831254896,1,-0.017786903060518052,-1
9707.90137911211,1,0.0079283406460403365,-1
9704.04444567526,1,0.049589018710643772,-1
9700.18751223841,1,0.072343516090168772,-1
9696.33057880156,1,0.029371414872979205,-1
9692.47364536472,1,-0.0163966575009038,-1
9688.61671192787,1,-0.0033067955322844782,-1
9684.75977849102,1,0.016262403620858526,-1
9680.90284505418,1,-0.011012387734383693,-1
9677.04591161733,1,0.00080934152324413442,-1
9673.18897818048,1,0.015346178202385855,-1
9669.33204474363,1,0.016978358734729963,-1
9665.47511130679,1,0.022999608094176387,-1
9661.61817786994,1,0.027050215394041666,-1
9657.76124443309,1,0.01169868686206936,-1
9653.90431099624,1,0.0043219959532997711,-1
9650.0473775594,1,0.010690824084948539,-1
9646.19044412255,1,0.020727185659603575,-1
9642.3335106857,1,0.021503258226557801,-1
9638.47657724886,1,0.0019315075826739625,-1
9634.61964381201,1,-0.040744754417558378,-1
9630.76271037516,1,-0.044753696605970068,-1
9626.90577693831,1,-0.014980929924814685,-1
9623.04884350147,1,0.016347645646048296,-1
9619.19191006462,1,0.033286030266072658,-1
9615.33497662777,1,0.024956606746285213,-1
9611.47804319092,1,0.016568605919685887,-1
9607.62110975408,1,-0.0025281078797141513,-1
9603.76417631723,1,0.005700267618823948,-1
9599.90724288038,1,-0.0084869218339303828,-1
9596.05030944354,1,-0.0042043839383947438,-1
9592.19337600669,1,0.0050234117729318316,-1
9588.33644256984,1,-0.0088574280494480191,-1
9584.47950913299,1,-0.0068275506922312081,-1
9580.62257569615,1,-0.0010750204364587779,-1
9576.7656422593,1,-0.010910632565578119,-1
9572.90870882245,1,0.0056899104078990291,-1
9569.0517753856,1,-0.013156898509387102,-1
9565.19484194876,1,-0.050277975197648136,-1
9561.33790851191,1,-0.055869640749851276,-1
9557.48097507506,1,-0.039047897224291361,-1
9553.62404163822,1,-0.022880178074888964,-1
9549.76710820137,1,-0.025588624580632643,-1
9545.91017476452,1,-0.040727608873056417,-1
9542.05324132767,1,-0.0013353431413962956,-1
9538.19630789083,1,0.015239844863120603,-1
9534.33937445398,1,-0.017114106022306969,-1
9530.48244101713,1,-0.01486958621172022,-1
9526.62550758028,1,-0.023636371485800976,-1
9522.76857414344,1,-0.04561733899782467,-1
9518.91164070659,1,-0.036588383454240418,-1
9515.05470726974,1,-0.03731370651810393,-1
9511.1977738329,1,-0.037225348671769729,-1
9507.34084039605,1,-0.042248004140527998,-1
9503.4839069592,1,-0.0077852427354390659,-1
9499.62697352235,1,0.016587293353534455,-1
9495.77004008551,1,0.0051601835923102864,-1
9491.91310664866,1,-0.012386479569863409,-1
9488.05617321181,1,-0.0062994729014843433,-1
9484.19923977496,1,-0.0069027036560853116,-1
9480.34230633812,1,-0.00015706307550641309,-1
9476.48537290127,1,0.0049523913447724914,-1
9472.62843946442,1,0.018668730501417336,-1
9468.77150602758,1,0.022239505705583057,-1
9464.91457259073,1,-0.014694515464503668,-1
9461.05763915388,1,-0.028169310154339416,-1
9457.20070571703,1,0.0057445644198680056,-1
9453.34377228019,1,0.0070140781110382003,-1
9449.48683884334,1,0.0070480357931283306,-1
9445.62990540649,1,0.012583075177578184,-1
9441.77297196964,1,0.014047569334861053,-1
9437.9160385328,1,-0.01996931604624427,-1
9434.05910509595,1,-0.028912999013743283,-1
9430.2021716591,1,-0.016451870210388162,-1
9426.34523822226,1,-0.033632948370075542,-1
9422.48830478541,1,-0.047833367203836616,-1
9418.63137134856,1,-0.049040163404991247,-1
9414.77443791171,1,-0.036082408015878344,-1
9410.91750447487,1,-0.023177751981764305,-1
9407.06057103802,1,-0.015843328882198155,-1
9403.20363760117,1,-0.019451081793427413,-1
9399.34670416432,1,-0.018918903039493326,-1
9395.48977072748,1,-0.022577014070752816,-1
9391.63283729063,1,-0.02185954223421973,-1
9387.77590385378,1,-0.019225511433027826,-1
9383.91897041694,1,-0.028749712143636957,-1
9380.06203698009,1,-0.037040333212579379,-1
9376.20510354324,1,-0.032346726428090958,-1
9372.34817010639,1,-0.011005776734355065,-1
9368.49123666955,1,0.0048527566861347234,-1
9364.6343032327,1,0.013941899247969559,-1
9360.77736979585,1,0.02231396111821515,-1
9356.920436359,1,0.015153933654082683,-1
9353.06350292216,1,-0.0023447383114020811,-1
9349.20656948531,1,-0.0035916679520811355,-1
9345.34963604846,1,-0.00043440499339009062,-1
9341.49270261162,1,0.011618235193814037,-1
9337.63576917477,1,0.017527316391191882,-1
9333.77883573792,1,-0.0025387494866655797,-1
9329.92190230107,1,-0.023298168309977121,-1
9326.06496886423,1,0.014381544934330491,-1
9322.20803542738,1,0.039621378604401132,-1
9318.35110199053,1,0.010446939885167683,-1
9314.49416855368,1,0.0045458312484247696,-1
9310.63723511684,1,0.0038430623582481134,-1
9306.78030167999,1,-0.012097117854696237,-1
9302.92336824314,1,-0.01901522886958203,-1
9299.0664348063,1,-0.002263965811228022,-1
9295.20950136945,1,0.024250064815648308,-1
9291.3525679326,1,0.046034616935950935,-1
9287.49563449575,1,0.027376854122594843,-1
9283.63870105891,1,-0.00017813673698984913,-1
9279.78176762206,1,-0.0040750415237168934,-1
9275.92483418521,1,-0.0087978956473615602,-1
9272.06790074836,1,0.0024847647405395251,-1
9268.21096731152,1,0.010241544579212315,-1
9264.35403387467,1,-0.0010138462523123254,-1
9260.49710043782,1,0.0077252095506794381,-1
9256.64016700098,1,0.0053332593533601544,-1
9252.78323356413,1,0.0069398395602884395,-1
9248.92630012728,1,0.011114753700873779,-1
9245.06936669043,1,0.0089952382195281188,-1
9241.21243325358,1,0.0045377945123862666,-1
9237.35549981674,1,0.01348981415756067,-1
9233.49856637989,1,0.025303189187778387,-1
9229.64163294304,1,0.0047556937193955961,-1
9225.7846995062,1,0.010694185300979009,-1
9221.92776606935,1,0.02950293600152544,-1
9218.0708326325,1,0.028512323342123919,-1
9214.21389919565,1,0.0044579014474757954,-1
9210.35696575881,1,0.013054524258686783,-1
9206.50003232196,1,0.028593787643995401,-1
9202.64309888511,1,0.036959532494242518,-1
9198.78616544826,1,0.017462059872770268,-1
9194.92923201142,1,-0.0025505914393332469,-1
9191.07229857457,1,0.010632643906409889,-1
9187.21536513772,1,0.033266190068095808,-1
9183.35843170088,1,0.032339819703990358,-1
9179.50149826403,1,0.016186759682070357,-1
9175.64456482718,1,-0.010304666489304733,-1
9171.78763139033,1,0.0025171584403550907,-1
9167.93069795349,1,0.0017715376433113516,-1
9164.07376451664,1,-0.0053469326136033717,-1
9160.21683107979,1,0.00093147051990450042,-1
9156.35989764294,1,0.031782812917082882,-1
9152.5029642061,1,0.055989548519135526,-1
9148.64603076925,1,0.054263996974775221,-1
9144.7890973324,1,0.027320598916570019,-1
9140.93216389556,1,0.018592666912773538,-1
9137.07523045871,1,0.022765711681774534,-1
9133.21829702186,1,0.0089999273794733273,-1
9129.36136358501,1,0.013841619000114993,-1
9125.50443014817,1,0.048684924667061147,-1
9121.64749671132,1,0.058975760980874717,-1
9117.79056327447,1,0.044572567508132668,-1
9113.93362983762,1,0.026905233796641084,-1
9110.07669640078,1,0.025873809288112847,-1
9106.21976296393,1,0.018587857191778519,-1
9102.36282952708,1,0.0053512859958132009,-1
9098.50589609024,1,0.036743424703958499,-1
9094.64896265339,1,0.04124831828843685,-1
9090.79202921654,1,0.027339094729240919,-1
9086.93509577969,1,0.045094795017829592,-1
9083.07816234285,1,0.031986329581008145,-1
9079.221228906,1,0.020836504646259121,-1
9075.36429546915,1,0.033012800840317422,-1
9071.5073620323,1,0.041293708058585961,-1
9067.65042859546,1,0.03299286826008889,-1
9063.79349515861,1,0.034412154363691223,-1
9059.93656172176,1,0.030694753704753146,-1
9056.07962828492,1,0.0022068683430986821,-1
9052.22269484807,1,0.010430687082165829,-1
9048.36576141122,1,0.031216640116142825,-1
9044.50882797437,1,0.040313798310657623,-1
9040.65189453753,1,0.031352775881984381,-1
9036.79496110068,1,0.010574717019605349,-1
9032.93802766383,1,0.0040139733347825876,-1
9029.08109422698,1,0.013856134064466978,-1
9025.22416079014,1,0.027263807336536935,-1
9021.36722735329,1,-0.00012565299013642526,-1
9017.51029391644,1,0.0053896246914516286,-1
9013.6533604796,1,0.016054974112636174,-1
9009.79642704275,1,0.012264448660808414,-1
9005.9394936059,1,0.019390585732598536,-1
9002.08256016905,1,0.017165647832981811,-1
8998.22562673221,1,0.0076833706591386639,-1
8994.36869329536,1,0.016022252594034992,-1
8990.51175985851,1,0.012741171986163577,-1
8986.65482642166,1,0.021066721403819912,-1
8982.79789298482,1,0.021836747798309356,-1
8978.94095954797,1,0.019244997157477253,-1
8975.08402611112,1,0.025143801123576864,-1
8971.22709267428,1,0.0081336944442411442,-1
8967.37015923743,1,-0.012248687809337808,-1
8963.51322580058,1,-0.0015781892514660696,-1
8959.65629236373,1,-0.0018794893040982043,-1
8955.79935892689,1,0.0012716653104841639,-1
8951.94242549004,1,0.016610344049842587,-1
8948.08549205319,1,0.014639236804922124,-1
8944.22855861634,1,0.016470351369733825,-1
8940.3716251795,1,0.021052816342621294,-1
8936.51469174265,1,0.023718661298378747,-1
8932.6577583058,1,0.039124370078572078,-1
8928.80082486896,1,0.037439895937188342,-1
8924.94389143211,1,0.0066545282983862817,-1
8921.08695799526,1,-0.033086296070255677,-1
8917.23002455841,1,-0.026431827103324042,-1
8913.37309112157,1,-0.0080936171242882507,-1
8909.51615768472,1,-0.0048689534893331518,-1
8905.65922424787,1,-0.014994048991043202,-1
8901.80229081102,1,-0.02811797342217413,-1
8897.94535737418,1,-0.036806349772518183,-1
8894.08842393733,1,-0.015822979776677161,-1
8890.23149050048,1,0.0048394945251106223,-1
8886.37455706364,1,0.016379843221191542,-1
8882.51762362679,1,0.026235018640907607,-1
8878.66069018994,1,0.015269239113279326,-1
8874.80375675309,1,-0.010259404179497071,-1
8870.94682331625,1,-0.032299365964478466,-1
8867.0898898794,1,-0.037440785816339667,-1
8863.23295644255,1,-0.024719696629966172,-1
8859.3760230057,1,-0.015720043987045403,-1
8855.51908956886,1,-0.020966652240376926,-1
8851.66215613201,1,-0.022597167738510428,-1
8847.80522269516,1,-0.029087143636949944,-1
8843.94828925832,1,-0.020480164887050983,-1
8840.09135582147,1,-0.021767250427266391,-1
8836.23442238462,1,-0.027697122666288126,-1
8832.37748894777,1,-0.027873374889544555,-1
8828.52055551093,1,-0.012616304468746046,-1
8824.66362207408,1,0.011483034410278373,-1
8820.80668863723,1,-0.005898773986656428,-1
8816.94975520038,1,-0.0047013990737784809,-1
8813.09282176354,1,-0.0017665481654989608,-1
8809.23588832669,1,-0.033585324192118245,-1
8805.37895488984,1,-0.057351665690406853,-1
8801.522021453,1,-0.042442133170855753,-1
8797.66508801615,1,-0.024243298031480589,-1
8793.8081545793,1,-0.026741469039690571,-1
8789.95122114245,1,-0.022474029754227534,-1
8786.09428770561,1,-0.01483080235960532,-1
8782.23735426876,1,-0.014377437073522036,-1
8778.38042083191,1,-0.016639339578497513,-1
8774.52348739506,1,0.014831599803694945,-1
8770.66655395822,1,0.014094080553467741,-1
8766.80962052137,1,-0.0096213026204019347,-1
8762.95268708452,1,-0.030293802228087099,-1
8759.09575364767,1,-0.027177889819737809,-1
8755.23882021083,1,-0.015610106669703317,-1
8751.38188677398,1,-0.0045949198537827063,-1
8747.52495333713,1,-0.01285855964976703,-1
8743.66801990029,1,-0.024669803668047618,-1
8739.81108646344,1,-0.02930478020643347,-1
8735.95415302659,1,-0.023796816393249896,-1
8732.09721958974,1,-0.013967686873040579,-1
8728.2402861529,1,-0.020673270636685254,-1
8724.38335271605,1,-0.032127105807022022,-1
8720.5264192792,1,-0.015413216886908738,-1
8716.66948584235,1,-0.012781394346980791,-1
8712.81255240551,1,-0.011017346043489543,-1
8708.95561896866,1,-0.0066666087749709946,-1
8705.09868553181,1,-0.017158340816635819,-1
8701.24175209497,1,-0.040007652819056445,-1
8697.38481865812,1,-0.038321261237025547,-1
8693.52788522127,1,-0.027379297748164343,-1
8689.67095178442,1,-0.029661715886468761,-1
8685.81401834758,1,-0.021293773318561356,-1
8681.95708491073,1,-0.013290796542609094,-1
8678.10015147388,1,-0.020271523410677426,-1
8674.24321803703,1,-0.014299955365692564,-1
8670.38628460019,1,0.0089201407859203028,-1
8666.52935116334,1,0.020806530686560517,-1
8662.67241772649,1,-0.0014341271172004461,-1
8658.81548428965,1,-0.0057733611163443494,-1
8654.9585508528,1,0.012478131528166628,-1
8651.10161741595,1,-0.0060033952462931629,-1
8647.2446839791,1,-0.018915927245376208,-1
8643.38775054226,1,0.0065320876268455856,-1
8639.53081710541,1,0.029755311999943811,-1
8635.67388366856,1,0.022512728326459008,-1
8631.81695023171,1,0.0095690899903607945,-1
8627.96001679487,1,-0.012617973259601864,-1
8624.10308335802,1,-0.023790852716716042,-1
8620.24614992117,1,-0.01188987901225327,-1
8616.38921648433,1,0.0044296738093935533,-1
8612.53228304748,1,0.0012614527181136683,-1
8608.67534961063,1,0.0084798138867802301,-1
8604.81841617378,1,0.021852770302458531,-1
8600.96148273694,1,0.02527353460719783,-1
8597.10454930009,1,0.023918855842841938,-1
8593.24761586324,1,0.0099455278280379568,-1
8589.39068242639,1,-0.017653955233502883,-1
8585.53374898955,1,-0.019158972453305365,-1
8581.6768155527,1,0.00016652952520782721,-1
8577.81988211585,1,0.0093930548631427149,-1
8573.96294867901,1,0.0044935028554613727,-1
8570.10601524216,1,0.016370562090147693,-1
8566.24908180531,1,0.017957096445992544,-1
8562.39214836846,1,0.022456944942364575,-1
8558.53521493162,1,0.009079863984878641,-1
8554.67828149477,1,0.0094108918819847918,-1
8550.82134805792,1,-0.0075032839744100955,-1
8546.96441462107,1,-0.0193467183013196,-1
8543.10748118423,1,-0.012031684303578077,-1
8539.25054774738,1,0.0029676581006872873,-1
8535.39361431053,1,0.0086251249697532929,-1
8531.53668087368,1,0.0063068410667050604,-1
8527.67974743684,1,-0.0052592622134991279,-1
8523.82281399999,1,-0.026607459014440383,-1
8519.96588056314,1,-0.028197111030622713,-1
8516.1089471263,1,-0.0056786078695866158,-1
8512.25201368945,1,-0.013375065231777887,-1
8508.3950802526,1,-0.0076210532855502345,-1
8504.53814681575,1,-0.0036376111299508433,-1
8500.68121337891,1,-0.016924362991326398,-1
8496.82427994206,1,-0.0046996633108052901,-1
8492.96734650521,1,-0.0070882288420820875,-1
8489.11041306836,1,-0.018606783817854817,-1
8485.25347963152,1,-0.057664816111785568,-1
8481.39654619467,1,-0.077150267726501215,-1
8477.53961275782,1,-0.042414521700972325,-1
8473.68267932098,1,-0.021316775220999298,-1
8469.82574588413,1,-0.021307284482963772,-1
8465.96881244728,1,-0.0034297831016906499,-1
8462.11187901043,1,-0.0028740683702960608,-1
8458.25494557359,1,-0.040928972351893619,-1
8454.39801213674,1,-0.032806324327167555,-1
8450.54107869989,1,0.0077909333607214734,-1
8446.68414526304,1,0.019911253482877041,-1
8442.8272118262,1,0.014398291233272376,-1
8438.97027838935,1,0.0020337085203359431,-1
8435.1133449525,1,-0.00091933957241709054,-1
8431.25641151566,1,-0.0057880700586735445,-1
8427.39947807881,1,-0.014186165717248086,-1
8423.54254464196,1,0.0070544136657900115,-1
8419.68561120511,1,0.028331369582787265,-1
8415.82867776827,1,0.0332021912771268,-1
8411.97174433142,1,0.030775983961202777,-1
8408.11481089457,1,0.014432101937918553,-1
8404.25787745772,1,-0.018560399386065751,-1
8400.40094402088,1,-0.030472360942387096,-1
8396.54401058403,1,-0.020937257575830166,-1
8392.68707714718,1,0.01012881975473634,-1
8388.83014371034,1,0.04723118216452802,-1
8384.97321027349,1,0.055229340377175917,-1
8381.11627683664,1,0.01335059201331875,-1
8377.25934339979,1,-0.012797985331621192,-1
8373.40240996295,1,-0.014988761068989912,-1
8369.5454765261,1,-0.0045288686918403933,-1
8365.68854308925,1,-0.0058999180932504747,-1
8361.8316096524,1,0.0052609201557381122,-1
8357.97467621556,1,-0.0028599255699370729,-1
8354.11774277871,1,0.0016032756627008165,-1
8350.26080934186,1,0.013624142349588928,-1
8346.40387590502,1,0.0098287126960338814,-1
8342.54694246817,1,-0.0090824776218544085,-1
8338.69000903132,1,-0.0063292688898497155,-1
8334.83307559447,1,-0.0060386921013453132,-1
8330.97614215763,1,-0.011598187081689798,-1
8327.11920872078,1,0.0020401642264118013,-1
8323.26227528393,1,0.017536286619307714,-1
8319.40534184708,1,-0.00039811179153578314,-1
8315.54840841024,1,0.011794629005034894,-1
8311.69147497339,1,0.0061986824510176161,-1
8307.83454153654,1,-0.027165733563863804,-1
8303.97760809969,1,-0.029313774819882569,-1
8300.12067466285,1,-0.0055102878025345232,-1
8296.263741226,1,-0.0085760411885124656,-1
8292.40680778915,1,-0.011952611906995873,-1
8288.54987435231,1,-0.016318777587209315,-1
8284.69294091546,1,-0.0034342715982339676,-1
8280.83600747861,1,0.011043453111149168,-1
8276.97907404176,1,0.022986427917762467,-1
8273.12214060492,1,0.0046226682145719712,-1
8269.26520716807,1,-0.0095357322104962661,-1
8265.40827373122,1,-0.0073007268540225398,-1
8261.55134029437,1,-0.0061251138592584905,-1
8257.69440685753,1,-0.035671123953830125,-1
8253.83747342068,1,-0.052542331997712376,-1
8249.98053998383,1,-0.034329065350917023,-1
8246.12360654699,1,-0.0012898813465654136,-1
8242.26667311014,1,0.01194544580593674,-1
8238.40973967329,1,-0.0007424875553143994,-1
8234.55280623644,1,0.00053948180709420491,-1
8230.6958727996,1,0.022116414872803882,-1
8226.83893936275,1,0.0064978685737273724,-1
8222.9820059259,1,-0.0073511682191303822,-1
8219.12507248905,1,0.015832688286965046,-1
8215.26813905221,1,0.048255067818783713,-1
8211.41120561536,1,0.040744499787252655,-1
8207.55427217851,1,0.0074216926074158031,-1
8203.69733874167,1,-0.015171446595969916,-1
8199.84040530482,1,0.0091835540486352018,-1
8195.98347186797,1,0.022252380780655289,-1
8192.12653843112,1,0.024645061845900949,-1
8188.26960499428,1,-0.00045132733190386351,-1
8184.41267155743,1,-0.0078531193856869932,-1
8180.55573812058,1,-0.0020621686440597409,-1
8176.69880468373,1,0.0027824010377100008,-1
8172.84187124689,1,-0.0021648670007869985,-1
8168.98493781004,1,-0.0030908049436640605,-1
8165.12800437319,1,0.0024121189533320877,-1
8161.27107093635,1,0.0026221751571925528,-1
8157.4141374995,1,0.0021438448230727577,-1
8153.55720406265,1,0.0090862106209190982,-1
8149.7002706258,1,0.0075197150442988933,-1
8145.84333718896,1,0.017703326737807758,-1
8141.98640375211,1,0.0052663095482369448,-1
8138.12947031526,1,0.018871111860513577,-1
8134.27253687841,1,0.034308980718381697,-1
8130.41560344157,1,0.020857332345302397,-1
8126.55867000472,1,0.000700293118110462,-1
8122.70173656787,1,-0.0030578084989678297,-1
8118.84480313103,1,0.0084055491292992293,-1
8114.98786969418,1,0.0098320402056212754,-1
8111.13093625733,1,0.0056364432637438372,-1
8107.27400282048,1,0.013521602942698371,-1
8103.41706938364,1,0.018864467984984278,-1
8099.56013594679,1,0.031923638348949089,-1
8095.70320250994,1,0.030432289688854388,-1
8091.84626907309,1,0.027348797071816505,-1
8087.98933563625,1,0.00092382491650432226,-1
8084.1324021994,1,0.0038810138790487812,-1
8080.27546876255,1,0.018105445517940154,-1
8076.41853532571,1,0.030256198137119942,-1
8072.56160188886,1,0.019789908082204197,-1
8068.70466845201,1,0.021633168669665814,-1
8064.84773501516,1,0.017073923629469346,-1
8060.99080157832,1,0.026148622250032023,-1
8057.13386814147,1,0.026190174927112026,-1
8053.27693470462,1,0.014222097419651089,-1
8049.42000126777,1,-0.0020604034906328652,-1
8045.56306783093,1,-0.0046866602210914564,-1
8041.70613439408,1,0.0022696456912700579,-1
8037.84920095723,1,0.0071997039382624113,-1
8033.99226752039,1,-0.016073793551980447,-1
8030.13533408354,1,-0.032495805934323073,-1
8026.27840064669,1,4.628560900166562e-05,-1
8022.42146720984,1,0.025833497973221715,-1
8018.564533773,1,0.016101585255887577,-1
8014.70760033615,1,0.0072366865662096052,-1
8010.8506668993,1,-0.0050400047291750518,-1
8006.99373346245,1,-0.014631983922327172,-1
8003.13680002561,1,-0.016120429718601309,-1
7999.27986658876,1,-0.022991398427062947,-1
7995.42293315191,1,-0.012033898222608187,-1
7991.56599971507,1,-0.016846222057757515,-1
7987.70906627822,1,-0.020779881300381661,-1
7983.85213284137,1,-0.014450178497928306,-1
7979.99519940452,1,0.020738339399100966,-1
7976.13826596768,1,0.026556184155767156,-1
7972.28133253083,1,-0.015401516275364291,-1
7968.42439909398,1,-0.033091420580061759,-1
7964.56746565713,1,-0.016422351129842395,-1
7960.71053222029,1,-0.017421033298380025,-1
7956.85359878344,1,-0.0031302957888324594,-1
7952.99666534659,1,0.01097121806993223,-1
7949.13973190975,1,0.017718717069478394,-1
7945.2827984729,1,0.010014524623107599,-1
7941.42586503605,1,-0.012263793158259787,-1
7937.5689315992,1,-0.021767628332720133,-1
7933.71199816236,1,-0.018935979972346542,-1
7929.85506472551,1,-0.018521087645531443,-1
7925.99813128866,1,-0.019640014243045591,-1
7922.14119785181,1,-0.0070587951149918794,-1
7918.28426441497,1,-0.010866319704040983,-1
7914.42733097812,1,-0.009112876540733993,-1
7910.57039754127,1,-0.015223695708261181,-1
7906.71346410443,1,-0.028728674408513261,-1
7902.85653066758,1,-0.018878123061884928,-1
7898.99959723073,1,-0.0056431134607105634,-1
7895.14266379388,1,-0.015703752803376325,-1
7891.28573035704,1,-0.02725185935587867,-1
7887.42879692019,1,-0.024663231293714984,-1
7883.57186348334,1,-0.022827955978316609,-1
7879.71493004649,1,-0.027303589096024469,-1
7875.85799660965,1,-0.0082447737074421296,-1
7872.0010631728,1,-0.018508378467177431,-1
7868.14412973595,1,-0.017042940389653261,-1
7864.28719629911,1,-0.008586573241306782,-1
7860.43026286226,1,-0.0049799631191570241,-1
7856.57332942541,1,-0.012309058528738943,-1
7852.71639598856,1,-0.0046928992015435982,-1
7848.85946255172,1,0.012981093415377523,-1
7845.00252911487,1,0.0016817894781330947,-1
7841.14559567802,1,-0.0356533350328892,-1
7837.28866224117,1,-0.035933275019646334,-1
7833.43172880433,1,-0.029996518444055893,-1
7829.57479536748,1,-0.019866773559117593,-1
7825.71786193063,1,-0.0026693289008858389,-1
7821.86092849379,1,0.00093816166772420131,-1
7818.00399505694,1,-0.0022972516314168911,-1
7814.14706162009,1,-0.0039905535205534606,-1
7810.29012818324,1,-0.015901934675784223,-1
7806.4331947464,1,-0.029627721944750503,-1
7802.57626130955,1,-0.0082381344763772998,-1
7798.7193278727,1,0.00071537461942780642,-1
7794.86239443585,1,-0.010680219293742828,-1
7791.00546099901,1,-0.016269188593857772,-1
7787.14852756216,1,-0.028597313126835874,-1
7783.29159412531,1,-0.042575018919480942,-1
7779.43466068847,1,-0.033872780347669287,-1
7775.57772725162,1,-0.012550628325924771,-1
7771.72079381477,1,-0.017693144551554275,-1
7767.86386037792,1,-0.01895558004944586,-1
7764.00692694107,1,-0.011834458135766246,-1
7760.14999350423,1,-0.0230830316619835,-1
7756.29306006738,1,-0.027068343258485023,-1
7752.43612663053,1,-0.019333421421468783,-1
7748.57919319369,1,-0.0082994778236072202,-1
7744.72225975684,1,-0.015273742929061645,-1
7740.86532631999,1,-0.03247196753978325,-1
7737.00839288315,1,-0.023072816992648702,-1
7733.1514594463,1,-0.0099090026394858654,-1
7729.29452600945,1,0.0017866300587205234,-1
7725.4375925726,1,-0.008133209203588886,-1
7721.58065913575,1,-0.0095570749776218676,-1
7717.72372569891,1,-0.0098345394071953883,-1
7713.86679226206,1,-0.0031416874813773817,-1
7710.00985882521,1,-0.00061070131822602686,-1
7706.15292538837,1,-0.016022410104484869,-1
7702.29599195152,1,-0.02872877179526764,-1
7698.43905851467,1,-0.012388133357212861,-1
7694.58212507782,1,-0.007943481937921739,-1
7690.72519164098,1,-0.029925588620355617,-1
7686.86825820413,1,-0.037205126183662132,-1
7683.01132476728,1,-0.030925578383961552,-1
7679.15439133043,1,-0.019919919678740499,-1
7675.29745789359,1,-0.0082245875383801462,-1
7671.44052445674,1,-0.024365357036001931,-1
7667.58359101989,1,-0.018741458064941024,-1
7663.72665758305,1,-0.0031481252610988204,-1
7659.8697241462,1,-0.0029148181260901904,-1
7656.01279070935,1,-0.0042682843410689056,-1
7652.1558572725,1,0.0051002772189742704,-1
7648.29892383566,1,0.0064487964339947912,-1
7644.44199039881,1,-0.0094271132488096716,-1
7640.58505696196,1,-0.016207033741188197,-1
7636.72812352511,1,-0.0039324126048299896,-1
7632.87119008827,1,0.0030140865923501295,-1
7629.01425665142,1,-0.0053155688290954049,-1
7625.15732321457,1,-0.0066721246377061212,-1
7621.30038977773,1,0.0032405323185919857,-1
7617.44345634088,1,-0.0051250475899943925,-1
7613.58652290403,1,-0.008402472181067093,-1
7609.72958946718,1,-0.018455350924710692,-1
7605.87265603034,1,-0.022872968015444545,-1
7602.01572259349,1,-0.028081492694857896,-1
7598.15878915664,1,-0.020827854039533522,-1
7594.30185571979,1,-0.0062512255368583798,-1
7590.44492228295,1,0.0038471859576837955,-1
7586.5879888461,1,0.0027762006847860273,-1
7582.73105540925,1,-0.0046843425723021486,-1
7578.87412197241,1,-0.012921852144588972,-1
7575.01718853556,1,-0.0040841467968590417,-1
7571.16025509871,1,-7.2151964708974862e-05,-1
7567.30332166186,1,-0.0025150575772983461,-1
7563.44638822502,1,-0.0043284308763742209,-1
7559.58945478817,1,0.0052625895538625433,-1
7555.73252135132,1,0.015951613598956405,-1
7551.87558791447,1,0.018740133614722047,-1
7548.01865447763,1,0.019017871378178973,-1
7544.16172104078,1,0.0057223898529814377,-1
7540.30478760393,1,-0.013464225061319914,-1
7536.44785416709,1,-0.00027784444455404355,-1
7532.59092073024,1,-6.3704649979299236e-05,-1
7528.73398729339,1,-0.0036895479865017683,-1
7524.87705385654,1,0.0032700585094017497,-1
7521.0201204197,1,0.024942258223581225,-1
7517.16318698285,1,0.021884019785949595,-1
7513.306253546,1,0.0055045537391096395,-1
7509.44932010915,1,0.015798186674061094,-1
7505.59238667231,1,0.046857527881106142,-1
7501.73545323546,1,0.049227564138226571,-1
7497.87851979861,1,0.043088718275852957,-1
7494.02158636177,1,0.026426187290807909,-1
7490.16465292492,1,0.023342460977836838,-1
7486.30771948807,1,0.025183716106532132,-1
7482.45078605122,1,0.025508734740092371,-1
7478.59385261438,1,0.012565137158481779,-1
7474.73691917753,1,0.0027706657663491641,-1
7470.87998574068,1,0.024291685684351087,-1
7467.02305230383,1,0.053417677399966043,-1
7463.16611886699,1,0.028505660993031767,-1
7459.30918543014,1,0.011416406069220621,-1
7455.45225199329,1,0.0265076767018428,-1
7451.59531855645,1,0.045317184223029043,-1
7447.7383851196,1,0.044423539578255421,-1
7443.88145168275,1,0.032152431582485361,-1
7440.0245182459,1,0.040424745041694764,-1
7436.16758480906,1,0.045037986111998898,-1
7432.31065137221,1,0.038882009416804593,-1
7428.45371793536,1,0.053003532187250291,-1
7424.59678449851,1,0.047401376518095714,-1
7420.73985106167,1,0.028852370393807811,-1
7416.88291762482,1,0.038808150790600092,-1
7413.02598418797,1,0.037968041050872203,-1
7409.16905075113,1,0.022038905590045593,-1
7405.31211731428,1,0.026756512206705853,-1
7401.45518387743,1,0.034132356462277059,-1
7397.59825044058,1,0.022673757908904208,-1
7393.74131700374,1,0.01471278453310404,-1
7389.88438356689,1,0.025353668298939785,-1
7386.02745013004,1,0.012269608323214137,-1
7382.17051669319,1,0.0015413723828539925,-1
7378.31358325635,1,-0.015936047102443597,-1
7374.4566498195,1,0.019178848600729815,-1
7370.59971638265,1,0.037074100970734138,-1
7366.74278294581,1,-0.0013257867702057343,-1
7362.88584950896,1,-0.00064681312782408757,-1
7359.02891607211,1,0.022178162562707188,-1
7355.17198263526,1,0.038347107103836722,-1
7351.31504919842,1,0.016933063970232216,-1
7347.45811576157,1,-0.0046472380613041941,-1
7343.60118232472,1,0.0026151969216566102,-1
7339.74424888787,1,0.0023764215806204286,-1
7335.88731545103,1,-0.0063522265189741777,-1
7332.03038201418,1,-0.014653755284596717,-1
7328.17344857733,1,-0.0043806484840926878,-1
7324.31651514049,1,-0.0038511918173314468,-1
7320.45958170364,1,-0.007662667463209932,-1
7316.60264826679,1,0.017175062470108797,-1
7312.74571482994,1,0.012989455718228255,-1
7308.8887813931,1,-0.019633372037049943,-1
7305.03184795625,1,-0.0016556248960457687,-1
7301.1749145194,1,0.010193503160675422,-1
7297.31798108255,1,-0.01563494472561491,-1
7293.46104764571,1,-0.036663491861562821,-1
7289.60411420886,1,-0.027740431479712686,-1
7285.74718077201,1,-0.004516388030181279,-1
7281.89024733516,1,0.011758211742072287,-1
7278.03331389832,1,0.0015219342672692605,-1
7274.17638046147,1,-0.010728712220285121,-1
7270.31944702462,1,-0.012981554102394821,-1
7266.46251358778,1,-0.0017638591028245239,-1
7262.60558015093,1,0.011810304713798585,-1
7258.74864671408,1,0.0039008738088233868,-1
7254.89171327723,1,0.012537397657979368,-1
7251.03477984039,1,0.013708689589344668,-1
7247.17784640354,1,0.00031593859791032291,-1
7243.32091296669,1,-0.010471885123916015,-1
7239.46397952984,1,-0.0133461084218834,-1
7235.607046093,1,0.011772674468301884,-1
7231.75011265615,1,0.03088407148681108,-1
7227.8931792193,1,0.0020059547343070148,-1
7224.03624578246,1,-0.024759657758896995,-1
7220.17931234561,1,-0.013868144566747797,-1
7216.32237890876,1,0.025273629030909579,-1
7212.46544547191,1,0.048346873785915942,-1
7208.60851203507,1,0.030123460080075118,-1
7204.75157859822,1,0.0038480168614648314,-1
7200.89464516137,1,-0.01130946271449269,-1
7197.03771172452,1,-0.0035194155181563938,-1
7193.18077828768,1,0.018108607054220377,-1
7189.32384485083,1,0.011323615269237105,-1
7185.46691141398,1,-0.002361608524237412,-1
7181.60997797714,1,-0.01261492239684534,-1
7177.75304454029,1,0.0013334474677971127,-1
7173.89611110344,1,0.022847913278301588,-1
7170.03917766659,1,0.019366738433518049,-1
7166.18224422975,1,0.0219634395766393,-1
7162.3253107929,1,-0.0060637254970309163,-1
7158.46837735605,1,-0.037838254571290406,-1
7154.6114439192,1,-0.025222639154512221,-1
7150.75451048236,1,-0.0084013811259965893,-1
7146.89757704551,1,-0.0090414312784751951,-1
7143.04064360866,1,-0.013768691591488039,-1
7139.18371017182,1,-0.021819807639848726,-1
7135.32677673497,1,-0.04938859507248769,-1
7131.46984329812,1,-0.052406192122875672,-1
7127.61290986127,1,-0.015590916263673642,-1
7123.75597642443,1,-0.0043534879621281025,-1
7119.89904298758,1,-0.019336023538457248,-1
7116.04210955073,1,-0.042357826671897074,-1
7112.18517611388,1,-0.033071139389213328,-1
7108.32824267704,1,-0.020924543248316309,-1
7104.47130924019,1,-0.014086706317222582,-1
7100.61437580334,1,-0.0062568711292172608,-1
7096.7574423665,1,-0.015294674365594407,-1
7092.90050892965,1,-0.033135983439730676,-1
7089.0435754928,1,-0.0088884286984207347,-1
7085.18664205595,1,0.0028149105303327481,-1
7081.32970861911,1,0.010203728978139787,-1
7077.47277518226,1,0.023398407448641977,-1
7073.61584174541,1,0.042572132595143891,-1
7069.75890830856,1,0.035570911786094526,-1
7065.90197487172,1,0.030314987639313278,-1
7062.04504143487,1,0.016520905480145572,-1
7058.18810799802,1,0.0060241047189777642,-1
7054.33117456117,1,-0.0050250748128945165,-1
7050.47424112433,1,-0.011004794175443261,-1
7046.61730768748,1,-0.017681631620167188,-1
7042.76037425063,1,-0.016593740080495304,-1
7038.90344081379,1,-0.0078761904225949902,-1
7035.04650737694,1,0.0039789425024077786,-1
7031.18957394009,1,-0.011121950192195126,-1
7027.33264050324,1,-0.013189216314536834,-1
7023.4757070664,1,-0.015060608760010396,-1
7019.61877362955,1,-0.013589895352503082,-1
7015.7618401927,1,-0.00015934222846770578,-1
7011.90490675585,1,0.0033333951690868021,-1
7008.04797331901,1,-0.014426290933618371,-1
7004.19103988216,1,-0.024081953804827305,-1
7000.33410644531,1,-0.023028209398888767,-1
6996.47717300847,1,-0.0075342607453956932,-1
6992.62023957162,1,-4.8856390431758363e-05,-1
6988.76330613477,1,0.0070184056471071536,-1
6984.90637269792,1,0.0046785269117940757,-1
6981.04943926108,1,-0.0047267384029204655,-1
6977.19250582423,1,-0.0051740865723512624,-1
6973.33557238738,1,-0.00095818043113320758,-1
6969.47863895053,1,0.0059925062628514488,-1
6965.62170551369,1,0.01342400175627728,-1
6961.76477207684,1,0.0064426638235042365,-1
6957.90783863999,1,0.0010722225850208896,-1
6954.05090520315,1,-0.00835662419152923,-1
6950.1939717663,1,-0.013760254339638733,-1
6946.33703832945,1,-0.0081827472731398013,-1
6942.4801048926,1,0.0041405768447317741,-1
6938.62317145576,1,0.010353209965320995,-1
6934.76623801891,1,0.0082391409017706831,-1
6930.90930458206,1,0.0051646274149136544,-1
6927.05237114521,1,-0.0082496617980578942,-1
6923.19543770837,1,-0.016676310229677849,-1
6919.33850427152,1,-0.014573307376760165,-1
6915.48157083467,1,-0.024676106378932635,-1
6911.62463739783,1,-0.018657521511646197,-1
6907.76770396098,1,-0.0082948750817989497,-1
6903.91077052413,1,-0.0059402025965273981,-1
6900.05383708728,1,-0.013109604418528362,-1
6896.19690365044,1,-0.014530716664000199,-1
6892.33997021359,1,-0.026058964587837376,-1
6888.48303677674,1,-0.024914852989365407,-1
6884.62610333989,1,-0.023023054312364979,-1
6880.76916990305,1,-0.016150082492717002,-1
6876.9122364662,1,-0.018184716374385353,-1
6873.05530302935,1,-0.024903608432149921,-1
6869.19836959251,1,-0.024297556393399304,-1
6865.34143615566,1,-0.010878462632380475,-1
6861.48450271881,1,-0.014046216749702233,-1
6857.62756928196,1,-0.020368874092198567,-1
6853.77063584512,1,-0.025443889742390046,-1
6849.91370240827,1,-0.024980756173328209,-1
6846.05676897142,1,-0.021207406395201668,-1
6842.19983553457,1,-0.017536544076757671,-1
6838.34290209773,1,-0.01516852669659609,-1
6834.48596866088,1,-0.0094191663747710923,-1
6830.62903522403,1,-0.00022044950479687507,-1
6826.77210178718,1,0.0065450838207072679,-1
6822.91516835034,1,0.00053468196599841501,-1
6819.05823491349,1,-0.0010221504352877569,-1
6815.20130147664,1,0.010560382818666208,-1
6811.3443680398,1,0.0078418809095762414,-1
6807.48743460295,1,-0.002874332537840656,-1
6803.6305011661,1,-0.0009637915845781439,-1
6799.77356772925,1,0.004415302694357197,-1
6795.91663429241,1,0.0046216926901433237,-1
6792.05970085556,1,-0.0021905282341771635,-1
6788.20276741871,1,-0.00029380675953435389,-1
6784.34583398186,1,0.0050688592669328033,-1
6780.48890054502,1,0.008940679476101332,-1
6776.63196710817,1,0.0073910562988831509,-1
6772.77503367132,1,0.017915995483466913,-1
6768.91810023448,1,0.017228671220064409,-1
6765.06116679763,1,0.016722551621510168,-1
6761.20423336078,1,0.016812947660723557,-1
6757.34729992393,1,0.024146558355915341,-1
6753.49036648709,1,0.025205048755422566,-1
6749.63343305024,1,0.023198929658874726,-1
6745.77649961339,1,0.015109044133742446,-1
6741.91956617654,1,0.016769849363219218,-1
6738.0626327397,1,0.018801454788344364,-1
6734.20569930285,1,0.017420994175246896,-1
6730.348765866,1,0.018975243769072246,-1
6726.49183242916,1,0.029156358524588508,-1
6722.63489899231,1,0.03371384816649544,-1
6718.77796555546,1,0.034129961873855294,-1
6714.92103211861,1,0.027743329522177142,-1
6711.06409868177,1,0.031446346022898704,-1
6707.20716524492,1,0.026296582318285806,-1
6703.35023180807,1,0.023727412852511419,-1
6699.49329837122,1,0.025630795594388911,-1
6695.63636493438,1,0.029675469221721609,-1
6691.77943149753,1,0.038404809540907844,-1
6687.92249806068,1,0.033232461649004848,-1
6684.06556462384,1,0.019918801954597262,-1
6680.20863118699,1,0.021034504567721029,-1
6676.35169775014,1,0.022161062679818579,-1
6672.49476431329,1,0.029714684204957754,-1
6668.63783087645,1,0.03216382603036156,-1
6664.7808974396,1,0.03529462466413523,-1
6660.92396400275,1,0.026663952786161196,-1
6657.0670305659,1,0.028582867312527953,-1
6653.21009712906,1,0.032480303854448632,-1
6649.35316369221,1,0.033807013153568856,-1
6645.49623025536,1,0.027158146804038993,-1
6641.63929681852,1,0.027959100913948581,-1
6637.78236338167,1,0.027726747467166347,-1
6633.92542994482,1,0.030967812234360678,-1
6630.06849650797,1,0.030388575646110014,-1
6626.21156307113,1,0.029562725782188524,-1
6622.35462963428,1,0.026224691788110096,-1
6618.49769619743,1,0.022396289413621574,-1
6614.64076276058,1,0.028590138107599281,-1
6610.78382932374,1,0.032474270349858593,-1
6606.92689588689,1,0.026897757587949444,-1
6603.06996245004,1,0.026190665943724416,-1
6599.2130290132,1,0.020346677070746489,-1
6595.35609557635,1,0.021608098138350955,-1
6591.4991621395,1,0.025431695905573919,-1
6587.64222870265,1,0.023927263866806114,-1
6583.78529526581,1,0.02289876179332111,-1
6579.92836182896,1,0.026982411455903323,-1
6576.07142839211,1,0.024865759771758058,-1
6572.21449495526,1,0.018480158135652704,-1
6568.35756151842,1,0.016087429852082911,-1
6564.50062808157,1,0.016037607405349284,-1
6560.64369464472,1,0.026904961704209852,-1
6556.78676120788,1,0.020158172999311056,-1
6552.92982777103,1,0.0052771999282837899,-1
6549.07289433418,1,0.0020612939268308604,-1
6545.21596089733,1,0.0058730491436879305,-1
6541.35902746049,1,0.012550652358492852,-1
6537.50209402364,1,0.013677728625792494,-1
6533.64516058679,1,0.0089363525437171389,-1
6529.78822714994,1,0.006453671507856436,-1
6525.9312937131,1,0.0077204426612332453,-1
6522.07436027625,1,0.0084921691238427442,-1
6518.2174268394,1,0.0010953162659038671,-1
6514.36049340256,1,-0.0034228275562417339,-1
6510.50355996571,1,-0.0039783834759772154,-1
6506.64662652886,1,-0.002295756749511883,-1
6502.78969309201,1,-0.0039774267716406152,-1
6498.93275965517,1,-0.0085366847756311749,-1
6495.07582621832,1,-0.011144073080104495,-1
6491.21889278147,1,-0.0098361776923244701,-1
6487.36195934462,1,-0.012987861805299539,-1
6483.50502590778,1,-0.025918577232139542,-1
6479.64809247093,1,-0.03379680862859917,-1
6475.79115903408,1,-0.025242991899227588,-1
6471.93422559724,1,-0.017085630939150939,-1
6468.07729216039,1,-0.012148052173955922,-1
6464.22035872354,1,-0.017102837355162607,-1
6460.36342528669,1,-0.02700111325506652,-1
6456.50649184985,1,-0.028835424986527063,-1
6452.649558413,1,-0.020989874231957004,-1
6448.79262497615,1,-0.020193967814698073,-1
6444.9356915393,1,-0.017086918931196311,-1
6441.07875810246,1,-0.014700725920224525,-1
6437.22182466561,1,-0.020330555977682727,-1
6433.36489122876,1,-0.028511886306206546,-1
6429.50795779192,1,-0.030250102317995329,-1
6425.65102435507,1,-0.032593857975748583,-1
6421.79409091822,1,-0.031841506413114541,-1
6417.93715748137,1,-0.027334354575932755,-1
6414.08022404453,1,-0.02936921042707414,-1
6410.22329060768,1,-0.030835758881182451,-1
6406.36635717083,1,-0.027595324953893621,-1
6402.50942373398,1,-0.0237648370139402,-1
6398.65249029714,1,-0.025627319573194453,-1
6394.79555686029,1,-0.030191308973266533,-1
6390.93862342344,1,-0.038720189275261649,-1
6387.08168998659,1,-0.035565351128720717,-1
6383.22475654975,1,-0.035867188232720296,-1
6379.3678231129,1,-0.041919036625480424,-1
6375.51088967605,1,-0.045094431534982278,-1
6371.6539562392,1,-0.035085699977033376,-1
6367.79702280236,1,-0.025518878446280566,-1
6363.94008936551,1,-0.029492971688364931,-1
6360.08315592866,1,-0.02804928129649845,-1
6356.22622249182,1,-0.024695630667237435,-1
6352.36928905497,1,-0.028193706320137655,-1
6348.51235561812,1,-0.031341939997823913,-1
6344.65542218127,1,-0.032871930560731268,-1
6340.79848874443,1,-0.037645628501995591,-1
6336.94155530758,1,-0.034800700068440563,-1
6333.08462187073,1,-0.041138075806500606,-1
6329.22768843388,1,-0.046160993219242732,-1
6325.37075499704,1,-0.045701239470648296,-1
6321.51382156019,1,-0.03911963964013157,-1
6317.65688812334,1,-0.03016736223097638,-1
6313.7999546865,1,-0.032783160993110932,-1
6309.94302124965,1,-0.035121202205867667,-1
6306.0860878128,1,-0.028323721366541651,-1
6302.22915437595,1,-0.029866757046944283,-1
6298.37222093911,1,-0.028356203506080153,-1
6294.51528750226,1,-0.027373172592663059,-1
6290.65835406541,1,-0.027614185053781912,-1
6286.80142062856,1,-0.025960895647510356,-1
6282.94448719172,1,-0.024758757067781086,-1
6279.08755375487,1,-0.023010769835803878,-1
6275.23062031802,1,-0.019942625559680734,-1
6271.37368688118,1,-0.022978173597692265,-1
6267.51675344433,1,-0.025477625834162673,-1
6263.65982000748,1,-0.022987905144620891,-1
6259.80288657063,1,-0.017836634429587939,-1
6255.94595313379,1,-0.021593655414070496,-1
6252.08901969694,1,-0.021952970332806476,-1
6248.23208626009,1,-0.0091347603913671839,-1
6244.37515282324,1,-0.0095588620349766444,-1
6240.5182193864,1,-0.021011043109610307,-1
6236.66128594955,1,-0.017268110083023258,-1
6232.8043525127,1,-0.01152241152219053,-1
6228.94741907586,1,-0.0045069663042622589,-1
6225.09048563901,1,-0.0061894548777402022,-1
6221.23355220216,1,-0.011352818149258894,-1
6217.37661876531,1,-3.5686261055122943e-05,-1
6213.51968532847,1,0.0096722575818838311,-1
6209.66275189162,1,0.0035605653714403484,-1
6205.80581845477,1,0.0043393243363229212,-1
6201.94888501792,1,0.0061415264343865645,-1
6198.09195158108,1,0.0098398039389451623,-1
6194.23501814423,1,0.0042455642970692115,-1
6190.37808470738,1,0.0028330537771098958,-1
6186.52115127054,1,0.011433655649345797,-1
6182.66421783369,1,0.025420148149347104,-1
6178.80728439684,1,0.025565911866428325,-1
6174.95035095999,1,0.027134563473426427,-1
6171.09341752315,1,0.024303932909236148,-1
6167.2364840863,1,0.020994516105970678,-1
6163.37955064945,1,0.027177373339324032,-1
6159.5226172126,1,0.031737835985279655,-1
6155.66568377576,1,0.022395911459795421,-1
6151.80875033891,1,0.015369629232582185,-1
6147.95181690206,1,0.01602143351059658,-1
6144.09488346522,1,0.014101600030500091,-1
6140.23795002837,1,0.0052587637561909489,-1
6136.38101659152,1,0.014528461137417853,-1
6132.52408315467,1,0.019280842358655223,-1
6128.66714971783,1,0.012056339177284115,-1
6124.81021628098,1,0.0019638316706818543,-1
6120.95328284413,1,0.0033068253799456936,-1
6117.09634940728,1,-0.0041139906908025234,-1
6113.23941597044,1,-0.010629267722341417,-1
6109.38248253359,1,-0.0079196885842083512,-1
6105.52554909674,1,-0.0015392423758509219,-1
6101.6686156599,1,0.0010845970329301765,-1
6097.81168222305,1,-0.00053667084695653415,-1
6093.9547487862,1,0.0062411003448247923,-1
6090.09781534935,1,0.011150854623456876,-1
6086.24088191251,1,0.013200643802281519,-1
6082.38394847566,1,0.014797714001600662,-1
6078.52701503881,1,0.01435750176427089,-1
6074.67008160196,1,0.014484730608961797,-1
6070.81314816512,1,0.010460541403403186,-1
6066.95621472827,1,0.0076241313262689443,-1
6063.09928129142,1,0.010269304300999536,-1
6059.24234785458,1,0.012533982090179845,-1
6055.38541441773,1,0.011025682314320983,-1
6051.52848098088,1,0.015916470013303478,-1
6047.67154754403,1,0.0079970303454627214,-1
6043.81461410719,1,0.01398329373651655,-1
6039.95768067034,1,0.021644442559565016,-1
6036.10074723349,1,0.030660445856351463,-1
6032.24381379664,1,0.025799848535117256,-1
6028.3868803598,1,0.02365207147470931,-1
6024.52994692295,1,0.032237834101968968,-1
6020.6730134861,1,0.041479413664781542,-1
6016.81608004926,1,0.040992768039617454,-1
6012.95914661241,1,0.040696616057924018,-1
6009.10221317556,1,0.036810135907754483,-1
6005.24527973871,1,0.035173636118418006,-1
6001.38834630187,1,0.032646374788961652,-1
5997.53141286502,1,0.038587664897852293,-1
5993.67447942817,1,0.040215956299161762,-1
5989.81754599132,1,0.034496679062742903,-1
5985.96061255448,1,0.043234522598196587,-1
5982.10367911763,1,0.053499686702466971,-1
5978.24674568078,1,0.042238595075813623,-1
5974.38981224394,1,0.039792895385161571,-1
5970.53287880709,1,0.042578429488842336,-1
5966.67594537024,1,0.048538369284097459,-1
5962.81901193339,1,0.043017201256104289,-1
5958.96207849655,1,0.023310945579527249,-1
5955.1051450597,1,0.015348261936585466,-1
5951.24821162285,1,0.014179692000223908,-1
5947.391278186,1,0.010673135137544339,-1
5943.53434474916,1,0.0058624826299468902,-1
5939.67741131231,1,-0.0022523113772035825,-1
5935.82047787546,1,-0.012188154686069345,-1
5931.96354443862,1,-0.023914076708789568,-1
5928.10661100177,1,-0.0265733305348951,-1
5924.24967756492,1,-0.018621079875218577,-1
5920.39274412807,1,-0.01209079085799809,-1
5916.53581069123,1,-0.026592255770865443,-1
5912.67887725438,1,-0.027140631291914748,-1
5908.82194381753,1,-0.019642681130222921,-1
5904.96501038068,1,-0.012767914222452662,-1
5901.10807694384,1,-0.0072235736092387511,-1
5897.25114350699,1,-0.0077902861611597865,-1
5893.39421007014,1,-0.011742259585246792,-1
5889.5372766333,1,-0.014632284918683364,-1
5885.68034319645,1,-0.013713896948373886,-1
5881.8234097596,1,-0.0062180922948078055,-1
5877.96647632275,1,-0.0047218334479640287,-1
5874.10954288591,1,-0.006591998220877777,-1
5870.25260944906,1,-0.0089431068934883312,-1
5866.39567601221,1,-0.00028877262090848605,-1
5862.53874257536,1,-0.0013304456521462645,-1
5858.68180913852,1,-0.00078695169075640719,-1
5854.82487570167,1,0.0075362354468694361,-1
5850.96794226482,1,0.013255026719038063,-1
5847.11100882798,1,0.019445628070713945,-1
5843.25407539113,1,0.034307255978467809,-1
5839.39714195428,1,0.03403754024209852,-1
5835.54020851743,1,0.030863420776113204,-1
5831.68327508059,1,0.03483294820885012,-1
5827.82634164374,1,0.031886212906470333,-1
5823.96940820689,1,0.018398583236477854,-1
5820.11247477004,1,0.011104950752404351,-1
5816.2555413332,1,0.0042392712997758927,-1
5812.39860789635,1,-0.0013214490561514072,-1
5808.5416744595,1,-0.020752450340459101,-1
5804.68474102266,1,-0.035737887208680257,-1
5800.82780758581,1,-0.046807171251870887,-1
5796.97087414896,1,-0.04683801146999831,-1
5793.11394071211,1,-0.047296174788933103,-1
5789.25700727527,1,-0.049161197183186879,-1
5785.40007383842,1,-0.048366456667706288,-1
5781.54314040157,1,-0.040244196353348118,-1
5777.68620696472,1,-0.034498025562107286,-1
5773.82927352788,1,-0.028370876061203212,-1
5769.97234009103,1,-0.02355489544768009,-1
5766.11540665418,1,-0.021400025431520163,-1
5762.25847321733,1,-0.019360437603636212,-1
5758.40153978049,1,-0.011274791530854636,-1
5754.54460634364,1,-0.013457571830323449,-1
5750.68767290679,1,-0.021236109238951105,-1
5746.83073946995,1,-0.028526978661696078,-1
5742.9738060331,1,-0.021126345363364808,-1
5739.11687259625,1,-0.016622540347430246,-1
5735.2599391594,1,-0.017536327386836924,-1
5731.40300572256,1,-0.025908149357364851,-1
5727.54607228571,1,-0.029698908928751978,-1
5723.68913884886,1,-0.03909284988979566,-1
5719.83220541201,1,-0.031736141336400341,-1
5715.97527197517,1,-0.024900048259973016,-1
5712.11833853832,1,-0.015397631952834525,-1
5708.26140510147,1,-0.014251318935661639,-1
5704.40447166463,1,-0.0054423090033247929,-1
5700.54753822778,1,-9.7592549620829707e-05,-1
5696.69060479093,1,0.016555729260325655,-1
5692.83367135408,1,0.017731353336379582,-1
5688.97673791724,1,0.030989389310424807,-1
5685.11980448039,1,0.048179505067330645,-1
5681.26287104354,1,0.061018379929721686,-1
5677.40593760669,1,0.053802007987429755,-1
5673.54900416985,1,0.057094098862027029,-1
5669.692070733,1,0.056698845374401764,-1
5665.83513729615,1,0.06022372962448818,-1
5661.97820385931,1,0.060405346363562082,-1
5658.12127042246,1,0.05925997383759371,-1
5654.26433698561,1,0.05366186810546842,-1
5650.40740354876,1,0.046102757797952344,-1
5646.55047011192,1,0.03297714586452094,-1
5642.69353667507,1,0.02912603727372776,-1
5638.83660323822,1,0.016057124828613722,-1
5634.97966980137,1,0.009726222092249005,-1
5631.12273636453,1,0.013108845071244194,-1
5627.26580292768,1,0.0086868627425597429,-1
5623.40886949083,1,0.0057913785000159104,-1
5619.55193605399,1,-0.00011614811062845048,-1
5615.69500261714,1,-0.0098463327933058144,-1
5611.83806918029,1,-0.006290407620382547,-1
5607.98113574344,1,-0.0085281536274543213,-1
5604.1242023066,1,-0.0029655239752223402,-1
5600.26726886975,1,-0.015104200171129612,-1
5596.4103354329,1,-0.0083033648886280051,-1
5592.55340199605,1,-0.0053661123283875083,-1
5588.69646855921,1,-0.00053650734344373231,-1
5584.83953512236,1,-0.0066713016755798995,-1
5580.98260168551,1,-0.016645269985583806,-1
5577.12566824867,1,-0.022449565989056341,-1
5573.26873481182,1,-0.011978506224748643,-1
5569.41180137497,1,-0.0017708827410687217,-1
5565.55486793812,1,0.0069241071788934596,-1
5561.69793450128,1,0.0053341486395845966,-1
5557.84100106443,1,-0.0042063729038605531,-1
5553.98406762758,1,-0.0071491711934907791,-1
5550.12713419073,1,9.6030276315781349e-06,-1
5546.27020075389,1,-0.016564154625670551,-1
5542.41326731704,1,-0.013151231683672777,-1
5538.55633388019,1,0.0098925866290769313,-1
5534.69940044334,1,0.028556794443640558,-1
5530.8424670065,1,-0.00053991066004952784,-1
5526.98553356965,1,-0.012680550478329606,-1
5523.1286001328,1,-0.013562419838846517,-1
5519.27166669596,1,0.0018034607084542577,-1
5515.41473325911,1,-0.0039052480274306507,-1
5511.55779982226,1,-0.0088848529435661336,-1
5507.70086638541,1,-0.0041845970941144775,-1
5503.84393294857,1,0.0090740182715745646,-1
5499.98699951172,1,-0.0018196469004979447,-1
5496.13006607487,1,0.00038954356088495974,-1
5492.27313263802,1,-0.0056640638970887709,-1
5488.41619920118,1,-0.00468937550088623,-1
5484.55926576433,1,-0.01368652697923829,-1
5480.70233232748,1,-0.016250438587593233,-1
5476.84539889064,1,-0.0039824750470503585,-1
5472.98846545379,1,0.008532005003740236,-1
5469.13153201694,1,-0.0074993010880225527,-1
5465.27459858009,1,-0.0019488228823112343,-1
5461.41766514325,1,0.006984442366786134,-1
5457.5607317064,1,0.026671193808535613,-1
5453.70379826955,1,0.013095821885972468,-1
5449.8468648327,1,0.0065162573101782729,-1
5445.98993139586,1,0.0084989632427612521,-1
5442.13299795901,1,0.033479430472270019,-1
5438.27606452216,1,0.024632233101568257,-1
5434.41913108532,1,0.008250601123033113,-1
5430.56219764847,1,-0.013048675893475043,-1
5426.70526421162,1,0.019027582912674045,-1
5422.84833077477,1,0.014500526683728135,-1
5418.99139733793,1,0.0020470291290579424,-1
5415.13446390108,1,-0.0059454515556347032,-1
5411.27753046423,1,-0.0039458365207385741,-1
5407.42059702738,1,-0.012734440549556535,-1
5403.56366359054,1,-7.9564691527312355e-05,-1
5399.70673015369,1,-0.011104628003057252,-1
5395.84979671684,1,-0.01265489928391539,-1
5391.99286328,1,-0.039691069764950848,-1
5388.13592984315,1,-0.013629978903609941,-1
5384.2789964063,1,0.016817285113025326,-1
5380.42206296945,1,0.028657486419165924,-1
5376.56512953261,1,0.011776217369446789,-1
5372.70819609576,1,-0.017513428540190234,-1
5368.85126265891,1,-0.026394180762534837,-1
5364.99432922206,1,6.8488213359143001e-05,-1
5361.13739578522,1,-0.0017164013807084361,-1
5357.28046234837,1,0.010537527397899444,-1
5353.42352891152,1,0.015965505693596262,-1
5349.56659547468,1,0.021999301921154412,-1
5345.70966203783,1,-0.010130866632684627,-1
5341.85272860098,1,-0.021991821604932561,-1
5337.99579516413,1,-0.014588805628933907,-1
5334.13886172729,1,0.0054519170737576663,-1
5330.28192829044,1,-0.023900188119825742,-1
5326.42499485359,1,-0.045532215040656521,-1
5322.56806141674,1,-0.057573325296950917,-1
5318.7111279799,1,-0.033154843305466523,-1
5314.85419454305,1,-0.034957019673614476,-1
5310.9972611062,1,-0.026525125073507731,-1
5307.14032766935,1,-0.044678360981832067,-1
5303.28339423251,1,-0.049267146914876138,-1
5299.42646079566,1,-0.056934530814362311,-1
5295.56952735881,1,-0.037367570402162341,-1
5291.71259392197,1,-0.037489205640276468,-1
5287.85566048512,1,-0.050005206761476087,-1
5283.99872704827,1,-0.054992743197215768,-1
5280.14179361142,1,-0.039110518266728837,-1
5276.28486017458,1,-0.030357873374221207,-1
5272.42792673773,1,-0.004341418828037613,-1
5268.57099330088,1,0.0045684815891096752,-1
5264.71405986403,1,0.00064009984059192515,-1
5260.85712642719,1,-0.018794409321954777,-1
5257.00019299034,1,0.013106232379592355,-1
5253.14325955349,1,0.022172515882650463,-1
5249.28632611665,1,0.048343116877141892,-1
5245.4293926798,1,0.029482855638433194,-1
5241.57245924295,1,0.014500129717631149,-1
5237.7155258061,1,0.040427089950288743,-1
5233.85859236926,1,0.058126276806512917,-1
5230.00165893241,1,0.065612291066979259,-1
5226.14472549556,1,0.059494054493696963,-1
5222.28779205871,1,0.04338154787726007,-1
5218.43085862187,1,0.045384110751156455,-1
5214.57392518502,1,0.044947183701509241,-1
5210.71699174817,1,0.059538656459507511,-1
5206.86005831133,1,0.042693474215555492,-1
5203.00312487448,1,0.014592344196585566,-1
5199.14619143763,1,0.027591969105137101,-1
5195.28925800078,1,0.025686976370791297,-1
5191.43232456394,1,0.017362132827473745,-1
5187.57539112709,1,0.010979422515544573,-1
5183.71845769024,1,-0.00017445530037013318,-1
5179.86152425339,1,-0.01076128963226361,-1
5176.00459081655,1,-0.016052448399663528,-1
5172.1476573797,1,-0.019296884307972415,-1
5168.29072394285,1,-0.015856155691901203,-1
5164.43379050601,1,-0.025950812187116104,-1
5160.57685706916,1,-0.033347803377754968,-1
5156.71992363231,1,-0.031658847007911953,-1
5152.86299019546,1,-0.028411236418515538,-1
5149.00605675862,1,-0.0269853454936799,-1
5145.14912332177,1,-0.022061488397847672,-1
5141.29218988492,1,-0.018642186245435358,-1
5137.43525644807,1,-0.014211832226643444,-1
5133.57832301123,1,-0.021470350325205716,-1
5129.72138957438,1,-0.013926240201724263,-1
5125.86445613753,1,-0.0074361224438867814,-1
5122.00752270069,1,-0.0029708330925623228,-1
5118.15058926384,1,-0.0072703878334293617,-1
5114.29365582699,1,0.00016058443162212096,-1
5110.43672239014,1,-0.0050433237629717619,-1
5106.5797889533,1,-0.0028041873340001384,-1
5102.72285551645,1,0.0043712001434928283,-1
5098.8659220796,1,0.0088636927536731303,-1
5095.00898864275,1,0.0088842006182968097,-1
5091.15205520591,1,0.016457600862551932,-1
5087.29512176906,1,0.0047916363980709158,-1
5083.43818833221,1,0.0020961573761736746,-1
5079.58125489536,1,0.0039785621254227509,-1
5075.72432145852,1,0.011426948978680797,-1
5071.86738802167,1,-0.0012551306906772495,-1
5068.01045458482,1,-0.011232916330295519,-1
5064.15352114798,1,-0.018174486753053311,-1
5060.29658771113,1,-0.017525767374748927,-1
5056.43965427428,1,-0.020575089703570002,-1
5052.58272083743,1,-0.012590876148904966,-1
5048.72578740059,1,-0.016164038554860038,-1
5044.86885396374,1,-0.018128162598091187,-1
5041.01192052689,1,-0.028201393872045552,-1
5037.15498709004,1,-0.02120485826485274,-1
5033.2980536532,1,-0.02307199954293309,-1
5029.44112021635,1,-0.020242863395988738,-1
5025.5841867795,1,-0.022993710116810957,-1
5021.72725334266,1,-0.015825286803502397,-1
5017.87031990581,1,-0.017956494774345799,-1
5014.01338646896,1,-0.011901635174969375,-1
5010.15645303211,1,-0.010747402375236331,-1
5006.29951959527,1,-0.0028366563190545028,-1
5002.44258615842,1,0.0011886827190798468,-1
4998.58565272157,1,0.010157772469412104,-1
4994.72871928472,1,0.011790644962042886,-1
4990.87178584788,1,0.019095298995550371,-1
4987.01485241103,1,0.018330671616004119,-1
4983.15791897418,1,0.023600466248323185,-1
4979.30098553734,1,0.018060464793893071,-1
4975.44405210049,1,0.021502442324718884,-1
4971.58711866364,1,0.014449618357142034,-1
4967.73018522679,1,0.015085625185653826,-1
4963.87325178995,1,0.0076394277072305309,-1
4960.0163183531,1,0.0094460283129912184,-1
4956.15938491625,1,0.0082754989326688372,-1
4952.3024514794,1,0.0059412852156055605,-1
4948.44551804256,1,-0.0033752295188653044,-1
4944.58858460571,1,-0.0012685204952120853,-1
4940.73165116886,1,-0.0097103445478187531,-1
4936.87471773202,1,-0.012560704724717252,-1
4933.01778429517,1,-0.019428775997170879,-1
4929.16085085832,1,-0.008814424518581998,-1
4925.30391742147,1,-0.0098904866712694866,-1
4921.44698398463,1,-0.011038303800461445,-1
4917.59005054778,1,-0.023810991938888242,-1
4913.73311711093,1,-0.022546423292505245,-1
4909.87618367408,1,-0.022032357395772095,-1
4906.01925023724,1,-0.0069755052336236785,-1
4902.16231680039,1,-0.0036119539562533055,-1
4898.30538336354,1,0.0012526182319117537,-1
4894.4484499267,1,-0.0026084176955394503,-1
4890.59151648985,1,0.0010109018551816766,-1
4886.734583053,1,8.1521265063547182e-05,-1
4882.87764961615,1,0.012365918233585599,-1
4879.02071617931,1,0.013267496893677211,-1
4875.16378274246,1,0.024670383101898397,-1
4871.30684930561,1,0.019531011065302851,-1
4867.44991586876,1,0.016897048586696099,-1
4863.59298243192,1,0.017399899911725036,-1
4859.73604899507,1,0.03335096668818352,-1
4855.87911555822,1,0.033517345968662529,-1
4852.02218212137,1,0.035639695202325267,-1
4848.16524868453,1,0.029078788563641704,-1
4844.30831524768,1,0.032579547414217022,-1
4840.45138181083,1,0.031424953801084232,-1
4836.59444837399,1,0.03042655145912971,-1
4832.73751493714,1,0.025045176768048297,-1
4828.88058150029,1,0.038775135731157338,-1
4825.02364806344,1,0.036526421335814165,-1
4821.1667146266,1,0.033477902390802471,-1
4817.30978118975,1,0.027600787186325228,-1
4813.4528477529,1,0.030704181334643574,-1
4809.59591431605,1,0.022724796953135715,-1
4805.73898087921,1,0.02052448064366354,-1
4801.88204744236,1,0.012432987819051979,-1
4798.02511400551,1,0.01574367038314017,-1
4794.16818056867,1,0.0073838051654985899,-1
4790.31124713182,1,0.0080919324512912852,-1
4786.45431369497,1,0.0033666170370985956,-1
4782.59738025812,1,0.0033497103560284733,-1
4778.74044682128,1,-0.0070670139229916879,-1
4774.88351338443,1,-0.0096155672184626718,-1
4771.02657994758,1,-0.024662953017112393,-1
4767.16964651073,1,-0.025621300945174626,-1
4763.31271307389,1,-0.024146229504558896,-1
4759.45577963704,1,-0.022400213117981321,-1
4755.59884620019,1,-0.025138797709077773,-1
4751.74191276335,1,-0.020065148878648836,-1
4747.8849793265,1,-0.028705673533588487,-1
4744.02804588965,1,-0.031420808102918765,-1
4740.1711124528,1,-0.038472996968028396,-1
4736.31417901596,1,-0.032673417261849101,-1
4732.45724557911,1,-0.032831199000395446,-1
4728.60031214226,1,-0.029718766964535133,-1
4724.74337870541,1,-0.039818619417854959,-1
4720.88644526857,1,-0.039089097916920834,-1
4717.02951183172,1,-0.033641532474423329,-1
4713.17257839487,1,-0.018346170375497156,-1
4709.31564495803,1,-0.017900213393323955,-1
4705.45871152118,1,-0.012501931317617404,-1
4701.60177808433,1,-0.015949972464267582,-1
4697.74484464748,1,-0.015640693313010406,-1
4693.88791121064,1,-0.018319569029635774,-1
4690.03097777379,1,-0.0011680470061271315,-1
4686.17404433694,1,0.0029622823874861288,-1
4682.31711090009,1,0.0044540690735493582,-1
4678.46017746325,1,0.0039649181880486578,-1
4674.6032440264,1,0.0065587958448922682,-1
4670.74631058955,1,0.00040230782290902003,-1
4666.88937715271,1,0.0070284667196436621,-1
4663.03244371586,1,0.014184149153857737,-1
4659.17551027901,1,0.030099577777701027,-1
4655.31857684216,1,0.021858225689061303,-1
4651.46164340532,1,0.02702270021676359,-1
4647.60470996847,1,0.017586770207776731,-1
4643.74777653162,1,0.028998128214829257,-1
4639.89084309477,1,0.038837580152981103,-1
4636.03390965793,1,0.045658233643545321,-1
4632.17697622108,1,0.026769634206085077,-1
4628.32004278423,1,0.024675746623747573,-1
4624.46310934739,1,0.027151944130578455,-1
4620.60617591054,1,0.03145021627978941,-1
4616.74924247369,1,0.016203447228863674,-1
4612.89230903684,1,0.020194131819938704,-1
4609.0353756,1,0.018845839961994459,-1
4605.17844216315,1,0.02369011341341774,-1
4601.3215087263,1,0.01117244298029519,-1
4597.46457528945,1,0.0080906609874910971,-1
4593.60764185261,1,0.0063727748076402033,-1
4589.75070841576,1,0.015874219998495927,-1
4585.89377497891,1,0.011721862125044705,-1
4582.03684154207,1,0.0050204125145889705,-1
4578.17990810522,1,-0.0084533936231350713,-1
4574.32297466837,1,-0.0017691829634254876,-1
4570.46604123152,1,-0.0029715196462454987,-1
4566.60910779468,1,-0.0077221360189615373,-1
4562.75217435783,1,-0.021393376644780571,-1
4558.89524092098,1,-0.017397524382546482,-1
4555.03830748413,1,-0.01561593922190461,-1
4551.18137404729,1,-0.017448586113783551,-1
4547.32444061044,1,-0.032810982910413893,-1
4543.46750717359,1,-0.036498430163997869,-1
4539.61057373675,1,-0.034381458370757706,-1
4535.7536402999,1,-0.013820902559596839,-1
4531.89670686305,1,-0.0058691501765856758,-1
4528.0397734262,1,-0.0049252341067571731,-1
4524.18283998936,1,-0.012080977965539755,-1
4520.32590655251,1,-0.0078491356223670695,-1
4516.46897311566,1,-0.011397197536182371,-1
4512.61203967881,1,0.00071461204840183939,-1
4508.75510624197,1,0.0057041514618877999,-1
4504.89817280512,1,0.0077262932734415935,-1
4501.04123936827,1,-2.7031840871025142e-05,-1
4497.18430593143,1,0.016889701114901023,-1
4493.32737249458,1,0.028477205667364325,-1
4489.47043905773,1,0.037294574637783171,-1
4485.61350562088,1,0.023673086826225362,-1
4481.75657218404,1,0.024940845952448727,-1
4477.89963874719,1,0.016637173549647624,-1
4474.04270531034,1,0.026054714259416044,-1
4470.18577187349,1,0.032456721320645913,-1
4466.32883843665,1,0.043867726737553916,-1
4462.4719049998,1,0.028133930765327646,-1
4458.61497156295,1,0.021722133614155491,-1
4454.75803812611,1,0.010797703560058991,-1
4450.90110468926,1,0.010856892731919691,-1
4447.04417125241,1,0.00055748794100913884,-1
4443.18723781556,1,-0.0035798671103236483,-1
4439.33030437872,1,-0.02951975480304327,-1
4435.47337094187,1,-0.049178986123879706,-1
4431.61643750502,1,-0.069483497797150989,-1
4427.75950406817,1,-0.0656656118817395,-1
4423.90257063133,1,-0.064657454748327958,-1
4420.04563719448,1,-0.060688949788438334,-1
4416.18870375763,1,-0.062390994413701113,-1
4412.33177032078,1,-0.046694430080541346,-1
4408.47483688394,1,-0.040755013022690502,-1
4404.61790344709,1,-0.014587094481685615,-1
4400.76097001024,1,0.00033678151617804901,-1
4396.9040365734,1,0.0082462660500172372,-1
4393.04710313655,1,0.0022244274676576797,-1
4389.1901696997,1,9.0563524291338663e-05,-1
4385.33323626285,1,-0.020225344949035381,-1
4381.47630282601,1,-0.028193004847282002,-1
4377.61936938916,1,-0.038107082969135599,-1
4373.76243595231,1,-0.025494994576394304,-1
4369.90550251546,1,-0.024270555739515455,-1
4366.04856907862,1,-0.017540579460102339,-1
4362.19163564177,1,-0.019367100043013962,-1
4358.33470220492,1,-0.0055251119543709383,-1
4354.47776876808,1,0.00029104507502613806,-1
4350.62083533123,1,0.019738670802461791,-1
4346.76390189438,1,0.034879226911425414,-1
4342.90696845753,1,0.068740967467870492,-1
4339.05003502069,1,0.086805243682049726,-1
4335.19310158384,1,0.10572472545532333,-1
4331.33616814699,1,0.11086473252610043,-1
4327.47923471014,1,0.11289420805017314,-1
4323.6223012733,1,0.094322560115800605,-1
4319.76536783645,1,0.092603339687632985,-1
4315.9084343996,1,0.066172193093194581,-1
4312.05150096276,1,0.042896076322735149,-1
4308.19456752591,1,0.024286534170283456,-1
4304.33763408906,1,0.020651287473020294,-1
4300.48070065221,1,0.012134342948918369,-1
4296.62376721537,1,0.011770828692122872,-1
4292.76683377852,1,-0.0042647489951478205,-1
4288.90990034167,1,-0.014931157997738047,-1
4285.05296690482,1,-0.035906888910272036,-1
4281.19603346798,1,-0.042975598655878196,-1
4277.33910003113,1,-0.046085635911156449,-1
4273.48216659428,1,-0.029815416903623288,-1
4269.62523315744,1,-0.033084288810197926,-1
4265.76829972059,1,-0.037256737555394374,-1
4261.91136628374,1,-0.045506611784647474,-1
4258.05443284689,1,-0.034480350128151073,-1
4254.19749941005,1,-0.038377008312297851,-1
4250.3405659732,1,-0.030922829142272634,-1
4246.48363253635,1,-0.039270867042242141,-1
4242.6266990995,1,-0.046868733480687735,-1
4238.76976566266,1,-0.059637120588441318,-1
4234.91283222581,1,-0.044098022771979307,-1
4231.05589878896,1,-0.037493162394229902,-1
4227.19896535212,1,-0.02055427631512588,-1
4223.34203191527,1,-0.029228220682768133,-1
4219.48509847842,1,-0.030909171385205769,-1
4215.62816504157,1,-0.042887812874540909,-1
4211.77123160473,1,-0.038658837358073135,-1
4207.91429816788,1,-0.039693280875574187,-1
4204.05736473103,1,-0.027574178179765374,-1
4200.20043129418,1,-0.023018796892830366,-1
4196.34349785734,1,-0.0050184580369886057,-1
4192.48656442049,1,-0.0028039927476191332,-1
4188.62963098364,1,0.016434811924786547,-1
4184.7726975468,1,0.0367494318900006,-1
4180.91576410995,1,0.057451164441642118,-1
4177.0588306731,1,0.056784184240999958,-1
4173.20189723625,1,0.068115794373514199,-1
4169.34496379941,1,0.070463938553208857,-1
4165.48803036256,1,0.075508011746068679,-1
4161.63109692571,1,0.063579530011285246,-1
4157.77416348886,1,0.059501958005083351,-1
4153.91723005202,1,0.046877530212208869,-1
4150.06029661517,1,0.044831590611567051,-1
4146.20336317832,1,0.027381265054014722,-1
4142.34642974148,1,0.020230782069414942,-1
4138.48949630463,1,0.0066013095766190447,-1
4134.63256286778,1,-0.0033916681167495085,-1
4130.77562943093,1,-0.018300229663159626,-1
4126.91869599409,1,-0.015588322842400098,-1
4123.06176255724,1,-0.026876310185697791,-1
4119.20482912039,1,-0.021702344874129115,-1
4115.34789568354,1,-0.031249551549232119,-1
4111.4909622467,1,-0.031401809444740414,-1
4107.63402880985,1,-0.027932770553904075,-1
4103.777095373,1,-0.028176379500529564,-1
4099.92016193616,1,-0.034557033100701719,-1
4096.06322849931,1,-0.038251156854245766,-1
4092.20629506246,1,-0.056734482463551443,-1
4088.34936162561,1,-0.056202346194876136,-1
4084.49242818877,1,-0.06635061808297138,-1
4080.63549475192,1,-0.058346320776004219,-1
4076.77856131507,1,-0.056540387766360105,-1
4072.92162787822,1,-0.057467743211003446,-1
4069.06469444138,1,-0.071276402489606358,-1
4065.20776100453,1,-0.054579428427995368,-1
4061.35082756768,1,-0.032024423677890122,-1
4057.49389413083,1,-0.013994893227575635,-1
4053.63696069399,1,-0.014911962837620679,-1
4049.78002725714,1,-0.0026591457312985576,-1
4045.92309382029,1,-0.0059008927189283696,-1
4042.06616038345,1,0.0021661322795275243,-1
4038.2092269466,1,-0.0037402237774783803,-1
4034.35229350975,1,0.0071845375094068062,-1
4030.4953600729,1,0.011371214174231835,-1
4026.63842663606,1,0.026757775797170827,-1
4022.78149319921,1,0.028034995943111818,-1
4018.92455976236,1,0.039336354935872044,-1
4015.06762632551,1,0.040404627882269464,-1
4011.21069288867,1,0.053185128025915469,-1
4007.35375945182,1,0.057446872775351869,-1
4003.49682601497,1,0.064643115353178293,-1
3999.63989257813,1,0.060956395959591278,-1
10001.0283203125,2,0.023097032512167485,-1
9997.17138687565,2,0.039118253298538568,-1
9993.31445343881,2,0.035800496831720506,-1
9989.45752000196,2,0.0094560156026445123,-1
9985.60058656511,2,-0.0074437080629278229,-1
9981.74365312826,2,-0.028496802936388455,-1
9977.88671969142,2,-0.0050680024702800088,-1
9974.02978625457,2,0.06167684476025459,-1
9970.17285281772,2,0.095049731506254842,-1
9966.31591938088,2,0.075592817047900038,-1
9962.45898594403,2,0.025815101450590835,-1
9958.60205250718,2,0.040789745716475138,-1
9954.74511907033,2,0.10371174680714496,-1
9950.88818563349,2,0.078364959726678243,-1
9947.03125219664,2,0.028694033417857218,-1
9943.17431875979,2,0.02353723941456419,-1
9939.31738532294,2,0.029973125774206324,-1
9935.4604518861,2,0.062661674769892789,-1
9931.60351844925,2,0.089258296075371835,-1
9927.7465850124,2,0.067636921839500472,-1
9923.88965157556,2,-0.0083376987269890707,-1
9920.03271813871,2,-0.056992312504248487,-1
9916.17578470186,2,-0.041602097539026085,-1
9912.31885126501,2,-0.030113717455939104,-1
9908.46191782817,2,-0.042616232538740334,-1
9904.60498439132,2,-0.066000125994075703,-1
9900.74805095447,2,-0.042310141152369453,-1
9896.89111751762,2,-0.043126178995809367,-1
9893.03418408078,2,-0.054058993595588967,-1
9889.17725064393,2,-0.035229226943324331,-1
9885.32031720708,2,0.022337352534984492,-1
9881.46338377024,2,0.022228839030639269,-1
9877.60645033339,2,-0.024248458128194903,-1
9873.74951689654,2,-0.0034739822289186718,-1
9869.89258345969,2,0.0076578368008484651,-1
9866.03565002284,2,-0.014754818926298877,-1
9862.178716586,2,-0.070598476197720555,-1
9858.32178314915,2,-0.057708688127026557,-1
9854.4648497123,2,-0.068996482378130664,-1
9850.60791627546,2,-0.056763544749355389,-1
9846.75098283861,2,-0.021471005620975519,-1
9842.89404940176,2,0.010899163448082739,-1
9839.03711596492,2,-0.02121469851937233,-1
9835.18018252807,2,-0.056349373556162798,-1
9831.32324909122,2,-0.028048681835541402,-1
9827.46631565437,2,-0.020937032374639647,-1
9823.60938221752,2,-0.04015702738141113,-1
9819.75244878068,2,0.015583814812975057,-1
9815.89551534383,2,-0.0038338407434614376,-1
9812.03858190698,2,-0.050166006698357066,-1
9808.18164847014,2,-0.067767303568639151,-1
9804.32471503329,2,-0.051401830560258162,-1
9800.46778159644,2,-0.02655259701118522,-1
9796.6108481596,2,-0.011592554219458456,-1
9792.75391472275,2,0.021899550982593056,-1
9788.8969812859,2,0.0050483371667715835,-1
9785.04004784905,2,-0.0094203576203860453,-1
9781.1831144122,2,0.0081224175453473418,-1
9777.32618097536,2,0.0022226416293165898,-1
9773.46924753851,2,0.0086622558747540251,-1
9769.61231410166,2,0.0040392084059613174,-1
9765.75538066482,2,-0.038524640085927098,-1
9761.89844722797,2,-0.048956594203151793,-1
9758.04151379112,2,-0.011360235297858108,-1
9754.18458035428,2,0.033089238795101963,-1
9750.32764691743,2,0.041003350877054874,-1
9746.47071348058,2,0.01795660614414181,-1
9742.61378004373,2,-0.008591922969869983,-1
9738.75684660688,2,-0.025199241177283019,-1
9734.89991317004,2,0.015967409372707079,-1
9731.04297973319,2,0.074484214356345821,-1
9727.18604629634,2,0.046179053301122798,-1
9723.3291128595,2,0.005249923277177139,-1
9719.47217942265,2,0.023516826824702509,-1
9715.6152459858,2,0.011380029544398942,-1
9711.75831254896,2,-0.011017004956878887,-1
9707.90137911211,2,0.027074165662888339,-1
9704.04444567526,2,0.0087564228417537655,-1
9700.18751223841,2,-0.0094841965075027519,-1
9696.33057880156,2,-0.021952403555253252,-1
9692.47364536472,2,-0.013797941196217307,-1
9688.61671192787,2,0.0061477128881701325,-1
9684.75977849102,2,-0.0085290491614655947,-1
9680.90284505418,2,-0.023810584414355105,-1
9677.04591161733,2,0.014595871068086623,-1
9673.18897818048,2,0.00701837835779218,-1
9669.33204474363,2,-0.025513703348622678,-1
9665.47511130679,2,0.0049736511248191957,-1
9661.61817786994,2,0.041043125444332883,-1
9657.76124443309,2,0.026524152773766754,-1
9653.90431099624,2,-0.011884472221301767,-1
9650.0473775594,2,0.0077012239464313318,-1
9646.19044412255,2,0.045312032513841895,-1
9642.3335106857,2,0.018987367649487705,-1
9638.47657724886,2,-0.027865463941998313,-1
9634.61964381201,2,-0.037817315882022078,-1
9630.76271037516,2,-0.017961503033990012,-1
9626.90577693831,2,-0.016098902363412233,-1
9623.04884350147,2,-0.016476049037745528,-1
9619.19191006462,2,0.0083758604609175911,-1
9615.33497662777,2,0.046306475316313316,-1
9611.47804319092,2,0.054447603079141177,-1
9607.62110975408,2,0.024756000958464294,-1
9603.76417631723,2,0.0090504949931347403,-1
9599.90724288038,2,-0.0072588116209052851,-1
9596.05030944354,2,-0.0035897898698925212,-1
9592.19337600669,2,-0.0083495414626678782,-1
9588.33644256984,2,-0.0054301296054139313,-1
9584.47950913299,2,-0.015019840509872536,-1
9580.62257569615,2,-0.053567888495870117,-1
9576.7656422593,2,-0.065546662004830419,-1
9572.90870882245,2,-0.013480488831139982,-1
9569.0517753856,2,0.014475813207681289,-1
9565.19484194876,2,0.0030565084308976729,-1
9561.33790851191,2,-0.047664823401690336,-1
9557.48097507506,2,-0.072397349237083422,-1
9553.62404163822,2,-0.04209577871760653,-1
9549.76710820137,2,-0.020567985556483301,-1
9545.91017476452,2,0.00014916343625192636,-1
9542.05324132767,2,0.019940428088378575,-1
9538.19630789083,2,0.023690566640235878,-1
9534.33937445398,2,-0.012509612993440609,-1
9530.48244101713,2,-0.0083490009282996321,-1
9526.62550758028,2,0.012747363374914486,-1
9522.76857414344,2,0.0056547332580809649,-1
9518.91164070659,2,0.0075463324504666451,-1
9515.05470726974,2,0.017971200614131856,-1
9511.1977738329,2,0.016212305733531295,-1
9507.34084039605,2,-0.016634488934556244,-1
9503.4839069592,2,-0.016588117106347063,-1
9499.62697352235,2,-0.018822801302193031,-1
9495.77004008551,2,-0.038042968767117172,-1
9491.91310664866,2,-0.014746807672196044,-1
9488.05617321181,2,0.0031288372328940567,-1
9484.19923977496,2,-0.019370828010147924,-1
9480.34230633812,2,0.0049432064748636921,-1
9476.48537290127,2,-0.007320249335883983,-1
9472.62843946442,2,-0.010174048201282388,-1
9468.77150602758,2,0.016767886656907805,-1
9464.91457259073,2,-0.0050022427167174316,-1
9461.05763915388,2,-0.053659964614392208,-1
9457.20070571703,2,-0.0040874619426072983,-1
9453.34377228019,2,0.0010440260454206509,-1
9449.48683884334,2,-0.028024417978192651,-1
9445.62990540649,2,-0.020844336140965841,-1
9441.77297196964,2,0.00065958787550314752,-1
9437.9160385328,2,-0.018573426848509822,-1
9434.05910509595,2,-0.040530086203187994,-1
9430.2021716591,2,-0.062560456109159723,-1
9426.34523822226,2,-0.073586325296340974,-1
9422.48830478541,2,-0.013636479095777655,-1
9418.63137134856,2,0.010717368675390117,-1
9414.77443791171,2,0.0069476203191893788,-1
9410.91750447487,2,0.019971112893094108,-1
9407.06057103802,2,0.020852266261944918,-1
9403.20363760117,2,0.040474494996159072,-1
9399.34670416432,2,0.035435991247256389,-1
9395.48977072748,2,0.0064233133023306743,-1
9391.63283729063,2,-0.0020448364922717906,-1
9387.77590385378,2,0.013331741520563717,-1
9383.91897041694,2,0.032103768812584768,-1
9380.06203698009,2,-0.0024173900898520678,-1
9376.20510354324,2,-0.02621003799327952,-1
9372.34817010639,2,0.012815330389855493,-1
9368.49123666955,2,0.027449029341449261,-1
9364.6343032327,2,0.045078735165428756,-1
9360.77736979585,2,0.031583017478672044,-1
9356.920436359,2,0.0016901627187296759,-1
9353.06350292216,2,-0.0062694170588474237,-1
9349.20656948531,2,0.0088807122097027541,-1
9345.34963604846,2,0.013734108870288947,-1
9341.49270261162,2,0.014337758031777746,-1
9337.63576917477,2,0.030380786204528467,-1
9333.77883573792,2,0.011740539429771298,-1
9329.92190230107,2,0.0042001766248179005,-1
9326.06496886423,2,0.0097651251988746645,-1
9322.20803542738,2,-0.034691705693417778,-1
9318.35110199053,2,-0.044590128627541449,-1
9314.49416855368,2,-0.023257850782329781,-1
9310.63723511684,2,-0.010021176649170316,-1
9306.78030167999,2,0.0074465927109868607,-1
9302.92336824314,2,0.0071115510479373761,-1
9299.0664348063,2,-0.0017712336348399403,-1
9295.20950136945,2,0.015751231260772814,-1
9291.3525679326,2,0.029060820095304946,-1
9287.49563449575,2,0.00026929585133098478,-1
9283.63870105891,2,-0.0077864894766243257,-1
9279.78176762206,2,-0.011806547513705199,-1
9275.92483418521,2,0.0055498657993242771,-1
9272.06790074836,2,0.010169478485594614,-1
9268.21096731152,2,-0.020482097340588781,-1
9264.35403387467,2,0.0099429766620998186,-1
9260.49710043782,2,0.054596436752821026,-1
9256.64016700098,2,0.03672604477256692,-1
9252.78323356413,2,0.011720034217974707,-1
9248.92630012728,2,-0.00016403710018221687,-1
9245.06936669043,2,0.0074193422175315212,-1
9241.21243325358,2,0.061283530895869139,-1
9237.35549981674,2,0.056832182456381296,-1
9233.49856637989,2,0.021248639682919478,-1
9229.64163294304,2,-0.0045340487657291925,-1
9225.7846995062,2,-0.013977578723184968,-1
9221.92776606935,2,0.013036898204368463,-1
9218.0708326325,2,0.040399487857563511,-1
9214.21389919565,2,0.018207564240948756,-1
9210.35696575881,2,0.00053180093610983193,-1
9206.50003232196,2,0.013501107732965039,-1
9202.64309888511,2,-0.0055885938696493484,-1
9198.78616544826,2,-0.0093560194160435088,-1
9194.92923201142,2,0.0088567185942737773,-1
9191.07229857457,2,0.011297914321572157,-1
9187.21536513772,2,0.0028341477429708376,-1
9183.35843170088,2,0.026007113982281612,-1
9179.50149826403,2,0.038655270622512082,-1
9175.64456482718,2,-0.011592153375879304,-1
9171.78763139033,2,-0.0038649382957121267,-1
9167.93069795349,2,-0.017070468157347345,-1
9164.07376451664,2,-0.019596367093810841,-1
9160.21683107979,2,-0.0068238161354652431,-1
9156.35989764294,2,0.051722108397742141,-1
9152.5029642061,2,0.075867590645693164,-1
9148.64603076925,2,0.040905133808802341,-1
9144.7890973324,2,-0.0019583106241995987,-1
9140.93216389556,2,-0.023806796602212695,-1
9137.07523045871,2,-0.034406718434962236,-1
9133.21829702186,2,-0.01825054986499142,-1
9129.36136358501,2,0.014479749694327118,-1
9125.50443014817,2,0.035129402036308939,-1
9121.64749671132,2,0.027764170939188274,-1
9117.79056327447,2,-0.0010638917130599819,-1
9113.93362983762,2,0.001949566798816014,-1
9110.07669640078,2,0.0028526299135756472,-1
9106.21976296393,2,-0.033830925841584043,-1
9102.36282952708,2,-0.031019274266399666,-1
9098.50589609024,2,0.0093260584730783976,-1
9094.64896265339,2,0.019137387331290941,-1
9090.79202921654,2,-0.0039745385418297344,-1
9086.93509577969,2,-0.015779934994121114,-1
9083.07816234285,2,-0.024819291400485277,-1
9079.221228906,2,-0.028720427256847401,-1
9075.36429546915,2,-0.0045153324975137797,-1
9071.5073620323,2,0.021750912259404464,-1
9067.65042859546,2,0.010003408060307251,-1
9063.79349515861,2,-0.020848416228632472,-1
9059.93656172176,2,-0.039553382952330081,-1
9056.07962828492,2,-0.017921068546094619,-1
9052.22269484807,2,0.021065007395947334,-1
9048.36576141122,2,0.0065334315849860771,-1
9044.50882797437,2,-0.0042551932841226586,-1
9040.65189453753,2,0.020572178358926965,-1
9036.79496110068,2,0.037234946005512054,-1
9032.93802766383,2,0.029284718410461968,-1
9029.08109422698,2,0.031853718948259953,-1
9025.22416079014,2,0.035138291369241771,-1
9021.36722735329,2,0.00052238001778864439,-1
9017.51029391644,2,-0.021149205517033722,-1
9013.6533604796,2,0.0026198879330062933,-1
9009.79642704275,2,0.011378752811055709,-1
9005.9394936059,2,0.0083737443644693026,-1
9002.08256016905,2,0.015780591495999263,-1
8998.22562673221,2,-0.021173668464685363,-1
8994.36869329536,2,-0.0025604080312609163,-1
8990.51175985851,2,0.037955746966157514,-1
8986.65482642166,2,0.042372246593008978,-1
8982.79789298482,2,0.022404522683521624,-1
8978.94095954797,2,-0.0062432764321184485,-1
8975.08402611112,2,-0.0019981149920053056,-1
8971.22709267428,2,-0.014807225533050443,-1
8967.37015923743,2,-0.026062997613049498,-1
8963.51322580058,2,-0.026020952971798388,-1
8959.65629236373,2,-0.023171396452435541,-1
8955.79935892689,2,-0.022430841618358194,-1
8951.94242549004,2,-0.010039558769783921,-1
8948.08549205319,2,0.0018475033973943396,-1
8944.22855861634,2,0.0037482006834041012,-1
8940.3716251795,2,0.013661942990758612,-1
8936.51469174265,2,0.023732084606378358,-1
8932.6577583058,2,0.050352044039997587,-1
8928.80082486896,2,0.039099637008298195,-1
8924.94389143211,2,-0.010991804080594688,-1
8921.08695799526,2,-0.039176084409115949,-1
8917.23002455841,2,0.0050149554699759191,-1
8913.37309112157,2,0.030780846596420705,-1
8909.51615768472,2,0.013853724697567344,-1
8905.65922424787,2,-0.0026793449030645109,-1
8901.80229081102,2,-0.010577724670286361,-1
8897.94535737418,2,-0.011412708980479162,-1
8894.08842393733,2,0.017997844404332719,-1
8890.23149050048,2,0.017130125426659624,-1
8886.37455706364,2,0.019267895839248508,-1
8882.51762362679,2,0.0078393365138647534,-1
8878.66069018994,2,-0.024314937071875337,-1
8874.80375675309,2,-0.048273398585452161,-1
8870.94682331625,2,-0.057379950886746897,-1
8867.0898898794,2,-0.044345125265122534,-1
8863.23295644255,2,-0.04437703131044498,-1
8859.3760230057,2,-0.047466200820986605,-1
8855.51908956886,2,-0.02100533181469719,-1
8851.66215613201,2,-0.0063248973357370661,-1
8847.80522269516,2,-0.027814212712037642,-1
8843.94828925832,2,-0.034775699719014369,-1
8840.09135582147,2,-0.0071903693254060574,-1
8836.23442238462,2,0.0088359546185917542,-1
8832.37748894777,2,-0.0048639103685062185,-1
8828.52055551093,2,-0.012839014862760286,-1
8824.66362207408,2,-0.016143978383841847,-1
8820.80668863723,2,-0.02184929221383685,-1
8816.94975520038,2,0.0009854585827725412,-1
8813.09282176354,2,0.018185716148712647,-1
8809.23588832669,2,-0.015448188860308992,-1
8805.37895488984,2,-0.025660612759055866,-1
8801.522021453,2,-0.0045507017209361561,-1
8797.66508801615,2,-0.0012814953907614559,-1
8793.8081545793,2,-0.0047800357804159204,-1
8789.95122114245,2,0.00088008761025841215,-1
8786.09428770561,2,-0.0091140085169366669,-1
8782.23735426876,2,-0.025121751162647508,-1
8778.38042083191,2,-0.029030145182219746,-1
8774.52348739506,2,0.0077396574402486219,-1
8770.66655395822,2,-0.0082734983069060776,-1
8766.80962052137,2,-0.026044355808387636,-1
8762.95268708452,2,0.0087311789542447605,-1
8759.09575364767,2,0.0057713638006073788,-1
8755.23882021083,2,-0.034508756862947638,-1
8751.38188677398,2,-0.022096062281634889,-1
8747.52495333713,2,-0.011827972873103642,-1
8743.66801990029,2,-0.010394571038556384,-1
8739.81108646344,2,-0.013835488178597049,-1
8735.95415302659,2,-0.014517303529571229,-1
8732.09721958974,2,0.011110757956395061,-1
8728.2402861529,2,-0.00067057645198220837,-1
8724.38335271605,2,-0.012864248632249229,-1
8720.5264192792,2,0.027818252338664508,-1
8716.66948584235,2,0.011757793418703769,-1
8712.81255240551,2,-0.0069359931985189041,-1
8708.95561896866,2,-0.0074096575869874509,-1
8705.09868553181,2,-0.003956189290584786,-1
8701.24175209497,2,0.010770016486001358,-1
8697.38481865812,2,0.0077721006741159259,-1
8693.52788522127,2,0.0037162301838669313,-1
8689.67095178442,2,-0.02191663416361259,-1
8685.81401834758,2,-0.034348347075971071,-1
8681.95708491073,2,-0.0053200170523390678,-1
8678.10015147388,2,0.021550790570029579,-1
8674.24321803703,2,0.027181785323955463,-1
8670.38628460019,2,0.030674602585400428,-1
8666.52935116334,2,0.048485043577118456,-1
8662.67241772649,2,0.05391584255441554,-1
8658.81548428965,2,0.038539977110544722,-1
8654.9585508528,2,0.026177096233276517,-1
8651.10161741595,2,0.022918944040447437,-1
8647.2446839791,2,0.010067058160171619,-1
8643.38775054226,2,0.010716785765570976,-1
8639.53081710541,2,0.014314149176846832,-1
8635.67388366856,2,0.0013692010820997612,-1
8631.81695023171,2,0.019466443102366206,-1
8627.96001679487,2,0.0158547383867579,-1
8624.10308335802,2,0.00042046387640044602,-1
8620.24614992117,2,0.013440486256355631,-1
8616.38921648433,2,0.0093430549726119735,-1
8612.53228304748,2,-0.011967278453625722,-1
8608.67534961063,2,0.0024997546046323545,-1
8604.81841617378,2,0.02169245529377958,-1
8600.96148273694,2,0.021224616854184149,-1
8597.10454930009,2,0.029772372272855584,-1
8593.24761586324,2,0.037937618558050577,-1
8589.39068242639,2,0.0022490115178337216,-1
8585.53374898955,2,-0.021058928745490486,-1
8581.6768155527,2,-3.3544079119159552e-06,-1
8577.81988211585,2,0.011253184130075013,-1
8573.96294867901,2,0.0038669785797881369,-1
8570.10601524216,2,0.0069613116404332294,-1
8566.24908180531,2,-0.0071938743321372156,-1
8562.39214836846,2,-0.00065241118902943619,-1
8558.53521493162,2,0.0056767205747215808,-1
8554.67828149477,2,0.014749143256173486,-1
8550.82134805792,2,0.0023095187430684423,-1
8546.96441462107,2,-0.0032018664204198494,-1
8543.10748118423,2,0.025748290484417801,-1
8539.25054774738,2,0.023771317350611703,-1
8535.39361431053,2,0.023596000120945333,-1
8531.53668087368,2,0.031332970444119659,-1
8527.67974743684,2,0.018404922748212413,-1
8523.82281399999,2,-0.0047610364477155328,-1
8519.96588056314,2,-0.00443042675723513,-1
8516.1089471263,2,-0.0018248477636395365,-1
8512.25201368945,2,-0.017455546572332604,-1
8508.3950802526,2,0.0096948392852575956,-1
8504.53814681575,2,0.037022440418712665,-1
8500.68121337891,2,0.018772013445530422,-1
8496.82427994206,2,-0.0018108786075056228,-1
8492.96734650521,2,-0.0094543995961700409,-1
8489.11041306836,2,-0.021275267696601492,-1
8485.25347963152,2,-0.036054502813374766,-1
8481.39654619467,2,-0.037919538300209284,-1
8477.53961275782,2,-0.0055794072907738032,-1
8473.68267932098,2,0.011700583398943101,-1
8469.82574588413,2,0.010969158505560858,-1
8465.96881244728,2,0.018931989615562632,-1
8462.11187901043,2,0.014883169751799652,-1
8458.25494557359,2,-0.0055852005645094342,-1
8454.39801213674,2,-0.029567404260647932,-1
8450.54107869989,2,-0.011133505700246018,-1
8446.68414526304,2,0.011979567812770249,-1
8442.8272118262,2,0.010651612185573534,-1
8438.97027838935,2,-0.01778426575864438,-1
8435.1133449525,2,-0.014691202077400373,-1
8431.25641151566,2,-0.014366863730979049,-1
8427.39947807881,2,-0.032372045718232163,-1
8423.54254464196,2,-0.019062919635384704,-1
8419.68561120511,2,-0.002395245449455866,-1
8415.82867776827,2,-0.0017758542056263043,-1
8411.97174433142,2,-0.013217553714467714,-1
8408.11481089457,2,-0.029232116125589413,-1
8404.25787745772,2,-0.02970323024443465,-1
8400.40094402088,2,-0.010819729277601012,-1
8396.54401058403,2,-0.019626628363687372,-1
8392.68707714718,2,-0.012879311311589557,-1
8388.83014371034,2,0.02389909138648939,-1
8384.97321027349,2,0.06013573073428443,-1
8381.11627683664,2,0.037515785685406582,-1
8377.25934339979,2,0.01947988632765682,-1
8373.40240996295,2,0.042902701397241609,-1
8369.5454765261,2,0.051582255906185488,-1
8365.68854308925,2,0.040976291904796409,-1
8361.8316096524,2,0.021894587745136123,-1
8357.97467621556,2,0.028990960969498325,-1
8354.11774277871,2,0.058703123178678242,-1
8350.26080934186,2,0.041856715145290858,-1
8346.40387590502,2,0.0063664289592752143,-1
8342.54694246817,2,0.0079377385824536354,-1
8338.69000903132,2,0.0092372828286182117,-1
8334.83307559447,2,0.0081775483273394626,-1
8330.97614215763,2,0.02144439607521401,-1
8327.11920872078,2,0.047083573982966941,-1
8323.26227528393,2,0.047867315139259868,-1
8319.40534184708,2,0.013157846729713608,-1
8315.54840841024,2,-0.0050737072511311248,-1
8311.69147497339,2,-0.0012044860919235708,-1
8307.83454153654,2,0.0028096724035696695,-1
8303.97760809969,2,-0.003358920395380612,-1
8300.12067466285,2,-0.0011228802960233037,-1
8296.263741226,2,0.00063673016717856348,-1
8292.40680778915,2,0.012503888140454575,-1
8288.54987435231,2,0.019291001249029573,-1
8284.69294091546,2,0.029228061951899285,-1
8280.83600747861,2,0.026596864525395603,-1
8276.97907404176,2,0.041456780712777634,-1
8273.12214060492,2,0.045519794946295641,-1
8269.26520716807,2,0.038809199177674343,-1
8265.40827373122,2,0.016045399991650222,-1
8261.55134029437,2,0.015151633410721083,-1
8257.69440685753,2,0.007152747912336486,-1
8253.83747342068,2,-0.016778610262954814,-1
8249.98053998383,2,-0.01854411263408574,-1
8246.12360654699,2,-0.0095235661990053008,-1
8242.26667311014,2,-7.653460838862291e-05,-1
8238.40973967329,2,-0.020897916578671242,-1
8234.55280623644,2,-0.028523109298698765,-1
8230.6958727996,2,-0.012353212670661163,-1
8226.83893936275,2,-0.023297778676458547,-1
8222.9820059259,2,-0.039794659234490257,-1
8219.12507248905,2,-0.036560252439211322,-1
8215.26813905221,2,-0.026424273684162367,-1
8211.41120561536,2,-0.02524432476194613,-1
8207.55427217851,2,-0.017154634913844811,-1
8203.69733874167,2,-0.021584698587419651,-1
8199.84040530482,2,-0.019601346034952425,-1
8195.98347186797,2,-0.012924738240230381,-1
8192.12653843112,2,-0.023521881220427591,-1
8188.26960499428,2,-0.037285547513315961,-1
8184.41267155743,2,-0.038318909646045507,-1
8180.55573812058,2,-0.010047324693657725,-1
8176.69880468373,2,0.0047205224149657618,-1
8172.84187124689,2,-0.026472394693052504,-1
8168.98493781004,2,-0.045774768476139975,-1
8165.12800437319,2,0.0013148099943771198,-1
8161.27107093635,2,0.0014300092275426179,-1
8157.4141374995,2,-0.020887733952688149,-1
8153.55720406265,2,-0.0061513158917004531,-1
8149.7002706258,2,-0.012624552717253722,-1
8145.84333718896,2,-0.021551490932089815,-1
8141.98640375211,2,-0.033614362996519306,-1
8138.12947031526,2,-0.017634638507357383,-1
8134.27253687841,2,-0.006374902892356202,-1
8130.41560344157,2,-0.0050383772844501866,-1
8126.55867000472,2,-0.0074103466508832786,-1
8122.70173656787,2,-0.0078421431358930375,-1
8118.84480313103,2,-0.016584247283644063,-1
8114.98786969418,2,-0.03530652301487569,-1
8111.13093625733,2,-0.0393864726272714,-1
8107.27400282048,2,-0.026031632113209326,-1
8103.41706938364,2,-0.020490229108659084,-1
8099.56013594679,2,-0.029631518074042462,-1
8095.70320250994,2,-0.055151070246626153,-1
8091.84626907309,2,-0.045761957797883286,-1
8087.98933563625,2,-0.072998089028923768,-1
8084.1324021994,2,-0.083566955423630143,-1
8080.27546876255,2,-0.054674132205261364,-1
8076.41853532571,2,-0.034246278295325984,-1
8072.56160188886,2,-0.032751858238595798,-1
8068.70466845201,2,-0.016546602860382852,-1
8064.84773501516,2,0.0018273403628079029,-1
8060.99080157832,2,0.014810577010410966,-1
8057.13386814147,2,0.0070228443818685354,-1
8053.27693470462,2,-0.0099892988910667245,-1
8049.42000126777,2,-0.020820893750751787,-1
8045.56306783093,2,-0.036007327463724086,-1
8041.70613439408,2,-0.020055559710587825,-1
8037.84920095723,2,-0.015487451884850383,-1
8033.99226752039,2,-0.046166870907298117,-1
8030.13533408354,2,-0.046101061200883461,-1
8026.27840064669,2,-0.018660495441983942,-1
8022.42146720984,2,-0.013313560531254178,-1
8018.564533773,2,-0.026161347404464741,-1
8014.70760033615,2,-0.030788769064106422,-1
8010.8506668993,2,-0.036192945756242656,-1
8006.99373346245,2,-0.024328888448268679,-1
8003.13680002561,2,-0.022801733983086058,-1
7999.27986658876,2,-0.034436843826153495,-1
7995.42293315191,2,-0.035858400715257956,-1
7991.56599971507,2,-0.038220104429575609,-1
7987.70906627822,2,-0.010146207788249846,-1
7983.85213284137,2,-0.00088544445460711735,-1
7979.99519940452,2,-0.034368159829525867,-1
7976.13826596768,2,-0.041666847464730997,-1
7972.28133253083,2,-0.021385361691732177,-1
7968.42439909398,2,-0.0043685368583637179,-1
7964.56746565713,2,-0.0093481118757634835,-1
7960.71053222029,2,-0.023453368979138071,-1
7956.85359878344,2,-0.018991900297689334,-1
7952.99666534659,2,0.0097705363368140626,-1
7949.13973190975,2,0.018425766125609769,-1
7945.2827984729,2,0.019045850160476264,-1
7941.42586503605,2,0.015921383532609634,-1
7937.5689315992,2,0.0014655640550513226,-1
7933.71199816236,2,-0.016673125890338859,-1
7929.85506472551,2,-0.0068521084239139473,-1
7925.99813128866,2,-0.0018481622425850948,-1
7922.14119785181,2,0.015930372530599483,-1
7918.28426441497,2,0.0084927908374878985,-1
7914.42733097812,2,0.015235981122983596,-1
7910.57039754127,2,0.012981551724750988,-1
7906.71346410443,2,-0.001472058068805215,-1
7902.85653066758,2,-0.009813890778755361,-1
7898.99959723073,2,-0.0028052954283719991,-1
7895.14266379388,2,0.028345760885245784,-1
7891.28573035704,2,0.041773658332189267,-1
7887.42879692019,2,0.017606942528200539,-1
7883.57186348334,2,-0.010219273056715533,-1
7879.71493004649,2,-0.014788781071313723,-1
7875.85799660965,2,0.011017808350890598,-1
7872.0010631728,2,0.00026905953357288416,-1
7868.14412973595,2,-0.0037880956623721979,-1
7864.28719629911,2,0.0040176635809686155,-1
7860.43026286226,2,0.017547605433379486,-1
7856.57332942541,2,0.027578590694056899,-1
7852.71639598856,2,0.024988570448088547,-1
7848.85946255172,2,0.023931092654450814,-1
7845.00252911487,2,0.0069276465977209179,-1
7841.14559567802,2,-0.0080517356184427596,-1
7837.28866224117,2,0.0068155156719808046,-1
7833.43172880433,2,0.018388745974316605,-1
7829.57479536748,2,0.029163617201648052,-1
7825.71786193063,2,0.019730992921702526,-1
7821.86092849379,2,0.015723640267404207,-1
7818.00399505694,2,0.010740836284990939,-1
7814.14706162009,2,0.0083514757227003255,-1
7810.29012818324,2,0.012583704011251091,-1
7806.4331947464,2,0.042371613906809248,-1
7802.57626130955,2,0.055652137679232397,-1
7798.7193278727,2,0.042804519981177153,-1
7794.86239443585,2,0.033582860403310738,-1
7791.00546099901,2,0.036109825325145097,-1
7787.14852756216,2,0.040031401791697084,-1
7783.29159412531,2,0.023174604523271091,-1
7779.43466068847,2,0.01490669701677249,-1
7775.57772725162,2,0.027756117007218938,-1
7771.72079381477,2,0.037384109539316229,-1
7767.86386037792,2,0.037058161062291664,-1
7764.00692694107,2,0.025729686265701043,-1
7760.14999350423,2,0.015379949748624007,-1
7756.29306006738,2,0.026885801239490813,-1
7752.43612663053,2,0.028473895975353918,-1
7748.57919319369,2,0.030412415314590387,-1
7744.72225975684,2,0.044368969003424547,-1
7740.86532631999,2,0.027095542326965164,-1
7737.00839288315,2,0.0073698465777501231,-1
7733.1514594463,2,0.0052690222451840267,-1
7729.29452600945,2,0.01022902065917782,-1
7725.4375925726,2,0.03460330915109068,-1
7721.58065913575,2,0.049004270677948679,-1
7717.72372569891,2,0.022353517135672806,-1
7713.86679226206,2,0.012582743170947827,-1
7710.00985882521,2,0.014360360450268218,-1
7706.15292538837,2,0.012404376488149795,-1
7702.29599195152,2,0.0031167399514362643,-1
7698.43905851467,2,0.016182393408803755,-1
7694.58212507782,2,0.014893308376916999,-1
7690.72519164098,2,-0.0013989992557148108,-1
7686.86825820413,2,-0.016209079730720808,-1
7683.01132476728,2,0.01178794566126694,-1
7679.15439133043,2,0.026479731826818866,-1
7675.29745789359,2,0.030149314854946499,-1
7671.44052445674,2,0.02381647090894835,-1
7667.58359101989,2,0.022375093048852442,-1
7663.72665758305,2,0.0020450755004237076,-1
7659.8697241462,2,-0.0028207435676429692,-1
7656.01279070935,2,-0.0025701760103978553,-1
7652.1558572725,2,0.015993262119772863,-1
7648.29892383566,2,0.018712413474023467,-1
7644.44199039881,2,-0.010528997313980135,-1
7640.58505696196,2,-0.014996669123413242,-1
7636.72812352511,2,-0.011937573258355552,-1
7632.87119008827,2,0.0030807985768600008,-1
7629.01425665142,2,0.016381782796651291,-1
7625.15732321457,2,-0.0052444267329886879,-1
7621.30038977773,2,-0.0036296524019756009,-1
7617.44345634088,2,-0.0083119502762146174,-1
7613.58652290403,2,-0.0096786132710509516,-1
7609.72958946718,2,-0.0039805890164727551,-1
7605.87265603034,2,-0.0029722556801532701,-1
7602.01572259349,2,-0.0031134165159416908,-1
7598.15878915664,2,-0.004892796222094614,-1
7594.30185571979,2,-0.0047238988158394037,-1
7590.44492228295,2,0.017509975582266728,-1
7586.5879888461,2,0.018098486583097765,-1
7582.73105540925,2,0.020168073852106255,-1
7578.87412197241,2,0.024292479002555607,-1
7575.01718853556,2,0.011773056309767754,-1
7571.16025509871,2,-0.0065193672134929142,-1
7567.30332166186,2,-0.029046097026140923,-1
7563.44638822502,2,-0.017706762232542542,-1
7559.58945478817,2,0.0083086707100530274,-1
7555.73252135132,2,0.0066706849391549141,-1
7551.87558791447,2,-0.021743126398490804,-1
7548.01865447763,2,-0.027609712866918178,-1
7544.16172104078,2,-0.030141164280271568,-1
7540.30478760393,2,-0.015517276447956002,-1
7536.44785416709,2,-0.009192040410120941,-1
7532.59092073024,2,-0.01617336703839993,-1
7528.73398729339,2,-0.011748731032692045,-1
7524.87705385654,2,-0.022238390314018253,-1
7521.0201204197,2,-0.013189241764478693,-1
7517.16318698285,2,-0.010118839414558418,-1
7513.306253546,2,-0.00064350511993547296,-1
7509.44932010915,2,0.0023043220766735401,-1
7505.59238667231,2,-0.0014083299473121051,-1
7501.73545323546,2,-0.0060649160266221308,-1
7497.87851979861,2,0.017926363787476852,-1
7494.02158636177,2,0.024260199133988681,-1
7490.16465292492,2,0.0092882706248694335,-1
7486.30771948807,2,-0.0039764439672630558,-1
7482.45078605122,2,-0.0038015253186655315,-1
7478.59385261438,2,0.0037582857618900338,-1
7474.73691917753,2,-0.0047662109870435631,-1
7470.87998574068,2,-0.015603168564188198,-1
7467.02305230383,2,-0.0081119205106425819,-1
7463.16611886699,2,-0.036601677015206106,-1
7459.30918543014,2,-0.026416210191721703,-1
7455.45225199329,2,-0.0077471067947282382,-1
7451.59531855645,2,-0.012656473245906706,-1
7447.7383851196,2,-0.010627962355447697,-1
7443.88145168275,2,-0.012608237945432397,-1
7440.0245182459,2,-0.024669069240121726,-1
7436.16758480906,2,-0.020771708673447783,-1
7432.31065137221,2,-0.0081503967566010777,-1
7428.45371793536,2,0.0069153822803820373,-1
7424.59678449851,2,-0.015498810239132644,-1
7420.73985106167,2,-0.014075164795312728,-1
7416.88291762482,2,0.011017506939085936,-1
7413.02598418797,2,-0.017231050557865016,-1
7409.16905075113,2,-0.022910982466680951,-1
7405.31211731428,2,-0.012711937992436242,-1
7401.45518387743,2,-0.013881519291017769,-1
7397.59825044058,2,-0.0076475141731941736,-1
7393.74131700374,2,-0.018667867384572573,-1
7389.88438356689,2,-0.0059621218301255429,-1
7386.02745013004,2,0.014930847412134565,-1
7382.17051669319,2,0.034097385535591336,-1
7378.31358325635,2,0.019254278015464445,-1
7374.4566498195,2,8.0604250972363513e-05,-1
7370.59971638265,2,0.0029250502390421743,-1
7366.74278294581,2,0.0036074228498162225,-1
7362.88584950896,2,0.01222555584572378,-1
7359.02891607211,2,-0.00055271461179172475,-1
7355.17198263526,2,-0.0024314600262796623,-1
7351.31504919842,2,-0.0016631357172159896,-1
7347.45811576157,2,0.0025380186729954436,-1
7343.60118232472,2,-0.010865273021231615,-1
7339.74424888787,2,-0.027125380598981431,-1
7335.88731545103,2,-0.0039996151597523457,-1
7332.03038201418,2,0.0048978282765511369,-1
7328.17344857733,2,0.012012447158826985,-1
7324.31651514049,2,0.022188211652583095,-1
7320.45958170364,2,0.0075414056045861617,-1
7316.60264826679,2,0.0078965345316394566,-1
7312.74571482994,2,0.034003655722694558,-1
7308.8887813931,2,-0.0027945344675194919,-1
7305.03184795625,2,-0.046983414290512386,-1
7301.1749145194,2,-0.011175762092812541,-1
7297.31798108255,2,0.0089677641898583457,-1
7293.46104764571,2,0.011316337758384922,-1
7289.60411420886,2,0.016529710216612852,-1
7285.74718077201,2,0.060748671858009508,-1
7281.89024733516,2,0.079612929322226786,-1
7278.03331389832,2,0.030995065307196569,-1
7274.17638046147,2,0.044970558679202285,-1
7270.31944702462,2,0.041197611858551413,-1
7266.46251358778,2,0.044463303596129031,-1
7262.60558015093,2,0.042442792962380842,-1
7258.74864671408,2,0.0068736795701262229,-1
7254.89171327723,2,0.015012070190155312,-1
7251.03477984039,2,0.032327840948682324,-1
7247.17784640354,2,-0.029383284109499547,-1
7243.32091296669,2,-0.034043400965984176,-1
7239.46397952984,2,-0.016047025886622383,-1
7235.607046093,2,-0.016953234796417093,-1
7231.75011265615,2,0.0015074409592121872,-1
7227.8931792193,2,-0.03488665353705004,-1
7224.03624578246,2,-0.03009927894316625,-1
7220.17931234561,2,0.013345833422912304,-1
7216.32237890876,2,0.020032130808939164,-1
7212.46544547191,2,0.025872348056204732,-1
7208.60851203507,2,-0.0013167697480190295,-1
7204.75157859822,2,0.0017539295149802761,-1
7200.89464516137,2,0.0070226293947123052,-1
7197.03771172452,2,-0.017536486929762014,-1
7193.18077828768,2,-0.028782515407110857,-1
7189.32384485083,2,-0.043904821425956017,-1
7185.46691141398,2,-0.049170493539247587,-1
7181.60997797714,2,-0.060366212326473781,-1
7177.75304454029,2,-0.068620124776538491,-1
7173.89611110344,2,-0.040985734110064918,-1
7170.03917766659,2,-0.029781944571728187,-1
7166.18224422975,2,-0.045364784552091773,-1
7162.3253107929,2,-0.035266747655275578,-1
7158.46837735605,2,-0.031925245752812491,-1
7154.6114439192,2,-0.052001125280167315,-1
7150.75451048236,2,-0.038327658528245788,-1
7146.89757704551,2,-0.030129362947957514,-1
7143.04064360866,2,-0.012157841239580584,-1
7139.18371017182,2,0.0048204519393464365,-1
7135.32677673497,2,-0.022070443360905436,-1
7131.46984329812,2,-0.032910958782216747,-1
7127.61290986127,2,-0.014455955021443555,-1
7123.75597642443,2,-0.0097342746652605613,-1
7119.89904298758,2,0.0030438440050824483,-1
7116.04210955073,2,0.0026830103062457237,-1
7112.18517611388,2,-0.0037513093128275412,-1
7108.32824267704,2,0.021740500368061296,-1
7104.47130924019,2,0.037546926540829487,-1
7100.61437580334,2,0.019745948015387611,-1
7096.7574423665,2,0.035656117101362288,-1
7092.90050892965,2,0.019795055936487997,-1
7089.0435754928,2,0.016296508650491998,-1
7085.18664205595,2,0.029963035425119942,-1
7081.32970861911,2,0.021787594589063812,-1
7077.47277518226,2,-0.009669970628216739,-1
7073.61584174541,2,0.0057922112591735856,-1
7069.75890830856,2,0.024108605830171395,-1
7065.90197487172,2,-0.0039956635089607069,-1
7062.04504143487,2,-0.023116014536048675,-1
7058.18810799802,2,-0.0066703699281134097,-1
7054.33117456117,2,0.0093213756820265444,-1
7050.47424112433,2,0.011723530370552397,-1
7046.61730768748,2,0.034747277027542392,-1
7042.76037425063,2,0.036901167357805721,-1
7038.90344081379,2,0.0050629405259792161,-1
7035.04650737694,2,0.0088133625945783865,-1
7031.18957394009,2,0.0084795951133178425,-1
7027.33264050324,2,0.014359174705471125,-1
7023.4757070664,2,0.02765252225171573,-1
7019.61877362955,2,0.01975250262956,-1
7015.7618401927,2,0.014587780617089019,-1
7011.90490675585,2,0.0068967185160859626,-1
7008.04797331901,2,-0.001367040917542986,-1
7004.19103988216,2,0.004002915987878294,-1
7000.33410644531,2,0.0016548501409650042,-1
6996.47717300847,2,0.00048217435826014853,-1
6992.62023957162,2,0.0015196451109905219,-1
6988.76330613477,2,0.007321344494058927,-1
6984.90637269792,2,0.015104614163813325,-1
6981.04943926108,2,0.015505172020590555,-1
6977.19250582423,2,0.014584211111682793,-1
6973.33557238738,2,0.028201345227951292,-1
6969.47863895053,2,0.021514124862894196,-1
6965.62170551369,2,0.014810750286169185,-1
6961.76477207684,2,0.015248828160635225,-1
6957.90783863999,2,0.010423301142169952,-1
6954.05090520315,2,-0.002733394825179777,-1
6950.1939717663,2,-0.0048719635310079902,-1
6946.33703832945,2,0.0066367950717738837,-1
6942.4801048926,2,0.014999681834220437,-1
6938.62317145576,2,0.011025422026130072,-1
6934.76623801891,2,0.0064003564622688511,-1
6930.90930458206,2,0.0021018028734485191,-1
6927.05237114521,2,-0.0070799811640573432,-1
6923.19543770837,2,-0.0018664197768585048,-1
6919.33850427152,2,0.017860207263950618,-1
6915.48157083467,2,0.01095718244904868,-1
6911.62463739783,2,0.0054257509609742125,-1
6907.76770396098,2,0.011231139102782383,-1
6903.91077052413,2,0.0015022887327273081,-1
6900.05383708728,2,-0.016734301133144509,-1
6896.19690365044,2,-0.00099581447411042521,-1
6892.33997021359,2,0.012313832009456712,-1
6888.48303677674,2,0.013194529631154172,-1
6884.62610333989,2,-0.0030160348835073566,-1
6880.76916990305,2,-0.014109482674312954,-1
6876.9122364662,2,-0.0071776610650662702,-1
6873.05530302935,2,0.0066334712087404851,-1
6869.19836959251,2,0.0087591132751157538,-1
6865.34143615566,2,0.0068811312031895428,-1
6861.48450271881,2,0.0011549902625368656,-1
6857.62756928196,2,-0.0029362745467526622,-1
6853.77063584512,2,-0.0106412280476529,-1
6849.91370240827,2,-0.018092357878853462,-1
6846.05676897142,2,-0.015057724909629679,-1
6842.19983553457,2,-0.022839499873491716,-1
6838.34290209773,2,-0.026750033308812864,-1
6834.48596866088,2,-0.0087593288485960045,-1
6830.62903522403,2,-0.0039891637860042708,-1
6826.77210178718,2,-0.0090182388997612859,-1
6822.91516835034,2,-0.014181419421722651,-1
6819.05823491349,2,-0.021095794479298147,-1
6815.20130147664,2,-0.019991473526161575,-1
6811.3443680398,2,-0.021705043733643351,-1
6807.48743460295,2,-0.025626824805428619,-1
6803.6305011661,2,-0.019716112641054297,-1
6799.77356772925,2,-0.016566715595613041,-1
6795.91663429241,2,-0.011230283494530303,-1
6792.05970085556,2,-0.016361450055801752,-1
6788.20276741871,2,-0.024043212693512318,-1
6784.34583398186,2,-0.021767018575121956,-1
6780.48890054502,2,-0.028246502847424412,-1
6776.63196710817,2,-0.037239581100040935,-1
6772.77503367132,2,-0.026688109945390219,-1
6768.91810023448,2,-0.019031201531623777,-1
6765.06116679763,2,-0.010803587239704187,-1
6761.20423336078,2,-0.0084401535505562175,-1
6757.34729992393,2,-0.012117295328754506,-1
6753.49036648709,2,-0.014505781395906499,-1
6749.63343305024,2,-0.019626284059430028,-1
6745.77649961339,2,-0.023321565324883116,-1
6741.91956617654,2,-0.016397969741095801,-1
6738.0626327397,2,-0.020195706270191197,-1
6734.20569930285,2,-0.034774278528220612,-1
6730.348765866,2,-0.040948073397983134,-1
6726.49183242916,2,-0.02510541682797578,-1
6722.63489899231,2,-0.012324040495036982,-1
6718.77796555546,2,-0.015321493880761239,-1
6714.92103211861,2,-0.023115019589115143,-1
6711.06409868177,2,-0.023066897755522824,-1
6707.20716524492,2,-0.016954434068971274,-1
6703.35023180807,2,-0.01659043704961544,-1
6699.49329837122,2,-0.029755857077643458,-1
6695.63636493438,2,-0.027079086850708572,-1
6691.77943149753,2,-0.012238745122853577,-1
6687.92249806068,2,-0.01339309214348396,-1
6684.06556462384,2,-0.013257039435309819,-1
6680.20863118699,2,-0.01226888118655611,-1
6676.35169775014,2,-0.027719625354976608,-1
6672.49476431329,2,-0.021140706544642385,-1
6668.63783087645,2,-0.013976277867751413,-1
6664.7808974396,2,-0.0084526802561909961,-1
6660.92396400275,2,0.00087044467481736947,-1
6657.0670305659,2,0.014621229775983189,-1
6653.21009712906,2,0.023349853740746617,-1
6649.35316369221,2,0.020235278006154867,-1
6645.49623025536,2,0.00018344911481761071,-1
6641.63929681852,2,-0.0067842335174052503,-1
6637.78236338167,2,-0.0018846004320787935,-1
6633.92542994482,2,0.013725390161841279,-1
6630.06849650797,2,0.01303458639647535,-1
6626.21156307113,2,0.019105823196654236,-1
6622.35462963428,2,0.016245116092757816,-1
6618.49769619743,2,0.011581575752611714,-1
6614.64076276058,2,0.0052035130148979326,-1
6610.78382932374,2,-0.0020073635137036385,-1
6606.92689588689,2,-0.00046538286105579684,-1
6603.06996245004,2,0.0098278120288755114,-1
6599.2130290132,2,0.0090221866911645316,-1
6595.35609557635,2,0.017531643301894127,-1
6591.4991621395,2,0.027167025927194739,-1
6587.64222870265,2,0.017235913393241035,-1
6583.78529526581,2,0.00797225796247167,-1
6579.92836182896,2,0.0055819589014303225,-1
6576.07142839211,2,0.01705453917573406,-1
6572.21449495526,2,0.022120947201373201,-1
6568.35756151842,2,0.012295392118053694,-1
6564.50062808157,2,0.0017675744687073633,-1
6560.64369464472,2,0.020847198319813839,-1
6556.78676120788,2,0.030643070550666274,-1
6552.92982777103,2,0.016462929891609093,-1
6549.07289433418,2,0.01310938383783942,-1
6545.21596089733,2,0.017468920501176703,-1
6541.35902746049,2,0.020122054620772857,-1
6537.50209402364,2,0.018554092477885784,-1
6533.64516058679,2,0.022733386690166942,-1
6529.78822714994,2,0.033363556681033697,-1
6525.9312937131,2,0.028902748413766562,-1
6522.07436027625,2,0.018670840922393097,-1
6518.2174268394,2,0.013860370166584774,-1
6514.36049340256,2,0.01599206812206537,-1
6510.50355996571,2,0.017372848860827544,-1
6506.64662652886,2,0.025474232319518932,-1
6502.78969309201,2,0.027583815524507893,-1
6498.93275965517,2,0.024416648957811239,-1
6495.07582621832,2,0.01732815710540726,-1
6491.21889278147,2,0.015835807057984069,-1
6487.36195934462,2,0.014641922735791346,-1
6483.50502590778,2,0.012571135872808545,-1
6479.64809247093,2,0.0074633531337913207,-1
6475.79115903408,2,-0.0022085278737147135,-1
6471.93422559724,2,-0.0071795952024712355,-1
6468.07729216039,2,0.00076199342631178436,-1
6464.22035872354,2,0.020113010564370135,-1
6460.36342528669,2,0.016608965536998872,-1
6456.50649184985,2,0.0052248995944603393,-1
6452.649558413,2,0.0049296869576014478,-1
6448.79262497615,2,-0.0053752132139650776,-1
6444.9356915393,2,0.0023525683888395896,-1
6441.07875810246,2,0.012768247792322831,-1
6437.22182466561,2,0.01806224863741954,-1
6433.36489122876,2,0.019636309495355043,-1
6429.50795779192,2,0.0068194892302416207,-1
6425.65102435507,2,0.001772665932981159,-1
6421.79409091822,2,0.014252265660975153,-1
6417.93715748137,2,0.013769705564950944,-1
6414.08022404453,2,0.017595313506966425,-1
6410.22329060768,2,0.017982458468196471,-1
6406.36635717083,2,0.0084995926800503288,-1
6402.50942373398,2,-0.0076507631649763083,-1
6398.65249029714,2,-0.0029441543450929243,-1
6394.79555686029,2,0.0045202780893996482,-1
6390.93862342344,2,0.019042662353972253,-1
6387.08168998659,2,0.033630550692561711,-1
6383.22475654975,2,0.023720859728884512,-1
6379.3678231129,2,0.0024803243966872771,-1
6375.51088967605,2,0.014575434612708247,-1
6371.6539562392,2,0.014686201652594337,-1
6367.79702280236,2,0.0049323275912914492,-1
6363.94008936551,2,0.011580293377177382,-1
6360.08315592866,2,0.024160128944236348,-1
6356.22622249182,2,0.021176251566936328,-1
6352.36928905497,2,0.012907880222169628,-1
6348.51235561812,2,0.0167552296614316,-1
6344.65542218127,2,0.011160860611602765,-1
6340.79848874443,2,0.0068798828605775948,-1
6336.94155530758,2,0.01757608703597088,-1
6333.08462187073,2,0.013826696703985432,-1
6329.22768843388,2,0.006485149712156993,-1
6325.37075499704,2,0.002131906515054099,-1
6321.51382156019,2,-0.0066984485291071427,-1
6317.65688812334,2,0.0064266666910484018,-1
6313.7999546865,2,0.02225494499084665,-1
6309.94302124965,2,0.01426495306962525,-1
6306.0860878128,2,0.0055581318510001749,-1
6302.22915437595,2,0.003423927871982486,-1
6298.37222093911,2,0.0054828981687474387,-1
6294.51528750226,2,0.0085748271278593084,-1
6290.65835406541,2,0.0050697437197856285,-1
6286.80142062856,2,-0.00039597299620882693,-1
6282.94448719172,2,-0.016581904566907051,-1
6279.08755375487,2,-0.026735022320801383,-1
6275.23062031802,2,-0.010123577523850338,-1
6271.37368688118,2,0.0036553345400305399,-1
6267.51675344433,2,0.0031637338798091944,-1
6263.65982000748,2,-0.0073899178740010427,-1
6259.80288657063,2,-0.0095633067680303881,-1
6255.94595313379,2,-0.0038681324042857432,-1
6252.08901969694,2,-0.0097614008304840634,-1
6248.23208626009,2,-0.025745418631338876,-1
6244.37515282324,2,-0.029146373952086749,-1
6240.5182193864,2,-0.02635001264856815,-1
6236.66128594955,2,-0.020231561664785781,-1
6232.8043525127,2,-0.023945094680332384,-1
6228.94741907586,2,-0.023852441114688195,-1
6225.09048563901,2,-0.030783239913782439,-1
6221.23355220216,2,-0.045879436003660033,-1
6217.37661876531,2,-0.037047865085770772,-1
6213.51968532847,2,-0.03097214157778326,-1
6209.66275189162,2,-0.031358113242914328,-1
6205.80581845477,2,-0.029623419041707164,-1
6201.94888501792,2,-0.030298913932487948,-1
6198.09195158108,2,-0.031989657730071105,-1
6194.23501814423,2,-0.038484677990849619,-1
6190.37808470738,2,-0.030314403664927544,-1
6186.52115127054,2,-0.024228574257234209,-1
6182.66421783369,2,-0.019505573751368847,-1
6178.80728439684,2,-0.015970778431774191,-1
6174.95035095999,2,-0.023792048385692422,-1
6171.09341752315,2,-0.02684225517548652,-1
6167.2364840863,2,-0.029812548797624582,-1
6163.37955064945,2,-0.027006640765485968,-1
6159.5226172126,2,-0.016044635724377362,-1
6155.66568377576,2,-0.011532199259755392,-1
6151.80875033891,2,-0.0080874879922022986,-1
6147.95181690206,2,-0.0042725712812252837,-1
6144.09488346522,2,-0.0042694017117935329,-1
6140.23795002837,2,-0.0086125405639454391,-1
6136.38101659152,2,-0.0016152347734692488,-1
6132.52408315467,2,-0.0077497645500638791,-1
6128.66714971783,2,-0.01271714052700996,-1
6124.81021628098,2,0.00036158698558866141,-1
6120.95328284413,2,0.015432951880311404,-1
6117.09634940728,2,0.029191284256253308,-1
6113.23941597044,2,0.032191313579868146,-1
6109.38248253359,2,0.022322817107550363,-1
6105.52554909674,2,0.023288992618371106,-1
6101.6686156599,2,0.030476450397212588,-1
6097.81168222305,2,0.03216617212027803,-1
6093.9547487862,2,0.041970796603789065,-1
6090.09781534935,2,0.051396581122263169,-1
6086.24088191251,2,0.051563164444377647,-1
6082.38394847566,2,0.053768916518611529,-1
6078.52701503881,2,0.051741006632474461,-1
6074.67008160196,2,0.058298616501470175,-1
6070.81314816512,2,0.065354913404800957,-1
6066.95621472827,2,0.060853492494898499,-1
6063.09928129142,2,0.046811360104725558,-1
6059.24234785458,2,0.042439524542356923,-1
6055.38541441773,2,0.044512388663593597,-1
6051.52848098088,2,0.040238080567064093,-1
6047.67154754403,2,0.034168791464444903,-1
6043.81461410719,2,0.037371284236132514,-1
6039.95768067034,2,0.028273273028432942,-1
6036.10074723349,2,0.022674958309055773,-1
6032.24381379664,2,0.025957555612317308,-1
6028.3868803598,2,0.023161494493059775,-1
6024.52994692295,2,0.012402528391677629,-1
6020.6730134861,2,0.0034774300911295008,-1
6016.81608004926,2,-0.0064338193007385551,-1
6012.95914661241,2,-0.01313390913143256,-1
6009.10221317556,2,-0.01513035970167695,-1
6005.24527973871,2,-0.019026587735641778,-1
6001.38834630187,2,-0.039754963766031444,-1
5997.53141286502,2,-0.028657839250167783,-1
5993.67447942817,2,-0.027334060579332332,-1
5989.81754599132,2,-0.035086437626977697,-1
5985.96061255448,2,-0.034905283349377231,-1
5982.10367911763,2,-0.032686054376505673,-1
5978.24674568078,2,-0.029623299424547767,-1
5974.38981224394,2,-0.033207071914141316,-1
5970.53287880709,2,-0.024616696017611437,-1
5966.67594537024,2,-0.016377957034237126,-1
5962.81901193339,2,-0.018594791727339098,-1
5958.96207849655,2,-0.010242066067695314,-1
5955.1051450597,2,-0.0126890127497184,-1
5951.24821162285,2,-0.021580630421110584,-1
5947.391278186,2,-0.019862086916462452,-1
5943.53434474916,2,-0.022838560516844908,-1
5939.67741131231,2,-0.020931044452757456,-1
5935.82047787546,2,-0.02749790908646722,-1
5931.96354443862,2,-0.037057997013261096,-1
5928.10661100177,2,-0.04110859132771906,-1
5924.24967756492,2,-0.046878475388836847,-1
5920.39274412807,2,-0.042375104342148417,-1
5916.53581069123,2,-0.043251828446131756,-1
5912.67887725438,2,-0.045131335549721978,-1
5908.82194381753,2,-0.039759007674684016,-1
5904.96501038068,2,-0.037048810344251656,-1
5901.10807694384,2,-0.028064141369437658,-1
5897.25114350699,2,-0.015688034500694188,-1
5893.39421007014,2,-0.011082443231499213,-1
5889.5372766333,2,-0.01338076429093453,-1
5885.68034319645,2,-0.013827474808748887,-1
5881.8234097596,2,-0.012834158203185668,-1
5877.96647632275,2,-0.0084314710148586935,-1
5874.10954288591,2,0.0052410355282219,-1
5870.25260944906,2,0.015844062285814132,-1
5866.39567601221,2,0.027145615465794984,-1
5862.53874257536,2,0.03416651565350716,-1
5858.68180913852,2,0.033901675193543118,-1
5854.82487570167,2,0.034322473202603267,-1
5850.96794226482,2,0.03271220006863048,-1
5847.11100882798,2,0.040570166823275106,-1
5843.25407539113,2,0.059016669149146772,-1
5839.39714195428,2,0.061425142842777142,-1
5835.54020851743,2,0.073208130797667664,-1
5831.68327508059,2,0.075817946601014194,-1
5827.82634164374,2,0.073628088948782949,-1
5823.96940820689,2,0.07130146424061537,-1
5820.11247477004,2,0.065883236811167173,-1
5816.2555413332,2,0.060800010634483322,-1
5812.39860789635,2,0.067036229373105868,-1
5808.5416744595,2,0.058393575376149524,-1
5804.68474102266,2,0.034024072311792726,-1
5800.82780758581,2,0.016265812545881549,-1
5796.97087414896,2,0.017954638534364426,-1
5793.11394071211,2,0.019087251879959653,-1
5789.25700727527,2,0.0090023681760580451,-1
5785.40007383842,2,0.0040962687433093092,-1
5781.54314040157,2,0.0049896699357137777,-1
5777.68620696472,2,-0.00013200194085897821,-1
5773.82927352788,2,-0.0095054824129775419,-1
5769.97234009103,2,-0.018891473216779076,-1
5766.11540665418,2,-0.016740861875847276,-1
5762.25847321733,2,-0.015467777230461291,-1
5758.40153978049,2,-0.015311930953796809,-1
5754.54460634364,2,-0.016453431118731633,-1
5750.68767290679,2,-0.018808975175823837,-1
5746.83073946995,2,-0.020524509271679044,-1
5742.9738060331,2,-0.019645903002504708,-1
5739.11687259625,2,-0.0199769071908826,-1
5735.2599391594,2,-0.01807390974996605,-1
5731.40300572256,2,-0.029702348579475801,-1
5727.54607228571,2,-0.041756897414151221,-1
5723.68913884886,2,-0.034865443046996285,-1
5719.83220541201,2,-0.026528866117513289,-1
5715.97527197517,2,-0.02503243048507112,-1
5712.11833853832,2,-0.026509161067189826,-1
5708.26140510147,2,-0.02992776788257144,-1
5704.40447166463,2,-0.025660365308370112,-1
5700.54753822778,2,-0.028975912027489559,-1
5696.69060479093,2,-0.027786546249468018,-1
5692.83367135408,2,-0.034559874563814423,-1
5688.97673791724,2,-0.043245537840767283,-1
5685.11980448039,2,-0.036879414863489723,-1
5681.26287104354,2,-0.032435657975585445,-1
5677.40593760669,2,-0.03345488414209017,-1
5673.54900416985,2,-0.034880147377049489,-1
5669.692070733,2,-0.025743894076260394,-1
5665.83513729615,2,-0.016683955477865053,-1
5661.97820385931,2,-0.018038198708816514,-1
5658.12127042246,2,-0.026253720547824426,-1
5654.26433698561,2,-0.022615189205498397,-1
5650.40740354876,2,-0.019500642550837999,-1
5646.55047011192,2,-0.016666762623650744,-1
5642.69353667507,2,-0.011409256545467063,-1
5638.83660323822,2,-0.011336038016652098,-1
5634.97966980137,2,0.0010013385572288412,-1
5631.12273636453,2,0.011484267793810758,-1
5627.26580292768,2,0.007598822932098407,-1
5623.40886949083,2,0.01038743291443436,-1
5619.55193605399,2,0.015994391109116664,-1
5615.69500261714,2,0.01459989739932315,-1
5611.83806918029,2,0.012672458464166312,-1
5607.98113574344,2,0.0047230819323007094,-1
5604.1242023066,2,0.021352237408162892,-1
5600.26726886975,2,0.026492992488902439,-1
5596.4103354329,2,0.02597532666156183,-1
5592.55340199605,2,0.0056555379540016932,-1
5588.69646855921,2,-0.0033421230236767054,-1
5584.83953512236,2,0.0075143160301600655,-1
5580.98260168551,2,0.0087175776202847634,-1
5577.12566824867,2,0.00032256574179853002,-1
5573.26873481182,2,-0.013347925856567074,-1
5569.41180137497,2,-0.0072411956811074523,-1
5565.55486793812,2,-0.0026010665656248815,-1
5561.69793450128,2,-0.01468787566704147,-1
5557.84100106443,2,-0.013241605207499306,-1
5553.98406762758,2,0.0060762812393551262,-1
5550.12713419073,2,0.006195946395562789,-1
5546.27020075389,2,-0.0053210115053909822,-1
5542.41326731704,2,-0.016890586824169152,-1
5538.55633388019,2,-0.0084993763837375585,-1
5534.69940044334,2,-0.0057123625773565579,-1
5530.8424670065,2,-0.016430053698925452,-1
5526.98553356965,2,-0.0092562859510469178,-1
5523.1286001328,2,0.0021782178786941965,-1
5519.27166669596,2,0.023380060880904666,-1
5515.41473325911,2,0.017014550494293984,-1
5511.55779982226,2,0.0051366394545308254,-1
5507.70086638541,2,0.022015731152187658,-1
5503.84393294857,2,0.0073783972423782738,-1
5499.98699951172,2,-0.0017531772917799805,-1
5496.13006607487,2,0.0060057198900802314,-1
5492.27313263802,2,0.011633421824264346,-1
5488.41619920118,2,0.010710503927233599,-1
5484.55926576433,2,0.0032617562719745668,-1
5480.70233232748,2,-0.0077141065557537461,-1
5476.84539889064,2,-0.018016356205998622,-1
5472.98846545379,2,-0.0071237729482316898,-1
5469.13153201694,2,-0.0043729696028530383,-1
5465.27459858009,2,0.0088071147073000376,-1
5461.41766514325,2,-0.017205459918028715,-1
5457.5607317064,2,-0.022254391315634923,-1
5453.70379826955,2,-0.016015644168819624,-1
5449.8468648327,2,-0.029037699119806294,-1
5445.98993139586,2,0.0014001301248792845,-1
5442.13299795901,2,-0.017321650411471261,-1
5438.27606452216,2,-0.052793350261534873,-1
5434.41913108532,2,-0.010461707854978757,-1
5430.56219764847,2,0.0019435297390071801,-1
5426.70526421162,2,0.0025920070387618764,-1
5422.84833077477,2,-0.025355649436709052,-1
5418.99139733793,2,-0.013281769112352867,-1
5415.13446390108,2,-0.0007411895790874264,-1
5411.27753046423,2,0.0047907873824558841,-1
5407.42059702738,2,-0.006519865490103265,-1
5403.56366359054,2,0.0058844842729314333,-1
5399.70673015369,2,-0.010662704039102161,-1
5395.84979671684,2,-0.00079078700829077469,-1
5391.99286328,2,-0.00022163573468852578,-1
5388.13592984315,2,0.0060069050017442669,-1
5384.2789964063,2,0.015834291268241259,-1
5380.42206296945,2,0.0032779911857863039,-1
5376.56512953261,2,0.01300719480989283,-1
5372.70819609576,2,0.025807573206002854,-1
5368.85126265891,2,0.026055218776282852,-1
5364.99432922206,2,0.040571712188907497,-1
5361.13739578522,2,0.017418044858698765,-1
5357.28046234837,2,0.021720488470251324,-1
5353.42352891152,2,0.051233400302559705,-1
5349.56659547468,2,0.035456145223125755,-1
5345.70966203783,2,0.0033051731499499073,-1
5341.85272860098,2,-0.012496626346303431,-1
5337.99579516413,2,-0.010496072593472667,-1
5334.13886172729,2,0.0082544269974993856,-1
5330.28192829044,2,0.0063985064094842755,-1
5326.42499485359,2,0.024416954056741887,-1
5322.56806141674,2,0.022834130394895021,-1
5318.7111279799,2,0.02591858944628888,-1
5314.85419454305,2,0.026034441930477315,-1
5310.9972611062,2,0.0080010845833272601,-1
5307.14032766935,2,-0.022244563557204278,-1
5303.28339423251,2,0.0011504904029630979,-1
5299.42646079566,2,0.01501745788110167,-1
5295.56952735881,2,0.010228375650186696,-1
5291.71259392197,2,-0.010883005776539424,-1
5287.85566048512,2,-0.0032258518965732289,-1
5283.99872704827,2,-0.007663602567939915,-1
5280.14179361142,2,0.0038075482244383607,-1
5276.28486017458,2,-0.003505981205567674,-1
5272.42792673773,2,-0.0052378426483415726,-1
5268.57099330088,2,-0.0070985302741051306,-1
5264.71405986403,2,-0.0074018495228383198,-1
5260.85712642719,2,-0.0094735883145565681,-1
5257.00019299034,2,-0.0020442916440624754,-1
5253.14325955349,2,-0.011447530446778214,-1
5249.28632611665,2,-0.0092306389288611436,-1
5245.4293926798,2,-0.012089236499422543,-1
5241.57245924295,2,-0.0076994814069960109,-1
5237.7155258061,2,0.0018024630500241441,-1
5233.85859236926,2,0.01268781707916089,-1
5230.00165893241,2,0.01431499554745167,-1
5226.14472549556,2,0.0069179406980841582,-1
5222.28779205871,2,-0.0042550279175165972,-1
5218.43085862187,2,-0.0052575287368658349,-1
5214.57392518502,2,-0.014072231319683234,-1
5210.71699174817,2,-0.0062293396068735171,-1
5206.86005831133,2,0.0090278167694291186,-1
5203.00312487448,2,-0.0057615055115102032,-1
5199.14619143763,2,0.0046416186842010284,-1
5195.28925800078,2,0.010807796341009639,-1
5191.43232456394,2,0.01427141250005028,-1
5187.57539112709,2,0.022985572870076128,-1
5183.71845769024,2,0.01585249279769772,-1
5179.86152425339,2,0.020022520234426334,-1
5176.00459081655,2,0.018331206700695397,-1
5172.1476573797,2,0.017750006887102123,-1
5168.29072394285,2,0.03392897031935492,-1
5164.43379050601,2,0.02917510180947679,-1
5160.57685706916,2,0.024137358899949911,-1
5156.71992363231,2,0.024429642097278537,-1
5152.86299019546,2,0.023745880198638332,-1
5149.00605675862,2,0.022448938060339155,-1
5145.14912332177,2,0.018857201345109296,-1
5141.29218988492,2,0.016295898357922813,-1
5137.43525644807,2,0.0089752508064560171,-1
5133.57832301123,2,0.0095104223239516113,-1
5129.72138957438,2,0.0053784099767408122,-1
5125.86445613753,2,-0.0027037444481670062,-1
5122.00752270069,2,-0.003057672917525304,-1
5118.15058926384,2,0.00034269083928511947,-1
5114.29365582699,2,0.010424137003200804,-1
5110.43672239014,2,0.0076930940668021143,-1
5106.5797889533,2,0.0027554583295696477,-1
5102.72285551645,2,-0.0047394057098298125,-1
5098.8659220796,2,-0.011736183502002062,-1
5095.00898864275,2,-0.012396996386540826,-1
5091.15205520591,2,-0.0089282106786615911,-1
5087.29512176906,2,-0.015356823621389229,-1
5083.43818833221,2,-0.020401523359099252,-1
5079.58125489536,2,-0.02422153740998622,-1
5075.72432145852,2,-0.025642597507020505,-1
5071.86738802167,2,-0.029868831823579679,-1
5068.01045458482,2,-0.031856201239297798,-1
5064.15352114798,2,-0.039617907705610758,-1
5060.29658771113,2,-0.038375592780530939,-1
5056.43965427428,2,-0.046432197455683229,-1
5052.58272083743,2,-0.048960088227537162,-1
5048.72578740059,2,-0.045587967376967742,-1
5044.86885396374,2,-0.03492336444260602,-1
5041.01192052689,2,-0.032554551660500135,-1
5037.15498709004,2,-0.026788900060887945,-1
5033.2980536532,2,-0.017395954757845403,-1
5029.44112021635,2,-0.01297563953312301,-1
5025.5841867795,2,-0.012790174591356843,-1
5021.72725334266,2,-0.0066500932851948644,-1
5017.87031990581,2,-0.0016308666645933696,-1
5014.01338646896,2,0.014553981213030203,-1
5010.15645303211,2,0.02388199779384793,-1
5006.29951959527,2,0.030393296505675457,-1
5002.44258615842,2,0.022366336666321276,-1
4998.58565272157,2,0.021815335567638899,-1
4994.72871928472,2,0.021268347135718405,-1
4990.87178584788,2,0.014648778022518665,-1
4987.01485241103,2,0.0053613956990688338,-1
4983.15791897418,2,0.0061804139062996812,-1
4979.30098553734,2,0.001908955095390225,-1
4975.44405210049,2,0.00035607313102577046,-1
4971.58711866364,2,-0.0047825069141935921,-1
4967.73018522679,2,-0.00675655446404691,-1
4963.87325178995,2,-0.009315603682240289,-1
4960.0163183531,2,-0.0091043381851729274,-1
4956.15938491625,2,-0.010044466335664965,-1
4952.3024514794,2,-0.010542551388106444,-1
4948.44551804256,2,-0.01616315234147184,-1
4944.58858460571,2,-0.02037895177410709,-1
4940.73165116886,2,-0.025303157723582492,-1
4936.87471773202,2,-0.019602570718119078,-1
4933.01778429517,2,-0.019349282679053798,-1
4929.16085085832,2,-0.020925771908671165,-1
4925.30391742147,2,-0.02398518254369392,-1
4921.44698398463,2,-0.02033161089915439,-1
4917.59005054778,2,-0.012274243824025022,-1
4913.73311711093,2,-0.0080867209685360694,-1
4909.87618367408,2,-0.011813209284301405,-1
4906.01925023724,2,-0.014136188670383831,-1
4902.16231680039,2,-0.013565629329250319,-1
4898.30538336354,2,-0.008325934720161696,-1
4894.4484499267,2,-0.0039426395650466722,-1
4890.59151648985,2,0.0061763663146509242,-1
4886.734583053,2,0.011754478176563174,-1
4882.87764961615,2,0.0071042611223180027,-1
4879.02071617931,2,0.0002049651389222208,-1
4875.16378274246,2,0.0066861466809766974,-1
4871.30684930561,2,0.012987057496262206,-1
4867.44991586876,2,0.020952569569338116,-1
4863.59298243192,2,0.017475368160074237,-1
4859.73604899507,2,0.01485060562945913,-1
4855.87911555822,2,0.0038384959253136,-1
4852.02218212137,2,0.00096191366770530663,-1
4848.16524868453,2,0.0030712804898204303,-1
4844.30831524768,2,0.01039097727125431,-1
4840.45138181083,2,0.0041706489036900246,-1
4836.59444837399,2,-0.0026121920444172617,-1
4832.73751493714,2,-0.015781441859392294,-1
4828.88058150029,2,-0.015823878945441343,-1
4825.02364806344,2,-0.013802601851927884,-1
4821.1667146266,2,-0.012559300094649154,-1
4817.30978118975,2,-0.019238759912265237,-1
4813.4528477529,2,-0.015509343655265906,-1
4809.59591431605,2,-0.017464162216103418,-1
4805.73898087921,2,-0.023669015367381818,-1
4801.88204744236,2,-0.026695434954514471,-1
4798.02511400551,2,-0.014764861498731749,-1
4794.16818056867,2,-0.01186376004458301,-1
4790.31124713182,2,-0.020477263564274623,-1
4786.45431369497,2,-0.025931448841057157,-1
4782.59738025812,2,-0.027719889246254417,-1
4778.74044682128,2,-0.03526191550173665,-1
4774.88351338443,2,-0.031762392689088842,-1
4771.02657994758,2,-0.036854002004972131,-1
4767.16964651073,2,-0.036221103016499522,-1
4763.31271307389,2,-0.034023312825585308,-1
4759.45577963704,2,-0.030500167891735253,-1
4755.59884620019,2,-0.026223110101867723,-1
4751.74191276335,2,-0.02057926564913443,-1
4747.8849793265,2,-0.019756474684840753,-1
4744.02804588965,2,-0.01455163850036589,-1
4740.1711124528,2,-0.012004321903827362,-1
4736.31417901596,2,-0.010077225744966284,-1
4732.45724557911,2,-0.013208375022890623,-1
4728.60031214226,2,-0.011507182623718901,-1
4724.74337870541,2,-0.0046507275548733976,-1
4720.88644526857,2,0.0010501422917505387,-1
4717.02951183172,2,0.0048149926764316786,-1
4713.17257839487,2,0.0028468566624392255,-1
4709.31564495803,2,-0.0030861953630960583,-1
4705.45871152118,2,0.0053384327268933447,-1
4701.60177808433,2,0.014935407621649271,-1
4697.74484464748,2,0.022916069757274175,-1
4693.88791121064,2,0.02316711992445384,-1
4690.03097777379,2,0.021295394345291142,-1
4686.17404433694,2,0.0096246737996865377,-1
4682.31711090009,2,0.012367180761666817,-1
4678.46017746325,2,0.014588641299013197,-1
4674.6032440264,2,0.018873646160579922,-1
4670.74631058955,2,0.017499625971051168,-1
4666.88937715271,2,0.012547733248596373,-1
4663.03244371586,2,-0.0041682885472257378,-1
4659.17551027901,2,-0.015710838905099576,-1
4655.31857684216,2,-0.0086449242450449392,-1
4651.46164340532,2,0.0056187492236884186,-1
4647.60470996847,2,-0.0024465143057115241,-1
4643.74777653162,2,-0.0041765563840336691,-1
4639.89084309477,2,-0.0060725955139424763,-1
4636.03390965793,2,0.0065596767275196647,-1
4632.17697622108,2,0.015324834675399366,-1
4628.32004278423,2,0.030697889227680127,-1
4624.46310934739,2,0.035467518320538918,-1
4620.60617591054,2,0.025299735699136183,-1
4616.74924247369,2,0.022567072732302771,-1
4612.89230903684,2,0.032124030311589481,-1
4609.0353756,2,0.02850091197146426,-1
4605.17844216315,2,0.028567663043117173,-1
4601.3215087263,2,0.033407822756015074,-1
4597.46457528945,2,0.033701963927874529,-1
4593.60764185261,2,0.022505408846100423,-1
4589.75070841576,2,0.014135808017523673,-1
4585.89377497891,2,0.015956473397883052,-1
4582.03684154207,2,0.027675215234671004,-1
4578.17990810522,2,0.029622528782393971,-1
4574.32297466837,2,0.028917335135983102,-1
4570.46604123152,2,0.012159418694460222,-1
4566.60910779468,2,0.010286099300763064,-1
4562.75217435783,2,0.00085497325898821453,-1
4558.89524092098,2,-0.0038215166026994811,-1
4555.03830748413,2,-0.001497597911047512,-1
4551.18137404729,2,0.0045748552541612884,-1
4547.32444061044,2,0.0071692026438511351,-1
4543.46750717359,2,0.0018366653260722893,-1
4539.61057373675,2,-0.0060536678819685654,-1
4535.7536402999,2,-0.012549166852394225,-1
4531.89670686305,2,-0.0076027306321091882,-1
4528.0397734262,2,0.0070089317860452674,-1
4524.18283998936,2,0.0049765076771408137,-1
4520.32590655251,2,0.0067103929422124399,-1
4516.46897311566,2,-0.002131445336617369,-1
4512.61203967881,2,0.0028539673114640748,-1
4508.75510624197,2,0.015052756379931623,-1
4504.89817280512,2,0.015268468124215529,-1
4501.04123936827,2,0.011576783369804559,-1
4497.18430593143,2,0.011168667978077517,-1
4493.32737249458,2,-0.0058706756311023732,-1
4489.47043905773,2,-0.016126133421822793,-1
4485.61350562088,2,-0.023313653557383709,-1
4481.75657218404,2,-0.0080246204458117622,-1
4477.89963874719,2,0.0017714398452777595,-1
4474.04270531034,2,-0.0018807981689560496,-1
4470.18577187349,2,-0.018386557341604898,-1
4466.32883843665,2,-0.023194603432593067,-1
4462.4719049998,2,-0.018959074934612612,-1
4458.61497156295,2,-0.0027008746224641516,-1
4454.75803812611,2,0.0098733448684962481,-1
4450.90110468926,2,0.0056724166449681175,-1
4447.04417125241,2,-0.019060942249759752,-1
4443.18723781556,2,-0.019809569595006207,-1
4439.33030437872,2,-0.0030424098391023582,-1
4435.47337094187,2,0.02022046971164395,-1
4431.61643750502,2,0.028911159771967131,-1
4427.75950406817,2,0.033372851268516544,-1
4423.90257063133,2,0.020129562542813301,-1
4420.04563719448,2,0.011402514861502171,-1
4416.18870375763,2,0.0057705675399797379,-1
4412.33177032078,2,0.0042634611740097472,-1
4408.47483688394,2,-0.0087663499193452385,-1
4404.61790344709,2,-0.019134113609509295,-1
4400.76097001024,2,-0.03534014176776433,-1
4396.9040365734,2,-0.040174848697488524,-1
4393.04710313655,2,-0.040772214814269292,-1
4389.1901696997,2,-0.023876376933758995,-1
4385.33323626285,2,-0.0090272478563585522,-1
4381.47630282601,2,0.0081717248647066899,-1
4377.61936938916,2,0.014292224656273627,-1
4373.76243595231,2,0.017917452386442188,-1
4369.90550251546,2,0.011381610169020642,-1
4366.04856907862,2,-0.006534674137812441,-1
4362.19163564177,2,-0.031901187604347313,-1
4358.33470220492,2,-0.053681530141423267,-1
4354.47776876808,2,-0.069914834414049207,-1
4350.62083533123,2,-0.068672358574032602,-1
4346.76390189438,2,-0.072280524732592735,-1
4342.90696845753,2,-0.066715923584534015,-1
4339.05003502069,2,-0.050509538712701987,-1
4335.19310158384,2,-0.025016539735030791,-1
4331.33616814699,2,0.0013290152995076524,-1
4327.47923471014,2,0.013700838034415385,-1
4323.6223012733,2,0.0026450592302913051,-1
4319.76536783645,2,-0.0062758293905626865,-1
4315.9084343996,2,0.004030838300240292,-1
4312.05150096276,2,0.023491788250730363,-1
4308.19456752591,2,0.033868578812895782,-1
4304.33763408906,2,0.029658338499058811,-1
4300.48070065221,2,0.014291085926967833,-1
4296.62376721537,2,0.0063874040567475591,-1
4292.76683377852,2,-0.0053082615990856603,-1
4288.90990034167,2,-0.0073774220069271357,-1
4285.05296690482,2,-0.012654071479190232,-1
4281.19603346798,2,-0.015875305184349039,-1
4277.33910003113,2,-0.040474295749582598,-1
4273.48216659428,2,-0.048067661890137954,-1
4269.62523315744,2,-0.049801994178057363,-1
4265.76829972059,2,-0.033144011342113193,-1
4261.91136628374,2,-0.025275722837161448,-1
4258.05443284689,2,-0.022743877793761011,-1
4254.19749941005,2,-0.036433820423517872,-1
4250.3405659732,2,-0.036860123509404694,-1
4246.48363253635,2,-0.030823766454103421,-1
4242.6266990995,2,-0.0096185430016377214,-1
4238.76976566266,2,0.00048852316857661711,-1
4234.91283222581,2,0.00050678967842439544,-1
4231.05589878896,2,-0.0047817925019444556,-1
4227.19896535212,2,-0.0026173875037293695,-1
4223.34203191527,2,0.013293831998141598,-1
4219.48509847842,2,0.031928286808496693,-1
4215.62816504157,2,0.028842514829854362,-1
4211.77123160473,2,0.024267135172803513,-1
4207.91429816788,2,0.012540860839048385,-1
4204.05736473103,2,0.015781769043684332,-1
4200.20043129418,2,0.011813937657011383,-1
4196.34349785734,2,0.0091467223881615371,-1
4192.48656442049,2,0.001248197734872821,-1
4188.62963098364,2,0.001455236006030989,-1
4184.7726975468,2,-0.0059092749362651392,-1
4180.91576410995,2,-0.0092029380852262366,-1
4177.0588306731,2,-0.013182054249291555,-1
4173.20189723625,2,0.00070948604315784053,-1
4169.34496379941,2,0.015900931991536988,-1
4165.48803036256,2,0.020758398071168863,-1
4161.63109692571,2,0.024823427356764363,-1
4157.77416348886,2,0.036191010561985704,-1
4153.91723005202,2,0.042639360300670295,-1
4150.06029661517,2,0.054131433232147398,-1
4146.20336317832,2,0.056515393535765533,-1
4142.34642974148,2,0.064838181126387298,-1
4138.48949630463,2,0.071483740590224207,-1
4134.63256286778,2,0.07629383068342166,-1
4130.77562943093,2,0.057877162303564551,-1
4126.91869599409,2,0.042879677859237249,-1
4123.06176255724,2,0.037665607515170799,-1
4119.20482912039,2,0.042098101502260871,-1
4115.34789568354,2,0.042365577259060969,-1
4111.4909622467,2,0.034194768183063634,-1
4107.63402880985,2,0.019250827151204519,-1
4103.777095373,2,0.0084172862726218031,-1
4099.92016193616,2,-0.0022185415182035561,-1
4096.06322849931,2,0.0074384332946930655,-1
4092.20629506246,2,0.01681516414552691,-1
4088.34936162561,2,0.025059006639701217,-1
4084.49242818877,2,0.015765166016669128,-1
4080.63549475192,2,0.0031492685053465296,-1
4076.77856131507,2,-0.0026957879767902661,-1
4072.92162787822,2,0.0087773806905577286,-1
4069.06469444138,2,0.029561881358574592,-1
4065.20776100453,2,0.051278110999708124,-1
4061.35082756768,2,0.042992152151575647,-1
4057.49389413083,2,0.0269762509863988,-1
4053.63696069399,2,0.026945610513410104,-1
4049.78002725714,2,0.045289117630542018,-1
4045.92309382029,2,0.049013451511245969,-1
4042.06616038345,2,0.041496543041417082,-1
4038.2092269466,2,0.019244870088743621,-1
4034.35229350975,2,0.0092553536923106888,-1
4030.4953600729,2,-0.0018585438710688503,-1
4026.63842663606,2,-0.0007113359332241361,-1
4022.78149319921,2,-0.015504750158489788,-1
4018.92455976236,2,-0.028877599080151833,-1
4015.06762632551,2,-0.046806147991971837,-1
4011.21069288867,2,-0.055677547723231864,-1
4007.35375945182,2,-0.07271797004246372,-1
4003.49682601497,2,-0.083424518242008083,-1
3999.63989257813,2,-0.088502981515262924,-1
10001.0283203125,3,0.025603283938822184,1
9997.17138687565,3,0.048268118531686652,1
9993.31445343881,3,0.0072313367940111048,1
9989.45752000196,3,-0.031047185239637058,1
9985.60058656511,3,-0.029572798178088954,1
9981.74365312826,3,-0.010804637240108583,1
9977.88671969142,3,-0.030470983384534508,1
9974.02978625457,3,-0.0028814410339595077,1
9970.17285281772,3,0.0099714678966602282,1
9966.31591938088,3,0.021524031186315868,1
9962.45898594403,3,-0.0091707749368300263,1
9958.60205250718,3,-0.055436438083909398,1
9954.74511907033,3,-0.068275890503468883,1
9950.88818563349,3,-0.084353801030689221,1
9947.03125219664,3,-0.075036608892587772,1
9943.17431875979,3,-0.03056376047796008,1
9939.31738532294,3,0.030331569823677015,1
9935.4604518861,3,0.026477557699029659,1
9931.60351844925,3,0.009267409434541754,1
9927.7465850124,3,-0.013982004543313414,1
9923.88965157556,3,-0.02983658038022631,1
9920.03271813871,3,-0.014349220275848939,1
9916.17578470186,3,0.010915685097741018,1
9912.31885126501,3,0.0094574370650028598,1
9908.46191782817,3,0.032799799954591743,1
9904.60498439132,3,0.041797834853338781,1
9900.74805095447,3,-0.00021981388784873024,1
9896.89111751762,3,-0.00805251466304026,1
9893.03418408078,3,0.003373265705824881,1
9889.17725064393,3,-0.0097135365410891319,1
9885.32031720708,3,0.0086890148383809915,1
9881.46338377024,3,0.041719617189294622,1
9877.60645033339,3,0.022289000002795573,1
9873.74951689654,3,-0.018418555495897153,1
9869.89258345969,3,-0.071171577632299296,1
9866.03565002284,3,-0.066999906141606433,1
9862.178716586,3,-0.043856641102422038,1
9858.32178314915,3,0.012841151170489146,1
9854.4648497123,3,0.046568329011076215,1
9850.60791627546,3,0.050246246375410232,1
9846.75098283861,3,0.042061228067403748,1
9842.89404940176,3,0.012395600023443519,1
9839.03711596492,3,-0.030640069588441177,1
9835.18018252807,3,-0.013503877533941586,1
9831.32324909122,3,-0.014294892744824927,1
9827.46631565437,3,-0.025901201586252798,1
9823.60938221752,3,-0.016954715540709989,1
9819.75244878068,3,-0.013559087795714381,1
9815.89551534383,3,-0.016983279613411107,1
9812.03858190698,3,-0.0062194443883304071,1
9808.18164847014,3,0.000386174308486773,1
9804.32471503329,3,-0.025303876265785029,1
9800.46778159644,3,-0.028098813986796263,1
9796.6108481596,3,-0.032750882577485846,1
9792.75391472275,3,-0.02856314114182289,1
9788.8969812859,3,-0.043818098112586586,1
9785.04004784905,3,-0.066353469219310429,1
9781.1831144122,3,-0.014644131898143106,1
9777.32618097536,3,0.032228059695845503,1
9773.46924753851,3,-0.014549420172955418,1
9769.61231410166,3,-0.038344840989111569,1
9765.75538066482,3,-0.027193914087377914,1
9761.89844722797,3,-0.05631660591146586,1
9758.04151379112,3,-0.064788371526072558,1
9754.18458035428,3,-0.03436267405984892,1
9750.32764691743,3,0.031758257952068727,1
9746.47071348058,3,0.026706020938810627,1
9742.61378004373,3,0.0031914384987234566,1
9738.75684660688,3,0.048721366539638107,1
9734.89991317004,3,0.1036532244343113,1
9731.04297973319,3,0.062577698158412381,1
9727.18604629634,3,0.0083517530594674153,1
9723.3291128595,3,-0.030644631743620511,1
9719.47217942265,3,-0.030864587050174103,1
9715.6152459858,3,0.0089928545089089304,1
9711.75831254896,3,0.020880989989654535,1
9707.90137911211,3,0.032878188142113747,1
9704.04444567526,3,0.014001948190043155,1
9700.18751223841,3,-0.0034686280620913603,1
9696.33057880156,3,-0.0060514411130661505,1
9692.47364536472,3,-0.025371635121359159,1
9688.61671192787,3,-0.011545902800617836,1
9684.75977849102,3,0.038811956687648128,1
9680.90284505418,3,0.024804926554395271,1
9677.04591161733,3,0.00035902233823753398,1
9673.18897818048,3,0.032558804083555659,1
9669.33204474363,3,0.056694349313721214,1
9665.47511130679,3,0.063151321623656165,1
9661.61817786994,3,0.037815747779998243,1
9657.76124443309,3,-0.0055274123278517837,1
9653.90431099624,3,-0.01046677671520454,1
9650.0473775594,3,0.0020287054295410108,1
9646.19044412255,3,0.034789961159063076,1
9642.3335106857,3,0.047341218901676606,1
9638.47657724886,3,0.018711438167375354,1
9634.61964381201,3,0.007337854619601767,1
9630.76271037516,3,-0.017098958793555386,1
9626.90577693831,3,-0.018668911485613029,1
9623.04884350147,3,0.0019537910965803252,1
9619.19191006462,3,0.010415277799969844,1
9615.33497662777,3,-0.018037589038669664,1
9611.47804319092,3,-0.044483623369439049,1
9607.62110975408,3,-0.026648642296315521,1
9603.76417631723,3,-0.0091424263687873587,1
9599.90724288038,3,0.0044717728620827391,1
9596.05030944354,3,0.050795327341850278,1
9592.19337600669,3,0.029394110766845036,1
9588.33644256984,3,0.01425694098985692,1
9584.47950913299,3,-0.012472108190663576,1
9580.62257569615,3,-0.033196684970815508,1
9576.7656422593,3,0.0061284114462444575,1
9572.90870882245,3,0.0084449835623878061,1
9569.0517753856,3,-0.0026201558316765266,1
9565.19484194876,3,-0.018816603551287732,1
9561.33790851191,3,-0.045838246048790665,1
9557.48097507506,3,-0.021113818482826376,1
9553.62404163822,3,0.016625931759434165,1
9549.76710820137,3,0.0051583374402437848,1
9545.91017476452,3,-0.030749955930688175,1
9542.05324132767,3,-0.019917619492116078,1
9538.19630789083,3,-0.0041781656221459903,1
9534.33937445398,3,-0.021190940867782282,1
9530.48244101713,3,-0.0042039390991135536,1
9526.62550758028,3,0.022966189742646505,1
9522.76857414344,3,-0.026214955962100186,1
9518.91164070659,3,-0.041827370419310582,1
9515.05470726974,3,0.00053773913353311574,1
9511.1977738329,3,0.01395396560289174,1
9507.34084039605,3,0.0261997114624886,1
9503.4839069592,3,0.06005422906087389,1
9499.62697352235,3,0.065472844433781652,1
9495.77004008551,3,0.033943183328282424,1
9491.91310664866,3,0.021942296137674479,1
9488.05617321181,3,0.0088492544441154779,1
9484.19923977496,3,0.0072604916248310801,1
9480.34230633812,3,0.0056089564420547496,1
9476.48537290127,3,0.01308126405636976,1
9472.62843946442,3,0.016979500592780486,1
9468.77150602758,3,-0.011470858183817611,1
9464.91457259073,3,-0.010854657717901593,1
9461.05763915388,3,0.018529743237001666,1
9457.20070571703,3,-0.0089848018271888597,1
9453.34377228019,3,-0.011414233485264984,1
9449.48683884334,3,0.014003934642178903,1
9445.62990540649,3,0.022478370709873245,1
9441.77297196964,3,-0.013781673646979995,1
9437.9160385328,3,-0.010353587409872106,1
9434.05910509595,3,0.00564442387424746,1
9430.2021716591,3,0.038544446030913018,1
9426.34523822226,3,0.058778717862243653,1
9422.48830478541,3,0.023291916686719746,1
9418.63137134856,3,-0.0099187106213674131,1
9414.77443791171,3,-0.044834593996970061,1
9410.91750447487,3,-0.040255635193420847,1
9407.06057103802,3,-0.0084608395393542188,1
9403.20363760117,3,0.013800932416518088,1
9399.34670416432,3,0.018531312067177438,1
9395.48977072748,3,0.031246724183880477,1
9391.63283729063,3,0.036155857697006334,1
9387.77590385378,3,0.016319207615083518,1
9383.91897041694,3,-0.0023610153798037706,1
9380.06203698009,3,-0.0024911182147045793,1
9376.20510354324,3,-0.037695638315076371,1
9372.34817010639,3,-0.043226153416093122,1
9368.49123666955,3,0.0015844725787887092,1
9364.6343032327,3,0.033184769246173029,1
9360.77736979585,3,0.038585069322918872,1
9356.920436359,3,0.017626184504562912,1
9353.06350292216,3,0.0015289579591074595,1
9349.20656948531,3,0.032905174913090467,1
9345.34963604846,3,0.04567361306034072,1
9341.49270261162,3,0.04804851547439954,1
9337.63576917477,3,0.054066253122308498,1
9333.77883573792,3,0.041663593846387723,1
9329.92190230107,3,0.0083411390476838126,1
9326.06496886423,3,-0.0078150364238089055,1
9322.20803542738,3,-0.00074892964814494251,1
9318.35110199053,3,0.026526977189292214,1
9314.49416855368,3,0.042282413880042363,1
9310.63723511684,3,0.044579926721051204,1
9306.78030167999,3,0.026099807477094429,1
9302.92336824314,3,-0.0073707807222076777,1
9299.0664348063,3,-0.032362807488441329,1
9295.20950136945,3,-0.018622749265538016,1
9291.3525679326,3,-0.0067641294561109171,1
9287.49563449575,3,-0.012763454315966427,1
9283.63870105891,3,0.0011914247982364921,1
9279.78176762206,3,0.0093015797371372097,1
9275.92483418521,3,-0.0004340888950922126,1
9272.06790074836,3,-0.0041018589741602289,1
9268.21096731152,3,0.0068199304761102034,1
9264.35403387467,3,0.03249140794562641,1
9260.49710043782,3,0.028992635631317765,1
9256.64016700098,3,-0.0050723621035691493,1
9252.78323356413,3,-0.036359682408521575,1
9248.92630012728,3,-0.011267043388696267,1
9245.06936669043,3,-0.0023025473068463936,1
9241.21243325358,3,-0.022411777188953052,1
9237.35549981674,3,-0.03234919574703881,1
9233.49856637989,3,-0.021770391913904195,1
9229.64163294304,3,0.02969662370226046,1
9225.7846995062,3,0.040216130456799552,1
9221.92776606935,3,0.025099579173330666,1
9218.0708326325,3,0.024851661692424625,1
9214.21389919565,3,0.0014783462389378976,1
9210.35696575881,3,-0.024432489146468485,1
9206.50003232196,3,-0.030507937272289856,1
9202.64309888511,3,0.0056616879464480314,1
9198.78616544826,3,0.0085131590867751402,1
9194.92923201142,3,-0.0069074100833857134,1
9191.07229857457,3,-0.0032924056009679924,1
9187.21536513772,3,0.028760462274017864,1
9183.35843170088,3,0.026737256675947615,1
9179.50149826403,3,-0.0056909674160940012,1
9175.64456482718,3,-0.013237025370030667,1
9171.78763139033,3,-0.0019219613861895589,1
9167.93069795349,3,0.011476369424350142,1
9164.07376451664,3,0.019928928719778659,1
9160.21683107979,3,0.016077249493827196,1
9156.35989764294,3,0.01099629394619033,1
9152.5029642061,3,0.01498284222418836,1
9148.64603076925,3,0.028194748370564682,1
9144.7890973324,3,0.0061302914337178068,1
9140.93216389556,3,-0.0052619511488442398,1
9137.07523045871,3,0.00064115709541231417,1
9133.21829702186,3,0.012696181268014781,1
9129.36136358501,3,0.027886296936126855,1
9125.50443014817,3,0.008675626208150362,1
9121.64749671132,3,-0.027844913562423749,1
9117.79056327447,3,-0.013870642053195688,1
9113.93362983762,3,0.0063382683746709793,1
9110.07669640078,3,0.00097602212385957743,1
9106.21976296393,3,-0.026107044929708775,1
9102.36282952708,3,-0.0095321173526696466,1
9098.50589609024,3,0.020217928273921437,1
9094.64896265339,3,0.026263827088555458,1
9090.79202921654,3,0.025984382236516088,1
9086.93509577969,3,0.017564144917072092,1
9083.07816234285,3,-0.001508841414276895,1
9079.221228906,3,-0.0043576044887129886,1
9075.36429546915,3,0.0042584720654974253,1
9071.5073620323,3,-0.0054567367434025099,1
9067.65042859546,3,-0.0093258843110679262,1
9063.79349515861,3,0.012706536468581064,1
9059.93656172176,3,0.03855029318689121,1
9056.07962828492,3,0.019835582036706108,1
9052.22269484807,3,-0.022026689291804995,1
9048.36576141122,3,-0.023188345542692966,1
9044.50882797437,3,-0.0017091650334487862,1
9040.65189453753,3,0.004148355618714749,1
9036.79496110068,3,-0.012977054951957044,1
9032.93802766383,3,-0.043748033229592288,1
9029.08109422698,3,-0.0431763065938272,1
9025.22416079014,3,0.0044326641451746937,1
9021.36722735329,3,0.023333400247189016,1
9017.51029391644,3,0.027632665778433051,1
9013.6533604796,3,0.016036741928755965,1
9009.79642704275,3,0.0034800334898097505,1
9005.9394936059,3,-0.016015363389490458,1
9002.08256016905,3,-0.032767630655505649,1
8998.22562673221,3,-0.014578861476099891,1
8994.36869329536,3,0.017192699778767733,1
8990.51175985851,3,0.0041773669067514761,1
8986.65482642166,3,-0.00018728934555924538,1
8982.79789298482,3,-0.010282551618002058,1
8978.94095954797,3,0.010318877250507983,1
8975.08402611112,3,0.011956489902923228,1
8971.22709267428,3,-0.01214445132332434,1
8967.37015923743,3,0.009671252380645888,1
8963.51322580058,3,0.013314781157075659,1
8959.65629236373,3,-0.011991564672148335,1
8955.79935892689,3,-0.017623326558515253,1
8951.94242549004,3,-0.015162117528285859,1
8948.08549205319,3,-0.0049757666884608313,1
8944.22855861634,3,0.015790347683511251,1
8940.3716251795,3,0.026644769785133422,1
8936.51469174265,3,0.013533728343254023,1
8932.6577583058,3,0.0075070602789838884,1
8928.80082486896,3,0.0020768225894647226,1
8924.94389143211,3,0.0057784453518371394,1
8921.08695799526,3,0.017789373770743282,1
8917.23002455841,3,0.012916297330196433,1
8913.37309112157,3,0.0048654479873606578,1
8909.51615768472,3,0.0036074049216664301,1
8905.65922424787,3,-0.011530655337572015,1
8901.80229081102,3,-0.021668294852784941,1
8897.94535737418,3,-0.0087410551978678794,1
8894.08842393733,3,0.0063648397458155471,1
8890.23149050048,3,0.021495337058862293,1
8886.37455706364,3,0.0040688115861914525,1
8882.51762362679,3,-0.0098972444962489893,1
8878.66069018994,3,-0.0018793846119447462,1
8874.80375675309,3,0.013336885082083012,1
8870.94682331625,3,0.028599281634543831,1
8867.0898898794,3,0.0035043207754234086,1
8863.23295644255,3,-0.021507173168276165,1
8859.3760230057,3,-0.019251027046082756,1
8855.51908956886,3,-0.0013818172533051859,1
8851.66215613201,3,0.0032842016678040461,1
8847.80522269516,3,0.0027454210195029414,1
8843.94828925832,3,0.0039565153028549146,1
8840.09135582147,3,0.0070708647807177227,1
8836.23442238462,3,0.00010158983648374992,1
8832.37748894777,3,-0.0022964840026067413,1
8828.52055551093,3,-0.014623128668555214,1
8824.66362207408,3,-0.024356855314219276,1
8820.80668863723,3,-0.0044125741485768408,1
8816.94975520038,3,0.014107325194761879,1
8813.09282176354,3,0.0023919887650369091,1
8809.23588832669,3,0.0076013837966783628,1
8805.37895488984,3,0.018346147444749206,1
8801.522021453,3,0.016207966789771905,1
8797.66508801615,3,-0.016452177741428244,1
8793.8081545793,3,-0.017009727805016094,1
8789.95122114245,3,-0.0098492629622259058,1
8786.09428770561,3,-0.011647850552288265,1
8782.23735426876,3,-0.026027299661517352,1
8778.38042083191,3,-0.015351993985723142,1
8774.52348739506,3,0.00017817534823619339,1
8770.66655395822,3,0.020942505130449564,1
8766.80962052137,3,0.00067142719328332266,1
8762.95268708452,3,-0.029820670972807193,1
8759.09575364767,3,-0.038884465211933193,1
8755.23882021083,3,-0.0019650342262754329,1
8751.38188677398,3,-0.01079841690024011,1
8747.52495333713,3,-0.0077956493873105083,1
8743.66801990029,3,-0.010388632801632476,1
8739.81108646344,3,-0.020553354540043426,1
8735.95415302659,3,-0.018775526182844494,1
8732.09721958974,3,-0.0035533995428493345,1
8728.2402861529,3,-0.034936963616771115,1
8724.38335271605,3,-0.039250706129877917,1
8720.5264192792,3,-0.024590946490360942,1
8716.66948584235,3,-0.035455274537482685,1
8712.81255240551,3,-0.039757667961582387,1
8708.95561896866,3,-0.01299489276567067,1
8705.09868553181,3,0.0025423287142026353,1
8701.24175209497,3,0.0045142211540089901,1
8697.38481865812,3,0.0088368338230212957,1
8693.52788522127,3,-0.002047656930422291,1
8689.67095178442,3,0.0019512064592279194,1
8685.81401834758,3,0.0091062639279752746,1
8681.95708491073,3,-0.0032545778866937616,1
8678.10015147388,3,-0.01430512430262529,1
8674.24321803703,3,-0.015861556330218254,1
8670.38628460019,3,-0.0042976811372392064,1
8666.52935116334,3,-0.013078100048303159,1
8662.67241772649,3,-0.039499171771951988,1
8658.81548428965,3,-0.05119073158380328,1
8654.9585508528,3,-0.043310902850191686,1
8651.10161741595,3,-0.018219053862831271,1
8647.2446839791,3,0.0016399819548333925,1
8643.38775054226,3,-0.0012522005492203701,1
8639.53081710541,3,0.026032702206427047,1
8635.67388366856,3,0.02570374171755677,1
8631.81695023171,3,0.016709144727111221,1
8627.96001679487,3,-0.0058429223013175659,1
8624.10308335802,3,-0.03689739271674751,1
8620.24614992117,3,-0.053590867315526432,1
8616.38921648433,3,-0.040167097428247707,1
8612.53228304748,3,-0.041574905324902899,1
8608.67534961063,3,-0.03942918644002906,1
8604.81841617378,3,-0.02380436952523424,1
8600.96148273694,3,0.00091664461418876472,1
8597.10454930009,3,0.0045091410574471915,1
8593.24761586324,3,-0.0040650180145318906,1
8589.39068242639,3,-0.021741996926129572,1
8585.53374898955,3,-0.020985820052654446,1
8581.6768155527,3,-0.037890792328621206,1
8577.81988211585,3,-0.041086037994204253,1
8573.96294867901,3,-0.0031649394435468111,1
8570.10601524216,3,0.032792160227427467,1
8566.24908180531,3,0.041352382104113135,1
8562.39214836846,3,0.023522458299993866,1
8558.53521493162,3,0.0029443929550577812,1
8554.67828149477,3,-0.032535637451130091,1
8550.82134805792,3,-0.041041629917888789,1
8546.96441462107,3,-0.024777821796236544,1
8543.10748118423,3,-0.033564871326852284,1
8539.25054774738,3,-0.016048545998734516,1
8535.39361431053,3,-0.0025429744111913235,1
8531.53668087368,3,0.003309488129597732,1
8527.67974743684,3,0.016120085026671508,1
8523.82281399999,3,0.025922542784691239,1
8519.96588056314,3,0.025105775292590216,1
8516.1089471263,3,0.029148835104358985,1
8512.25201368945,3,0.025134249897242215,1
8508.3950802526,3,0.0082147029081704025,1
8504.53814681575,3,-0.012524106954612571,1
8500.68121337891,3,0.0064949931799271705,1
8496.82427994206,3,0.039387891387960061,1
8492.96734650521,3,0.047218304517329675,1
8489.11041306836,3,0.014372273290915059,1
8485.25347963152,3,-0.012466847947134038,1
8481.39654619467,3,0.0091511792581194934,1
8477.53961275782,3,0.028854013504063362,1
8473.68267932098,3,0.050545294798019454,1
8469.82574588413,3,0.042929258758032308,1
8465.96881244728,3,0.023025842565221433,1
8462.11187901043,3,0.032686879251962578,1
8458.25494557359,3,0.039009733393866895,1
8454.39801213674,3,0.024498120724565718,1
8450.54107869989,3,0.019322645149025441,1
8446.68414526304,3,0.0044716758419242148,1
8442.8272118262,3,0.005615896244693639,1
8438.97027838935,3,0.011072110859681647,1
8435.1133449525,3,0.022250253652351049,1
8431.25641151566,3,0.026435897804163024,1
8427.39947807881,3,0.014481642596633239,1
8423.54254464196,3,0.039701019223311873,1
8419.68561120511,3,0.054395142913217016,1
8415.82867776827,3,0.048721385067371309,1
8411.97174433142,3,0.018414598323252488,1
8408.11481089457,3,-0.0092525995835639804,1
8404.25787745772,3,-0.014670865980319003,1
8400.40094402088,3,0.012436124657341835,1
8396.54401058403,3,0.027671026735460756,1
8392.68707714718,3,0.027952437025614632,1
8388.83014371034,3,0.004813722950063503,1
8384.97321027349,3,-0.011674955853263232,1
8381.11627683664,3,-0.0030250111651463022,1
8377.25934339979,3,0.0038348371821231462,1
8373.40240996295,3,-0.0040166612117133495,1
8369.5454765261,3,0.0026239727604510051,1
8365.68854308925,3,0.0074856438357640848,1
8361.8316096524,3,0.0042998420788427378,1
8357.97467621556,3,-0.012405115232394867,1
8354.11774277871,3,-0.016035770130531403,1
8350.26080934186,3,0.0092047828317976411,1
8346.40387590502,3,0.021844506508498594,1
8342.54694246817,3,0.016605481762620906,1
8338.69000903132,3,0.024960880495991922,1
8334.83307559447,3,0.039141953088391572,1
8330.97614215763,3,0.0068332209881472534,1
8327.11920872078,3,-0.0160649243588517,1
8323.26227528393,3,0.018965517912067839,1
8319.40534184708,3,0.025143689628704606,1
8315.54840841024,3,0.0015617610466197068,1
8311.69147497339,3,-0.0019427181564772422,1
8307.83454153654,3,0.024456381529202424,1
8303.97760809969,3,0.015490869371711305,1
8300.12067466285,3,0.010755186072595516,1
8296.263741226,3,0.030393989744736786,1
8292.40680778915,3,0.029382348588583598,1
8288.54987435231,3,0.00078279694612561003,1
8284.69294091546,3,0.0013870278195583007,1
8280.83600747861,3,-0.010289958312785509,1
8276.97907404176,3,-0.00090332091607609724,1
8273.12214060492,3,0.021258603010919905,1
8269.26520716807,3,0.042458615018201709,1
8265.40827373122,3,0.028542477779827463,1
8261.55134029437,3,0.00096682202258146133,1
8257.69440685753,3,-0.015092737320258395,1
8253.83747342068,3,-0.005132971797188174,1
8249.98053998383,3,0.0014003648122831347,1
8246.12360654699,3,0.029800977678370554,1
8242.26667311014,3,0.033048412646660218,1
8238.40973967329,3,0.012150004101481284,1
8234.55280623644,3,-0.014635834882146807,1
8230.6958727996,3,-0.0076424148627281174,1
8226.83893936275,3,-0.0065699501275768074,1
8222.9820059259,3,0.0065672806284953148,1
8219.12507248905,3,0.0055997703999038787,1
8215.26813905221,3,0.010875281969169048,1
8211.41120561536,3,0.0065681169189207664,1
8207.55427217851,3,0.0118329718774247,1
8203.69733874167,3,0.023891237378458455,1
8199.84040530482,3,0.014733768999557681,1
8195.98347186797,3,-0.01571079839314413,1
8192.12653843112,3,-0.0082593320046636092,1
8188.26960499428,3,0.0063792429013324837,1
8184.41267155743,3,-0.014530861598783779,1
8180.55573812058,3,-0.022116259906525975,1
8176.69880468373,3,-0.02833864140630258,1
8172.84187124689,3,-0.046704014448457516,1
8168.98493781004,3,-0.036049008399282871,1
8165.12800437319,3,-0.023850788612631721,1
8161.27107093635,3,-0.01993796200137073,1
8157.4141374995,3,-0.044477593773621524,1
8153.55720406265,3,-0.047916104630147095,1
8149.7002706258,3,-0.0042740639369421851,1
8145.84333718896,3,0.00045472106986337707,1
8141.98640375211,3,-0.0056911927837918139,1
8138.12947031526,3,-0.0081725136286128468,1
8134.27253687841,3,-0.002797357133046499,1
8130.41560344157,3,0.0029873959147869705,1
8126.55867000472,3,-0.018186474128620296,1
8122.70173656787,3,-0.036150626252644792,1
8118.84480313103,3,-0.01583239633310558,1
8114.98786969418,3,-0.00049866438979893771,1
8111.13093625733,3,-0.02089813144295569,1
8107.27400282048,3,-0.038124881850400867,1
8103.41706938364,3,-0.031779750510142861,1
8099.56013594679,3,-0.031700973450678634,1
8095.70320250994,3,-0.038820564967388449,1
8091.84626907309,3,-0.033477173163169428,1
8087.98933563625,3,-0.032446741932690176,1
8084.1324021994,3,-0.0095702489700460868,1
8080.27546876255,3,0.00010301328793599673,1
8076.41853532571,3,-0.007334389599268307,1
8072.56160188886,3,-0.018407016688525315,1
8068.70466845201,3,-0.013769616051571022,1
8064.84773501516,3,-0.011147485621671636,1
8060.99080157832,3,-0.018669611850244454,1
8057.13386814147,3,-0.021049573417333635,1
8053.27693470462,3,-0.029517181368973709,1
8049.42000126777,3,-0.040462248061040651,1
8045.56306783093,3,-0.019991057576708354,1
8041.70613439408,3,-0.0054332343080612687,1
8037.84920095723,3,-0.0053467595353923645,1
8033.99226752039,3,-0.036598470459168204,1
8030.13533408354,3,-0.030968787004706476,1
8026.27840064669,3,-0.023671174215869496,1
8022.42146720984,3,-0.015965270784253142,1
8018.564533773,3,-0.017941427954761016,1
8014.70760033615,3,-0.021051677189569185,1
8010.8506668993,3,-0.014170425686033973,1
8006.99373346245,3,-0.020272131801177297,1
8003.13680002561,3,-0.027891545296745854,1
7999.27986658876,3,-0.016643988197548022,1
7995.42293315191,3,-0.018796852089876651,1
7991.56599971507,3,-0.012578777466635353,1
7987.70906627822,3,0.00018380133443948388,1
7983.85213284137,3,0.0013249836076403435,1
7979.99519940452,3,0.010224305425309079,1
7976.13826596768,3,0.015683294492590337,1
7972.28133253083,3,0.0057066067335881229,1
7968.42439909398,3,-0.014853310226465773,1
7964.56746565713,3,-0.011076376977507225,1
7960.71053222029,3,0.0031848937515727874,1
7956.85359878344,3,-0.0062240393369313767,1
7952.99666534659,3,-0.027521821644593839,1
7949.13973190975,3,-0.02669337391169449,1
7945.2827984729,3,-0.0069219843703544085,1
7941.42586503605,3,0.0071708626337540719,1
7937.5689315992,3,0.0079352403734228878,1
7933.71199816236,3,-0.004023260404384112,1
7929.85506472551,3,-0.015806768940349776,1
7925.99813128866,3,-0.01767748672573034,1
7922.14119785181,3,-0.017669099883187128,1
7918.28426441497,3,-0.014191895689190121,1
7914.42733097812,3,-0.014102266286794153,1
7910.57039754127,3,-0.027783133167432889,1
7906.71346410443,3,-0.010642266843005104,1
7902.85653066758,3,0.0070068650355812733,1
7898.99959723073,3,0.014868933530888861,1
7895.14266379388,3,-0.0060092830350224266,1
7891.28573035704,3,-0.030744951793838383,1
7887.42879692019,3,-0.028075088005693478,1
7883.57186348334,3,-0.033489533155011776,1
7879.71493004649,3,-0.047078752838240402,1
7875.85799660965,3,-0.02362442001170291,1
7872.0010631728,3,-0.034192936742005665,1
7868.14412973595,3,-0.026484631968467186,1
7864.28719629911,3,-0.026318168702160298,1
7860.43026286226,3,-0.029483476913395004,1
7856.57332942541,3,-0.031964138390235715,1
7852.71639598856,3,-0.022754442497394719,1
7848.85946255172,3,-0.017873192057043935,1
7845.00252911487,3,-0.0029528228687705962,1
7841.14559567802,3,0.0041615754652842736,1
7837.28866224117,3,-0.0044893414891869661,1
7833.43172880433,3,-0.013856321808850288,1
7829.57479536748,3,-0.02424891331786749,1
7825.71786193063,3,-0.015732374280872784,1
7821.86092849379,3,-0.0063267356781478209,1
7818.00399505694,3,-0.020884020135220231,1
7814.14706162009,3,-0.0032176439229727278,1
7810.29012818324,3,0.026595154945046318,1
7806.4331947464,3,0.016734134093109924,1
7802.57626130955,3,0.0098515049133784983,1
7798.7193278727,3,0.012771602266848798,1
7794.86239443585,3,0.0057875506685319787,1
7791.00546099901,3,-0.011117261054914944,1
7787.14852756216,3,-0.024761391757649909,1
7783.29159412531,3,-0.015257373611494955,1
7779.43466068847,3,-0.0063062139151008334,1
7775.57772725162,3,0.011555899600740827,1
7771.72079381477,3,0.011959005542765879,1
7767.86386037792,3,-0.00044862044086692565,1
7764.00692694107,3,0.0011312925549832077,1
7760.14999350423,3,0.015177880888428516,1
7756.29306006738,3,0.0086854750093960809,1
7752.43612663053,3,-0.0084524818503332391,1
7748.57919319369,3,-0.0092602618960361312,1
7744.72225975684,3,-0.0073721084490614309,1
7740.86532631999,3,-0.013986935333558954,1
7737.00839288315,3,0.0092342919355891308,1
7733.1514594463,3,0.026852331027956665,1
7729.29452600945,3,0.0036790512446746378,1
7725.4375925726,3,-0.01593774117233383,1
7721.58065913575,3,-0.01332440188954518,1
7717.72372569891,3,-0.0090617315207992839,1
7713.86679226206,3,0.0052561698606565848,1
7710.00985882521,3,0.013367098567972557,1
7706.15292538837,3,0.0079826606333466294,1
7702.29599195152,3,0.0012193270170211051,1
7698.43905851467,3,-0.0026516703532610303,1
7694.58212507782,3,-0.018831105869347161,1
7690.72519164098,3,-0.013482905491960875,1
7686.86825820413,3,-0.0060466380707619267,1
7683.01132476728,3,-0.0030724448275295524,1
7679.15439133043,3,0.0039856081149179292,1
7675.29745789359,3,-0.0026324331501267947,1
7671.44052445674,3,-0.027336470392371012,1
7667.58359101989,3,-0.024711968613240164,1
7663.72665758305,3,0.0018089911899222728,1
7659.8697241462,3,0.0076826034344013904,1
7656.01279070935,3,0.019454937289745865,1
7652.1558572725,3,0.024436596517307563,1
7648.29892383566,3,0.014567483038871867,1
7644.44199039881,3,0.0093061139418621919,1
7640.58505696196,3,0.012159428400434855,1
7636.72812352511,3,0.0061579776191127466,1
7632.87119008827,3,-0.010232375407790166,1
7629.01425665142,3,-0.013148780885251043,1
7625.15732321457,3,-0.0013133192217270042,1
7621.30038977773,3,0.015855464207597789,1
7617.44345634088,3,0.02994908295713241,1
7613.58652290403,3,0.016539162781037967,1
7609.72958946718,3,0.0057159721265865231,1
7605.87265603034,3,0.00066542591175298819,1
7602.01572259349,3,0.0066950885823970361,1
7598.15878915664,3,0.011698461848548222,1
7594.30185571979,3,0.013617925884459923,1
7590.44492228295,3,0.015862712684038799,1
7586.5879888461,3,0.0001604054221679944,1
7582.73105540925,3,-0.0088121461333423284,1
7578.87412197241,3,-0.0020877824421604483,1
7575.01718853556,3,0.0086237568623524462,1
7571.16025509871,3,0.018634661943314059,1
7567.30332166186,3,0.028583960312273952,1
7563.44638822502,3,0.023698317929684052,1
7559.58945478817,3,0.0096283663209646639,1
7555.73252135132,3,0.019016878663690805,1
7551.87558791447,3,0.038311787935824806,1
7548.01865447763,3,0.024516041012394244,1
7544.16172104078,3,0.021552194835370173,1
7540.30478760393,3,0.034916521971663783,1
7536.44785416709,3,0.042267453042097877,1
7532.59092073024,3,0.027534540517782164,1
7528.73398729339,3,0.023720657663236944,1
7524.87705385654,3,0.021840247198749305,1
7521.0201204197,3,0.018768248315780008,1
7517.16318698285,3,0.0050271747442964818,1
7513.306253546,3,0.0045973193784828092,1
7509.44932010915,3,0.021224146179408956,1
7505.59238667231,3,0.027263031284227482,1
7501.73545323546,3,0.0099311823463049606,1
7497.87851979861,3,0.016867149740236662,1
7494.02158636177,3,0.02171427534935395,1
7490.16465292492,3,0.026651828390805026,1
7486.30771948807,3,0.022557603763893579,1
7482.45078605122,3,0.018942597558670549,1
7478.59385261438,3,0.034571143614290686,1
7474.73691917753,3,0.033591840772798622,1
7470.87998574068,3,0.029822930270172535,1
7467.02305230383,3,0.038814352021525791,1
7463.16611886699,3,0.032245061032544764,1
7459.30918543014,3,0.026745055508906906,1
7455.45225199329,3,0.019497023428400161,1
7451.59531855645,3,0.017815796898575289,1
7447.7383851196,3,0.014209318519588909,1
7443.88145168275,3,0.018337184226761696,1
7440.0245182459,3,0.032676021792175082,1
7436.16758480906,3,0.038735260127372204,1
7432.31065137221,3,0.049889866283299916,1
7428.45371793536,3,0.046054462547194266,1
7424.59678449851,3,0.033571145601414082,1
7420.73985106167,3,0.021316409624400227,1
7416.88291762482,3,-0.0054622800709038253,1
7413.02598418797,3,-0.0036044085667693636,1
7409.16905075113,3,-0.0028304452182306389,1
7405.31211731428,3,0.011923370084547004,1
7401.45518387743,3,0.038174194980367379,1
7397.59825044058,3,0.012424669002041807,1
7393.74131700374,3,-0.0075560134132695005,1
7389.88438356689,3,0.0058904360414742995,1
7386.02745013004,3,0.036876092943393453,1
7382.17051669319,3,0.013083484249297981,1
7378.31358325635,3,-0.034852736264207658,1
7374.4566498195,3,-0.026336418315701552,1
7370.59971638265,3,-0.015729925499174114,1
7366.74278294581,3,-0.0091190767967412132,1
7362.88584950896,3,-0.0097091907749400456,1
7359.02891607211,3,-0.004990633731335176,1
7355.17198263526,3,-0.0032685599507960798,1
7351.31504919842,3,0.011797748007502523,1
7347.45811576157,3,0.026402020107950067,1
7343.60118232472,3,0.026699205196080513,1
7339.74424888787,3,-0.0034861062799954033,1
7335.88731545103,3,0.0074916735655885637,1
7332.03038201418,3,0.023171105363552793,1
7328.17344857733,3,0.012955405070853979,1
7324.31651514049,3,0.014819745859964904,1
7320.45958170364,3,0.016985046734105752,1
7316.60264826679,3,0.018616163192741966,1
7312.74571482994,3,0.033696866642523943,1
7308.8887813931,3,0.015807590190345763,1
7305.03184795625,3,-0.037009064799112555,1
7301.1749145194,3,-0.043156703745686351,1
7297.31798108255,3,-0.025745033007483934,1
7293.46104764571,3,0.020981972861206163,1
7289.60411420886,3,0.053023496470047692,1
7285.74718077201,3,0.011871954297340687,1
7281.89024733516,3,-0.025123495301649607,1
7278.03331389832,3,-0.0039183579633911532,1
7274.17638046147,3,-0.012251797389429995,1
7270.31944702462,3,-0.038013024675822044,1
7266.46251358778,3,-0.045943749917714133,1
7262.60558015093,3,-0.028670363321134842,1
7258.74864671408,3,0.0016575450158139687,1
7254.89171327723,3,0.012543627214683458,1
7251.03477984039,3,0.010572472262579773,1
7247.17784640354,3,0.020765681331016816,1
7243.32091296669,3,0.0060757268655211739,1
7239.46397952984,3,-0.04337151412217128,1
7235.607046093,3,-0.046633315995830198,1
7231.75011265615,3,-0.043454879622444265,1
7227.8931792193,3,-0.031058841267113634,1
7224.03624578246,3,-0.010480119515347761,1
7220.17931234561,3,-0.024695575470131619,1
7216.32237890876,3,-0.069522460856334109,1
7212.46544547191,3,-0.082612832045382417,1
7208.60851203507,3,-0.063387724010492086,1
7204.75157859822,3,-0.038379595994367445,1
7200.89464516137,3,-0.069074610221198054,1
7197.03771172452,3,-0.058152918879496293,1
7193.18077828768,3,-0.025184036660592622,1
7189.32384485083,3,-0.023415558329759101,1
7185.46691141398,3,-0.013573457597287104,1
7181.60997797714,3,0.020821314821649652,1
7177.75304454029,3,0.0059146780629639722,1
7173.89611110344,3,-0.011659783128768369,1
7170.03917766659,3,-0.024775482296895066,1
7166.18224422975,3,0.0058263488317251621,1
7162.3253107929,3,0.024023644321358867,1
7158.46837735605,3,-0.0043177056669175496,1
7154.6114439192,3,0.01023595760717292,1
7150.75451048236,3,0.026747075809522392,1
7146.89757704551,3,0.01190973581314621,1
7143.04064360866,3,0.0058293298291098071,1
7139.18371017182,3,-0.0021557289671073716,1
7135.32677673497,3,0.024395102532769924,1
7131.46984329812,3,0.029834349423480566,1
7127.61290986127,3,0.033796001748747924,1
7123.75597642443,3,0.046447831940160479,1
7119.89904298758,3,0.026098961534700794,1
7116.04210955073,3,0.016961597759430111,1
7112.18517611388,3,0.058748849410068964,1
7108.32824267704,3,0.055267836103150149,1
7104.47130924019,3,0.010613752383336221,1
7100.61437580334,3,0.00083382360783130019,1
7096.7574423665,3,0.012827854609762742,1
7092.90050892965,3,-0.0055127417381237165,1
7089.0435754928,3,0.015251703559097069,1
7085.18664205595,3,0.015701411559086543,1
7081.32970861911,3,-0.012423831956571173,1
7077.47277518226,3,-0.046849508934053548,1
7073.61584174541,3,-0.057319502156938679,1
7069.75890830856,3,-0.045033882892221877,1
7065.90197487172,3,-0.028894944895937139,1
7062.04504143487,3,-0.033544395916499929,1
7058.18810799802,3,-0.0087376461252271706,1
7054.33117456117,3,-0.0015983597165308487,1
7050.47424112433,3,0.013606101910291764,1
7046.61730768748,3,0.0079208124415565649,1
7042.76037425063,3,0.016601008407920431,1
7038.90344081379,3,0.026191457406500279,1
7035.04650737694,3,0.021137298218242069,1
7031.18957394009,3,0.010671041748547961,1
7027.33264050324,3,0.0017067380384652934,1
7023.4757070664,3,-0.029948463645145897,1
7019.61877362955,3,-0.031155091649807957,1
7015.7618401927,3,-0.027526006264455609,1
7011.90490675585,3,-0.016206409015012288,1
7008.04797331901,3,-0.0093315672097138095,1
7004.19103988216,3,-0.0030797072345862433,1
7000.33410644531,3,-0.013972860795947638,1
6996.47717300847,3,-0.022772477548699575,1
6992.62023957162,3,-0.034758092448871035,1
6988.76330613477,3,-0.019503016697303584,1
6984.90637269792,3,-0.0051604711693051175,1
6981.04943926108,3,-0.011003800680912008,1
6977.19250582423,3,-0.011770793791019328,1
6973.33557238738,3,-0.010309317439349729,1
6969.47863895053,3,-0.020753666379059722,1
6965.62170551369,3,-0.021260871788166161,1
6961.76477207684,3,-0.013449737916799631,1
6957.90783863999,3,-0.0096993308717364963,1
6954.05090520315,3,-0.0071049327690977989,1
6950.1939717663,3,-0.012163207374177505,1
6946.33703832945,3,-0.015984785573986807,1
6942.4801048926,3,-0.0079455871152186424,1
6938.62317145576,3,0.005947656367844157,1
6934.76623801891,3,0.013033515521780633,1
6930.90930458206,3,0.0068532604641592552,1
6927.05237114521,3,0.0065027576021449724,1
6923.19543770837,3,0.0083941830469299126,1
6919.33850427152,3,0.010817325140002484,1
6915.48157083467,3,-0.0024018045120544527,1
6911.62463739783,3,-0.0011816043973309437,1
6907.76770396098,3,-0.00016769551863888692,1
6903.91077052413,3,0.0017572987962562504,1
6900.05383708728,3,0.0028090985099445656,1
6896.19690365044,3,0.013461590379174221,1
6892.33997021359,3,0.0074588878008838766,1
6888.48303677674,3,0.0030400822061492135,1
6884.62610333989,3,0.0014785437593018741,1
6880.76916990305,3,0.0048881192933651983,1
6876.9122364662,3,0.009438821964136531,1
6873.05530302935,3,0.0059832288412909702,1
6869.19836959251,3,-0.00096197547879367886,1
6865.34143615566,3,0.0093208275986809575,1
6861.48450271881,3,0.016200577285719317,1
6857.62756928196,3,0.01624537252621213,1
6853.77063584512,3,0.014202503164525477,1
6849.91370240827,3,0.0085681287946211115,1
6846.05676897142,3,0.003460812306737096,1
6842.19983553457,3,0.0099766416116449479,1
6838.34290209773,3,0.014366555614982913,1
6834.48596866088,3,0.019394738731801173,1
6830.62903522403,3,0.014835870612180106,1
6826.77210178718,3,0.01249939281445559,1
6822.91516835034,3,0.011321557420283807,1
6819.05823491349,3,0.011656582077764948,1
6815.20130147664,3,0.013609966217532602,1
6811.3443680398,3,0.0048886293390773749,1
6807.48743460295,3,-0.0021068183949978572,1
6803.6305011661,3,0.0094257355615194483,1
6799.77356772925,3,0.014267741046765611,1
6795.91663429241,3,0.0084641362509689441,1
6792.05970085556,3,0.0024086530900244859,1
6788.20276741871,3,-0.0041269259488637584,1
6784.34583398186,3,0.0007675487234307263,1
6780.48890054502,3,0.011782998502883377,1
6776.63196710817,3,0.0045127032541745641,1
6772.77503367132,3,0.0030290814692734368,1
6768.91810023448,3,-0.0062476054260678215,1
6765.06116679763,3,-0.017643229604643824,1
6761.20423336078,3,-0.018479357411288672,1
6757.34729992393,3,-0.010980055086242425,1
6753.49036648709,3,-0.0065655091705646958,1
6749.63343305024,3,-0.0081497392352363647,1
6745.77649961339,3,-0.022596018833674781,1
6741.91956617654,3,-0.022467209771814763,1
6738.0626327397,3,-0.022060178505611549,1
6734.20569930285,3,-0.017881212348596451,1
6730.348765866,3,-0.021910627876678235,1
6726.49183242916,3,-0.017724744127675982,1
6722.63489899231,3,-0.015440448586640875,1
6718.77796555546,3,-0.018968902127568125,1
6714.92103211861,3,-0.026642287450951017,1
6711.06409868177,3,-0.014552606507284032,1
6707.20716524492,3,-0.0098251239702611924,1
6703.35023180807,3,-0.012548853336505392,1
6699.49329837122,3,-0.014248543623090948,1
6695.63636493438,3,-0.0069047528561659143,1
6691.77943149753,3,-0.014369898602152839,1
6687.92249806068,3,-0.020945622863276413,1
6684.06556462384,3,-0.02153615913229007,1
6680.20863118699,3,-0.016106379511656242,1
6676.35169775014,3,-0.021542958425837536,1
6672.49476431329,3,-0.022279769330082241,1
6668.63783087645,3,-0.0045709453120116369,1
6664.7808974396,3,-0.0069924674952612492,1
6660.92396400275,3,-0.016573354539699183,1
6657.0670305659,3,-0.013254616024803585,1
6653.21009712906,3,-0.011761269538964097,1
6649.35316369221,3,-0.012674885177138408,1
6645.49623025536,3,-0.017178372589587963,1
6641.63929681852,3,-0.022679522383086622,1
6637.78236338167,3,-0.017179061830516592,1
6633.92542994482,3,-0.014771008590377294,1
6630.06849650797,3,0.0017111353695224323,1
6626.21156307113,3,0.016322069919116292,1
6622.35462963428,3,0.018481052260283942,1
6618.49769619743,3,0.025472663219488649,1
6614.64076276058,3,0.02301868471718873,1
6610.78382932374,3,0.016932788317005846,1
6606.92689588689,3,0.032599000828972428,1
6603.06996245004,3,0.036506444872878283,1
6599.2130290132,3,0.016704138053573413,1
6595.35609557635,3,0.019523109797680859,1
6591.4991621395,3,0.023675726169602718,1
6587.64222870265,3,0.017681149908091019,1
6583.78529526581,3,0.015388225334748984,1
6579.92836182896,3,0.019556798106191504,1
6576.07142839211,3,0.027424579164714902,1
6572.21449495526,3,0.029169793307340857,1
6568.35756151842,3,0.035577816511819377,1
6564.50062808157,3,0.031952945835612721,1
6560.64369464472,3,0.027865545546161066,1
6556.78676120788,3,0.023986512364930587,1
6552.92982777103,3,0.021491586599793045,1
6549.07289433418,3,0.027320193112162935,1
6545.21596089733,3,0.033761992242338307,1
6541.35902746049,3,0.029954777087808523,1
6537.50209402364,3,0.017781538079643999,1
6533.64516058679,3,0.010749069228347209,1
6529.78822714994,3,0.017294507179378731,1
6525.9312937131,3,0.024528863739885148,1
6522.07436027625,3,0.021027566880393977,1
6518.2174268394,3,0.016057136112903447,1
6514.36049340256,3,0.011485788675063955,1
6510.50355996571,3,-0.0001730380362028111,1
6506.64662652886,3,-0.0077267238974342862,1
6502.78969309201,3,-0.0079198192013377675,1
6498.93275965517,3,-0.0089795057725936041,1
6495.07582621832,3,-0.0030901360969769649,1
6491.21889278147,3,0.002140731158203811,1
6487.36195934462,3,0.0073310934935282221,1
6483.50502590778,3,0.0084039748296899277,1
6479.64809247093,3,0.0022136123009317004,1
6475.79115903408,3,0.0046035421298656429,1
6471.93422559724,3,0.010586096811672588,1
6468.07729216039,3,0.0048555627025702605,1
6464.22035872354,3,-0.00012648632229358644,1
6460.36342528669,3,-0.0005415173091774312,1
6456.50649184985,3,0.0021170674558832481,1
6452.649558413,3,-0.0023035705041256041,1
6448.79262497615,3,-0.0076430379324165113,1
6444.9356915393,3,-0.012837267263426088,1
6441.07875810246,3,-0.0045037662396376545,1
6437.22182466561,3,0.0061849031975267062,1
6433.36489122876,3,0.016343145931215636,1
6429.50795779192,3,0.021027756668686146,1
6425.65102435507,3,0.017188479013739096,1
6421.79409091822,3,0.0071514373626990826,1
6417.93715748137,3,0.0016341501004853199,1
6414.08022404453,3,0.0066958005157574454,1
6410.22329060768,3,0.017921934532185487,1
6406.36635717083,3,0.0092727451622497022,1
6402.50942373398,3,0.0045845339567564857,1
6398.65249029714,3,0.0055731655552207987,1
6394.79555686029,3,-0.002605548761569714,1
6390.93862342344,3,0.0048119719445730517,1
6387.08168998659,3,0.011785878946108675,1
6383.22475654975,3,0.015692727274068063,1
6379.3678231129,3,0.012067690183614503,1
6375.51088967605,3,0.0054499729273433948,1
6371.6539562392,3,0.0039395961638243058,1
6367.79702280236,3,0.007031558435186114,1
6363.94008936551,3,-0.0064297798672072184,1
6360.08315592866,3,-0.0087957066837513805,1
6356.22622249182,3,-0.0076106392533276442,1
6352.36928905497,3,-0.0083081133502594402,1
6348.51235561812,3,-0.002764584084917907,1
6344.65542218127,3,-0.0054563831588175116,1
6340.79848874443,3,-0.0055628841167627814,1
6336.94155530758,3,-0.00021167618622277502,1
6333.08462187073,3,0.0022046587328334063,1
6329.22768843388,3,-0.0035670522757247124,1
6325.37075499704,3,-0.0044741961709144802,1
6321.51382156019,3,-0.0052660705983869332,1
6317.65688812334,3,-0.012659576480720119,1
6313.7999546865,3,-0.023043357572303309,1
6309.94302124965,3,-0.014308861031015323,1
6306.0860878128,3,-0.010245152630523127,1
6302.22915437595,3,-0.020356988594751955,1
6298.37222093911,3,-0.022678333219294407,1
6294.51528750226,3,-0.016794548884107065,1
6290.65835406541,3,-0.016881863087561264,1
6286.80142062856,3,-0.015727983010578404,1
6282.94448719172,3,-0.015533897669518551,1
6279.08755375487,3,-0.011876041186956211,1
6275.23062031802,3,-0.011021725496202648,1
6271.37368688118,3,-0.017310588734050537,1
6267.51675344433,3,-0.016677017426473612,1
6263.65982000748,3,-0.020851829338698467,1
6259.80288657063,3,-0.019306163197826728,1
6255.94595313379,3,-0.018486614616034316,1
6252.08901969694,3,-0.019479219560889598,1
6248.23208626009,3,-0.01211216216236005,1
6244.37515282324,3,-0.0027127806492834769,1
6240.5182193864,3,-0.013892243688884235,1
6236.66128594955,3,-0.012933888660149055,1
6232.8043525127,3,-0.010636908026601354,1
6228.94741907586,3,-0.018336050058410838,1
6225.09048563901,3,-0.016268777432074145,1
6221.23355220216,3,-0.011509555522879456,1
6217.37661876531,3,-0.0099932497059294287,1
6213.51968532847,3,-0.0074863433128700523,1
6209.66275189162,3,-0.012265239252163948,1
6205.80581845477,3,-0.012335083004265753,1
6201.94888501792,3,-0.013458952929030378,1
6198.09195158108,3,-0.017090093017939727,1
6194.23501814423,3,-0.012815895272412213,1
6190.37808470738,3,-0.0070486061078576696,1
6186.52115127054,3,-0.0086901969436745437,1
6182.66421783369,3,-0.010623057802787546,1
6178.80728439684,3,-0.017383928268957825,1
6174.95035095999,3,-0.019178220488580595,1
6171.09341752315,3,-0.021546467196738431,1
6167.2364840863,3,-0.02281284611264742,1
6163.37955064945,3,-0.022066121901749496,1
6159.5226172126,3,-0.020733668716552505,1
6155.66568377576,3,-0.025917327530029111,1
6151.80875033891,3,-0.023531275570260884,1
6147.95181690206,3,-0.017536642002391016,1
6144.09488346522,3,-0.013932687953497348,1
6140.23795002837,3,-0.017271603039951709,1
6136.38101659152,3,0.00062255920228642097,1
6132.52408315467,3,0.0085943778033291968,1
6128.66714971783,3,-0.0015307118314651055,1
6124.81021628098,3,-0.010231929646558615,1
6120.95328284413,3,-0.0017331269548625592,1
6117.09634940728,3,-0.0023008313890147407,1
6113.23941597044,3,-0.0037303820026635482,1
6109.38248253359,3,-0.0054088407912373853,1
6105.52554909674,3,-0.003378871472563571,1
6101.6686156599,3,-0.0066310321413744419,1
6097.81168222305,3,-0.0076850332727830765,1
6093.9547487862,3,0.0014581263106798047,1
6090.09781534935,3,0.0042618175684511978,1
6086.24088191251,3,0.0073841192711390051,1
6082.38394847566,3,0.0020675339866471692,1
6078.52701503881,3,0.0014154300081525321,1
6074.67008160196,3,0.016937179825778154,1
6070.81314816512,3,0.017261839249110525,1
6066.95621472827,3,0.0240156065777925,1
6063.09928129142,3,0.032120505499968671,1
6059.24234785458,3,0.034922257086185952,1
6055.38541441773,3,0.034824476050742223,1
6051.52848098088,3,0.039300667030529576,1
6047.67154754403,3,0.040740826669068517,1
6043.81461410719,3,0.052472105036875848,1
6039.95768067034,3,0.063807586463780708,1
6036.10074723349,3,0.062368908660616153,1
6032.24381379664,3,0.050393963467580322,1
6028.3868803598,3,0.042384285885605562,1
6024.52994692295,3,0.05049776927492277,1
6020.6730134861,3,0.052102806525345505,1
6016.81608004926,3,0.035163864364350317,1
6012.95914661241,3,0.029497757961800496,1
6009.10221317556,3,0.030696356760369414,1
6005.24527973871,3,0.024725453646031813,1
6001.38834630187,3,0.013040681290836197,1
5997.53141286502,3,0.00056983650955862533,1
5993.67447942817,3,-0.00092500026909845049,1
5989.81754599132,3,-0.00080418237210915585,1
5985.96061255448,3,-0.014221712204057642,1
5982.10367911763,3,-0.01931690271874836,1
5978.24674568078,3,-0.021126922961929119,1
5974.38981224394,3,-0.022523750786099535,1
5970.53287880709,3,-0.031596445945121412,1
5966.67594537024,3,-0.033416893396714803,1
5962.81901193339,3,-0.037903754872738074,1
5958.96207849655,3,-0.031745169362534333,1
5955.1051450597,3,-0.032029399695675871,1
5951.24821162285,3,-0.032513927923193332,1
5947.391278186,3,-0.039253932478859901,1
5943.53434474916,3,-0.03879761567952654,1
5939.67741131231,3,-0.039551704062308415,1
5935.82047787546,3,-0.027116626918286698,1
5931.96354443862,3,-0.0089303431008249702,1
5928.10661100177,3,0.0006021144293704609,1
5924.24967756492,3,0.022231693885534802,1
5920.39274412807,3,0.044440133315258042,1
5916.53581069123,3,0.044305392593567028,1
5912.67887725438,3,0.045443026415974752,1
5908.82194381753,3,0.045433062536914225,1
5904.96501038068,3,0.045927452069478444,1
5901.10807694384,3,0.042516722499957547,1
5897.25114350699,3,0.03054184506604736,1
5893.39421007014,3,0.02554533401880469,1
5889.5372766333,3,0.023710563217732766,1
5885.68034319645,3,0.02120591343036957,1
5881.8234097596,3,0.016035914381728352,1
5877.96647632275,3,0.001883305033044535,1
5874.10954288591,3,-0.010566415449171444,1
5870.25260944906,3,-0.0014733351704122957,1
5866.39567601221,3,0.0063266426105433498,1
5862.53874257536,3,0.011440287693395529,1
5858.68180913852,3,0.017930725273633732,1
5854.82487570167,3,0.0088759780888192537,1
5850.96794226482,3,0.0035134383506886164,1
5847.11100882798,3,-0.0023627189119590441,1
5843.25407539113,3,-0.0082404167359698653,1
5839.39714195428,3,-0.0088027859838682165,1
5835.54020851743,3,-0.011745855255904464,1
5831.68327508059,3,-0.023416960566988308,1
5827.82634164374,3,-0.030024921136235883,1
5823.96940820689,3,-0.026877592824825425,1
5820.11247477004,3,-0.029577229658898977,1
5816.2555413332,3,-0.030986706258625565,1
5812.39860789635,3,-0.031299561659859462,1
5808.5416744595,3,-0.02856494844160308,1
5804.68474102266,3,-0.021484132415852453,1
5800.82780758581,3,-0.019768746886383543,1
5796.97087414896,3,-0.012834886744940458,1
5793.11394071211,3,-0.015048271884378198,1
5789.25700727527,3,-0.017172406913436321,1
5785.40007383842,3,-0.013424300793371025,1
5781.54314040157,3,-0.010814783218557052,1
5777.68620696472,3,-0.0071886709175547478,1
5773.82927352788,3,-0.0047443153776924544,1
5769.97234009103,3,-0.013692774411280677,1
5766.11540665418,3,-0.021216716096076348,1
5762.25847321733,3,-0.031000405138419059,1
5758.40153978049,3,-0.027376706942896324,1
5754.54460634364,3,-0.029999298012345979,1
5750.68767290679,3,-0.018527935172443798,1
5746.83073946995,3,-0.0095663020993819094,1
5742.9738060331,3,-0.0064657563468954477,1
5739.11687259625,3,0.00085099784734826733,1
5735.2599391594,3,0.013482837859286147,1
5731.40300572256,3,0.021223730980210246,1
5727.54607228571,3,0.025235061769717317,1
5723.68913884886,3,0.023575911254023158,1
5719.83220541201,3,0.018402930911207337,1
5715.97527197517,3,0.016895738946558866,1
5712.11833853832,3,0.01105699942465653,1
5708.26140510147,3,0.0047201211001368978,1
5704.40447166463,3,0.0077871473843798963,1
5700.54753822778,3,-0.0017152406344915279,1
5696.69060479093,3,-0.0086725383035571452,1
5692.83367135408,3,-0.018998903392873839,1
5688.97673791724,3,-0.022148721825996798,1
5685.11980448039,3,-0.030247962715093626,1
5681.26287104354,3,-0.039965616858713256,1
5677.40593760669,3,-0.040824617895895102,1
5673.54900416985,3,-0.023051134789808549,1
5669.692070733,3,-0.022204811421499281,1
5665.83513729615,3,-0.018952823688302801,1
5661.97820385931,3,-0.015545686793718368,1
5658.12127042246,3,-0.011743266638113233,1
5654.26433698561,3,-0.0095654124104053474,1
5650.40740354876,3,-0.00015228533592173869,1
5646.55047011192,3,0.00472853031680571,1
5642.69353667507,3,0.016308083210264824,1
5638.83660323822,3,0.01042554358453987,1
5634.97966980137,3,0.016661465214442263,1
5631.12273636453,3,0.020217244397211641,1
5627.26580292768,3,0.034692905797212709,1
5623.40886949083,3,0.037956356811825499,1
5619.55193605399,3,0.040741854413456804,1
5615.69500261714,3,0.040429558822490858,1
5611.83806918029,3,0.053605029799963094,1
5607.98113574344,3,0.047081161490783473,1
5604.1242023066,3,0.042782796489951445,1
5600.26726886975,3,0.038860990055661057,1
5596.4103354329,3,0.042336639896981262,1
5592.55340199605,3,0.031503707389084819,1
5588.69646855921,3,0.02322543783813619,1
5584.83953512236,3,0.0041180159528389458,1
5580.98260168551,3,0.0082450929875527712,1
5577.12566824867,3,0.0098349387317028768,1
5573.26873481182,3,0.016296028240555441,1
5569.41180137497,3,0.010660381818779848,1
5565.55486793812,3,0.013405964418417852,1
5561.69793450128,3,0.011861991539826637,1
5557.84100106443,3,0.0060360855040591478,1
5553.98406762758,3,0.0046932088567821825,1
5550.12713419073,3,0.0060481282415409399,1
5546.27020075389,3,-0.0015370722996909964,1
5542.41326731704,3,-0.0032151934324621094,1
5538.55633388019,3,0.0036077508597292317,1
5534.69940044334,3,0.024022871247988412,1
5530.8424670065,3,0.0047872368646482699,1
5526.98553356965,3,0.0059315297520692156,1
5523.1286001328,3,0.012785156873130955,1
5519.27166669596,3,0.021750289723354653,1
5515.41473325911,3,0.013441904837521095,1
5511.55779982226,3,0.019644367193364754,1
5507.70086638541,3,0.018651270539031272,1
5503.84393294857,3,0.0084880626411852483,1
5499.98699951172,3,-0.007461160787841435,1
5496.13006607487,3,0.020225334434523141,1
5492.27313263802,3,0.040197366053591907,1
5488.41619920118,3,0.032235715263933255,1
5484.55926576433,3,0.00096393790145419644,1
5480.70233232748,3,-0.0014827620094831249,1
5476.84539889064,3,0.00014733467431932881,1
5472.98846545379,3,0.0094211641529131727,1
5469.13153201694,3,0.013286352657862866,1
5465.27459858009,3,0.023069056825772549,1
5461.41766514325,3,0.020434974831867129,1
5457.5607317064,3,0.049476952440374283,1
5453.70379826955,3,0.039687168393380476,1
5449.8468648327,3,0.023079570033656321,1
5445.98993139586,3,0.018981405588099704,1
5442.13299795901,3,0.047285989059855683,1
5438.27606452216,3,0.035126035652315223,1
5434.41913108532,3,0.048596623693310637,1
5430.56219764847,3,0.06008970168666309,1
5426.70526421162,3,0.041546810610274335,1
5422.84833077477,3,-0.00033207423275258453,1
5418.99139733793,3,-0.014012268013216533,1
5415.13446390108,3,0.0067113235985430111,1
5411.27753046423,3,0.045788967883964388,1
5407.42059702738,3,-0.021762213256419149,1
5403.56366359054,3,-0.034136810049163357,1
5399.70673015369,3,-0.030709766717937709,1
5395.84979671684,3,0.015803271447163144,1
5391.99286328,3,-0.0096689117322164685,1
5388.13592984315,3,-0.038116414242732599,1
5384.2789964063,3,-0.044743851923826239,1
5380.42206296945,3,-0.031966656592205718,1
5376.56512953261,3,-0.022245981481603519,1
5372.70819609576,3,-0.045449528815351456,1
5368.85126265891,3,-0.092413171758203641,1
5364.99432922206,3,-0.069686142389844455,1
5361.13739578522,3,-0.065611823145325501,1
5357.28046234837,3,-0.033214402896430052,1
5353.42352891152,3,-0.024135403484298698,1
5349.56659547468,3,-0.019863657182133128,1
5345.70966203783,3,-0.001849544370212603,1
5341.85272860098,3,-0.00092617741022842906,1
5337.99579516413,3,-0.039423562637063946,1
5334.13886172729,3,-0.044814169683113247,1
5330.28192829044,3,-0.045858370122927934,1
5326.42499485359,3,-0.040100818057989304,1
5322.56806141674,3,-0.068419477550074589,1
5318.7111279799,3,-0.055890808463434173,1
5314.85419454305,3,-0.047642920527318285,1
5310.9972611062,3,-0.016611438894685939,1
5307.14032766935,3,-0.013720589781980956,1
5303.28339423251,3,-0.013286089009539301,1
5299.42646079566,3,-0.042548996320474541,1
5295.56952735881,3,-0.030615606242953591,1
5291.71259392197,3,-0.0068877248887898252,1
5287.85566048512,3,0.016584317088345658,1
5283.99872704827,3,0.020615398802209597,1
5280.14179361142,3,0.021504299460550005,1
5276.28486017458,3,0.0026633786007387683,1
5272.42792673773,3,0.022109328926934079,1
5268.57099330088,3,0.044007608439901771,1
5264.71405986403,3,0.040359225003572509,1
5260.85712642719,3,-0.012067118900427611,1
5257.00019299034,3,0.0060438816448034217,1
5253.14325955349,3,0.017224202452929709,1
5249.28632611665,3,0.035790291944016707,1
5245.4293926798,3,0.0064354493021022167,1
5241.57245924295,3,-0.027911132292078505,1
5237.7155258061,3,-0.018708331293223381,1
5233.85859236926,3,0.0061968509658698609,1
5230.00165893241,3,0.015509031424544614,1
5226.14472549556,3,0.013434832464007911,1
5222.28779205871,3,0.0034341120708641631,1
5218.43085862187,3,0.0047498177013024978,1
5214.57392518502,3,0.012909455747627452,1
5210.71699174817,3,0.037646470278323539,1
5206.86005831133,3,0.031626356094546379,1
5203.00312487448,3,0.021447924896008164,1
5199.14619143763,3,0.041736591044529273,1
5195.28925800078,3,0.037223246044749081,1
5191.43232456394,3,0.03808242154116432,1
5187.57539112709,3,0.042376487832763432,1
5183.71845769024,3,0.040087644437142335,1
5179.86152425339,3,0.038855232839866978,1
5176.00459081655,3,0.037483612569183318,1
5172.1476573797,3,0.036220952906995278,1
5168.29072394285,3,0.033926922631051327,1
5164.43379050601,3,0.031999627805141928,1
5160.57685706916,3,0.038719932450941054,1
5156.71992363231,3,0.039429240368704516,1
5152.86299019546,3,0.02520507566303791,1
5149.00605675862,3,0.0047240332559126772,1
5145.14912332177,3,0.0095850369715975541,1
5141.29218988492,3,0.0029815004765477069,1
5137.43525644807,3,-0.00059864683886459561,1
5133.57832301123,3,-0.0060319180772198848,1
5129.72138957438,3,-0.0068425969010776173,1
5125.86445613753,3,-0.016984113395064063,1
5122.00752270069,3,-0.025143729417391476,1
5118.15058926384,3,-0.035868807414438063,1
5114.29365582699,3,-0.028851749566320726,1
5110.43672239014,3,-0.027866933739506782,1
5106.5797889533,3,-0.026390927031975223,1
5102.72285551645,3,-0.036668183214688684,1
5098.8659220796,3,-0.042141999384182206,1
5095.00898864275,3,-0.049129920122823481,1
5091.15205520591,3,-0.041271317784835219,1
5087.29512176906,3,-0.052595342930589838,1
5083.43818833221,3,-0.058216878922955233,1
5079.58125489536,3,-0.066548578601498418,1
5075.72432145852,3,-0.06193146719534217,1
5071.86738802167,3,-0.06172022529936734,1
5068.01045458482,3,-0.055781111804407042,1
5064.15352114798,3,-0.055365421623452475,1
5060.29658771113,3,-0.049071988317171834,1
5056.43965427428,3,-0.046509375058710632,1
5052.58272083743,3,-0.035644343144756931,1
5048.72578740059,3,-0.036251892863697503,1
5044.86885396374,3,-0.023690760380243342,1
5041.01192052689,3,-0.021890936326906148,1
5037.15498709004,3,-0.014674451119530377,1
5033.2980536532,3,-0.0093200862496235961,1
5029.44112021635,3,0.00038250043493138038,1
5025.5841867795,3,0.0018660527709787617,1
5021.72725334266,3,0.02040402440629499,1
5017.87031990581,3,0.023488399183836065,1
5014.01338646896,3,0.026444407536309372,1
5010.15645303211,3,0.029081557191676422,1
5006.29951959527,3,0.040120641474718388,1
5002.44258615842,3,0.037887773967878131,1
4998.58565272157,3,0.042542419716369607,1
4994.72871928472,3,0.036762551178556507,1
4990.87178584788,3,0.041369423009317792,1
4987.01485241103,3,0.031306773034729396,1
4983.15791897418,3,0.021760464895474282,1
4979.30098553734,3,0.0038948112917247314,1
4975.44405210049,3,0.0096331811680668913,1
4971.58711866364,3,0.0023623345387688293,1
4967.73018522679,3,0.0075286048715115083,1
4963.87325178995,3,0.0033203192633909566,1
4960.0163183531,3,0.0013387375931587988,1
4956.15938491625,3,-0.0061840987936504334,1
4952.3024514794,3,7.2979664050837207e-05,1
4948.44551804256,3,-0.0053325301082893855,1
4944.58858460571,3,-4.7473547910659983e-05,1
4940.73165116886,3,-0.0076945922289104974,1
4936.87471773202,3,-0.0082406267331494656,1
4933.01778429517,3,-0.010218253151458134,1
4929.16085085832,3,-0.0026469339084269493,1
4925.30391742147,3,-0.0034364329857031269,1
4921.44698398463,3,-0.00032992363805664705,1
4917.59005054778,3,-0.0015638063546621903,1
4913.73311711093,3,0.0077285556909062946,1
4909.87618367408,3,0.0070776860441738518,1
4906.01925023724,3,0.014429644396654959,1
4902.16231680039,3,0.018610033246768812,1
4898.30538336354,3,0.021363893552308003,1
4894.4484499267,3,0.016838063921902378,1
4890.59151648985,3,0.023976859162279634,1
4886.734583053,3,0.0097341941866825772,1
4882.87764961615,3,0.012504719796858918,1
4879.02071617931,3,0.012022247608168998,1
4875.16378274246,3,0.0067711116366073118,1
4871.30684930561,3,-0.0069381963848403408,1
4867.44991586876,3,-0.0063541483370322723,1
4863.59298243192,3,-0.016226919768441143,1
4859.73604899507,3,-0.014270472056577244,1
4855.87911555822,3,-0.021623029931120155,1
4852.02218212137,3,-0.018031763774610726,1
4848.16524868453,3,-0.017883113362297559,1
4844.30831524768,3,-0.0065087052300240294,1
4840.45138181083,3,-0.014312044438902858,1
4836.59444837399,3,-0.0095460717248843502,1
4832.73751493714,3,-0.0053699040926387855,1
4828.88058150029,3,0.002117255844912003,1
4825.02364806344,3,-0.0054223083190667503,1
4821.1667146266,3,0.0026229083447034738,1
4817.30978118975,3,0.0031685891086702493,1
4813.4528477529,3,0.0090958660585632439,1
4809.59591431605,3,0.012951557291927322,1
4805.73898087921,3,0.021414562070098481,1
4801.88204744236,3,0.021158110770522633,1
4798.02511400551,3,0.026705601372838499,1
4794.16818056867,3,0.021171972114610853,1
4790.31124713182,3,0.026150228801290549,1
4786.45431369497,3,0.017963926455004733,1
4782.59738025812,3,0.021455545109256159,1
4778.74044682128,3,0.021922905581279403,1
4774.88351338443,3,0.030094655499725384,1
4771.02657994758,3,0.024956960025544705,1
4767.16964651073,3,0.028176668501719498,1
4763.31271307389,3,0.021476161130709374,1
4759.45577963704,3,0.020627068097335312,1
4755.59884620019,3,0.016901108338712761,1
4751.74191276335,3,0.024711236581460658,1
4747.8849793265,3,0.020784309439723019,1
4744.02804588965,3,0.023683478724320344,1
4740.1711124528,3,0.01768956699225735,1
4736.31417901596,3,0.020304726978370449,1
4732.45724557911,3,0.0120281365242258,1
4728.60031214226,3,0.01371208911696363,1
4724.74337870541,3,0.014016131793332895,1
4720.88644526857,3,0.017623071154379194,1
4717.02951183172,3,0.010259711034942342,1
4713.17257839487,3,0.014335942679943998,1
4709.31564495803,3,0.0052793781435725691,1
4705.45871152118,3,0.0011068895676615655,1
4701.60177808433,3,-0.010351795026510315,1
4697.74484464748,3,-7.8563790435521357e-05,1
4693.88791121064,3,-0.00059309487797323845,1
4690.03097777379,3,-0.00025998119618468645,1
4686.17404433694,3,-0.013977291159082375,1
4682.31711090009,3,-0.016981549917676263,1
4678.46017746325,3,-0.026594420346957848,1
4674.6032440264,3,-0.028987912370041863,1
4670.74631058955,3,-0.040550103000179603,1
4666.88937715271,3,-0.046280590014794398,1
4663.03244371586,3,-0.053199255129330228,1
4659.17551027901,3,-0.044402705268064363,1
4655.31857684216,3,-0.049466658354360468,1
4651.46164340532,3,-0.045582564312526039,1
4647.60470996847,3,-0.045984634542962033,1
4643.74777653162,3,-0.040695593385389264,1
4639.89084309477,3,-0.039347236356385651,1
4636.03390965793,3,-0.032666065806098037,1
4632.17697622108,3,-0.044267620250674378,1
4628.32004278423,3,-0.037987502466215052,1
4624.46310934739,3,-0.033281617617745618,1
4620.60617591054,3,-0.024449914052606787,1
4616.74924247369,3,-0.026399318610673149,1
4612.89230903684,3,-0.014767913031784295,1
4609.0353756,3,-0.0088455531143908188,1
4605.17844216315,3,0.0033710834734206573,1
4601.3215087263,3,0.0067482281033043176,1
4597.46457528945,3,0.015361195350294505,1
4593.60764185261,3,0.015396260660776449,1
4589.75070841576,3,0.026983028949634471,1
4585.89377497891,3,0.030345628709533744,1
4582.03684154207,3,0.033621448791361676,1
4578.17990810522,3,0.028971681531424927,1
4574.32297466837,3,0.031077437390719054,1
4570.46604123152,3,0.026457298620167161,1
4566.60910779468,3,0.033733179412603606,1
4562.75217435783,3,0.025959049780607375,1
4558.89524092098,3,0.02829585634561177,1
4555.03830748413,3,0.030219746120890383,1
4551.18137404729,3,0.034226214902281719,1
4547.32444061044,3,0.022902009007343006,1
4543.46750717359,3,0.023373383374299426,1
4539.61057373675,3,0.012186084677805667,1
4535.7536402999,3,-0.0017825606637314416,1
4531.89670686305,3,-0.012578176772853901,1
4528.0397734262,3,-0.010575280314839869,1
4524.18283998936,3,-0.01270748802970814,1
4520.32590655251,3,-0.0080766070763050625,1
4516.46897311566,3,-0.012375826142962218,1
4512.61203967881,3,-0.0010998638129785202,1
4508.75510624197,3,0.0025815054664701329,1
4504.89817280512,3,0.0089073257208904834,1
4501.04123936827,3,0.005215075479920007,1
4497.18430593143,3,0.011551876006991786,1
4493.32737249458,3,1.5368800047055886e-05,1
4489.47043905773,3,0.0050719962240423164,1
4485.61350562088,3,0.010219931102730801,1
4481.75657218404,3,0.016133770451364798,1
4477.89963874719,3,0.012624990587428045,1
4474.04270531034,3,0.021820662476002384,1
4470.18577187349,3,0.025459489375805954,1
4466.32883843665,3,0.032905751606654897,1
4462.4719049998,3,0.03188417168566033,1
4458.61497156295,3,0.032815865521277111,1
4454.75803812611,3,0.022401108956862786,1
4450.90110468926,3,0.014723623774182102,1
4447.04417125241,3,-0.0082921841595262075,1
4443.18723781556,3,-0.017556077427723617,1
4439.33030437872,3,-0.032048971908295018,1
4435.47337094187,3,-0.039363387427668893,1
4431.61643750502,3,-0.054931191416933291,1
4427.75950406817,3,-0.047478218193426652,1
4423.90257063133,3,-0.042089254800185716,1
4420.04563719448,3,-0.028580354249011255,1
4416.18870375763,3,-0.03371386307642376,1
4412.33177032078,3,-0.035883745185603909,1
4408.47483688394,3,-0.053581169441133884,1
4404.61790344709,3,-0.059714397857845929,1
4400.76097001024,3,-0.070684013301429732,1
4396.9040365734,3,-0.066461990459123585,1
4393.04710313655,3,-0.068497482150090924,1
4389.1901696997,3,-0.050468290642688964,1
4385.33323626285,3,-0.033450561545628366,1
4381.47630282601,3,-0.012581041495574095,1
4377.61936938916,3,-0.0043395310915091724,1
4373.76243595231,3,0.022035690919901915,1
4369.90550251546,3,0.029653235623681683,1
4366.04856907862,3,0.051350985723211298,1
4362.19163564177,3,0.061800385490171236,1
4358.33470220492,3,0.087115047814238206,1
4354.47776876808,3,0.092941906636533053,1
4350.62083533123,3,0.094761400286329484,1
4346.76390189438,3,0.077786570639424277,1
4342.90696845753,3,0.059414156253996007,1
4339.05003502069,3,0.024842150878015494,1
4335.19310158384,3,0.015505805665070151,1
4331.33616814699,3,0.010097411823668599,1
4327.47923471014,3,0.0094152764736960912,1
4323.6223012733,3,0.015169869514964277,1
4319.76536783645,3,0.032697728513564527,1
4315.9084343996,3,0.015716104587143155,1
4312.05150096276,3,0.012543728348846187,1
4308.19456752591,3,0.0054183522916839205,1
4304.33763408906,3,0.0060633129672156057,1
4300.48070065221,3,-0.0070178849562189767,1
4296.62376721537,3,0.004740213461418348,1
4292.76683377852,3,0.0061826294928009045,1
4288.90990034167,3,0.018366082380571507,1
4285.05296690482,3,0.017094127707631208,1
4281.19603346798,3,0.022396647616126444,1
4277.33910003113,3,0.0078402639009389902,1
4273.48216659428,3,0.0015020846178759033,1
4269.62523315744,3,-0.012634998585102699,1
4265.76829972059,3,-0.0061387324894681006,1
4261.91136628374,3,-0.013556373522736614,1
4258.05443284689,3,-0.018945719934245476,1
4254.19749941005,3,-0.036052712845448635,1
4250.3405659732,3,-0.035539433154568832,1
4246.48363253635,3,-0.039609659355446705,1
4242.6266990995,3,-0.030557061242247073,1
4238.76976566266,3,-0.029697707586854975,1
4234.91283222581,3,-0.014760057790891377,1
4231.05589878896,3,-0.0081563802788584914,1
4227.19896535212,3,0.0068325019629381671,1
4223.34203191527,3,0.0078487875597081005,1
4219.48509847842,3,0.01067390857216635,1
4215.62816504157,3,0.0083444888852924927,1
4211.77123160473,3,0.019454818778688668,1
4207.91429816788,3,0.0060434054620301433,1
4204.05736473103,3,0.00060090578201371387,1
4200.20043129418,3,-0.012691387405973415,1
4196.34349785734,3,-0.0097020885822540863,1
4192.48656442049,3,-0.026168595775948343,1
4188.62963098364,3,-0.032824163415174329,1
4184.7726975468,3,-0.0413962591593518,1
4180.91576410995,3,-0.042646425297359326,1
4177.0588306731,3,-0.04908819736334212,1
4173.20189723625,3,-0.037115579973836167,1
4169.34496379941,3,-0.040126894070894585,1
4165.48803036256,3,-0.039013944043371974,1
4161.63109692571,3,-0.043831394876443407,1
4157.77416348886,3,-0.032855031353968424,1
4153.91723005202,3,-0.037501037320110939,1
4150.06029661517,3,-0.033797299494809453,1
4146.20336317832,3,-0.034117302178422466,1
4142.34642974148,3,-0.017146568801765013,1
4138.48949630463,3,-0.0059289045586329216,1
4134.63256286778,3,0.0030971726662261238,1
4130.77562943093,3,0.0017031534412850053,1
4126.91869599409,3,0.01543273705936038,1
4123.06176255724,3,0.013327342873987739,1
4119.20482912039,3,0.016600112952140332,1
4115.34789568354,3,0.0098257090686558347,1
4111.4909622467,3,0.025678746116946888,1
4107.63402880985,3,0.038140789567714835,1
4103.777095373,3,0.046551205276610177,1
4099.92016193616,3,0.039034870381345094,1
4096.06322849931,3,0.039412657442785631,1
4092.20629506246,3,0.036107232662072289,1
4088.34936162561,3,0.043793119088349951,1
4084.49242818877,3,0.031504702907222661,1
4080.63549475192,3,0.037398755787334967,1
4076.77856131507,3,0.037625653248271822,1
4072.92162787822,3,0.0408902816953855,1
4069.06469444138,3,0.028306444062102209,1
4065.20776100453,3,0.022911806341385479,1
4061.35082756768,3,0.013979394035561761,1
4057.49389413083,3,0.010543241996519419,1
4053.63696069399,3,-0.003270852726374333,1
4049.78002725714,3,-0.0038454317293243291,1
4045.92309382029,3,-0.01464723230526448,1
4042.06616038345,3,-0.01901876448090525,1
4038.2092269466,3,-0.026551277193402598,1
4034.35229350975,3,-0.017978406509579083,1
4030.4953600729,3,-0.022862383453332961,1
4026.63842663606,3,-0.013088512990412622,1
4022.78149319921,3,-0.018177200934141702,1
4018.92455976236,3,-0.023411465407346316,1
4015.06762632551,3,-0.035731561550091474,1
4011.21069288867,3,-0.022749974578484405,1
4007.35375945182,3,-0.019320151951011142,1
4003.49682601497,3,-0.014677467737841298,1
3999.63989257813,3,-0.007131936566167809,1
10001.0283203125,4,0.027762347852811588,1
9997.17138687565,4,0.03891252588232972,1
9993.31445343881,4,0.032180866409057499,1
9989.45752000196,4,0.022463179720874225,1
9985.60058656511,4,0.013941231992077786,1
9981.74365312826,4,-0.019092015930795164,1
9977.88671969142,4,-0.028068164324835193,1
9974.02978625457,4,-4.6175302442543907e-05,1
9970.17285281772,4,0.012181451126301111,1
9966.31591938088,4,-0.0028480452040427024,1
9962.45898594403,4,-0.050165505314241375,1
9958.60205250718,4,-0.043548814168421157,1
9954.74511907033,4,-0.032655727518901889,1
9950.88818563349,4,-0.017657256676700962,1
9947.03125219664,4,0.035819170185049445,1
9943.17431875979,4,0.046884216888945153,1
9939.31738532294,4,0.022657503659475362,1
9935.4604518861,4,0.031583801467039499,1
9931.60351844925,4,0.076180468173730448,1
9927.7465850124,4,0.054603614831517162,1
9923.88965157556,4,-0.013942962792989592,1
9920.03271813871,4,-0.021577986695062397,1
9916.17578470186,4,-0.0255134065960901,1
9912.31885126501,4,-0.02545296735967198,1
9908.46191782817,4,-0.01417906825197757,1
9904.60498439132,4,-0.022547839610196067,1
9900.74805095447,4,0.0024600435605517871,1
9896.89111751762,4,0.020477516627797863,1
9893.03418408078,4,-0.003044137485478346,1
9889.17725064393,4,-0.0095174948964009184,1
9885.32031720708,4,0.0013237490475912566,1
9881.46338377024,4,0.025491135339620618,1
9877.60645033339,4,0.036867263662754272,1
9873.74951689654,4,0.030589296918760632,1
9869.89258345969,4,0.027862529531805014,1
9866.03565002284,4,0.059211590726338831,1
9862.178716586,4,0.046323982914071596,1
9858.32178314915,4,0.0068696547907704025,1
9854.4648497123,4,0.0002097452170183047,1
9850.60791627546,4,0.016820649588000863,1
9846.75098283861,4,0.031158537577887401,1
9842.89404940176,4,0.017012562897424512,1
9839.03711596492,4,0.0079317060910603018,1
9835.18018252807,4,0.0094771069778286695,1
9831.32324909122,4,-0.011940979444624071,1
9827.46631565437,4,-0.027200033129919428,1
9823.60938221752,4,-0.021808421467382287,1
9819.75244878068,4,-0.00068030629498849673,1
9815.89551534383,4,-0.0035762145837707525,1
9812.03858190698,4,0.0073848886134332053,1
9808.18164847014,4,0.025488834568405689,1
9804.32471503329,4,0.0021642765955712153,1
9800.46778159644,4,0.026170041700004084,1
9796.6108481596,4,0.034906227407546911,1
9792.75391472275,4,-0.012524052944919243,1
9788.8969812859,4,-0.023350605803213784,1
9785.04004784905,4,0.020797876540979834,1
9781.1831144122,4,0.027076261017091128,1
9777.32618097536,4,0.023840470535144407,1
9773.46924753851,4,0.0081892911197436243,1
9769.61231410166,4,-0.034815280689444061,1
9765.75538066482,4,-0.044194572107918731,1
9761.89844722797,4,-0.022236358253348305,1
9758.04151379112,4,0.0019147121309967014,1
9754.18458035428,4,0.010069744419377863,1
9750.32764691743,4,0.014762178139602795,1
9746.47071348058,4,0.039010877402984465,1
9742.61378004373,4,0.028696941542784866,1
9738.75684660688,4,-0.00094782510049359707,1
9734.89991317004,4,0.01577344501292929,1
9731.04297973319,4,0.088578218251961452,1
9727.18604629634,4,0.085339836720662768,1
9723.3291128595,4,0.040790495292298182,1
9719.47217942265,4,0.0063547153019244251,1
9715.6152459858,4,0.0124450459018724,1
9711.75831254896,4,0.015715572937202289,1
9707.90137911211,4,0.0052113852556018494,1
9704.04444567526,4,0.0030871838812305047,1
9700.18751223841,4,0.020701609782467295,1
9696.33057880156,4,0.014018797988416105,1
9692.47364536472,4,0.0032848414261487414,1
9688.61671192787,4,0.0281734372889808,1
9684.75977849102,4,0.0035305419964002682,1
9680.90284505418,4,-0.0078234601593851604,1
9677.04591161733,4,0.02212313183977508,1
9673.18897818048,4,0.0013034724870316977,1
9669.33204474363,4,-0.032534456667373583,1
9665.47511130679,4,-0.009847564210094386,1
9661.61817786994,4,-0.014299295957297628,1
9657.76124443309,4,-0.038873506684330005,1
9653.90431099624,4,-0.03502510696285701,1
9650.0473775594,4,-0.035268542943177161,1
9646.19044412255,4,-0.034796411898601901,1
9642.3335106857,4,-0.0046798692155263708,1
9638.47657724886,4,0.0019257722142551133,1
9634.61964381201,4,-0.03923303496107796,1
9630.76271037516,4,-0.02444948258886346,1
9626.90577693831,4,-0.0029174272906119601,1
9623.04884350147,4,-0.061200108797471425,1
9619.19191006462,4,-0.064801187653379083,1
9615.33497662777,4,-0.045032609961035523,1
9611.47804319092,4,-0.039228896580740663,1
9607.62110975408,4,-0.022549720339899239,1
9603.76417631723,4,0.0084387025297430994,1
9599.90724288038,4,0.0011479259816325215,1
9596.05030944354,4,-0.038658403113118786,1
9592.19337600669,4,-0.055509234136118357,1
9588.33644256984,4,-0.039264047122362346,1
9584.47950913299,4,-0.052636985592824023,1
9580.62257569615,4,-0.059859510763244049,1
9576.7656422593,4,-0.021191404806830502,1
9572.90870882245,4,0.0015821543371481817,1
9569.0517753856,4,-0.042925744123211561,1
9565.19484194876,4,-0.060675915071706887,1
9561.33790851191,4,-0.07802939373732741,1
9557.48097507506,4,-0.065567687381202666,1
9553.62404163822,4,-0.044609575367018643,1
9549.76710820137,4,-0.089647749110633293,1
9545.91017476452,4,-0.092324469588737662,1
9542.05324132767,4,-0.078427359269443025,1
9538.19630789083,4,-0.070737754307756653,1
9534.33937445398,4,-0.051542672842775736,1
9530.48244101713,4,-0.02646131690899339,1
9526.62550758028,4,-0.014601748518148307,1
9522.76857414344,4,-0.053841385662762482,1
9518.91164070659,4,-0.073113685336882561,1
9515.05470726974,4,-0.077502286922749741,1
9511.1977738329,4,-0.068626964865207002,1
9507.34084039605,4,-0.051857499287942532,1
9503.4839069592,4,-0.054062705270866845,1
9499.62697352235,4,-0.053347157264224239,1
9495.77004008551,4,-0.039736342100584382,1
9491.91310664866,4,-0.010030027290940952,1
9488.05617321181,4,-0.016210086845364177,1
9484.19923977496,4,-0.053422225316258579,1
9480.34230633812,4,-0.03930467308587627,1
9476.48537290127,4,-0.060503308217655503,1
9472.62843946442,4,-0.051267728000219101,1
9468.77150602758,4,-0.013847002259119662,1
9464.91457259073,4,-0.017992071314223167,1
9461.05763915388,4,-0.02739452575002126,1
9457.20070571703,4,-0.049812270694322029,1
9453.34377228019,4,-0.067060765387934596,1
9449.48683884334,4,-0.037405113540028297,1
9445.62990540649,4,-0.018594524568192376,1
9441.77297196964,4,-0.0067291993794949224,1
9437.9160385328,4,-0.02026997510402986,1
9434.05910509595,4,-0.032935936378220974,1
9430.2021716591,4,-0.0072985816732130003,1
9426.34523822226,4,-0.01148017630441979,1
9422.48830478541,4,-0.015855061710035014,1
9418.63137134856,4,-0.027657611970582575,1
9414.77443791171,4,-0.031490883461211629,1
9410.91750447487,4,0.010405287373912381,1
9407.06057103802,4,0.037312543108291657,1
9403.20363760117,4,0.058491333770834687,1
9399.34670416432,4,0.05079502685305666,1
9395.48977072748,4,0.019530786300606486,1
9391.63283729063,4,-0.0059032309655927175,1
9387.77590385378,4,0.012913517172831098,1
9383.91897041694,4,0.016200590093305232,1
9380.06203698009,4,-0.001673473821054008,1
9376.20510354324,4,0.0078822825133748487,1
9372.34817010639,4,0.021095130566741036,1
9368.49123666955,4,-0.016430820832493313,1
9364.6343032327,4,-2.4947602789275709e-05,1
9360.77736979585,4,0.016972977451423506,1
9356.920436359,4,0.024854952803089334,1
9353.06350292216,4,0.020055056165325231,1
9349.20656948531,4,0.0083789216688641352,1
9345.34963604846,4,0.0036699297389275742,1
9341.49270261162,4,0.022522098178184055,1
9337.63576917477,4,0.027995244757316032,1
9333.77883573792,4,0.0043198564492441284,1
9329.92190230107,4,-0.022173887663722771,1
9326.06496886423,4,-0.02403662470204436,1
9322.20803542738,4,-0.0202348218987627,1
9318.35110199053,4,-0.020764614845351845,1
9314.49416855368,4,0.0028418584061479491,1
9310.63723511684,4,0.0089612411242048304,1
9306.78030167999,4,0.012777512227227963,1
9302.92336824314,4,0.041631646019223485,1
9299.0664348063,4,0.03706687211004539,1
9295.20950136945,4,0.020331791527466815,1
9291.3525679326,4,0.0023914654469755665,1
9287.49563449575,4,0.0021897849042956776,1
9283.63870105891,4,-9.7661811696655581e-05,1
9279.78176762206,4,0.010149847241068167,1
9275.92483418521,4,0.012347212897056528,1
9272.06790074836,4,0.031625417177302079,1
9268.21096731152,4,0.023990924131214512,1
9264.35403387467,4,0.042621114038974249,1
9260.49710043782,4,0.05592790191183554,1
9256.64016700098,4,0.032577807782409797,1
9252.78323356413,4,0.0396022954740472,1
9248.92630012728,4,0.090344721228748398,1
9245.06936669043,4,0.11291293428997255,1
9241.21243325358,4,0.12143311903061255,1
9237.35549981674,4,0.073584409782658039,1
9233.49856637989,4,0.0048095259133172814,1
9229.64163294304,4,-0.015201066720447118,1
9225.7846995062,4,-0.0015230763932956106,1
9221.92776606935,4,0.02839967533831848,1
9218.0708326325,4,0.03931659461378989,1
9214.21389919565,4,0.035901025567739421,1
9210.35696575881,4,0.06827129878545686,1
9206.50003232196,4,0.073446983696059676,1
9202.64309888511,4,0.031630216510928254,1
9198.78616544826,4,0.018458427291045503,1
9194.92923201142,4,0.04289594140580643,1
9191.07229857457,4,0.049845786014571618,1
9187.21536513772,4,0.055012379185468044,1
9183.35843170088,4,0.089509366434339849,1
9179.50149826403,4,0.092732741802316374,1
9175.64456482718,4,0.054269133586096675,1
9171.78763139033,4,0.025167688512754548,1
9167.93069795349,4,0.018273207240903359,1
9164.07376451664,4,0.019205248102014058,1
9160.21683107979,4,0.046072272074755768,1
9156.35989764294,4,0.079468584752043422,1
9152.5029642061,4,0.066416499414391011,1
9148.64603076925,4,0.06718756434847363,1
9144.7890973324,4,0.042060380974148749,1
9140.93216389556,4,0.020755399893784336,1
9137.07523045871,4,0.020860308311697866,1
9133.21829702186,4,0.040843175978533111,1
9129.36136358501,4,0.057593438740796858,1
9125.50443014817,4,0.04702883522472659,1
9121.64749671132,4,0.061515652603251848,1
9117.79056327447,4,0.088878547748878961,1
9113.93362983762,4,0.092379915879887753,1
9110.07669640078,4,0.080136087498183239,1
9106.21976296393,4,0.051384538459861732,1
9102.36282952708,4,0.020212496236017122,1
9098.50589609024,4,0.0095352308026870111,1
9094.64896265339,4,0.01183030332352685,1
9090.79202921654,4,0.011291939517842034,1
9086.93509577969,4,0.014632779894022093,1
9083.07816234285,4,0.015263651314231351,1
9079.221228906,4,0.021623686135922953,1
9075.36429546915,4,0.019615711836740182,1
9071.5073620323,4,0.025879510954646547,1
9067.65042859546,4,0.031311854556414803,1
9063.79349515861,4,0.03366062153278452,1
9059.93656172176,4,0.015335484749703724,1
9056.07962828492,4,0.014446862439051687,1
9052.22269484807,4,0.038004829714962662,1
9048.36576141122,4,0.056487891299825684,1
9044.50882797437,4,0.049029753078953839,1
9040.65189453753,4,0.036140803615122466,1
9036.79496110068,4,0.012337534657144314,1
9032.93802766383,4,-0.0074131019562525694,1
9029.08109422698,4,0.018590230698284214,1
9025.22416079014,4,0.039613064091505897,1
9021.36722735329,4,0.030965763267012451,1
9017.51029391644,4,0.02591647904317624,1
9013.6533604796,4,-0.0040774215820783563,1
9009.79642704275,4,-0.006860534754309938,1
9005.9394936059,4,0.023089007858688438,1
9002.08256016905,4,0.030764343430101013,1
8998.22562673221,4,0.0065273323050547977,1
8994.36869329536,4,-0.0053988192375801934,1
8990.51175985851,4,-0.0056970884306238069,1
8986.65482642166,4,-0.016961028643405991,1
8982.79789298482,4,-0.021845262641572352,1
8978.94095954797,4,0.0010976389408854186,1
8975.08402611112,4,-0.0089690544490612315,1
8971.22709267428,4,-0.034471044488399112,1
8967.37015923743,4,-0.025809311446327223,1
8963.51322580058,4,-0.0001607493145429578,1
8959.65629236373,4,0.020681365211187883,1
8955.79935892689,4,0.034801046623513361,1
8951.94242549004,4,0.020843930182303266,1
8948.08549205319,4,0.013305963840892639,1
8944.22855861634,4,0.017490740972257109,1
8940.3716251795,4,-0.0028645214309166371,1
8936.51469174265,4,-0.018505250698408304,1
8932.6577583058,4,0.017897615275616525,1
8928.80082486896,4,0.023910429603733834,1
8924.94389143211,4,0.016809823061192247,1
8921.08695799526,4,-0.0015923028373885644,1
8917.23002455841,4,-0.0074007990702828815,1
8913.37309112157,4,-0.00011355418156655649,1
8909.51615768472,4,-0.0078404119146152848,1
8905.65922424787,4,0.0025121812753990773,1
8901.80229081102,4,0.014019473678922138,1
8897.94535737418,4,-0.015844026442555729,1
8894.08842393733,4,-0.043255265487620133,1
8890.23149050048,4,-0.013489278670089944,1
8886.37455706364,4,-1.4171243807512819e-05,1
8882.51762362679,4,-0.013181444888414188,1
8878.66069018994,4,-0.036682038711601188,1
8874.80375675309,4,-0.040617892197823385,1
8870.94682331625,4,-0.01534025737724396,1
8867.0898898794,4,-0.014744272124795251,1
8863.23295644255,4,-0.019059443887750389,1
8859.3760230057,4,-0.030002091769869094,1
8855.51908956886,4,-0.031357476897680446,1
8851.66215613201,4,-0.016700075948268084,1
8847.80522269516,4,-0.0096412091984279333,1
8843.94828925832,4,-0.0050783187093161293,1
8840.09135582147,4,-0.02128766852878684,1
8836.23442238462,4,-0.025829677179412383,1
8832.37748894777,4,-0.02331184672488508,1
8828.52055551093,4,-0.010611308536279975,1
8824.66362207408,4,-0.0061644588093943235,1
8820.80668863723,4,-0.016419431908433479,1
8816.94975520038,4,-0.012326719107782338,1
8813.09282176354,4,-0.054780475191939848,1
8809.23588832669,4,-0.048268694364803764,1
8805.37895488984,4,-0.013503661134173827,1
8801.522021453,4,-0.0090186877257248162,1
8797.66508801615,4,-0.025569596055818326,1
8793.8081545793,4,-0.019796483194009687,1
8789.95122114245,4,-0.027243722481717025,1
8786.09428770561,4,-0.03838820778917941,1
8782.23735426876,4,-0.041823237372788258,1
8778.38042083191,4,-0.052563966201497857,1
8774.52348739506,4,-0.051671683895443056,1
8770.66655395822,4,-0.016876128780468489,1
8766.80962052137,4,-0.0035423921832250789,1
8762.95268708452,4,-0.0078822027137191875,1
8759.09575364767,4,-0.025836291873987893,1
8755.23882021083,4,-0.043590756999865213,1
8751.38188677398,4,-0.028996251027355504,1
8747.52495333713,4,-0.0092284334736526235,1
8743.66801990029,4,-0.014104073425291472,1
8739.81108646344,4,-0.0052374658873873218,1
8735.95415302659,4,-0.0094633375025822784,1
8732.09721958974,4,-0.020357428177144987,1
8728.2402861529,4,-0.039953144857897978,1
8724.38335271605,4,-0.04489473806004473,1
8720.5264192792,4,-0.054671519634145925,1
8716.66948584235,4,-0.043355414776876086,1
8712.81255240551,4,-0.032637395854037604,1
8708.95561896866,4,-0.024144778881633959,1
8705.09868553181,4,-0.029084649859349828,1
8701.24175209497,4,-0.026734702191215005,1
8697.38481865812,4,-0.046765572025742587,1
8693.52788522127,4,-0.052268346081362833,1
8689.67095178442,4,-0.055836831615119938,1
8685.81401834758,4,-0.030698664305804781,1
8681.95708491073,4,-0.035491883830218687,1
8678.10015147388,4,-0.030761931425936667,1
8674.24321803703,4,-0.015485609424968278,1
8670.38628460019,4,0.0024311520999796849,1
8666.52935116334,4,0.016541884212841352,1
8662.67241772649,4,-0.025375042597577686,1
8658.81548428965,4,-0.047520554995858902,1
8654.9585508528,4,-0.036922240854049757,1
8651.10161741595,4,-0.028052986761496382,1
8647.2446839791,4,-0.02670197702568251,1
8643.38775054226,4,-0.032413393304076707,1
8639.53081710541,4,-0.041245678193907724,1
8635.67388366856,4,-0.042561762115911755,1
8631.81695023171,4,-0.017111916149956496,1
8627.96001679487,4,-0.046673458053229873,1
8624.10308335802,4,-0.037225521199783444,1
8620.24614992117,4,-0.034229496659494277,1
8616.38921648433,4,-0.049259773024914369,1
8612.53228304748,4,-0.038244697068666164,1
8608.67534961063,4,-0.01908758239317378,1
8604.81841617378,4,-0.023201874709214611,1
8600.96148273694,4,-0.018367762562725508,1
8597.10454930009,4,-0.025155698245416237,1
8593.24761586324,4,-0.021938907171424455,1
8589.39068242639,4,-0.013520698554190714,1
8585.53374898955,4,-0.023793318258757246,1
8581.6768155527,4,-0.038294944908803447,1
8577.81988211585,4,-0.024898221206484029,1
8573.96294867901,4,-0.00090083869961405608,1
8570.10601524216,4,0.01711420810086052,1
8566.24908180531,4,0.00087082360602864562,1
8562.39214836846,4,-0.041546828187923317,1
8558.53521493162,4,-0.069687068081186729,1
8554.67828149477,4,-0.05066646455235245,1
8550.82134805792,4,-0.042356815699397247,1
8546.96441462107,4,-0.026460363416377208,1
8543.10748118423,4,-0.025983724406404833,1
8539.25054774738,4,-0.013268013743426201,1
8535.39361431053,4,0.0025651243914990591,1
8531.53668087368,4,0.0075658363886241071,1
8527.67974743684,4,-0.0017083368109155768,1
8523.82281399999,4,-0.0061141026960833929,1
8519.96588056314,4,-0.032610853578084194,1
8516.1089471263,4,-0.02042510134921096,1
8512.25201368945,4,-0.016461326215338627,1
8508.3950802526,4,-0.033946602960499957,1
8504.53814681575,4,-0.031802799612448501,1
8500.68121337891,4,-0.0069857017130722145,1
8496.82427994206,4,0.0045783106469711836,1
8492.96734650521,4,-0.007389933102045435,1
8489.11041306836,4,-0.02577285460184783,1
8485.25347963152,4,-0.015445591615646256,1
8481.39654619467,4,-0.011157804851777524,1
8477.53961275782,4,-0.010279462178784185,1
8473.68267932098,4,-0.014273264514067522,1
8469.82574588413,4,-0.011640881718918401,1
8465.96881244728,4,0.0013915978061018251,1
8462.11187901043,4,0.011699476048313088,1
8458.25494557359,4,0.010120331435451577,1
8454.39801213674,4,0.0014367425058216497,1
8450.54107869989,4,-0.0024316471175930962,1
8446.68414526304,4,-0.010638571979028259,1
8442.8272118262,4,-0.0020412161987712059,1
8438.97027838935,4,0.004142098417584025,1
8435.1133449525,4,0.02321529970908506,1
8431.25641151566,4,0.044569713824508056,1
8427.39947807881,4,0.023820998990339012,1
8423.54254464196,4,0.018817462234966761,1
8419.68561120511,4,0.017482570968314751,1
8415.82867776827,4,0.016137743794637761,1
8411.97174433142,4,0.031644472323941505,1
8408.11481089457,4,0.033364254658908424,1
8404.25787745772,4,0.011332593126900188,1
8400.40094402088,4,0.026066543773677901,1
8396.54401058403,4,0.020236100562584507,1
8392.68707714718,4,0.011497430762417304,1
8388.83014371034,4,0.024697826330622022,1
8384.97321027349,4,0.044796363115724047,1
8381.11627683664,4,0.036623863175058557,1
8377.25934339979,4,0.024780709638948656,1
8373.40240996295,4,0.026665980957225936,1
8369.5454765261,4,0.0093930332443131308,1
8365.68854308925,4,0.0021835010272178239,1
8361.8316096524,4,0.012011709772694838,1
8357.97467621556,4,0.0099768636483471684,1
8354.11774277871,4,0.018918901431061966,1
8350.26080934186,4,0.015844180507380543,1
8346.40387590502,4,0.0094988119200330821,1
8342.54694246817,4,0.013256618129567885,1
8338.69000903132,4,0.023111850220943454,1
8334.83307559447,4,0.031381569940838176,1
8330.97614215763,4,0.042350677096565717,1
8327.11920872078,4,0.045553953751395052,1
8323.26227528393,4,0.023062925886521528,1
8319.40534184708,4,0.0092335096735723914,1
8315.54840841024,4,0.017906910474390771,1
8311.69147497339,4,0.033152729872422827,1
8307.83454153654,4,0.041882085792467397,1
8303.97760809969,4,0.048663395904691417,1
8300.12067466285,4,0.03620284854450416,1
8296.263741226,4,0.017950301136665521,1
8292.40680778915,4,0.011951877578390165,1
8288.54987435231,4,0.011764162442264801,1
8284.69294091546,4,0.03557635033715744,1
8280.83600747861,4,0.033193813326393429,1
8276.97907404176,4,0.028696271022879406,1
8273.12214060492,4,0.019663795650229063,1
8269.26520716807,4,0.012205942889525357,1
8265.40827373122,4,0.017032270692207384,1
8261.55134029437,4,0.0033928932737747929,1
8257.69440685753,4,-0.0025214162057325619,1
8253.83747342068,4,-0.0039987673287876233,1
8249.98053998383,4,0.0019195782866304036,1
8246.12360654699,4,0.01957090834718125,1
8242.26667311014,4,0.024201292253116687,1
8238.40973967329,4,-0.0040230472593211029,1
8234.55280623644,4,-0.005121974232914793,1
8230.6958727996,4,0.028033405130492777,1
8226.83893936275,4,0.03568235702558014,1
8222.9820059259,4,0.039883914897810582,1
8219.12507248905,4,0.049811694697208309,1
8215.26813905221,4,0.025154018528630896,1
8211.41120561536,4,0.011057877435035189,1
8207.55427217851,4,0.035640762509094905,1
8203.69733874167,4,0.035098977369111238,1
8199.84040530482,4,0.0019927024978497799,1
8195.98347186797,4,0.0097797047384160212,1
8192.12653843112,4,0.029785824337204454,1
8188.26960499428,4,0.020387212004189897,1
8184.41267155743,4,0.029708373869365652,1
8180.55573812058,4,0.028205439492708161,1
8176.69880468373,4,0.0083485305579648894,1
8172.84187124689,4,-0.017136974589015117,1
8168.98493781004,4,-0.0015827403608386073,1
8165.12800437319,4,0.00860608814761913,1
8161.27107093635,4,0.001788942534027125,1
8157.4141374995,4,0.015692756286907097,1
8153.55720406265,4,0.02187534706724607,1
8149.7002706258,4,0.020818424372457095,1
8145.84333718896,4,0.02478677893099078,1
8141.98640375211,4,0.0027981221138597468,1
8138.12947031526,4,-0.008363326874722651,1
8134.27253687841,4,-0.018941260948695148,1
8130.41560344157,4,-0.011509207759722079,1
8126.55867000472,4,-0.012384802426865965,1
8122.70173656787,4,0.003537590064426944,1
8118.84480313103,4,0.0094100327189398127,1
8114.98786969418,4,-0.0080183153140275191,1
8111.13093625733,4,-0.019115267474792492,1
8107.27400282048,4,-0.0037834285004742043,1
8103.41706938364,4,-0.0014912223700447064,1
8099.56013594679,4,0.0056697573911967253,1
8095.70320250994,4,-0.0065030117814521412,1
8091.84626907309,4,0.0015345719870750009,1
8087.98933563625,4,0.0095321930867098975,1
8084.1324021994,4,0.0056310078985881019,1
8080.27546876255,4,-0.009459173190351701,1
8076.41853532571,4,0.0017030213028767932,1
8072.56160188886,4,-0.022415708761450201,1
8068.70466845201,4,-0.0090523051592333679,1
8064.84773501516,4,0.028306349601510988,1
8060.99080157832,4,0.010381232207625865,1
8057.13386814147,4,-0.011010891196451159,1
8053.27693470462,4,-0.0018187305958491092,1
8049.42000126777,4,-0.0086313317412038074,1
8045.56306783093,4,-0.011385150065576499,1
8041.70613439408,4,0.0040635801815163851,1
8037.84920095723,4,0.020072879425004946,1
8033.99226752039,4,0.0061409039914892697,1
8030.13533408354,4,-0.0065937813918302869,1
8026.27840064669,4,-0.0057288920575404327,1
8022.42146720984,4,-0.011251321087729887,1
8018.564533773,4,-0.0064967517572344325,1
8014.70760033615,4,-0.019788819249451733,1
8010.8506668993,4,-0.027089076763251813,1
8006.99373346245,4,-0.0043782493296340291,1
8003.13680002561,4,0.0050646962966641416,1
7999.27986658876,4,-0.0026707640761764648,1
7995.42293315191,4,-0.021661391608958584,1
7991.56599971507,4,-0.028861421529370886,1
7987.70906627822,4,-0.018237744759654419,1
7983.85213284137,4,8.1671425217638279e-05,1
7979.99519940452,4,-0.011932837011804915,1
7976.13826596768,4,-0.019508157334039999,1
7972.28133253083,4,-0.032860537282713709,1
7968.42439909398,4,-0.03044376007949073,1
7964.56746565713,4,-0.025498970910817313,1
7960.71053222029,4,-0.019649336389718369,1
7956.85359878344,4,-0.018357279653069044,1
7952.99666534659,4,-0.011300131129972682,1
7949.13973190975,4,-0.012583390522811388,1
7945.2827984729,4,-0.01335906009792071,1
7941.42586503605,4,-0.012065882368049218,1
7937.5689315992,4,-0.0041997948611052953,1
7933.71199816236,4,0.00058646174064599325,1
7929.85506472551,4,-0.011169898937377166,1
7925.99813128866,4,-0.014138257031243441,1
7922.14119785181,4,-0.00097342576164542781,1
7918.28426441497,4,-0.0033544317260415257,1
7914.42733097812,4,-0.0010960492366799031,1
7910.57039754127,4,-0.0016511028725545666,1
7906.71346410443,4,-0.013638330841810214,1
7902.85653066758,4,-0.031528276094805345,1
7898.99959723073,4,-0.017662340373100705,1
7895.14266379388,4,-0.0087058353588156043,1
7891.28573035704,4,0.0074095564297199743,1
7887.42879692019,4,0.00080633226579911231,1
7883.57186348334,4,-0.019401230493614814,1
7879.71493004649,4,-0.032453305195834954,1
7875.85799660965,4,-0.0076571724334727823,1
7872.0010631728,4,-0.0041208704196086183,1
7868.14412973595,4,-0.016429890998309528,1
7864.28719629911,4,-0.018419365314975782,1
7860.43026286226,4,-0.02749792263895914,1
7856.57332942541,4,-0.01812748899363175,1
7852.71639598856,4,0.0018849803685507731,1
7848.85946255172,4,0.018299602937901727,1
7845.00252911487,4,0.0070288145076181545,1
7841.14559567802,4,0.0013365478159045345,1
7837.28866224117,4,-0.0012064214783256806,1
7833.43172880433,4,-0.0048544488010920112,1
7829.57479536748,4,0.0062707160984376668,1
7825.71786193063,4,0.018097050944855156,1
7821.86092849379,4,0.0098197847788502116,1
7818.00399505694,4,-0.0066025575254117968,1
7814.14706162009,4,-0.0057878669176636048,1
7810.29012818324,4,-0.022482894825712516,1
7806.4331947464,4,-0.021704674853621306,1
7802.57626130955,4,0.00034872901979429949,1
7798.7193278727,4,0.021374553057816065,1
7794.86239443585,4,0.013151056107419882,1
7791.00546099901,4,0.00062800242925853628,1
7787.14852756216,4,0.010745711628918126,1
7783.29159412531,4,0.020644046241649845,1
7779.43466068847,4,0.0050710627143428022,1
7775.57772725162,4,0.0051203737470834178,1
7771.72079381477,4,0.010468313702520902,1
7767.86386037792,4,0.03125594214260654,1
7764.00692694107,4,0.040042965696996516,1
7760.14999350423,4,0.014928865144922745,1
7756.29306006738,4,0.0054504549221499263,1
7752.43612663053,4,0.013780877494089971,1
7748.57919319369,4,0.019949926345748582,1
7744.72225975684,4,0.02504027920198338,1
7740.86532631999,4,0.010823289932826914,1
7737.00839288315,4,-0.011288650725620389,1
7733.1514594463,4,0.0035083953952135811,1
7729.29452600945,4,0.023894032002846476,1
7725.4375925726,4,0.028256421209873137,1
7721.58065913575,4,0.022970141596758545,1
7717.72372569891,4,0.013857337802355265,1
7713.86679226206,4,0.013739400765367331,1
7710.00985882521,4,0.011350858865525818,1
7706.15292538837,4,0.019406619181227734,1
7702.29599195152,4,0.0093091248584481531,1
7698.43905851467,4,0.0016618281884697703,1
7694.58212507782,4,0.0008146328609907169,1
7690.72519164098,4,-0.0027945071580838111,1
7686.86825820413,4,-0.017076441519259591,1
7683.01132476728,4,-0.011086474597614701,1
7679.15439133043,4,0.010143927125547191,1
7675.29745789359,4,0.0088211817686179323,1
7671.44052445674,4,0.0044600306371534058,1
7667.58359101989,4,0.0052673407779799007,1
7663.72665758305,4,0.0076956311387407286,1
7659.8697241462,4,0.0031859487940224134,1
7656.01279070935,4,-0.003564534872771185,1
7652.1558572725,4,-0.012779834384135646,1
7648.29892383566,4,-0.0072997161466470169,1
7644.44199039881,4,-0.0010616795660618656,1
7640.58505696196,4,-0.00066532874737355266,1
7636.72812352511,4,0.002067098641792154,1
7632.87119008827,4,0.00688122815687743,1
7629.01425665142,4,-0.0083960465174817509,1
7625.15732321457,4,-0.01093146214139086,1
7621.30038977773,4,-0.006678432021756611,1
7617.44345634088,4,-0.0035153078016520465,1
7613.58652290403,4,-0.0040093537766048536,1
7609.72958946718,4,-0.0068332343976855768,1
7605.87265603034,4,-0.0053396251851126602,1
7602.01572259349,4,-0.0040365457355638606,1
7598.15878915664,4,0.0019460917763998626,1
7594.30185571979,4,0.0010885390242890397,1
7590.44492228295,4,9.2119179162838404e-05,1
7586.5879888461,4,0.003385599051053614,1
7582.73105540925,4,0.020343765981132637,1
7578.87412197241,4,0.02497092124994894,1
7575.01718853556,4,0.013034459773242583,1
7571.16025509871,4,0.0056226435162242119,1
7567.30332166186,4,0.012804015823109798,1
7563.44638822502,4,0.0052460049819344368,1
7559.58945478817,4,-0.007606179222870141,1
7555.73252135132,4,-0.0090700335670375175,1
7551.87558791447,4,-0.016725814004387093,1
7548.01865447763,4,-0.026690914319270464,1
7544.16172104078,4,-0.017705635478584877,1
7540.30478760393,4,-0.024389780811881655,1
7536.44785416709,4,-0.020999813739542867,1
7532.59092073024,4,-0.010918388134036892,1
7528.73398729339,4,-0.020275043187976842,1
7524.87705385654,4,-0.018970257406904247,1
7521.0201204197,4,-0.00038895370736736243,1
7517.16318698285,4,0.0022636148207718248,1
7513.306253546,4,-0.0090212645846495798,1
7509.44932010915,4,-0.028124309773254173,1
7505.59238667231,4,-0.0084843646438399339,1
7501.73545323546,4,0.0132766176007312,1
7497.87851979861,4,0.0012926013905256782,1
7494.02158636177,4,-0.015243690766284988,1
7490.16465292492,4,-0.02715143776490464,1
7486.30771948807,4,-0.03281699371871033,1
7482.45078605122,4,-0.027655741082012932,1
7478.59385261438,4,-0.020789833569143431,1
7474.73691917753,4,-0.0039872631780372399,1
7470.87998574068,4,-0.0096363426707267649,1
7467.02305230383,4,-0.016210355389631392,1
7463.16611886699,4,-0.00070274886301803844,1
7459.30918543014,4,0.014234569401317421,1
7455.45225199329,4,-0.00036012359627984159,1
7451.59531855645,4,-0.00018131888334742697,1
7447.7383851196,4,-0.013602639121108399,1
7443.88145168275,4,-0.016965997256470612,1
7440.0245182459,4,-0.018675978710676382,1
7436.16758480906,4,-0.018282327065631505,1
7432.31065137221,4,0.005394779017360545,1
7428.45371793536,4,0.0053322080924997758,1
7424.59678449851,4,-0.041858237676054295,1
7420.73985106167,4,-0.033316015382168593,1
7416.88291762482,4,-0.0022941179951389435,1
7413.02598418797,4,-0.0038905823296858798,1
7409.16905075113,4,0.00019837151388950059,1
7405.31211731428,4,-0.012840128317909765,1
7401.45518387743,4,-0.0064910331860565896,1
7397.59825044058,4,0.006712975983553744,1
7393.74131700374,4,-0.0077383863381931123,1
7389.88438356689,4,-0.014548456705214827,1
7386.02745013004,4,0.0080693025774676366,1
7382.17051669319,4,0.049924980684372108,1
7378.31358325635,4,0.058194845165299401,1
7374.4566498195,4,0.022794522112403567,1
7370.59971638265,4,0.021871513467379786,1
7366.74278294581,4,0.035560232526861565,1
7362.88584950896,4,0.040271806705735005,1
7359.02891607211,4,0.028092148346216136,1
7355.17198263526,4,0.0066121821274453116,1
7351.31504919842,4,0.012991717161034777,1
7347.45811576157,4,0.025591290802656149,1
7343.60118232472,4,0.033367601029570121,1
7339.74424888787,4,-0.0091689832498369553,1
7335.88731545103,4,-0.014532146525533151,1
7332.03038201418,4,-0.011488341044179217,1
7328.17344857733,4,-0.014033515234972463,1
7324.31651514049,4,-0.010005905902162684,1
7320.45958170364,4,-0.0088495657862665278,1
7316.60264826679,4,-0.0021302886447411586,1
7312.74571482994,4,0.0080895334220961977,1
7308.8887813931,4,0.018072234062142881,1
7305.03184795625,4,0.029284257818561539,1
7301.1749145194,4,0.025484215594563708,1
7297.31798108255,4,-0.0011840386890163276,1
7293.46104764571,4,0.0097586474645597592,1
7289.60411420886,4,0.010509817023585673,1
7285.74718077201,4,-0.0090772888646368857,1
7281.89024733516,4,-0.0067808736638834107,1
7278.03331389832,4,0.01595360576685792,1
7274.17638046147,4,0.037393755073540987,1
7270.31944702462,4,0.037043472967871569,1
7266.46251358778,4,0.011348608557712248,1
7262.60558015093,4,-0.0089850329882540016,1
7258.74864671408,4,0.028053752918473999,1
7254.89171327723,4,0.025486021208429487,1
7251.03477984039,4,0.0024941370075287381,1
7247.17784640354,4,0.01141890852510055,1
7243.32091296669,4,-0.04257225256888663,1
7239.46397952984,4,-0.025480909995271615,1
7235.607046093,4,-0.0096759734274238229,1
7231.75011265615,4,-0.053707297449779041,1
7227.8931792193,4,-0.034740857242895509,1
7224.03624578246,4,-0.02510010898189351,1
7220.17931234561,4,-0.034869925472288413,1
7216.32237890876,4,-0.044782571055943909,1
7212.46544547191,4,-0.0040948837605691334,1
7208.60851203507,4,0.01246709565722866,1
7204.75157859822,4,0.012104950429245552,1
7200.89464516137,4,0.0148518113635335,1
7197.03771172452,4,0.028656681677383819,1
7193.18077828768,4,0.036809943079344813,1
7189.32384485083,4,0.034927821940243346,1
7185.46691141398,4,0.038685136004018433,1
7181.60997797714,4,0.025670184839448867,1
7177.75304454029,4,0.017925202911297875,1
7173.89611110344,4,0.023147005207475625,1
7170.03917766659,4,0.030222617945825016,1
7166.18224422975,4,0.043298787155113927,1
7162.3253107929,4,0.030874084382736131,1
7158.46837735605,4,0.023738147742495736,1
7154.6114439192,4,0.019904785637141448,1
7150.75451048236,4,-0.0016194670837300074,1
7146.89757704551,4,0.0075336143598094627,1
7143.04064360866,4,0.024461293198043008,1
7139.18371017182,4,-0.00028568967002862958,1
7135.32677673497,4,-0.022742519008009585,1
7131.46984329812,4,-0.018395985140642956,1
7127.61290986127,4,-0.019556616334967202,1
7123.75597642443,4,-0.019174660706517511,1
7119.89904298758,4,-0.0044287583660139324,1
7116.04210955073,4,-0.016197476020342352,1
7112.18517611388,4,0.0016781527381959289,1
7108.32824267704,4,0.0034902198991871108,1
7104.47130924019,4,-0.0083508070374118115,1
7100.61437580334,4,0.0065617307350686526,1
7096.7574423665,4,0.0065590784556085972,1
7092.90050892965,4,-0.018678849391136228,1
7089.0435754928,4,-0.011504049603698807,1
7085.18664205595,4,-0.011852208010571083,1
7081.32970861911,4,-0.014530816447596569,1
7077.47277518226,4,-0.031491257770592293,1
7073.61584174541,4,-0.021030625348120148,1
7069.75890830856,4,-0.014171804032731704,1
7065.90197487172,4,-0.020133733671228414,1
7062.04504143487,4,-0.03777029256770674,1
7058.18810799802,4,-0.015788721545199814,1
7054.33117456117,4,0.00092015209006207871,1
7050.47424112433,4,0.0039233730105701723,1
7046.61730768748,4,0.0044121770653910613,1
7042.76037425063,4,0.015936343288024759,1
7038.90344081379,4,0.016584513835705632,1
7035.04650737694,4,0.016566683740777844,1
7031.18957394009,4,0.012101829740716994,1
7027.33264050324,4,0.013719723251180047,1
7023.4757070664,4,0.008941070463028087,1
7019.61877362955,4,0.016053242208483261,1
7015.7618401927,4,0.0086574738893083793,1
7011.90490675585,4,0.0095184639617829896,1
7008.04797331901,4,0.0085896552471994379,1
7004.19103988216,4,0.00013356341988108854,1
7000.33410644531,4,0.0028061813427927057,1
6996.47717300847,4,0.010101554949563024,1
6992.62023957162,4,0.0055750439928052686,1
6988.76330613477,4,0.012926374318548895,1
6984.90637269792,4,0.0094576970196330167,1
6981.04943926108,4,0.0083187696969501835,1
6977.19250582423,4,-0.00031336198086294936,1
6973.33557238738,4,-0.015699866271418814,1
6969.47863895053,4,-0.029724134442111912,1
6965.62170551369,4,-0.02910416246502235,1
6961.76477207684,4,-0.03604556423154389,1
6957.90783863999,4,-0.027715681285248098,1
6954.05090520315,4,-0.021915546834329627,1
6950.1939717663,4,-0.016455965231165177,1
6946.33703832945,4,-0.011147205416657733,1
6942.4801048926,4,-0.0076465479684379809,1
6938.62317145576,4,-0.021362040798207974,1
6934.76623801891,4,-0.026246287149915577,1
6930.90930458206,4,-0.023272555802414337,1
6927.05237114521,4,-0.010556758773804248,1
6923.19543770837,4,-0.0058664132501019938,1
6919.33850427152,4,-0.016076518622714815,1
6915.48157083467,4,-0.028982972499206564,1
6911.62463739783,4,-0.022254742435467701,1
6907.76770396098,4,-0.011960571397361773,1
6903.91077052413,4,-0.0090293791572460119,1
6900.05383708728,4,-0.010286166324442143,1
6896.19690365044,4,-0.013364912761470712,1
6892.33997021359,4,-0.0098251226315481353,1
6888.48303677674,4,-0.0061388619198652515,1
6884.62610333989,4,-0.0097324264367799097,1
6880.76916990305,4,-0.0043139086674350551,1
6876.9122364662,4,-0.0059116620778168179,1
6873.05530302935,4,-0.00030560807568831544,1
6869.19836959251,4,0.0036088779077786443,1
6865.34143615566,4,0.0013805063434678159,1
6861.48450271881,4,-0.0029075015752638884,1
6857.62756928196,4,-0.0015649934758436086,1
6853.77063584512,4,-5.8446330051934855e-05,1
6849.91370240827,4,0.0048308092685374676,1
6846.05676897142,4,0.011647961615341583,1
6842.19983553457,4,0.0069698830521242655,1
6838.34290209773,4,-0.0032026454600522021,1
6834.48596866088,4,-0.0073776255852105368,1
6830.62903522403,4,-0.0041014139591421059,1
6826.77210178718,4,0.0067741036074664201,1
6822.91516835034,4,0.006572318625521564,1
6819.05823491349,4,0.0041804810553826583,1
6815.20130147664,4,0.011902330427551728,1
6811.3443680398,4,0.015882973326335769,1
6807.48743460295,4,0.018588256894601411,1
6803.6305011661,4,0.017788467040459575,1
6799.77356772925,4,0.0033197950291314168,1
6795.91663429241,4,0.0019931355848545971,1
6792.05970085556,4,0.005540822890970098,1
6788.20276741871,4,0.010938010005967912,1
6784.34583398186,4,0.010739664721275299,1
6780.48890054502,4,0.0050818096051153516,1
6776.63196710817,4,-0.0035802398787502542,1
6772.77503367132,4,0.0040310996621275574,1
6768.91810023448,4,0.0092932906365500809,1
6765.06116679763,4,0.012333856197294848,1
6761.20423336078,4,0.013517458944145164,1
6757.34729992393,4,0.018498788570225494,1
6753.49036648709,4,0.019282220591028468,1
6749.63343305024,4,0.019223745863473488,1
6745.77649961339,4,0.014681651584321829,1
6741.91956617654,4,0.025794181184566924,1
6738.0626327397,4,0.0369948695624535,1
6734.20569930285,4,0.034547315865687718,1
6730.348765866,4,0.027119207520520449,1
6726.49183242916,4,0.031334565157784579,1
6722.63489899231,4,0.02894293048743473,1
6718.77796555546,4,0.02706962099357128,1
6714.92103211861,4,0.029680405276836335,1
6711.06409868177,4,0.029310356452522609,1
6707.20716524492,4,0.027001030108893997,1
6703.35023180807,4,0.023870559196446744,1
6699.49329837122,4,0.016171379871114791,1
6695.63636493438,4,0.010853762622422851,1
6691.77943149753,4,0.005988160127617141,1
6687.92249806068,4,0.0095022373135123673,1
6684.06556462384,4,0.013811162646368271,1
6680.20863118699,4,0.021035991858579375,1
6676.35169775014,4,0.016644817405452792,1
6672.49476431329,4,0.01465595415811325,1
6668.63783087645,4,0.011224894268720241,1
6664.7808974396,4,0.015581865817667193,1
6660.92396400275,4,0.010732092873886157,1
6657.0670305659,4,0.0051413324983647628,1
6653.21009712906,4,0.0083492682791173178,1
6649.35316369221,4,0.012952871097680617,1
6645.49623025536,4,0.0062636300996071325,1
6641.63929681852,4,-0.0005769226722477862,1
6637.78236338167,4,-0.0060354960013294387,1
6633.92542994482,4,0.00027106436529334733,1
6630.06849650797,4,-0.004413004938221424,1
6626.21156307113,4,-0.0048758164700381497,1
6622.35462963428,4,-0.0013904356472897634,1
6618.49769619743,4,-0.01577268924709899,1
6614.64076276058,4,-0.02010725488158794,1
6610.78382932374,4,-0.01111123132415078,1
6606.92689588689,4,-0.011318956779368798,1
6603.06996245004,4,-0.020039587361893072,1
6599.2130290132,4,-0.024807438001955083,1
6595.35609557635,4,-0.020940460003198654,1
6591.4991621395,4,-0.010623335785070758,1
6587.64222870265,4,-0.014935876116102132,1
6583.78529526581,4,-0.016604341099939073,1
6579.92836182896,4,-0.010664563488054722,1
6576.07142839211,4,-0.0041278528686938603,1
6572.21449495526,4,-0.0079752872844421636,1
6568.35756151842,4,-0.01849360476715806,1
6564.50062808157,4,-0.028018378149076349,1
6560.64369464472,4,-0.025096163352126416,1
6556.78676120788,4,-0.022933569978474476,1
6552.92982777103,4,-0.02887411863482196,1
6549.07289433418,4,-0.021123456636862579,1
6545.21596089733,4,-0.020433212038365831,1
6541.35902746049,4,-0.015138200888697991,1
6537.50209402364,4,-0.017709067353600432,1
6533.64516058679,4,-0.022750926166474995,1
6529.78822714994,4,-0.015154306582863129,1
6525.9312937131,4,-0.014229936192169446,1
6522.07436027625,4,-0.022428217368119143,1
6518.2174268394,4,-0.019864361510977931,1
6514.36049340256,4,-0.016293326101408642,1
6510.50355996571,4,-0.012633189585745159,1
6506.64662652886,4,-0.0087894404233940758,1
6502.78969309201,4,-0.010303354133826392,1
6498.93275965517,4,-0.010174576673050231,1
6495.07582621832,4,-0.011646099384665409,1
6491.21889278147,4,-0.013483495022688164,1
6487.36195934462,4,-0.013840653537063678,1
6483.50502590778,4,-0.011214167063216228,1
6479.64809247093,4,-0.011559791486195846,1
6475.79115903408,4,-0.011910445677335391,1
6471.93422559724,4,-0.014361459526008155,1
6468.07729216039,4,-0.014453787897516333,1
6464.22035872354,4,-0.016278287711603435,1
6460.36342528669,4,-0.014137387751750587,1
6456.50649184985,4,0.00027420171759024689,1
6452.649558413,4,-0.0016191276883426875,1
6448.79262497615,4,-0.0086456904308298138,1
6444.9356915393,4,-0.0068806663934163192,1
6441.07875810246,4,-0.0022357993664766864,1
6437.22182466561,4,-0.0030396748447506262,1
6433.36489122876,4,0.0034905836535038359,1
6429.50795779192,4,-0.00031424999809288087,1
6425.65102435507,4,0.00028530911284493465,1
6421.79409091822,4,0.00068314049741743379,1
6417.93715748137,4,0.001977957616900517,1
6414.08022404453,4,0.0037425071434026764,1
6410.22329060768,4,0.0093652630002877373,1
6406.36635717083,4,0.0066393130327426818,1
6402.50942373398,4,0.00092898262957269765,1
6398.65249029714,4,-0.013459891962991891,1
6394.79555686029,4,-0.012791681826293826,1
6390.93862342344,4,0.0050989888146358801,1
6387.08168998659,4,-8.7491429007443143e-05,1
6383.22475654975,4,-0.0047019052791087814,1
6379.3678231129,4,-0.0091640513856413013,1
6375.51088967605,4,-0.011497626991665334,1
6371.6539562392,4,-0.009492098377196171,1
6367.79702280236,4,-0.002845033107537814,1
6363.94008936551,4,-0.0083018703987525113,1
6360.08315592866,4,-0.011072798429880803,1
6356.22622249182,4,0.00034510950914643364,1
6352.36928905497,4,0.0049302603506021008,1
6348.51235561812,4,-0.010757432900306637,1
6344.65542218127,4,-0.014476148298535043,1
6340.79848874443,4,-0.0064934441022673995,1
6336.94155530758,4,0.0044980753032538732,1
6333.08462187073,4,0.0006398684913230347,1
6329.22768843388,4,-0.010652363213142247,1
6325.37075499704,4,-0.0048129987311198398,1
6321.51382156019,4,-0.0051703092118721974,1
6317.65688812334,4,-0.0022052425982582104,1
6313.7999546865,4,0.0036176669033006069,1
6309.94302124965,4,0.0044217899053368313,1
6306.0860878128,4,0.0074989928566125746,1
6302.22915437595,4,-0.00020489315738361102,1
6298.37222093911,4,-0.0087829188057493637,1
6294.51528750226,4,-0.0058838302432850948,1
6290.65835406541,4,0.0061057686085380777,1
6286.80142062856,4,0.009431889911550282,1
6282.94448719172,4,0.0030842931391626906,1
6279.08755375487,4,0.009210671162670379,1
6275.23062031802,4,0.0089715911587566165,1
6271.37368688118,4,-0.0024341662831773286,1
6267.51675344433,4,-0.0022212260160853845,1
6263.65982000748,4,-0.0010244386677902748,1
6259.80288657063,4,0.0014145083992310728,1
6255.94595313379,4,-9.595949239695167e-06,1
6252.08901969694,4,-0.0060736793456729211,1
6248.23208626009,4,-0.0026600640201582411,1
6244.37515282324,4,-0.00040366179603493565,1
6240.5182193864,4,0.0002289083034912844,1
6236.66128594955,4,-0.0029313005181381942,1
6232.8043525127,4,-0.0069176573653835531,1
6228.94741907586,4,-0.0090859103513705897,1
6225.09048563901,4,-0.00612731825441912,1
6221.23355220216,4,-0.012516891355639411,1
6217.37661876531,4,-0.016102006163557413,1
6213.51968532847,4,-0.011226474085889318,1
6209.66275189162,4,-0.01356847243920813,1
6205.80581845477,4,-0.01447328495076455,1
6201.94888501792,4,-0.01407797122346348,1
6198.09195158108,4,-0.012251672795906639,1
6194.23501814423,4,-0.017447901652831586,1
6190.37808470738,4,-0.013896283539050258,1
6186.52115127054,4,-0.014034927180424052,1
6182.66421783369,4,-0.017489756096364922,1
6178.80728439684,4,-0.017015292778732424,1
6174.95035095999,4,-0.0019005450698638575,1
6171.09341752315,4,-0.0017873993034335529,1
6167.2364840863,4,-0.017558179387162944,1
6163.37955064945,4,-0.023591360116874963,1
6159.5226172126,4,-0.012908597550963729,1
6155.66568377576,4,-0.0089463718716559452,1
6151.80875033891,4,-0.01017209190774054,1
6147.95181690206,4,-0.010453304692080952,1
6144.09488346522,4,-0.0070139311253217072,1
6140.23795002837,4,-0.00078188140653502928,1
6136.38101659152,4,0.0044688372310148867,1
6132.52408315467,4,-0.0065769782011962565,1
6128.66714971783,4,-0.0067004341610014152,1
6124.81021628098,4,0.0056614948064945816,1
6120.95328284413,4,0.0022389998226592179,1
6117.09634940728,4,0.0028271499305223451,1
6113.23941597044,4,0.0079975356287784877,1
6109.38248253359,4,-0.00054706952538501128,1
6105.52554909674,4,0.0025033706422422238,1
6101.6686156599,4,0.0021367350940494564,1
6097.81168222305,4,-0.0042414209549904575,1
6093.9547487862,4,-0.01058217980685165,1
6090.09781534935,4,-0.0093610607189207086,1
6086.24088191251,4,-0.0013789429661908228,1
6082.38394847566,4,0.0099356919211526194,1
6078.52701503881,4,-0.00023196570616804336,1
6074.67008160196,4,-0.0038984088054254628,1
6070.81314816512,4,-0.0070680611120038693,1
6066.95621472827,4,-0.0082461382147378821,1
6063.09928129142,4,-0.009296227756576788,1
6059.24234785458,4,-0.0014784923988256813,1
6055.38541441773,4,-0.0044136493701162748,1
6051.52848098088,4,-0.010720745905089096,1
6047.67154754403,4,-0.01017180594469985,1
6043.81461410719,4,-0.013651427237852632,1
6039.95768067034,4,-0.017641574741015867,1
6036.10074723349,4,-0.0038585600140361477,1
6032.24381379664,4,-0.0087740272546119567,1
6028.3868803598,4,-0.0074626701386577964,1
6024.52994692295,4,-0.015077030142867511,1
6020.6730134861,4,-0.00092391239503418065,1
6016.81608004926,4,0.0070810283167279629,1
6012.95914661241,4,0.0055542940480658295,1
6009.10221317556,4,-0.0010812352433372126,1
6005.24527973871,4,-0.00095680847575164486,1
6001.38834630187,4,0.0021031880005489734,1
5997.53141286502,4,0.0085807358101859382,1
5993.67447942817,4,0.016951659094205165,1
5989.81754599132,4,0.01492685019594223,1
5985.96061255448,4,0.0081203683752656304,1
5982.10367911763,4,0.011105846390529266,1
5978.24674568078,4,0.014519472124015277,1
5974.38981224394,4,0.01443421725061585,1
5970.53287880709,4,0.017164298088805277,1
5966.67594537024,4,0.013453594767599424,1
5962.81901193339,4,-0.001051841695421466,1
5958.96207849655,4,-0.0021012405588391857,1
5955.1051450597,4,0.0092156546397841044,1
5951.24821162285,4,0.013766857485901948,1
5947.391278186,4,0.016283154309739319,1
5943.53434474916,4,0.02276182454640473,1
5939.67741131231,4,0.028600166193029054,1
5935.82047787546,4,0.033154105498100411,1
5931.96354443862,4,0.035004566837760834,1
5928.10661100177,4,0.031836068887155157,1
5924.24967756492,4,0.027585354025696056,1
5920.39274412807,4,0.029780514158063091,1
5916.53581069123,4,0.031945705478324621,1
5912.67887725438,4,0.037061417417178041,1
5908.82194381753,4,0.046786277199695539,1
5904.96501038068,4,0.046752403914565817,1
5901.10807694384,4,0.035038445627526685,1
5897.25114350699,4,0.031140778755370607,1
5893.39421007014,4,0.028093767748394418,1
5889.5372766333,4,0.036775416398973484,1
5885.68034319645,4,0.026087091824602636,1
5881.8234097596,4,0.021003860727428131,1
5877.96647632275,4,0.0086702190376518225,1
5874.10954288591,4,0.0068071806805661298,1
5870.25260944906,4,-0.0023771267464426375,1
5866.39567601221,4,-0.0052258016495266083,1
5862.53874257536,4,-0.011784215282710838,1
5858.68180913852,4,-0.010332509153551899,1
5854.82487570167,4,-0.019074067667807622,1
5850.96794226482,4,-0.028842940165272418,1
5847.11100882798,4,-0.037162190541763257,1
5843.25407539113,4,-0.04649915015050838,1
5839.39714195428,4,-0.047360718655487834,1
5835.54020851743,4,-0.040763560577555223,1
5831.68327508059,4,-0.032130816798348866,1
5827.82634164374,4,-0.03083505341242352,1
5823.96940820689,4,-0.034210312696789667,1
5820.11247477004,4,-0.022998419398669832,1
5816.2555413332,4,-0.018926141740534332,1
5812.39860789635,4,-0.011061100486547615,1
5808.5416744595,4,-0.0099748732940676335,1
5804.68474102266,4,-0.014326247856774464,1
5800.82780758581,4,-0.015800609848137116,1
5796.97087414896,4,-0.011005980497550333,1
5793.11394071211,4,0.0021103379675613235,1
5789.25700727527,4,0.012314122394272214,1
5785.40007383842,4,0.0069172341706008698,1
5781.54314040157,4,0.023153313002370269,1
5777.68620696472,4,0.042828981063177021,1
5773.82927352788,4,0.047595892445716693,1
5769.97234009103,4,0.038777716225001674,1
5766.11540665418,4,0.034165287198348396,1
5762.25847321733,4,0.02853383588702111,1
5758.40153978049,4,0.028608866105477304,1
5754.54460634364,4,0.024311306626497796,1
5750.68767290679,4,0.019007698684843557,1
5746.83073946995,4,0.0068763090972830589,1
5742.9738060331,4,-0.00065742370676095398,1
5739.11687259625,4,-0.0071507926919319072,1
5735.2599391594,4,-0.0014350467966596685,1
5731.40300572256,4,-0.0026621928369730389,1
5727.54607228571,4,-0.0065808842386659103,1
5723.68913884886,4,-0.016487747070692622,1
5719.83220541201,4,-0.028446565971568031,1
5715.97527197517,4,-0.041802545268975956,1
5712.11833853832,4,-0.038203795043290779,1
5708.26140510147,4,-0.041368153165554686,1
5704.40447166463,4,-0.04055957043910198,1
5700.54753822778,4,-0.040974229161998783,1
5696.69060479093,4,-0.043894671770953061,1
5692.83367135408,4,-0.042213842912247328,1
5688.97673791724,4,-0.032994649102016417,1
5685.11980448039,4,-0.040330158675186127,1
5681.26287104354,4,-0.032428792052402275,1
5677.40593760669,4,-0.029841925170834983,1
5673.54900416985,4,-0.01886690425981271,1
5669.692070733,4,-0.010034478850033784,1
5665.83513729615,4,0.0024193584075420257,1
5661.97820385931,4,-0.0085557333176341181,1
5658.12127042246,4,-0.018723112515671877,1
5654.26433698561,4,-0.016113048162602638,1
5650.40740354876,4,-0.015406637008913494,1
5646.55047011192,4,-0.020567870424589903,1
5642.69353667507,4,-0.0169707704222158,1
5638.83660323822,4,-0.01362559456188576,1
5634.97966980137,4,-0.0034033370540700889,1
5631.12273636453,4,8.8925632119720625e-06,1
5627.26580292768,4,6.2584369649875524e-05,1
5623.40886949083,4,-0.0075342639022783972,1
5619.55193605399,4,-0.010032894322342297,1
5615.69500261714,4,-0.0062681112771718036,1
5611.83806918029,4,0.0068951624538993441,1
5607.98113574344,4,0.01026272832988271,1
5604.1242023066,4,0.015678105656804019,1
5600.26726886975,4,0.014857510738820417,1
5596.4103354329,4,0.024022275750884264,1
5592.55340199605,4,0.008765434718079116,1
5588.69646855921,4,0.0076001749383060807,1
5584.83953512236,4,0.018222311059221792,1
5580.98260168551,4,0.033053777618055009,1
5577.12566824867,4,0.022414578047688524,1
5573.26873481182,4,0.0071916680581466785,1
5569.41180137497,4,0.0066025017646889374,1
5565.55486793812,4,0.029208455320825579,1
5561.69793450128,4,0.038196499502307059,1
5557.84100106443,4,0.02260061763466302,1
5553.98406762758,4,0.025286257757732182,1
5550.12713419073,4,0.040990398562088304,1
5546.27020075389,4,0.033314658975026501,1
5542.41326731704,4,0.012799320660510398,1
5538.55633388019,4,0.0050726725063858407,1
5534.69940044334,4,0.023593706501839968,1
5530.8424670065,4,0.032706193206883012,1
5526.98553356965,4,0.041879003455058746,1
5523.1286001328,4,0.041544698160329775,1
5519.27166669596,4,0.044199266023321242,1
5515.41473325911,4,0.029761237437253198,1
5511.55779982226,4,0.024951370993806014,1
5507.70086638541,4,0.030534236261149074,1
5503.84393294857,4,0.035752321517285926,1
5499.98699951172,4,0.027654795556908286,1
5496.13006607487,4,0.03788388180736562,1
5492.27313263802,4,0.041613630048310826,1
5488.41619920118,4,0.044694200312149532,1
5484.55926576433,4,0.0085875379937214655,1
5480.70233232748,4,-0.010091893682900961,1
5476.84539889064,4,0.0064203250009837185,1
5472.98846545379,4,0.043174011726986018,1
5469.13153201694,4,0.03663826763717884,1
5465.27459858009,4,0.025283798344006868,1
5461.41766514325,4,0.001634240273285834,1
5457.5607317064,4,0.001593232764539492,1
5453.70379826955,4,-0.00049116188172239827,1
5449.8468648327,4,0.0065083828538014133,1
5445.98993139586,4,0.017709725133042697,1
5442.13299795901,4,0.012535870732840031,1
5438.27606452216,4,-0.011593580146047744,1
5434.41913108532,4,-0.021624965932018691,1
5430.56219764847,4,-0.034992166087397948,1
5426.70526421162,4,-0.028268296680990245,1
5422.84833077477,4,-0.052814617937098178,1
5418.99139733793,4,-0.06357224017328221,1
5415.13446390108,4,-0.045896807715090811,1
5411.27753046423,4,-0.0034795099815918083,1
5407.42059702738,4,-0.0261004916669022,1
5403.56366359054,4,-0.04728746194103859,1
5399.70673015369,4,-0.061282694622050923,1
5395.84979671684,4,-0.033236176199792106,1
5391.99286328,4,-0.04242585842231672,1
5388.13592984315,4,-0.042393438998484079,1
5384.2789964063,4,-0.060272658372606681,1
5380.42206296945,4,-0.025787131926500759,1
5376.56512953261,4,-0.011428411099970824,1
5372.70819609576,4,-0.011920782265744483,1
5368.85126265891,4,-0.032795173050545308,1
5364.99432922206,4,-0.0096673487847734191,1
5361.13739578522,4,-0.016820599697458704,1
5357.28046234837,4,-0.0088913394346466328,1
5353.42352891152,4,-0.02144423436953078,1
5349.56659547468,4,-0.00069130783493555391,1
5345.70966203783,4,0.0044079577270337324,1
5341.85272860098,4,0.0063002412220788378,1
5337.99579516413,4,-0.029002015826605866,1
5334.13886172729,4,-0.043691370860905493,1
5330.28192829044,4,-0.050451553230889234,1
5326.42499485359,4,-0.032005032706870232,1
5322.56806141674,4,-0.040653778452779392,1
5318.7111279799,4,-0.023093728170284128,1
5314.85419454305,4,-0.010021474396255194,1
5310.9972611062,4,0.01641180545760159,1
5307.14032766935,4,0.017186649101230682,1
5303.28339423251,4,0.03405723640347786,1
5299.42646079566,4,0.017775734929392016,1
5295.56952735881,4,0.029217867075379402,1
5291.71259392197,4,0.040880616383252862,1
5287.85566048512,4,0.050621821488188154,1
5283.99872704827,4,0.035073571756918324,1
5280.14179361142,4,0.033093939652057702,1
5276.28486017458,4,0.01700907531296816,1
5272.42792673773,4,0.032196485985063722,1
5268.57099330088,4,0.056732430736435954,1
5264.71405986403,4,0.043784444475204652,1
5260.85712642719,4,0.0054506639318309047,1
5257.00019299034,4,0.017283767646011725,1
5253.14325955349,4,0.005991893934933901,1
5249.28632611665,4,0.034334293828080231,1
5245.4293926798,4,0.0084874810119713318,1
5241.57245924295,4,-0.018615961596260926,1
5237.7155258061,4,-0.014178453824714983,1
5233.85859236926,4,-0.0088357288098128185,1
5230.00165893241,4,-0.003649645230661133,1
5226.14472549556,4,-0.00643642938825541,1
5222.28779205871,4,-0.028850499695587985,1
5218.43085862187,4,-0.034264530383644659,1
5214.57392518502,4,-0.024417873308224071,1
5210.71699174817,4,0.017980675213863845,1
5206.86005831133,4,0.0090041201556204497,1
5203.00312487448,4,-0.032177431399211406,1
5199.14619143763,4,-0.025168333625807317,1
5195.28925800078,4,-0.016227501936419562,1
5191.43232456394,4,-0.0071087800070524891,1
5187.57539112709,4,-0.0040734342012476339,1
5183.71845769024,4,-0.013224692796872295,1
5179.86152425339,4,-0.016316760557390869,1
5176.00459081655,4,-0.013032495643469017,1
5172.1476573797,4,-0.012093860472329987,1
5168.29072394285,4,-0.0047980783641320803,1
5164.43379050601,4,-0.0097536115092514402,1
5160.57685706916,4,-0.0090186917406561064,1
5156.71992363231,4,-0.0082162407927870735,1
5152.86299019546,4,-0.014710327830062844,1
5149.00605675862,4,-0.024682514336962277,1
5145.14912332177,4,-0.023609780960096149,1
5141.29218988492,4,-0.021948338418673694,1
5137.43525644807,4,-0.014127185307303889,1
5133.57832301123,4,-0.015122887641804085,1
5129.72138957438,4,-0.01249969071246076,1
5125.86445613753,4,-0.020708149712970865,1
5122.00752270069,4,-0.013086216914465126,1
5118.15058926384,4,-0.011969211183621487,1
5114.29365582699,4,-0.0096004487711176031,1
5110.43672239014,4,-0.015649962646961786,1
5106.5797889533,4,-0.010014867644328157,1
5102.72285551645,4,-0.0079191532893443054,1
5098.8659220796,4,-0.00021162886791040069,1
5095.00898864275,4,-0.0047711304845395415,1
5091.15205520591,4,0.0061762910909036826,1
5087.29512176906,4,0.0062498379889658982,1
5083.43818833221,4,0.014512303396896428,1
5079.58125489536,4,0.018027491652985148,1
5075.72432145852,4,0.034135768134187804,1
5071.86738802167,4,0.032746682083197198,1
5068.01045458482,4,0.037505990056737201,1
5064.15352114798,4,0.04001899862375969,1
5060.29658771113,4,0.047928892019735159,1
5056.43965427428,4,0.048780175258028372,1
5052.58272083743,4,0.052801864052203433,1
5048.72578740059,4,0.049435823750277053,1
5044.86885396374,4,0.053018599890383086,1
5041.01192052689,4,0.041281438554199266,1
5037.15498709004,4,0.039502701713257843,1
5033.2980536532,4,0.027679938410013153,1
5029.44112021635,4,0.027157662419166166,1
5025.5841867795,4,0.013394815608514495,1
5021.72725334266,4,0.010845641349394754,1
5017.87031990581,4,-0.0036076257408892403,1
5014.01338646896,4,0.0014382715249121928,1
5010.15645303211,4,-0.0063160223929419994,1
5006.29951959527,4,-0.012356238514124845,1
5002.44258615842,4,-0.033346465256492736,1
4998.58565272157,4,-0.031896113534367512,1
4994.72871928472,4,-0.032922468371166441,1
4990.87178584788,4,-0.032014623472703958,1
4987.01485241103,4,-0.035974812139954314,1
4983.15791897418,4,-0.020793712906288724,1
4979.30098553734,4,-0.021843745163521777,1
4975.44405210049,4,-0.011506679372700819,1
4971.58711866364,4,-0.0081160715477104697,1
4967.73018522679,4,0.0036418647056124442,1
4963.87325178995,4,0.0066816385073397537,1
4960.0163183531,4,0.0061426898414949586,1
4956.15938491625,4,0.006095182330881202,1
4952.3024514794,4,0.021492517070277758,1
4948.44551804256,4,0.023996800947477751,1
4944.58858460571,4,0.032069065056249922,1
4940.73165116886,4,0.030587305774848174,1
4936.87471773202,4,0.039058309593141403,1
4933.01778429517,4,0.034134797638679888,1
4929.16085085832,4,0.035880837341618607,1
4925.30391742147,4,0.031397059471142491,1
4921.44698398463,4,0.030654317377586698,1
4917.59005054778,4,0.026285631736587926,1
4913.73311711093,4,0.028548296761214634,1
4909.87618367408,4,0.016849019605717382,1
4906.01925023724,4,0.014045580163831393,1
4902.16231680039,4,0.0068318960088060788,1
4898.30538336354,4,0.012049441452423365,1
4894.4484499267,4,0.0036972766606864263,1
4890.59151648985,4,-0.0036157327508572704,1
4886.734583053,4,-0.01177621050763103,1
4882.87764961615,4,-0.0043556978667296745,1
4879.02071617931,4,-0.014759487609265013,1
4875.16378274246,4,-0.0073717092227374818,1
4871.30684930561,4,-0.015391553876664674,1
4867.44991586876,4,-0.016042101825240684,1
4863.59298243192,4,-0.022237912319353157,1
4859.73604899507,4,-0.020265271902586555,1
4855.87911555822,4,-0.024019617071769927,1
4852.02218212137,4,-0.013850848872916401,1
4848.16524868453,4,-0.01721666904809584,1
4844.30831524768,4,-0.01691090860043255,1
4840.45138181083,4,-0.020727704773697991,1
4836.59444837399,4,-0.0107499476873837,1
4832.73751493714,4,-0.011908485195325528,1
4828.88058150029,4,-0.0084272234197214652,1
4825.02364806344,4,-0.016622822613509006,1
4821.1667146266,4,-0.013665413547607546,1
4817.30978118975,4,-0.024749873586858595,1
4813.4528477529,4,-0.019872040334557688,1
4809.59591431605,4,-0.019945778540540741,1
4805.73898087921,4,-0.0096839929258129946,1
4801.88204744236,4,-0.01736534565769457,1
4798.02511400551,4,-0.0147552417698,1
4794.16818056867,4,-0.017894319339231281,1
4790.31124713182,4,-0.0051128466205714544,1
4786.45431369497,4,-0.0061614924962828371,1
4782.59738025812,4,-0.0019021505969847167,1
4778.74044682128,4,-0.0025746468304202841,1
4774.88351338443,4,0.0071284213591878941,1
4771.02657994758,4,0.0035359884662393435,1
4767.16964651073,4,0.0098753371712087448,1
4763.31271307389,4,0.0073011071302972368,1
4759.45577963704,4,0.017827197041039102,1
4755.59884620019,4,0.021393203555769069,1
4751.74191276335,4,0.032755327076602968,1
4747.8849793265,4,0.027841821891903994,1
4744.02804588965,4,0.027808245209079364,1
4740.1711124528,4,0.022989601008763634,1
4736.31417901596,4,0.029675698276040413,1
4732.45724557911,4,0.02664875025744088,1
4728.60031214226,4,0.037014223466875933,1
4724.74337870541,4,0.033216952053234154,1
4720.88644526857,4,0.038157863191563314,1
4717.02951183172,4,0.031463063698786257,1
4713.17257839487,4,0.034580071844610129,1
4709.31564495803,4,0.027371557063890078,1
4705.45871152118,4,0.03527820415861211,1
4701.60177808433,4,0.03361351422044332,1
4697.74484464748,4,0.033814070303107166,1
4693.88791121064,4,0.024836196121497726,1
4690.03097777379,4,0.029210889566748929,1
4686.17404433694,4,0.025682680049117237,1
4682.31711090009,4,0.028613403378754929,1
4678.46017746325,4,0.0170180059003643,1
4674.6032440264,4,0.013442372610076895,1
4670.74631058955,4,0.0075349374064810574,1
4666.88937715271,4,0.013580824279975779,1
4663.03244371586,4,0.0050363195454161862,1
4659.17551027901,4,0.010104134570260416,1
4655.31857684216,4,0.0033749728541091553,1
4651.46164340532,4,0.0076816272903534278,1
4647.60470996847,4,0.0044357033785649815,1
4643.74777653162,4,0.012417406912028257,1
4639.89084309477,4,0.0052889112750600341,1
4636.03390965793,4,0.0065759757982657673,1
4632.17697622108,4,-0.00443572934458435,1
4628.32004278423,4,-0.0051288900097330977,1
4624.46310934739,4,-0.019544198872967381,1
4620.60617591054,4,-0.021420141023710398,1
4616.74924247369,4,-0.015984080670950744,1
4612.89230903684,4,-0.0062123267484539965,1
4609.0353756,4,-0.013410893840246038,1
4605.17844216315,4,-0.0069677187929283284,1
4601.3215087263,4,-0.020341480128531195,1
4597.46457528945,4,-0.021400329123254996,1
4593.60764185261,4,-0.023664733285087922,1
4589.75070841576,4,-0.023093583173341845,1
4585.89377497891,4,-0.030085557324532764,1
4582.03684154207,4,-0.015081084267438177,1
4578.17990810522,4,-0.012746987298584729,1
4574.32297466837,4,-0.007644264950312547,1
4570.46604123152,4,-0.020731606284383971,1
4566.60910779468,4,-0.013058776117149187,1
4562.75217435783,4,-0.0082728404880825848,1
4558.89524092098,4,-1.5504188307167927e-05,1
4555.03830748413,4,0.0033036443812046803,1
4551.18137404729,4,0.018203613187949708,1
4547.32444061044,4,0.01455073782598283,1
4543.46750717359,4,0.016857234600330867,1
4539.61057373675,4,0.012698853140344208,1
4535.7536402999,4,0.017162521757534601,1
4531.89670686305,4,0.0090617316558358717,1
4528.0397734262,4,0.01338932118144933,1
4524.18283998936,4,0.0081736132565848902,1
4520.32590655251,4,0.018601164258212316,1
4516.46897311566,4,0.013108098629976498,1
4512.61203967881,4,0.018816021892084263,1
4508.75510624197,4,0.015711180854987971,1
4504.89817280512,4,0.013003353789014464,1
4501.04123936827,4,0.000523144052255539,1
4497.18430593143,4,0.00012583883957375538,1
4493.32737249458,4,-0.0035088167304168048,1
4489.47043905773,4,0.00099279517485780194,1
4485.61350562088,4,-0.0050477435061656818,1
4481.75657218404,4,-0.0038105866457546502,1
4477.89963874719,4,-0.010795059054117661,1
4474.04270531034,4,-0.0053181013537264843,1
4470.18577187349,4,-0.00880237656059908,1
4466.32883843665,4,-0.0060804287732177569,1
4462.4719049998,4,-0.013691386399165438,1
4458.61497156295,4,-0.0081073858616107723,1
4454.75803812611,4,-0.012468146757870347,1
4450.90110468926,4,-0.0079279296221079106,1
4447.04417125241,4,-0.018776481915062027,1
4443.18723781556,4,-0.0096674687735819609,1
4439.33030437872,4,-0.0024063586215816177,1
4435.47337094187,4,0.01125237363659322,1
4431.61643750502,4,0.0052729662106002781,1
4427.75950406817,4,0.017742633650592629,1
4423.90257063133,4,0.013678568171816088,1
4420.04563719448,4,0.027432064392355199,1
4416.18870375763,4,0.037758728114639498,1
4412.33177032078,4,0.055575959151848216,1
4408.47483688394,4,0.04315448058849343,1
4404.61790344709,4,0.046064952464787201,1
4400.76097001024,4,0.035969893874286715,1
4396.9040365734,4,0.038994780310769347,1
4393.04710313655,4,0.026458573385714564,1
4389.1901696997,4,0.023210615161173318,1
4385.33323626285,4,0.020532590640094783,1
4381.47630282601,4,0.02616409268185229,1
4377.61936938916,4,0.0074069594424733794,1
4373.76243595231,4,-0.0030512666739473371,1
4369.90550251546,4,-0.015706160146693578,1
4366.04856907862,4,-0.013644083899670307,1
4362.19163564177,4,-0.026599398994301342,1
4358.33470220492,4,-0.024482038111203103,1
4354.47776876808,4,-0.035008486659103562,1
4350.62083533123,4,-0.035119779614432259,1
4346.76390189438,4,-0.042362552725080965,1
4342.90696845753,4,-0.035458439877742241,1
4339.05003502069,4,-0.041014099785792325,1
4335.19310158384,4,-0.027765412324926443,1
4331.33616814699,4,-0.019717896752666168,1
4327.47923471014,4,0.010236768611776956,1
4323.6223012733,4,0.016443438393003038,1
4319.76536783645,4,0.014330071460962251,1
4315.9084343996,4,-0.013471593208378704,1
4312.05150096276,4,-0.02352541401980858,1
4308.19456752591,4,-0.039635121582902576,1
4304.33763408906,4,-0.028679151845255581,1
4300.48070065221,4,-0.033415551201011071,1
4296.62376721537,4,-0.026426144805507583,1
4292.76683377852,4,-0.026909671067899512,1
4288.90990034167,4,-0.020025476314971976,1
4285.05296690482,4,-0.0244054623023056,1
4281.19603346798,4,-0.0069102924989559384,1
4277.33910003113,4,-0.0088681439806005281,1
4273.48216659428,4,-0.00097853391851202768,1
4269.62523315744,4,-0.0058556573575428879,1
4265.76829972059,4,0.0050393896359338516,1
4261.91136628374,4,5.8231318247794158e-05,1
4258.05443284689,4,0.01349738630809043,1
4254.19749941005,4,0.022957980341617456,1
4250.3405659732,4,0.037165023187214395,1
4246.48363253635,4,0.033521642418834721,1
4242.6266990995,4,0.040993919344002913,1
4238.76976566266,4,0.0275330127539892,1
4234.91283222581,4,0.035494381973856487,1
4231.05589878896,4,0.036011213239149673,1
4227.19896535212,4,0.035995912163819151,1
4223.34203191527,4,0.021533306795204876,1
4219.48509847842,4,0.025537434421522127,1
4215.62816504157,4,0.016840861204092301,1
4211.77123160473,4,0.020018897248891051,1
4207.91429816788,4,0.016744070368196723,1
4204.05736473103,4,0.018815065826286725,1
4200.20043129418,4,0.0092750713594717885,1
4196.34349785734,4,0.014820323605537191,1
4192.48656442049,4,0.0067455320509883874,1
4188.62963098364,4,0.0056345868630514797,1
4184.7726975468,4,-0.0099385308930891106,1
4180.91576410995,4,-0.010164708684918193,1
4177.0588306731,4,-0.01979029690530977,1
4173.20189723625,4,-0.014850583399050149,1
4169.34496379941,4,-0.024536573800640185,1
4165.48803036256,4,-0.020279405410032716,1
4161.63109692571,4,-0.029907996303042791,1
4157.77416348886,4,-0.027584663130888126,1
4153.91723005202,4,-0.039505191115334168,1
4150.06029661517,4,-0.034715952720127771,1
4146.20336317832,4,-0.046624585293313765,1
4142.34642974148,4,-0.044145616479497746,1
4138.48949630463,4,-0.048715208453424662,1
4134.63256286778,4,-0.034193609447312014,1
4130.77562943093,4,-0.040369248957911712,1
4126.91869599409,4,-0.037924361406092406,1
4123.06176255724,4,-0.040036128034859231,1
4119.20482912039,4,-0.032442009797495744,1
4115.34789568354,4,-0.038104257970685632,1
4111.4909622467,4,-0.01838545911078265,1
4107.63402880985,4,-0.014448878538851863,1
4103.777095373,4,-0.015094100267338435,1
4099.92016193616,4,-0.027247092849736042,1
4096.06322849931,4,-0.020384584591346532,1
4092.20629506246,4,-0.026551455447045735,1
4088.34936162561,4,-0.010926590117129176,1
4084.49242818877,4,-0.014912705792624782,1
4080.63549475192,4,-0.0060757883666105053,1
4076.77856131507,4,-0.01228033762913819,1
4072.92162787822,4,-0.008836834733801216,1
4069.06469444138,4,-0.010599798495565839,1
4065.20776100453,4,0.0044613471012258299,1
4061.35082756768,4,-0.0018984227613966325,1
4057.49389413083,4,0.0017952052566007257,1
4053.63696069399,4,0.0010428948621579194,1
4049.78002725714,4,0.015907282317568532,1
4045.92309382029,4,0.011901150392228039,1
4042.06616038345,4,0.014279795962974514,1
4038.2092269466,4,0.0073224931251856468,1
4034.35229350975,4,0.018728210125667791,1
4030.4953600729,4,0.0075635151068652101,1
4026.63842663606,4,0.013682494739136318,1
4022.78149319921,4,0.0065767843002725963,1
4018.92455976236,4,0.015296838343447586,1
4015.06762632551,4,0.01258438603476494,1
4011.21069288867,4,0.017676146106597859,1
4007.35375945182,4,0.0062707748748470757,1
4003.49682601497,4,0.013183919822191838,1
3999.63989257813,4,-0.0019045472203825242,1
10001.0283203125,5,-0.03855592091616903,1
9997.17138687565,5,-0.026705983424039296,1
9993.31445343881,5,-0.029965759971011242,1
9989.45752000196,5,0.016453177218538909,1
9985.60058656511,5,0.024575807223110615,1
9981.74365312826,5,-0.014818639454058317,1
9977.88671969142,5,0.020152915589177128,1
9974.02978625457,5,0.064446058228370864,1
9970.17285281772,5,0.052876369162431908,1
9966.31591938088,5,-0.011884220805277398,1
9962.45898594403,5,-0.038329930399053781,1
9958.60205250718,5,-0.017040130341523844,1
9954.74511907033,5,-0.021269469438473319,1
9950.88818563349,5,-0.025285161075233143,1
9947.03125219664,5,-0.01013849016617833,1
9943.17431875979,5,-0.010039204720137668,1
9939.31738532294,5,-0.019663175967738179,1
9935.4604518861,5,-0.023756222046001026,1
9931.60351844925,5,-0.065661603782516925,1
9927.7465850124,5,-0.051458430242876732,1
9923.88965157556,5,-0.012888707141054485,1
9920.03271813871,5,-0.00182637140874369,1
9916.17578470186,5,0.0056438014020762381,1
9912.31885126501,5,-0.030915536297172978,1
9908.46191782817,5,0.0043789124719391627,1
9904.60498439132,5,0.043734077324866012,1
9900.74805095447,5,-0.011668011322007045,1
9896.89111751762,5,-0.026052351441296546,1
9893.03418408078,5,0.033254373521295177,1
9889.17725064393,5,0.047164219107847384,1
9885.32031720708,5,0.016765412427096806,1
9881.46338377024,5,0.014398591556035763,1
9877.60645033339,5,0.0077839790268500065,1
9873.74951689654,5,-0.031453031087322066,1
9869.89258345969,5,-0.027611782606767589,1
9866.03565002284,5,0.048666411558378204,1
9862.178716586,5,0.064330853933969215,1
9858.32178314915,5,0.027578113889664659,1
9854.4648497123,5,-0.018017015155078055,1
9850.60791627546,5,0.011760712652650104,1
9846.75098283861,5,0.055564600538056133,1
9842.89404940176,5,0.05367811055423171,1
9839.03711596492,5,0.023633925704172453,1
9835.18018252807,5,0.013462495439856009,1
9831.32324909122,5,-0.045949244864652405,1
9827.46631565437,5,-0.031980593640111799,1
9823.60938221752,5,0.0026412589848502062,1
9819.75244878068,5,-0.050315665253634546,1
9815.89551534383,5,-0.073116124677625224,1
9812.03858190698,5,-0.050844121830410531,1
9808.18164847014,5,-0.0061663983705232527,1
9804.32471503329,5,-0.0053269405399247773,1
9800.46778159644,5,-0.0056097423908223901,1
9796.6108481596,5,0.0062094492702788554,1
9792.75391472275,5,-0.011986049866620607,1
9788.8969812859,5,-0.030234783418064001,1
9785.04004784905,5,-0.038049546960264462,1
9781.1831144122,5,-0.003299224606287923,1
9777.32618097536,5,0.021237589514488134,1
9773.46924753851,5,-0.0092052505042581906,1
9769.61231410166,5,-0.0018792660217217937,1
9765.75538066482,5,0.024852475061643484,1
9761.89844722797,5,-0.020052317912760985,1
9758.04151379112,5,-0.056244679981217731,1
9754.18458035428,5,-0.038843905462453553,1
9750.32764691743,5,-0.0094313921286162186,1
9746.47071348058,5,-0.0020389560052033466,1
9742.61378004373,5,0.0068822571333910423,1
9738.75684660688,5,0.010902282058797832,1
9734.89991317004,5,0.032003070769301027,1
9731.04297973319,5,0.035180303234657179,1
9727.18604629634,5,-0.0098885816707216124,1
9723.3291128595,5,-0.03715472714828897,1
9719.47217942265,5,-0.024145250559357349,1
9715.6152459858,5,0.016287848621702041,1
9711.75831254896,5,0.048204107832159046,1
9707.90137911211,5,0.042752861862864769,1
9704.04444567526,5,0.038935786711799293,1
9700.18751223841,5,0.0286634146795622,1
9696.33057880156,5,-0.0033610834582437693,1
9692.47364536472,5,-0.029820793451615313,1
9688.61671192787,5,-0.01557397115534241,1
9684.75977849102,5,0.022798570634153813,1
9680.90284505418,5,0.035670267985452253,1
9677.04591161733,5,0.014267514678886333,1
9673.18897818048,5,-0.0019779869996039059,1
9669.33204474363,5,0.0063203219007585375,1
9665.47511130679,5,-0.012567101235739996,1
9661.61817786994,5,-0.044574572314173201,1
9657.76124443309,5,-0.039799057368221667,1
9653.90431099624,5,0.014099386863758603,1
9650.0473775594,5,0.021364503183541019,1
9646.19044412255,5,-0.019000646762997415,1
9642.3335106857,5,-0.0037626852585738177,1
9638.47657724886,5,0.047799054771384436,1
9634.61964381201,5,0.026575903001592995,1
9630.76271037516,5,-0.045795393814282902,1
9626.90577693831,5,-0.068610360132150008,1
9623.04884350147,5,-0.035013687055325836,1
9619.19191006462,5,0.025891740357332396,1
9615.33497662777,5,0.057149988419322742,1
9611.47804319092,5,0.038296635351813227,1
9607.62110975408,5,-0.0064224806337459172,1
9603.76417631723,5,-0.035411385211156422,1
9599.90724288038,5,0.00096491666584036311,1
9596.05030944354,5,0.056397293840728592,1
9592.19337600669,5,0.067921718623715766,1
9588.33644256984,5,0.0010767389639949872,1
9584.47950913299,5,-0.058758807727704962,1
9580.62257569615,5,-0.034095068686327168,1
9576.7656422593,5,0.013025861996721594,1
9572.90870882245,5,-0.015320071542447774,1
9569.0517753856,5,-0.01559437789280203,1
9565.19484194876,5,0.011376856510215919,1
9561.33790851191,5,-0.02552601037033583,1
9557.48097507506,5,-0.033059474956861762,1
9553.62404163822,5,-6.7952363470745407e-05,1
9549.76710820137,5,0.025897387186504733,1
9545.91017476452,5,0.01564408755322675,1
9542.05324132767,5,-0.0072408935823219294,1
9538.19630789083,5,-0.010109417416662251,1
9534.33937445398,5,0.015421983799067738,1
9530.48244101713,5,0.013148260672634575,1
9526.62550758028,5,-0.0056569465364349593,1
9522.76857414344,5,-0.014444292729766862,1
9518.91164070659,5,-0.026677759459146751,1
9515.05470726974,5,-0.036857274732592163,1
9511.1977738329,5,-0.0080351520879022708,1
9507.34084039605,5,0.043485209299965404,1
9503.4839069592,5,0.076587992261138771,1
9499.62697352235,5,0.070057214587804825,1
9495.77004008551,5,0.031303960834438919,1
9491.91310664866,5,0.0014429017797209459,1
9488.05617321181,5,0.0072919200262252428,1
9484.19923977496,5,0.013452032594400415,1
9480.34230633812,5,-0.003540851068725784,1
9476.48537290127,5,0.0073238069206806727,1
9472.62843946442,5,0.017835586559242379,1
9468.77150602758,5,0.025682742127401993,1
9464.91457259073,5,0.023264694210896528,1
9461.05763915388,5,0.04303824780756093,1
9457.20070571703,5,0.043818925239675517,1
9453.34377228019,5,0.023000075027254766,1
9449.48683884334,5,0.01158681068843821,1
9445.62990540649,5,0.0047653067205692739,1
9441.77297196964,5,-0.01670989412007198,1
9437.9160385328,5,-0.0038849980760494291,1
9434.05910509595,5,-0.01873789839234203,1
9430.2021716591,5,-0.038712661685180783,1
9426.34523822226,5,-0.017800028432110777,1
9422.48830478541,5,-0.0025003578476433131,1
9418.63137134856,5,-0.0060817262076330245,1
9414.77443791171,5,-0.01195279093282579,1
9410.91750447487,5,-0.0044967010581204074,1
9407.06057103802,5,0.0095987948612590926,1
9403.20363760117,5,0.0087378829043148927,1
9399.34670416432,5,0.0082622712371527018,1
9395.48977072748,5,0.0011928866682501742,1
9391.63283729063,5,0.010890430469520327,1
9387.77590385378,5,-0.026157116838729157,1
9383.91897041694,5,-0.062666396333922306,1
9380.06203698009,5,-0.035548351280216502,1
9376.20510354324,5,-0.0084609945820232763,1
9372.34817010639,5,0.015795328942035693,1
9368.49123666955,5,0.0094939108246824867,1
9364.6343032327,5,-0.018966864319280137,1
9360.77736979585,5,0.036234582987161167,1
9356.920436359,5,0.02970418019208132,1
9353.06350292216,5,0.010865394876945869,1
9349.20656948531,5,0.018459879858505827,1
9345.34963604846,5,-0.035398738962302334,1
9341.49270261162,5,-0.042070288977519701,1
9337.63576917477,5,0.0022742802432887538,1
9333.77883573792,5,0.019711070055640233,1
9329.92190230107,5,0.053358056417704539,1
9326.06496886423,5,0.036344813962762748,1
9322.20803542738,5,-0.00927959024524703,1
9318.35110199053,5,-0.018652023266507795,1
9314.49416855368,5,0.0010522134960677134,1
9310.63723511684,5,0.0091742612834766687,1
9306.78030167999,5,0.023514357574492665,1
9302.92336824314,5,0.026929222215376972,1
9299.0664348063,5,0.050550121848648023,1
9295.20950136945,5,0.022713918415622501,1
9291.3525679326,5,-0.0090154670148110422,1
9287.49563449575,5,-0.0020650501113230516,1
9283.63870105891,5,-0.0057245052611303408,1
9279.78176762206,5,-0.002266870667795367,1
9275.92483418521,5,-0.030876454559894274,1
9272.06790074836,5,-0.047223725825630364,1
9268.21096731152,5,0.0022067524057192544,1
9264.35403387467,5,0.048405784585066676,1
9260.49710043782,5,0.03298309181205069,1
9256.64016700098,5,-0.026166648447846486,1
9252.78323356413,5,-0.017583470917449273,1
9248.92630012728,5,0.036731956224283407,1
9245.06936669043,5,0.026815427732411884,1
9241.21243325358,5,-0.028833120372642393,1
9237.35549981674,5,-0.0045355661780553218,1
9233.49856637989,5,0.041224149657528783,1
9229.64163294304,5,0.041243552563555962,1
9225.7846995062,5,0.035958453869620412,1
9221.92776606935,5,0.022656646733703757,1
9218.0708326325,5,0.029550190534678753,1
9214.21389919565,5,0.029621797546550199,1
9210.35696575881,5,0.013439517894476113,1
9206.50003232196,5,-0.0011724562817514359,1
9202.64309888511,5,-0.0037453097583711489,1
9198.78616544826,5,-0.013113307510792678,1
9194.92923201142,5,-0.0076373899962951172,1
9191.07229857457,5,0.02344084743324034,1
9187.21536513772,5,0.028480141428816073,1
9183.35843170088,5,0.0061787827513420214,1
9179.50149826403,5,-0.018431466803414967,1
9175.64456482718,5,-0.020989473975984611,1
9171.78763139033,5,-0.014678367816937637,1
9167.93069795349,5,-0.01281172963230116,1
9164.07376451664,5,-0.0044621338735829205,1
9160.21683107979,5,0.034175439635347173,1
9156.35989764294,5,0.051050354135048243,1
9152.5029642061,5,0.023523363658146126,1
9148.64603076925,5,-0.0039949231144246443,1
9144.7890973324,5,-0.036169445608253983,1
9140.93216389556,5,-0.0062577291312494766,1
9137.07523045871,5,0.026824274613918911,1
9133.21829702186,5,0.0074668886524664442,1
9129.36136358501,5,0.012800077647498716,1
9125.50443014817,5,0.035038879198716656,1
9121.64749671132,5,0.0032688813844663862,1
9117.79056327447,5,-0.024653053329769831,1
9113.93362983762,5,0.0052704988080109604,1
9110.07669640078,5,0.033089414421281743,1
9106.21976296393,5,0.045337296912142624,1
9102.36282952708,5,0.052743015376331026,1
9098.50589609024,5,0.047452518358182809,1
9094.64896265339,5,0.0069770924385259931,1
9090.79202921654,5,-0.012103897652509977,1
9086.93509577969,5,-0.0010235029401355327,1
9083.07816234285,5,0.025443603681443678,1
9079.221228906,5,0.040744875101057246,1
9075.36429546915,5,0.00064170666842597432,1
9071.5073620323,5,-0.023884464616494204,1
9067.65042859546,5,-0.005736434589790027,1
9063.79349515861,5,0.0072429862831409645,1
9059.93656172176,5,-0.0074799137835031195,1
9056.07962828492,5,-0.044634969590997789,1
9052.22269484807,5,-0.035077557373535795,1
9048.36576141122,5,0.010268539928973665,1
9044.50882797437,5,0.038317149077652636,1
9040.65189453753,5,0.010073256596812796,1
9036.79496110068,5,-0.012386488642962285,1
9032.93802766383,5,-0.010157527407318999,1
9029.08109422698,5,-0.010860368258997761,1
9025.22416079014,5,-0.025864029117644342,1
9021.36722735329,5,-0.029953298244405756,1
9017.51029391644,5,0.013828747658760552,1
9013.6533604796,5,0.032677269080918871,1
9009.79642704275,5,0.004148374015510355,1
9005.9394936059,5,-0.022458924171739413,1
9002.08256016905,5,-0.040732940607457642,1
8998.22562673221,5,-0.016300807385530709,1
8994.36869329536,5,-0.00029210809430588826,1
8990.51175985851,5,-0.039222659945843959,1
8986.65482642166,5,-0.056175718568841876,1
8982.79789298482,5,-0.040824518774538757,1
8978.94095954797,5,-0.0099846719562421086,1
8975.08402611112,5,0.014327908847508885,1
8971.22709267428,5,-0.0051203028401949225,1
8967.37015923743,5,-0.0032673084375979943,1
8963.51322580058,5,0.013819251866641867,1
8959.65629236373,5,0.01362362369363589,1
8955.79935892689,5,0.0090304673606865626,1
8951.94242549004,5,-0.0066226044023884496,1
8948.08549205319,5,0.010263891424099491,1
8944.22855861634,5,0.040439993942537028,1
8940.3716251795,5,0.035768974259450935,1
8936.51469174265,5,0.0013592219452616245,1
8932.6577583058,5,0.0013603186768001618,1
8928.80082486896,5,-0.0012249467686256364,1
8924.94389143211,5,0.011623409495023643,1
8921.08695799526,5,-0.013362022835596097,1
8917.23002455841,5,-0.043610759547084356,1
8913.37309112157,5,-0.019093855296041153,1
8909.51615768472,5,-0.0026158430689152963,1
8905.65922424787,5,-0.0020368302169428455,1
8901.80229081102,5,0.00019898832465302353,1
8897.94535737418,5,0.0041672175951803191,1
8894.08842393733,5,-0.007615765438418489,1
8890.23149050048,5,-0.031822726728218981,1
8886.37455706364,5,-0.030733772235568509,1
8882.51762362679,5,-0.018215191044010749,1
8878.66069018994,5,0.02708211006501781,1
8874.80375675309,5,0.016568986000022823,1
8870.94682331625,5,0.0038659831144822075,1
8867.0898898794,5,0.00093955156459111394,1
8863.23295644255,5,-0.014504855537088671,1
8859.3760230057,5,-0.026345481749616758,1
8855.51908956886,5,-0.020857293461357031,1
8851.66215613201,5,-0.018511720877965512,1
8847.80522269516,5,-0.01552740498082956,1
8843.94828925832,5,-0.015944515434099596,1
8840.09135582147,5,-0.042685272936454015,1
8836.23442238462,5,-0.032189380965684723,1
8832.37748894777,5,-0.023781102359756841,1
8828.52055551093,5,-0.034005891445763957,1
8824.66362207408,5,-0.048298050113001992,1
8820.80668863723,5,-0.029538076469034141,1
8816.94975520038,5,-0.0053114499114256539,1
8813.09282176354,5,-0.010838890753514191,1
8809.23588832669,5,-0.024353704956466982,1
8805.37895488984,5,-0.0088499961193582201,1
8801.522021453,5,-0.0072638266974010589,1
8797.66508801615,5,-0.016573549900163291,1
8793.8081545793,5,-0.042260179690562893,1
8789.95122114245,5,-0.042910987322888894,1
8786.09428770561,5,-0.030185694434951466,1
8782.23735426876,5,-0.045462032114771893,1
8778.38042083191,5,-0.028977720917749202,1
8774.52348739506,5,0.014041792603857605,1
8770.66655395822,5,0.029322428981080301,1
8766.80962052137,5,0.015255433960274376,1
8762.95268708452,5,-0.013610747749812142,1
8759.09575364767,5,-0.033066105526982768,1
8755.23882021083,5,-0.0063344784043596804,1
8751.38188677398,5,0.0016133653899791935,1
8747.52495333713,5,-0.0082565482240587601,1
8743.66801990029,5,-0.020561333984187229,1
8739.81108646344,5,-0.016783910741060639,1
8735.95415302659,5,-0.022948818620574764,1
8732.09721958974,5,-0.032312894871098223,1
8728.2402861529,5,-0.039213738117355602,1
8724.38335271605,5,-0.0045798432605882742,1
8720.5264192792,5,0.015281185175084207,1
8716.66948584235,5,-0.008262587576691207,1
8712.81255240551,5,-0.032996325945337551,1
8708.95561896866,5,-0.029336029821798441,1
8705.09868553181,5,-0.031351436950625207,1
8701.24175209497,5,-0.019843340861368092,1
8697.38481865812,5,-0.020367835658663902,1
8693.52788522127,5,-0.017199107241001533,1
8689.67095178442,5,-0.00045652736817771632,1
8685.81401834758,5,0.010077402601881559,1
8681.95708491073,5,-0.028287647913073675,1
8678.10015147388,5,-0.051149853977331426,1
8674.24321803703,5,-0.049352657093541696,1
8670.38628460019,5,-0.04235318999722671,1
8666.52935116334,5,-0.015921065031488935,1
8662.67241772649,5,-0.0087217335342028666,1
8658.81548428965,5,-0.019511715662078922,1
8654.9585508528,5,-0.012569797990779166,1
8651.10161741595,5,0.0050633204263692642,1
8647.2446839791,5,0.028278698525346736,1
8643.38775054226,5,0.031913907139679995,1
8639.53081710541,5,0.055316696224959834,1
8635.67388366856,5,0.054769423514590909,1
8631.81695023171,5,0.01416719530501351,1
8627.96001679487,5,-0.01502157846291902,1
8624.10308335802,5,-0.028468094640948505,1
8620.24614992117,5,0.0019494969479493954,1
8616.38921648433,5,0.02396362833589594,1
8612.53228304748,5,0.0014061679525088889,1
8608.67534961063,5,-0.0034073287471445206,1
8604.81841617378,5,-0.015479288091904051,1
8600.96148273694,5,-0.00050138114153364631,1
8597.10454930009,5,0.020032611517372203,1
8593.24761586324,5,0.0064226362501817432,1
8589.39068242639,5,-0.0092830730023687053,1
8585.53374898955,5,-0.016539111191706771,1
8581.6768155527,5,-0.020119479959465041,1
8577.81988211585,5,0.010296537453593527,1
8573.96294867901,5,0.029456153532189083,1
8570.10601524216,5,0.028367226804094182,1
8566.24908180531,5,0.025457479703575932,1
8562.39214836846,5,0.04086152283185028,1
8558.53521493162,5,0.01600527165884549,1
8554.67828149477,5,-0.012607151455600785,1
8550.82134805792,5,0.0010909959180360367,1
8546.96441462107,5,0.007545739540349922,1
8543.10748118423,5,-0.016646615535259725,1
8539.25054774738,5,0.0027823295223328836,1
8535.39361431053,5,0.0052856928927292775,1
8531.53668087368,5,0.026403476396169107,1
8527.67974743684,5,0.014957584923992793,1
8523.82281399999,5,0.030175185072834853,1
8519.96588056314,5,0.043647654027352017,1
8516.1089471263,5,0.036857562967562624,1
8512.25201368945,5,0.034103489567581025,1
8508.3950802526,5,0.027535406254851361,1
8504.53814681575,5,0.012283431701428742,1
8500.68121337891,5,0.016879052233216913,1
8496.82427994206,5,0.024018300346732076,1
8492.96734650521,5,0.017223928890211349,1
8489.11041306836,5,-0.0095482465826661114,1
8485.25347963152,5,-0.01776627791789066,1
8481.39654619467,5,-0.022724944572245397,1
8477.53961275782,5,-0.035131284361007646,1
8473.68267932098,5,-0.0063089476122397386,1
8469.82574588413,5,-0.014098260245581576,1
8465.96881244728,5,-0.0088144549178786648,1
8462.11187901043,5,0.022212149401504892,1
8458.25494557359,5,0.034482667149529578,1
8454.39801213674,5,0.015626623321453984,1
8450.54107869989,5,0.0029001786325335397,1
8446.68414526304,5,-0.002610497553529731,1
8442.8272118262,5,-0.0046869841879984067,1
8438.97027838935,5,0.015955994229136548,1
8435.1133449525,5,0.048922062329147677,1
8431.25641151566,5,0.041760004499688017,1
8427.39947807881,5,-0.012779733581904641,1
8423.54254464196,5,-0.011202258279558598,1
8419.68561120511,5,0.01923690342140303,1
8415.82867776827,5,0.052087901026618706,1
8411.97174433142,5,0.042354622829695002,1
8408.11481089457,5,0.020242090062245782,1
8404.25787745772,5,-0.018798648719204888,1
8400.40094402088,5,-0.029941836016948581,1
8396.54401058403,5,-0.02058281184998955,1
8392.68707714718,5,-0.0046790436548779157,1
8388.83014371034,5,-0.0060639310136307734,1
8384.97321027349,5,-0.011787972058481424,1
8381.11627683664,5,-0.012981559723533171,1
8377.25934339979,5,-0.024823747402138236,1
8373.40240996295,5,-0.01579385318169195,1
8369.5454765261,5,0.0012214377189672626,1
8365.68854308925,5,-0.037596420681259804,1
8361.8316096524,5,-0.053411338544419949,1
8357.97467621556,5,-0.023074153040457158,1
8354.11774277871,5,-0.012892644719017887,1
8350.26080934186,5,-0.0040257078121478688,1
8346.40387590502,5,0.011992881692410319,1
8342.54694246817,5,0.0079307098892125675,1
8338.69000903132,5,0.027026804590786727,1
8334.83307559447,5,0.051828411104573806,1
8330.97614215763,5,0.032891833134688443,1
8327.11920872078,5,-0.0040051002825403845,1
8323.26227528393,5,0.021919431645967043,1
8319.40534184708,5,0.0301759934479628,1
8315.54840841024,5,0.035155221030870591,1
8311.69147497339,5,0.035073391074754268,1
8307.83454153654,5,0.010872487441546312,1
8303.97760809969,5,-0.0090200882934703061,1
8300.12067466285,5,0.011189317337655566,1
8296.263741226,5,-0.0032890606393007893,1
8292.40680778915,5,0.0022987878960233584,1
8288.54987435231,5,0.019625532809968704,1
8284.69294091546,5,0.015424251428491265,1
8280.83600747861,5,-0.01417244684355029,1
8276.97907404176,5,-0.021064573662657925,1
8273.12214060492,5,0.003104298523007865,1
8269.26520716807,5,0.02242060004123372,1
8265.40827373122,5,0.028751721871905993,1
8261.55134029437,5,0.028794524121237224,1
8257.69440685753,5,0.0058800556155008876,1
8253.83747342068,5,-0.0025256224242695968,1
8249.98053998383,5,0.013640488047426371,1
8246.12360654699,5,0.021436589275413434,1
8242.26667311014,5,0.00025259209138304186,1
8238.40973967329,5,-0.033558432700655949,1
8234.55280623644,5,-0.036865446890445568,1
8230.6958727996,5,0.00099910198536608025,1
8226.83893936275,5,0.016407666573992365,1
8222.9820059259,5,0.010777549483921949,1
8219.12507248905,5,0.00044807650752366795,1
8215.26813905221,5,0.0085453718729478038,1
8211.41120561536,5,0.0067126540888567286,1
8207.55427217851,5,-0.0059317979464084689,1
8203.69733874167,5,0.003930921716670731,1
8199.84040530482,5,-0.020633699541889289,1
8195.98347186797,5,-0.065172076556030606,1
8192.12653843112,5,-0.047687167229661806,1
8188.26960499428,5,-0.012215835576021157,1
8184.41267155743,5,-0.0044038887341690978,1
8180.55573812058,5,0.016393650695845148,1
8176.69880468373,5,0.0079088878057769103,1
8172.84187124689,5,-0.0050793069590627671,1
8168.98493781004,5,0.019348595741778423,1
8165.12800437319,5,0.0012374812398697323,1
8161.27107093635,5,-0.026128943157877827,1
8157.4141374995,5,-0.026044434777897984,1
8153.55720406265,5,-0.0087497925903993069,1
8149.7002706258,5,0.00069764062883556806,1
8145.84333718896,5,-0.0027422953609235229,1
8141.98640375211,5,0.0025171297537236164,1
8138.12947031526,5,0.022203497783736544,1
8134.27253687841,5,0.008572464535995139,1
8130.41560344157,5,0.018723908336035121,1
8126.55867000472,5,-0.0088826111341713913,1
8122.70173656787,5,-0.030895235070988979,1
8118.84480313103,5,0.0070148965102940558,1
8114.98786969418,5,0.036258826852880052,1
8111.13093625733,5,-0.011378087114460912,1
8107.27400282048,5,-0.046890916880175978,1
8103.41706938364,5,-0.0099288786567222724,1
8099.56013594679,5,-0.0010776241222219493,1
8095.70320250994,5,-0.0096998123746784987,1
8091.84626907309,5,-0.000450695030954075,1
8087.98933563625,5,0.018031082622890444,1
8084.1324021994,5,0.046863791432248184,1
8080.27546876255,5,0.043107466484879571,1
8076.41853532571,5,0.03154436345388003,1
8072.56160188886,5,0.022566911219649731,1
8068.70466845201,5,0.0026300514741110816,1
8064.84773501516,5,-0.0042953203600727147,1
8060.99080157832,5,-0.020446595581720441,1
8057.13386814147,5,-0.02860955366431327,1
8053.27693470462,5,-0.033819353629363405,1
8049.42000126777,5,-0.029610256746469225,1
8045.56306783093,5,-0.024705339022296258,1
8041.70613439408,5,-0.019417429448841457,1
8037.84920095723,5,-0.009164944871666662,1
8033.99226752039,5,-0.021141509710092647,1
8030.13533408354,5,-0.014049552247302963,1
8026.27840064669,5,0.0067182159884456765,1
8022.42146720984,5,0.0065231144048389263,1
8018.564533773,5,0.019258395761005416,1
8014.70760033615,5,0.030115684634838508,1
8010.8506668993,5,0.0028772197478238947,1
8006.99373346245,5,-0.0080114705155296465,1
8003.13680002561,5,-0.0070782185628406611,1
7999.27986658876,5,-0.016808068436820006,1
7995.42293315191,5,-0.010882008844189878,1
7991.56599971507,5,-0.00063428553767885365,1
7987.70906627822,5,-0.0060304749527121081,1
7983.85213284137,5,-0.0045077943849423157,1
7979.99519940452,5,0.0036600976987524641,1
7976.13826596768,5,0.01444999849741784,1
7972.28133253083,5,0.00069089080902379467,1
7968.42439909398,5,-0.014410111066530727,1
7964.56746565713,5,-0.0024479107963475033,1
7960.71053222029,5,0.0069145049424701273,1
7956.85359878344,5,-0.0041727149762835038,1
7952.99666534659,5,0.0024033270444633243,1
7949.13973190975,5,0.016014068550470439,1
7945.2827984729,5,0.016658068444703873,1
7941.42586503605,5,0.0037659230151427668,1
7937.5689315992,5,0.012410298032827956,1
7933.71199816236,5,0.013064941602051608,1
7929.85506472551,5,-0.011017492480208394,1
7925.99813128866,5,-0.015883726461098042,1
7922.14119785181,5,-0.010082739747761377,1
7918.28426441497,5,-0.010570316074763598,1
7914.42733097812,5,-0.02167570011416535,1
7910.57039754127,5,-0.040040059734454951,1
7906.71346410443,5,-0.0057090133755431103,1
7902.85653066758,5,0.030731384645891459,1
7898.99959723073,5,0.052899562306530618,1
7895.14266379388,5,0.016703603879532337,1
7891.28573035704,5,-0.009914256903736287,1
7887.42879692019,5,0.01169007088901842,1
7883.57186348334,5,0.030518096794246337,1
7879.71493004649,5,-0.0064403818266573999,1
7875.85799660965,5,-0.0094654435415848417,1
7872.0010631728,5,0.018400014433452856,1
7868.14412973595,5,0.012334046676205562,1
7864.28719629911,5,0.0047704988531338081,1
7860.43026286226,5,0.022872297495107562,1
7856.57332942541,5,0.020900566493967765,1
7852.71639598856,5,0.016706572462608815,1
7848.85946255172,5,0.018691731698193392,1
7845.00252911487,5,0.029955577148719742,1
7841.14559567802,5,0.015513285329252311,1
7837.28866224117,5,-0.006497943236752908,1
7833.43172880433,5,-0.0011455417374287118,1
7829.57479536748,5,-0.0019496853904193419,1
7825.71786193063,5,0.0050350633522873991,1
7821.86092849379,5,0.020266903029987828,1
7818.00399505694,5,0.0075476879757384535,1
7814.14706162009,5,0.0018854682418764158,1
7810.29012818324,5,0.017969731485024582,1
7806.4331947464,5,0.0042326888040439374,1
7802.57626130955,5,-0.0062905197489048475,1
7798.7193278727,5,0.0051954619495035758,1
7794.86239443585,5,0.0025302706457041376,1
7791.00546099901,5,0.0015592798122566825,1
7787.14852756216,5,0.0038999569285450898,1
7783.29159412531,5,0.010367976163480987,1
7779.43466068847,5,0.0022178278449902044,1
7775.57772725162,5,0.010139715578343733,1
7771.72079381477,5,0.012093153337290304,1
7767.86386037792,5,-0.00043983642562070088,1
7764.00692694107,5,-0.00047373398995634227,1
7760.14999350423,5,0.02118238893251451,1
7756.29306006738,5,0.00040241172615370176,1
7752.43612663053,5,0.0050420447584772193,1
7748.57919319369,5,0.017911643045582248,1
7744.72225975684,5,0.012392995865823575,1
7740.86532631999,5,-0.0020473177188324344,1
7737.00839288315,5,0.016134070876823701,1
7733.1514594463,5,0.022819007654441888,1
7729.29452600945,5,0.013264839057840054,1
7725.4375925726,5,0.014378789711769105,1
7721.58065913575,5,0.011445923530836562,1
7717.72372569891,5,0.00086909399268197539,1
7713.86679226206,5,-0.00060721026097175035,1
7710.00985882521,5,-0.016506215469484439,1
7706.15292538837,5,-0.017447811741956289,1
7702.29599195152,5,-0.021012760659670122,1
7698.43905851467,5,-0.013322854187809112,1
7694.58212507782,5,-0.0018644963100679151,1
7690.72519164098,5,0.0068396226849322776,1
7686.86825820413,5,-8.2998928216893085e-05,1
7683.01132476728,5,-0.0033474392114661482,1
7679.15439133043,5,-0.0078611703755626736,1
7675.29745789359,5,-0.0084728403198568464,1
7671.44052445674,5,-0.014036049388342299,1
7667.58359101989,5,-0.0054016050607879756,1
7663.72665758305,5,0.020242291050377278,1
7659.8697241462,5,0.015663947516292308,1
7656.01279070935,5,0.0052235167730243486,1
7652.1558572725,5,-0.0059954190712446405,1
7648.29892383566,5,-0.0051156851751406,1
7644.44199039881,5,0.0010447121092499055,1
7640.58505696196,5,-0.003594415113577104,1
7636.72812352511,5,-0.012711883021587343,1
7632.87119008827,5,-0.02125450688806118,1
7629.01425665142,5,-0.015571995538868486,1
7625.15732321457,5,-0.029315135906438777,1
7621.30038977773,5,-0.014483797470383388,1
7617.44345634088,5,0.015235558307442366,1
7613.58652290403,5,0.016496207415045455,1
7609.72958946718,5,-0.0109792617808104,1
7605.87265603034,5,-0.021736740650550465,1
7602.01572259349,5,-0.02141161681693619,1
7598.15878915664,5,-0.023541565030219702,1
7594.30185571979,5,-0.017514943620271065,1
7590.44492228295,5,-0.009972255237769333,1
7586.5879888461,5,-0.016234667975090662,1
7582.73105540925,5,-0.02848503438662069,1
7578.87412197241,5,-0.017625584758455465,1
7575.01718853556,5,-0.0069208109185317519,1
7571.16025509871,5,-0.0015613210412749386,1
7567.30332166186,5,0.0072815652815842987,1
7563.44638822502,5,-0.0087644411219795181,1
7559.58945478817,5,-0.017093052623978228,1
7555.73252135132,5,-0.0094445991180789873,1
7551.87558791447,5,0.0023941918117683361,1
7548.01865447763,5,-0.010605170333566867,1
7544.16172104078,5,-0.011500352631882984,1
7540.30478760393,5,-0.014336645664416191,1
7536.44785416709,5,0.011778710685187183,1
7532.59092073024,5,0.032640637479430135,1
7528.73398729339,5,0.034538144461202687,1
7524.87705385654,5,0.038710582290425774,1
7521.0201204197,5,0.011111131525336854,1
7517.16318698285,5,-0.0045777193181978362,1
7513.306253546,5,-0.0056760109310138272,1
7509.44932010915,5,5.2058587102493156e-05,1
7505.59238667231,5,0.01323293007028304,1
7501.73545323546,5,0.018946823632394194,1
7497.87851979861,5,0.0023888787507206693,1
7494.02158636177,5,-0.0030744860572499959,1
7490.16465292492,5,-0.020503722330615655,1
7486.30771948807,5,-0.023899628542462296,1
7482.45078605122,5,-0.01408942099979334,1
7478.59385261438,5,-0.034240895772083793,1
7474.73691917753,5,-0.042255057542404877,1
7470.87998574068,5,-0.023886674957902809,1
7467.02305230383,5,-0.00027589842089096304,1
7463.16611886699,5,-0.001030748759876492,1
7459.30918543014,5,-0.010643350611160517,1
7455.45225199329,5,8.8900749581849179e-05,1
7451.59531855645,5,-0.0007128993815227598,1
7447.7383851196,5,-0.0044408399779871906,1
7443.88145168275,5,0.0016122829916805955,1
7440.0245182459,5,0.014045670142784916,1
7436.16758480906,5,0.031467862498822753,1
7432.31065137221,5,0.03462609286504139,1
7428.45371793536,5,0.022916297011490845,1
7424.59678449851,5,0.0095941247372209985,1
7420.73985106167,5,0.0023299703260197166,1
7416.88291762482,5,-0.00047330036820327756,1
7413.02598418797,5,0.0088219256983013781,1
7409.16905075113,5,0.013202214125839737,1
7405.31211731428,5,0.0081551640089346494,1
7401.45518387743,5,-0.0067619977569355217,1
7397.59825044058,5,-0.019625519656227244,1
7393.74131700374,5,-0.0029747281199558715,1
7389.88438356689,5,0.026220833187747906,1
7386.02745013004,5,0.015806963713802549,1
7382.17051669319,5,-0.023636064017238445,1
7378.31358325635,5,-0.044285257619819066,1
7374.4566498195,5,0.010179967315908683,1
7370.59971638265,5,0.026056109095229808,1
7366.74278294581,5,-0.03098244499394329,1
7362.88584950896,5,-0.05986703551404237,1
7359.02891607211,5,-0.035252917353034478,1
7355.17198263526,5,-0.017724094900994185,1
7351.31504919842,5,-0.018204909151364478,1
7347.45811576157,5,-0.027167360047872718,1
7343.60118232472,5,-0.0084730118602149365,1
7339.74424888787,5,-0.014756182927579813,1
7335.88731545103,5,-0.021760354414242161,1
7332.03038201418,5,0.002773517056242388,1
7328.17344857733,5,-0.021688216371853402,1
7324.31651514049,5,-0.032285544599265983,1
7320.45958170364,5,0.018411484905433602,1
7316.60264826679,5,0.023535187969930101,1
7312.74571482994,5,-0.012191516209148609,1
7308.8887813931,5,-0.024694217478797967,1
7305.03184795625,5,-0.015803534501180432,1
7301.1749145194,5,-0.0091916383544898474,1
7297.31798108255,5,0.00049889564240866442,1
7293.46104764571,5,-0.014064920633969908,1
7289.60411420886,5,-0.029764244862790161,1
7285.74718077201,5,0.01433204100856364,1
7281.89024733516,5,0.065201987599540046,1
7278.03331389832,5,0.067900753818555704,1
7274.17638046147,5,0.038209822302531588,1
7270.31944702462,5,0.014938282176084103,1
7266.46251358778,5,0.055755603525077697,1
7262.60558015093,5,0.071742760586997648,1
7258.74864671408,5,0.054688013082955983,1
7254.89171327723,5,0.021702406535897976,1
7251.03477984039,5,0.020726565774271018,1
7247.17784640354,5,0.06974227053910044,1
7243.32091296669,5,0.024064102702881656,1
7239.46397952984,5,0.0059068866473445114,1
7235.607046093,5,0.058253522749409641,1
7231.75011265615,5,-0.005609708561136002,1
7227.8931792193,5,-0.039576388392603995,1
7224.03624578246,5,-0.0089337277545070079,1
7220.17931234561,5,-0.0037710013920322877,1
7216.32237890876,5,-0.0071834270227288874,1
7212.46544547191,5,-0.0088594630782630693,1
7208.60851203507,5,0.001520330834749118,1
7204.75157859822,5,-0.0047441584448396244,1
7200.89464516137,5,-0.032247675957627994,1
7197.03771172452,5,-0.018871348872990776,1
7193.18077828768,5,-0.0079860226185565278,1
7189.32384485083,5,0.0047567517277755361,1
7185.46691141398,5,0.024638705123276861,1
7181.60997797714,5,0.035993495341781027,1
7177.75304454029,5,0.035901024721294771,1
7173.89611110344,5,0.041600395971753121,1
7170.03917766659,5,0.012030112831189486,1
7166.18224422975,5,0.0073080686597754348,1
7162.3253107929,5,0.0007403183405654425,1
7158.46837735605,5,-0.0058741456770479436,1
7154.6114439192,5,0.0019946314327554194,1
7150.75451048236,5,-0.0043615970118738205,1
7146.89757704551,5,-0.037839627107386156,1
7143.04064360866,5,-0.074908800192387062,1
7139.18371017182,5,-0.062766305197535829,1
7135.32677673497,5,-0.024036687548370364,1
7131.46984329812,5,-0.022684519568396025,1
7127.61290986127,5,-0.043705453936609844,1
7123.75597642443,5,-0.042874653100127502,1
7119.89904298758,5,-0.058646545801625663,1
7116.04210955073,5,-0.057843766568900432,1
7112.18517611388,5,0.0082122450017745596,1
7108.32824267704,5,-0.0067069154147086042,1
7104.47130924019,5,-0.069871302447516534,1
7100.61437580334,5,-0.050276292284785237,1
7096.7574423665,5,-0.034039853789392942,1
7092.90050892965,5,-0.021686874152654734,1
7089.0435754928,5,0.031494249052631346,1
7085.18664205595,5,0.038735994686942186,1
7081.32970861911,5,0.041625973398204348,1
7077.47277518226,5,0.080522095285152362,1
7073.61584174541,5,0.12495757196478335,1
7069.75890830856,5,0.13889671449060126,1
7065.90197487172,5,0.13768019877126869,1
7062.04504143487,5,0.10733202147234557,1
7058.18810799802,5,0.059686529259974544,1
7054.33117456117,5,0.012841633804793912,1
7050.47424112433,5,0.0061383046647398029,1
7046.61730768748,5,-0.011609346934810912,1
7042.76037425063,5,-0.023893201794684731,1
7038.90344081379,5,-0.033178128841629982,1
7035.04650737694,5,-0.023253947624757489,1
7031.18957394009,5,-0.0098481453171774432,1
7027.33264050324,5,-0.016411759745852978,1
7023.4757070664,5,-0.05367242275999639,1
7019.61877362955,5,-0.050689757507512763,1
7015.7618401927,5,-0.041469055761168383,1
7011.90490675585,5,-0.029970610407860334,1
7008.04797331901,5,-0.027710571910559055,1
7004.19103988216,5,-0.02778267410997862,1
7000.33410644531,5,-0.030250644626417775,1
6996.47717300847,5,-0.023594551207014831,1
6992.62023957162,5,-0.015513105757159992,1
6988.76330613477,5,-0.0023355374102758701,1
6984.90637269792,5,-0.014201404963822275,1
6981.04943926108,5,-0.037010972303626308,1
6977.19250582423,5,-0.037631067668196676,1
6973.33557238738,5,-0.026884242740196507,1
6969.47863895053,5,-0.02643591118429596,1
6965.62170551369,5,-0.030221602456783212,1
6961.76477207684,5,-0.023960602947812933,1
6957.90783863999,5,-0.014749971743154164,1
6954.05090520315,5,-0.028772559684797385,1
6950.1939717663,5,-0.031695560723186619,1
6946.33703832945,5,-0.026864532320267701,1
6942.4801048926,5,-0.0096050170562518786,1
6938.62317145576,5,0.0042722527319192525,1
6934.76623801891,5,0.0028961909542879944,1
6930.90930458206,5,-0.0010644086920753035,1
6927.05237114521,5,-0.0015461726689603196,1
6923.19543770837,5,0.0030476448291487648,1
6919.33850427152,5,-0.00027588276526578534,1
6915.48157083467,5,-0.020074353215302255,1
6911.62463739783,5,-0.017003788715250389,1
6907.76770396098,5,-0.0048776337976422909,1
6903.91077052413,5,0.0028045260435807292,1
6900.05383708728,5,0.0080657326916210408,1
6896.19690365044,5,0.010222025397654686,1
6892.33997021359,5,0.0013207348815653991,1
6888.48303677674,5,0.00019419299596024268,1
6884.62610333989,5,-0.0031628475761856399,1
6880.76916990305,5,0.0048037468607139214,1
6876.9122364662,5,-0.00033628150273168561,1
6873.05530302935,5,-0.002204166568434683,1
6869.19836959251,5,-0.0048703031008459265,1
6865.34143615566,5,0.0013019582290013834,1
6861.48450271881,5,0.01029036746263327,1
6857.62756928196,5,0.010381757785655022,1
6853.77063584512,5,0.011857983716475147,1
6849.91370240827,5,0.0080760886157955729,1
6846.05676897142,5,0.0051295675340752005,1
6842.19983553457,5,0.016808617627792354,1
6838.34290209773,5,0.012390572083860116,1
6834.48596866088,5,0.0048892862904462361,1
6830.62903522403,5,-0.00018972455945231016,1
6826.77210178718,5,0.0057675128989162095,1
6822.91516835034,5,0.011490600132252138,1
6819.05823491349,5,0.0062843946719968822,1
6815.20130147664,5,-0.0053654024663001036,1
6811.3443680398,5,-0.015142954595569776,1
6807.48743460295,5,-0.0067924006056737764,1
6803.6305011661,5,0.0087368551950407908,1
6799.77356772925,5,0.015320415443492774,1
6795.91663429241,5,0.0033019177468875936,1
6792.05970085556,5,-0.0031045724636191642,1
6788.20276741871,5,-0.0016606380064435103,1
6784.34583398186,5,-0.0062677107374310434,1
6780.48890054502,5,0.011576358137272211,1
6776.63196710817,5,0.019734439123083203,1
6772.77503367132,5,0.010565187899570934,1
6768.91810023448,5,-0.011355306471723567,1
6765.06116679763,5,-0.014081439196530704,1
6761.20423336078,5,-0.0060077771912764415,1
6757.34729992393,5,0.0043704662289671369,1
6753.49036648709,5,0.0027993074337066778,1
6749.63343305024,5,-0.0004017528162101546,1
6745.77649961339,5,-0.0052610931900077523,1
6741.91956617654,5,-0.0018079517248016787,1
6738.0626327397,5,-0.0013497896382023277,1
6734.20569930285,5,-0.009272891667317892,1
6730.348765866,5,-0.0066946451620601161,1
6726.49183242916,5,0.00058048530485234015,1
6722.63489899231,5,-0.00045550958295508838,1
6718.77796555546,5,-0.0019771936893570137,1
6714.92103211861,5,-0.005249048256966175,1
6711.06409868177,5,-0.011006024519632071,1
6707.20716524492,5,-0.010395668364297889,1
6703.35023180807,5,-0.011483876581231177,1
6699.49329837122,5,-0.0076386737644215828,1
6695.63636493438,5,0.010501242659470717,1
6691.77943149753,5,0.0018469673679698993,1
6687.92249806068,5,-0.004291337970929926,1
6684.06556462384,5,-0.0049135138079349503,1
6680.20863118699,5,-0.00087653502049345124,1
6676.35169775014,5,0.00024883993669702712,1
6672.49476431329,5,0.0010175333341811952,1
6668.63783087645,5,0.0019576810071770161,1
6664.7808974396,5,-0.0054238682894723863,1
6660.92396400275,5,-0.010242101726906799,1
6657.0670305659,5,-0.0041847056892943676,1
6653.21009712906,5,-0.0064727793719574905,1
6649.35316369221,5,-0.017578640307277703,1
6645.49623025536,5,-0.014830009090392603,1
6641.63929681852,5,-0.013469379095261854,1
6637.78236338167,5,-0.016912697437123352,1
6633.92542994482,5,-0.0052906661172083275,1
6630.06849650797,5,-0.0030216002585185023,1
6626.21156307113,5,-0.015532960024240568,1
6622.35462963428,5,-0.019319121881792134,1
6618.49769619743,5,-0.01008475355553019,1
6614.64076276058,5,-0.0060300908278362788,1
6610.78382932374,5,-0.015463771312198213,1
6606.92689588689,5,-0.014263093226804829,1
6603.06996245004,5,-0.005215376799646336,1
6599.2130290132,5,-0.0069184891464782062,1
6595.35609557635,5,0.0018649776925083333,1
6591.4991621395,5,0.0022404153093620208,1
6587.64222870265,5,-0.0056239964680343743,1
6583.78529526581,5,-0.012677552393239791,1
6579.92836182896,5,-0.019600536621091263,1
6576.07142839211,5,-0.013292184534336839,1
6572.21449495526,5,0.0046285273521275219,1
6568.35756151842,5,0.010895006116130436,1
6564.50062808157,5,0.01004288002893553,1
6560.64369464472,5,0.0077715591762507075,1
6556.78676120788,5,-0.0014724973652321871,1
6552.92982777103,5,-0.001962667207800296,1
6549.07289433418,5,-0.010809411450002573,1
6545.21596089733,5,-0.0087000951167315963,1
6541.35902746049,5,-0.0005388493169321216,1
6537.50209402364,5,-0.0080226157990855463,1
6533.64516058679,5,-0.0065698315647013863,1
6529.78822714994,5,-0.0067545457716982303,1
6525.9312937131,5,-0.0043265119094644646,1
6522.07436027625,5,-0.0030314947774871281,1
6518.2174268394,5,-0.005172920530804568,1
6514.36049340256,5,-0.0086989044593157663,1
6510.50355996571,5,-0.012532396059416898,1
6506.64662652886,5,-0.0073169006278386893,1
6502.78969309201,5,0.0043482097462321026,1
6498.93275965517,5,-0.00023337545195756086,1
6495.07582621832,5,-0.011528647139872693,1
6491.21889278147,5,-0.010165473497600318,1
6487.36195934462,5,-0.006400625903759595,1
6483.50502590778,5,-0.00060180688214819605,1
6479.64809247093,5,-0.0088047396890391302,1
6475.79115903408,5,-0.0045876979934682417,1
6471.93422559724,5,-0.0014113974455431571,1
6468.07729216039,5,-0.003110787267870398,1
6464.22035872354,5,0.0017681388861461695,1
6460.36342528669,5,0.0053792066653325235,1
6456.50649184985,5,0.0079076249487202883,1
6452.649558413,5,0.010576335025275264,1
6448.79262497615,5,0.0043650848358471571,1
6444.9356915393,5,-0.0084364944082446977,1
6441.07875810246,5,-0.0043859311191706387,1
6437.22182466561,5,0.0013817854056602681,1
6433.36489122876,5,0.0028694385750269316,1
6429.50795779192,5,0.011442325628508138,1
6425.65102435507,5,0.01847687954662566,1
6421.79409091822,5,0.017949848146016304,1
6417.93715748137,5,0.015508738566969247,1
6414.08022404453,5,0.007209634887355299,1
6410.22329060768,5,0.0071116040822000876,1
6406.36635717083,5,0.00012735128953444492,1
6402.50942373398,5,0.00325634229337953,1
6398.65249029714,5,0.0061303880139694025,1
6394.79555686029,5,-1.8535948726464751e-05,1
6390.93862342344,5,-0.0011147105812792095,1
6387.08168998659,5,0.011066912486445866,1
6383.22475654975,5,0.018233651595131645,1
6379.3678231129,5,0.0066323252608912536,1
6375.51088967605,5,-0.0064164739621791408,1
6371.6539562392,5,0.0094546453065998525,1
6367.79702280236,5,0.013193614064160041,1
6363.94008936551,5,0.0074113136309241238,1
6360.08315592866,5,-6.5188821396544884e-05,1
6356.22622249182,5,-0.0014633914639282028,1
6352.36928905497,5,0.003969687033431743,1
6348.51235561812,5,0.014635622168459744,1
6344.65542218127,5,0.011473138965023024,1
6340.79848874443,5,0.0050795145861716523,1
6336.94155530758,5,0.013622234237039713,1
6333.08462187073,5,0.019032331669027812,1
6329.22768843388,5,0.015368915134236849,1
6325.37075499704,5,0.00988904008486002,1
6321.51382156019,5,0.012819307751080091,1
6317.65688812334,5,0.0090995872079789788,1
6313.7999546865,5,-0.0033412217730899849,1
6309.94302124965,5,0.0018380672188403968,1
6306.0860878128,5,0.013085663013276483,1
6302.22915437595,5,0.0088070855170161739,1
6298.37222093911,5,-0.0019646590548397722,1
6294.51528750226,5,-0.0016410727970413265,1
6290.65835406541,5,0.0066756016941445576,1
6286.80142062856,5,0.0099951438579373008,1
6282.94448719172,5,0.01062274728001749,1
6279.08755375487,5,0.0093566074084746546,1
6275.23062031802,5,-0.00055002567127753258,1
6271.37368688118,5,-0.014138638273870583,1
6267.51675344433,5,-0.0089382852042113742,1
6263.65982000748,5,0.00062633975375131989,1
6259.80288657063,5,-0.0039237214754009164,1
6255.94595313379,5,-0.0074884362695900606,1
6252.08901969694,5,-0.011378651638566073,1
6248.23208626009,5,0.00014083784503903332,1
6244.37515282324,5,0.006207027315743849,1
6240.5182193864,5,0.0089742242597679323,1
6236.66128594955,5,0.0084703389101432307,1
6232.8043525127,5,0.0080784856423803397,1
6228.94741907586,5,0.0097660081987868234,1
6225.09048563901,5,0.010003076894609872,1
6221.23355220216,5,0.012924558025036887,1
6217.37661876531,5,0.0076713388046945946,1
6213.51968532847,5,-0.0066881324223599502,1
6209.66275189162,5,-0.021963614649226949,1
6205.80581845477,5,-0.019504607101276095,1
6201.94888501792,5,-0.012074892055776672,1
6198.09195158108,5,0.00077960586218565116,1
6194.23501814423,5,0.0057607216422781542,1
6190.37808470738,5,-0.010015531917490024,1
6186.52115127054,5,-0.012743854418858525,1
6182.66421783369,5,-0.014587692833269973,1
6178.80728439684,5,-0.015008598462607244,1
6174.95035095999,5,-0.012484181354054748,1
6171.09341752315,5,-0.016907314244903715,1
6167.2364840863,5,-0.011387108337394279,1
6163.37955064945,5,0.0061825197359899938,1
6159.5226172126,5,0.0090171793409532363,1
6155.66568377576,5,-0.0011697341524099648,1
6151.80875033891,5,-0.00077754162159559637,1
6147.95181690206,5,-0.0048093821116650046,1
6144.09488346522,5,-0.011160730480813875,1
6140.23795002837,5,-0.015033804202072875,1
6136.38101659152,5,-0.0061235325636700118,1
6132.52408315467,5,0.0041115923839046978,1
6128.66714971783,5,0.0060400600864197298,1
6124.81021628098,5,-0.00021148698523137976,1
6120.95328284413,5,-0.010775191635390473,1
6117.09634940728,5,-0.0020517224117623622,1
6113.23941597044,5,0.0092641694154740866,1
6109.38248253359,5,0.0061573834812698458,1
6105.52554909674,5,-8.5393591389177836e-05,1
6101.6686156599,5,-0.0028650077284137192,1
6097.81168222305,5,-0.0013044321635535057,1
6093.9547487862,5,0.0036641173969845673,1
6090.09781534935,5,0.0048833711684216031,1
6086.24088191251,5,0.0010067659221523677,1
6082.38394847566,5,-7.0182049699779299e-05,1
6078.52701503881,5,-0.0063549072199740771,1
6074.67008160196,5,-0.013458428700968016,1
6070.81314816512,5,-0.0046920877961731059,1
6066.95621472827,5,-0.0053947121461173156,1
6063.09928129142,5,-0.0077686837246834549,1
6059.24234785458,5,-0.010342402401166562,1
6055.38541441773,5,-0.011690157782315911,1
6051.52848098088,5,-0.016802882519919154,1
6047.67154754403,5,-0.02626261844396971,1
6043.81461410719,5,-0.034997859534863,1
6039.95768067034,5,-0.021775130293992466,1
6036.10074723349,5,-0.0051354533151190505,1
6032.24381379664,5,-0.017051011067497075,1
6028.3868803598,5,-0.028436423703882278,1
6024.52994692295,5,-0.033505650111241174,1
6020.6730134861,5,-0.03134281410505467,1
6016.81608004926,5,-0.021255662132692931,1
6012.95914661241,5,-0.011184482394567381,1
6009.10221317556,5,-0.0098258881965422144,1
6005.24527973871,5,-0.022796373092406157,1
6001.38834630187,5,-0.02020381075728872,1
5997.53141286502,5,-0.0043055239437450208,1
5993.67447942817,5,-0.0057648067712748104,1
5989.81754599132,5,-0.014087402821376958,1
5985.96061255448,5,-0.0073398545204887526,1
5982.10367911763,5,-0.00024432722178591919,1
5978.24674568078,5,-0.0080187662389714452,1
5974.38981224394,5,-0.012502909560350472,1
5970.53287880709,5,-0.0073229856370451759,1
5966.67594537024,5,0.0050279162160915625,1
5962.81901193339,5,0.016740958086557158,1
5958.96207849655,5,0.0094302611767793053,1
5955.1051450597,5,-0.00079934506558901732,1
5951.24821162285,5,0.0055309377989679375,1
5947.391278186,5,0.019412213594357734,1
5943.53434474916,5,0.02273032329721832,1
5939.67741131231,5,0.024341982145384588,1
5935.82047787546,5,0.018916432111706655,1
5931.96354443862,5,0.011089860847413043,1
5928.10661100177,5,-0.0032935585648100106,1
5924.24967756492,5,0.0014821785446872402,1
5920.39274412807,5,0.010544697533667926,1
5916.53581069123,5,-0.0064627000701505521,1
5912.67887725438,5,-0.017343951437958312,1
5908.82194381753,5,-0.027015618218298711,1
5904.96501038068,5,-0.032661536618879827,1
5901.10807694384,5,-0.039155071598237681,1
5897.25114350699,5,-0.046845559316576073,1
5893.39421007014,5,-0.058532659669706215,1
5889.5372766333,5,-0.058027344459441084,1
5885.68034319645,5,-0.058060852073449208,1
5881.8234097596,5,-0.055685566797661512,1
5877.96647632275,5,-0.059378225403307588,1
5874.10954288591,5,-0.07116328193186118,1
5870.25260944906,5,-0.066534936176647533,1
5866.39567601221,5,-0.053979288809410754,1
5862.53874257536,5,-0.04279692906769398,1
5858.68180913852,5,-0.026376643726701027,1
5854.82487570167,5,-0.029584258002445164,1
5850.96794226482,5,-0.014742167275140076,1
5847.11100882798,5,0.0042895877013321166,1
5843.25407539113,5,0.008207585886153352,1
5839.39714195428,5,0.0058008669306737022,1
5835.54020851743,5,0.014119837196320411,1
5831.68327508059,5,0.022533735231195694,1
5827.82634164374,5,0.025745427716361641,1
5823.96940820689,5,0.026870478797946337,1
5820.11247477004,5,0.043536473434249989,1
5816.2555413332,5,0.061608108624206397,1
5812.39860789635,5,0.067595713653603076,1
5808.5416744595,5,0.068731272941358876,1
5804.68474102266,5,0.070879912416038401,1
5800.82780758581,5,0.064035680223647348,1
5796.97087414896,5,0.059707648002328167,1
5793.11394071211,5,0.052639421659675625,1
5789.25700727527,5,0.0462318335675393,1
5785.40007383842,5,0.048707672469596917,1
5781.54314040157,5,0.048149688250140876,1
5777.68620696472,5,0.028671450241420815,1
5773.82927352788,5,0.017231891563606785,1
5769.97234009103,5,0.010026589819494358,1
5766.11540665418,5,0.0001951652777285812,1
5762.25847321733,5,-0.0084949753739598823,1
5758.40153978049,5,0.00083479411690754509,1
5754.54460634364,5,-0.0047177072684930774,1
5750.68767290679,5,-0.013029226467339507,1
5746.83073946995,5,-0.021626430705236673,1
5742.9738060331,5,-0.018682134543068583,1
5739.11687259625,5,-0.01633234910296574,1
5735.2599391594,5,-0.016077036985559501,1
5731.40300572256,5,-0.016265404458755125,1
5727.54607228571,5,-0.0086005736135158148,1
5723.68913884886,5,-0.0037867912749503753,1
5719.83220541201,5,0.00056881769876624766,1
5715.97527197517,5,0.0038976410446539085,1
5712.11833853832,5,-0.0045065192859373038,1
5708.26140510147,5,-0.014407613774090404,1
5704.40447166463,5,-0.0087979574930716654,1
5700.54753822778,5,-0.0068067157293918998,1
5696.69060479093,5,0.0055487610015147988,1
5692.83367135408,5,0.0043568896959634553,1
5688.97673791724,5,-0.00096270671386993736,1
5685.11980448039,5,-0.01386600592700434,1
5681.26287104354,5,-0.016970899755953166,1
5677.40593760669,5,-0.015024261137127513,1
5673.54900416985,5,-0.01073785912191564,1
5669.692070733,5,-0.019509499028279895,1
5665.83513729615,5,-0.024019411044486443,1
5661.97820385931,5,-0.021151764755943579,1
5658.12127042246,5,-0.014094231331361727,1
5654.26433698561,5,-0.022948789886132935,1
5650.40740354876,5,-0.026396093968893444,1
5646.55047011192,5,-0.018071932680984008,1
5642.69353667507,5,-0.00089159948060805007,1
5638.83660323822,5,0.00055908808275815635,1
5634.97966980137,5,-0.0046150093099886257,1
5631.12273636453,5,-0.0093068602465073529,1
5627.26580292768,5,0.0008593080080746844,1
5623.40886949083,5,0.0099002683563835531,1
5619.55193605399,5,0.0082552220261630244,1
5615.69500261714,5,0.0009698340635708447,1
5611.83806918029,5,-0.0012310368128646769,1
5607.98113574344,5,0.0073528142315054312,1
5604.1242023066,5,0.017882915711769972,1
5600.26726886975,5,0.0092503753390582501,1
5596.4103354329,5,0.0068597823545939159,1
5592.55340199605,5,0.0076054997770358462,1
5588.69646855921,5,0.0026066153726299092,1
5584.83953512236,5,-0.015755431826179282,1
5580.98260168551,5,-0.01075810604481287,1
5577.12566824867,5,-0.0030610965386139249,1
5573.26873481182,5,0.0066520529514622661,1
5569.41180137497,5,0.0045549833594168039,1
5565.55486793812,5,-0.0073353240012505256,1
5561.69793450128,5,-0.014656592619908679,1
5557.84100106443,5,-0.0055326347226833592,1
5553.98406762758,5,-0.0023564019502157812,1
5550.12713419073,5,-0.00094545257705075728,1
5546.27020075389,5,-0.0084007140884165988,1
5542.41326731704,5,0.012030639545587238,1
5538.55633388019,5,0.019484611531747863,1
5534.69940044334,5,0.027173069894541418,1
5530.8424670065,5,0.0087934141916024399,1
5526.98553356965,5,0.0063243638358411857,1
5523.1286001328,5,0.01219352642563528,1
5519.27166669596,5,0.0059365426130195149,1
5515.41473325911,5,-0.0070695625336930929,1
5511.55779982226,5,0.0024745939688512551,1
5507.70086638541,5,0.0019755836441829391,1
5503.84393294857,5,0.0099772589135154379,1
5499.98699951172,5,0.003133508336516295,1
5496.13006607487,5,0.0040485244328545399,1
5492.27313263802,5,-0.0077828045612644333,1
5488.41619920118,5,-0.010851199422377488,1
5484.55926576433,5,-0.0014180099375189282,1
5480.70233232748,5,0.019295977478199829,1
5476.84539889064,5,-0.002801542699600537,1
5472.98846545379,5,-0.0081678062190473667,1
5469.13153201694,5,-0.0028331875580876304,1
5465.27459858009,5,-0.021556640732559907,1
5461.41766514325,5,-0.026694721213613042,1
5457.5607317064,5,0.0031782747918638267,1
5453.70379826955,5,0.0093668580142888449,1
5449.8468648327,5,-0.0018581578810966356,1
5445.98993139586,5,-0.0067893135326046834,1
5442.13299795901,5,0.014855598731531642,1
5438.27606452216,5,0.015199913613208833,1
5434.41913108532,5,0.0030480226256459496,1
5430.56219764847,5,0.0035840039888482417,1
5426.70526421162,5,0.025628239910832136,1
5422.84833077477,5,0.037716118621535594,1
5418.99139733793,5,0.026509424439733073,1
5415.13446390108,5,-0.0082255635022727997,1
5411.27753046423,5,-0.02717915359333542,1
5407.42059702738,5,-0.016826673558739551,1
5403.56366359054,5,0.010793333286467094,1
5399.70673015369,5,-0.0010827597316942026,1
5395.84979671684,5,-0.010248509623550733,1
5391.99286328,5,0.0084524452178359952,1
5388.13592984315,5,0.056015619272163912,1
5384.2789964063,5,0.069564088401109225,1
5380.42206296945,5,0.071997247278388632,1
5376.56512953261,5,0.016994236962905186,1
5372.70819609576,5,0.011555973602843297,1
5368.85126265891,5,0.038889669731114067,1
5364.99432922206,5,0.039840330040769145,1
5361.13739578522,5,0.017567680048083734,1
5357.28046234837,5,0.024536990683494655,1
5353.42352891152,5,-0.006726395878460939,1
5349.56659547468,5,0.018650305490100796,1
5345.70966203783,5,0.013218233314347523,1
5341.85272860098,5,0.0061804949526731972,1
5337.99579516413,5,-0.022712488465412919,1
5334.13886172729,5,0.00090318167314723779,1
5330.28192829044,5,0.023132429504652875,1
5326.42499485359,5,0.024752382144746912,1
5322.56806141674,5,0.021934833279774382,1
5318.7111279799,5,0.012233249541101698,1
5314.85419454305,5,-0.01376334653380849,1
5310.9972611062,5,0.0060409593300174659,1
5307.14032766935,5,0.015752038144513821,1
5303.28339423251,5,0.023136942614124793,1
5299.42646079566,5,0.0016655128338682664,1
5295.56952735881,5,0.0034112526967027754,1
5291.71259392197,5,0.000159911947708857,1
5287.85566048512,5,0.0087829559907634264,1
5283.99872704827,5,0.022881446364670269,1
5280.14179361142,5,0.027468862126634738,1
5276.28486017458,5,0.010089492850451288,1
5272.42792673773,5,0.01355830063956851,1
5268.57099330088,5,0.021202974840142098,1
5264.71405986403,5,0.013196529842535356,1
5260.85712642719,5,0.0073732685141869002,1
5257.00019299034,5,0.027656533202552534,1
5253.14325955349,5,0.015700036711876728,1
5249.28632611665,5,0.0083408262891012507,1
5245.4293926798,5,-0.019712001452734208,1
5241.57245924295,5,-7.892557620816081e-05,1
5237.7155258061,5,0.032570803270065826,1
5233.85859236926,5,0.034238293908532683,1
5230.00165893241,5,0.016485541704369219,1
5226.14472549556,5,0.011132192113602956,1
5222.28779205871,5,0.019152833119574858,1
5218.43085862187,5,0.017247601521546578,1
5214.57392518502,5,0.0087322744679928198,1
5210.71699174817,5,0.0022908840660284526,1
5206.86005831133,5,-0.01305607416708345,1
5203.00312487448,5,0.0054281574556776417,1
5199.14619143763,5,0.01860744223514111,1
5195.28925800078,5,-0.0027952779017517172,1
5191.43232456394,5,-0.010528427640705313,1
5187.57539112709,5,-0.016188475361803175,1
5183.71845769024,5,-0.01210515356373728,1
5179.86152425339,5,-0.0026073932976456216,1
5176.00459081655,5,-0.0022982100834889048,1
5172.1476573797,5,-0.010544224309136124,1
5168.29072394285,5,-0.016982904350110441,1
5164.43379050601,5,-0.012534206105633452,1
5160.57685706916,5,-0.0052512256570609117,1
5156.71992363231,5,-0.0034337890998422686,1
5152.86299019546,5,-0.0070902198360960275,1
5149.00605675862,5,-0.0091868720205146078,1
5145.14912332177,5,-0.0031435871659848311,1
5141.29218988492,5,-0.00074992032029277825,1
5137.43525644807,5,0.0043121872636926288,1
5133.57832301123,5,0.00093714897277486029,1
5129.72138957438,5,0.0085874860372487025,1
5125.86445613753,5,0.010623087326340847,1
5122.00752270069,5,0.0043599740754296304,1
5118.15058926384,5,-0.0035403972802873309,1
5114.29365582699,5,0.0062672546563824864,1
5110.43672239014,5,0.014408347869894948,1
5106.5797889533,5,0.013659285610196598,1
5102.72285551645,5,0.0080091331195114562,1
5098.8659220796,5,-5.332833606599166e-05,1
5095.00898864275,5,6.068404174104119e-05,1
5091.15205520591,5,0.010992950187038657,1
5087.29512176906,5,0.0042920089992607427,1
5083.43818833221,5,-0.0008934302377813781,1
5079.58125489536,5,-0.0058178917727895142,1
5075.72432145852,5,0.0045280118255205002,1
5071.86738802167,5,0.00044859654896367096,1
5068.01045458482,5,0.0021133121099493868,1
5064.15352114798,5,0.00094120289265837152,1
5060.29658771113,5,0.010792647972689366,1
5056.43965427428,5,0.011422163674891158,1
5052.58272083743,5,0.013448385731372078,1
5048.72578740059,5,0.008940003123681619,1
5044.86885396374,5,0.019231028055657275,1
5041.01192052689,5,0.018519789627964682,1
5037.15498709004,5,0.021106051424005401,1
5033.2980536532,5,0.023418048858537911,1
5029.44112021635,5,0.02978702882096354,1
5025.5841867795,5,0.026610891673260747,1
5021.72725334266,5,0.031384621919235758,1
5017.87031990581,5,0.030800950006392123,1
5014.01338646896,5,0.032120246368262662,1
5010.15645303211,5,0.027847964641019112,1
5006.29951959527,5,0.027480576522848969,1
5002.44258615842,5,0.021223305231573855,1
4998.58565272157,5,0.01511579298331802,1
4994.72871928472,5,0.0043975231595216073,1
4990.87178584788,5,0.0065956946242286948,1
4987.01485241103,5,-0.00042233796714918556,1
4983.15791897418,5,-0.0096893052840858716,1
4979.30098553734,5,-0.02938549378338641,1
4975.44405210049,5,-0.031502875514619534,1
4971.58711866364,5,-0.037610810530873812,1
4967.73018522679,5,-0.041645070345462616,1
4963.87325178995,5,-0.041343005302911955,1
4960.0163183531,5,-0.034882264971508328,1
4956.15938491625,5,-0.042523081458362672,1
4952.3024514794,5,-0.047922437382496359,1
4948.44551804256,5,-0.05153703227932252,1
4944.58858460571,5,-0.046839327678378929,1
4940.73165116886,5,-0.042704141226991725,1
4936.87471773202,5,-0.041022354324776578,1
4933.01778429517,5,-0.052269130502575284,1
4929.16085085832,5,-0.04464192307711283,1
4925.30391742147,5,-0.036268593735345994,1
4921.44698398463,5,-0.033831316185225092,1
4917.59005054778,5,-0.035465791501562441,1
4913.73311711093,5,-0.026525336063990174,1
4909.87618367408,5,-0.027408398473472772,1
4906.01925023724,5,-0.023973442059279763,1
4902.16231680039,5,-0.023653712772762927,1
4898.30538336354,5,-0.015803075122148881,1
4894.4484499267,5,-0.0057500330112733658,1
4890.59151648985,5,0.007022095389749107,1
4886.734583053,5,-0.00072073654158865904,1
4882.87764961615,5,0.0056447460518061141,1
4879.02071617931,5,0.0090235446393391559,1
4875.16378274246,5,0.015484463043832133,1
4871.30684930561,5,0.020811431170949829,1
4867.44991586876,5,0.026919434515047105,1
4863.59298243192,5,0.029240021475310865,1
4859.73604899507,5,0.032937992511035317,1
4855.87911555822,5,0.029148312672983682,1
4852.02218212137,5,0.034427048735217416,1
4848.16524868453,5,0.030941578616736336,1
4844.30831524768,5,0.030720420081431905,1
4840.45138181083,5,0.03008011255348492,1
4836.59444837399,5,0.031387842864972655,1
4832.73751493714,5,0.032454590644397166,1
4828.88058150029,5,0.037647327260402604,1
4825.02364806344,5,0.03622998745310288,1
4821.1667146266,5,0.04472803499493383,1
4817.30978118975,5,0.044118114805086595,1
4813.4528477529,5,0.04493170899760876,1
4809.59591431605,5,0.046311749477985928,1
4805.73898087921,5,0.046659270987321651,1
4801.88204744236,5,0.043901965797329988,1
4798.02511400551,5,0.048476209098229757,1
4794.16818056867,5,0.04291667827102634,1
4790.31124713182,5,0.044408494775331216,1
4786.45431369497,5,0.035097051750238806,1
4782.59738025812,5,0.033305913379086872,1
4778.74044682128,5,0.033024593829219337,1
4774.88351338443,5,0.035828926239061067,1
4771.02657994758,5,0.021245042430908478,1
4767.16964651073,5,0.018943608274394542,1
4763.31271307389,5,0.019272137284422904,1
4759.45577963704,5,0.019725787777042807,1
4755.59884620019,5,0.0072930259394714458,1
4751.74191276335,5,-0.0034149813129831417,1
4747.8849793265,5,-0.0062118488663200902,1
4744.02804588965,5,0.0047854305685593118,1
4740.1711124528,5,0.0053267625484505051,1
4736.31417901596,5,0.01127357973610168,1
4732.45724557911,5,0.0030595089118032786,1
4728.60031214226,5,0.0027335694789342598,1
4724.74337870541,5,0.0068283739137337601,1
4720.88644526857,5,0.016090092782158446,1
4717.02951183172,5,0.015041008844039314,1
4713.17257839487,5,0.017529447723736914,1
4709.31564495803,5,0.0082280874576298336,1
4705.45871152118,5,0.010920486821780101,1
4701.60177808433,5,0.0038817587601869289,1
4697.74484464748,5,0.0039487539897095176,1
4693.88791121064,5,0.0027732625118951516,1
4690.03097777379,5,0.0064144519692002138,1
4686.17404433694,5,-4.1941478042815982e-05,1
4682.31711090009,5,-0.0036034364808634812,1
4678.46017746325,5,-0.0034014654523723555,1
4674.6032440264,5,-0.0002017227758717577,1
4670.74631058955,5,-0.0036439776808498171,1
4666.88937715271,5,-0.0055941714292643491,1
4663.03244371586,5,-0.0063986869342965219,1
4659.17551027901,5,0.00052507224298306565,1
4655.31857684216,5,0.0064398897010229982,1
4651.46164340532,5,0.019442975111182075,1
4647.60470996847,5,0.014725115224335101,1
4643.74777653162,5,0.012526403029407438,1
4639.89084309477,5,0.013316127533354809,1
4636.03390965793,5,0.01631156753548569,1
4632.17697622108,5,0.014598783503090858,1
4628.32004278423,5,0.020355879040004587,1
4624.46310934739,5,0.020407535127673876,1
4620.60617591054,5,0.018133609843628128,1
4616.74924247369,5,0.016039106579948309,1
4612.89230903684,5,0.016693269624394554,1
4609.0353756,5,0.013217562293405316,1
4605.17844216315,5,0.02182854713600103,1
4601.3215087263,5,0.014580844521273967,1
4597.46457528945,5,0.015419965970662943,1
4593.60764185261,5,0.014653919492230822,1
4589.75070841576,5,0.016981558613187897,1
4585.89377497891,5,0.0147441736351079,1
4582.03684154207,5,0.017988817358014123,1
4578.17990810522,5,0.0057497806683798535,1
4574.32297466837,5,0.0013985220473373113,1
4570.46604123152,5,-0.009618499594207356,1
4566.60910779468,5,-0.012923977036340963,1
4562.75217435783,5,-0.019217684838844853,1
4558.89524092098,5,-0.026223647697288067,1
4555.03830748413,5,-0.028884203794528902,1
4551.18137404729,5,-0.028347527094717783,1
4547.32444061044,5,-0.032125109624749862,1
4543.46750717359,5,-0.032169475629693807,1
4539.61057373675,5,-0.024821758068532866,1
4535.7536402999,5,-0.018692391382234125,1
4531.89670686305,5,-0.019323524884327925,1
4528.0397734262,5,-0.00082684529781858174,1
4524.18283998936,5,0.0010220264101149879,1
4520.32590655251,5,-0.024858857661183453,1
4516.46897311566,5,-0.050974676383967008,1
4512.61203967881,5,-0.054895067576942846,1
4508.75510624197,5,-0.054384863573369017,1
4504.89817280512,5,-0.0431074018429983,1
4501.04123936827,5,-0.047982295035273792,1
4497.18430593143,5,-0.044110127870906318,1
4493.32737249458,5,-0.0476323357798819,1
4489.47043905773,5,-0.047599304656824951,1
4485.61350562088,5,-0.039308742212765563,1
4481.75657218404,5,-0.021289834881429714,1
4477.89963874719,5,-0.014868239857826355,1
4474.04270531034,5,-0.016101495731963501,1
4470.18577187349,5,-0.013066855579162987,1
4466.32883843665,5,-0.011079269373232434,1
4462.4719049998,5,-0.018255698093233925,1
4458.61497156295,5,-0.0038165935609714109,1
4454.75803812611,5,0.015305802809595419,1
4450.90110468926,5,0.028380642402423311,1
4447.04417125241,5,0.039150318255850886,1
4443.18723781556,5,0.063839149736317699,1
4439.33030437872,5,0.07472617890240324,1
4435.47337094187,5,0.089194389158324477,1
4431.61643750502,5,0.090554487127927769,1
4427.75950406817,5,0.086904540654896584,1
4423.90257063133,5,0.073894865292042838,1
4420.04563719448,5,0.062436027731940263,1
4416.18870375763,5,0.045897187842425857,1
4412.33177032078,5,0.023808684722964185,1
4408.47483688394,5,0.00078687593126447962,1
4404.61790344709,5,-0.011896550914615351,1
4400.76097001024,5,-0.030641736996915681,1
4396.9040365734,5,-0.036254159300961694,1
4393.04710313655,5,-0.041087901921120634,1
4389.1901696997,5,-0.038139034734602693,1
4385.33323626285,5,-0.035419269901050252,1
4381.47630282601,5,-0.032253019735810226,1
4377.61936938916,5,-0.03288936964133142,1
4373.76243595231,5,-0.011162775220721401,1
4369.90550251546,5,0.0029837855484419534,1
4366.04856907862,5,0.021506317623064805,1
4362.19163564177,5,0.029191091378149032,1
4358.33470220492,5,0.03047039097694763,1
4354.47776876808,5,0.035976601532265534,1
4350.62083533123,5,0.034365895678608607,1
4346.76390189438,5,0.012586782219315562,1
4342.90696845753,5,-0.010583655047675843,1
4339.05003502069,5,-0.039306732433924844,1
4335.19310158384,5,-0.048934366337870856,1
4331.33616814699,5,-0.051089214387349244,1
4327.47923471014,5,-0.045899724378057984,1
4323.6223012733,5,-0.052983113655548413,1
4319.76536783645,5,-0.063519084321536107,1
4315.9084343996,5,-0.070143684899953263,1
4312.05150096276,5,-0.057211530591513404,1
4308.19456752591,5,-0.047915537743833003,1
4304.33763408906,5,-0.039951669710280406,1
4300.48070065221,5,-0.043378737811375669,1
4296.62376721537,5,-0.03874897152150969,1
4292.76683377852,5,-0.037392297706953764,1
4288.90990034167,5,-0.034596926969430154,1
4285.05296690482,5,-0.023704562868498015,1
4281.19603346798,5,-0.020576637258793742,1
4277.33910003113,5,-0.024090256977294063,1
4273.48216659428,5,-0.018682716098945812,1
4269.62523315744,5,-0.011993454991357282,1
4265.76829972059,5,0.0016539268870109807,1
4261.91136628374,5,0.011959308098475294,1
4258.05443284689,5,0.030306696448985249,1
4254.19749941005,5,0.035092806013276939,1
4250.3405659732,5,0.038283022743625703,1
4246.48363253635,5,0.050170843099624413,1
4242.6266990995,5,0.067409688471484902,1
4238.76976566266,5,0.062089126597369731,1
4234.91283222581,5,0.051096024484833982,1
4231.05589878896,5,0.042290795120362656,1
4227.19896535212,5,0.045159037754847885,1
4223.34203191527,5,0.032002816571798744,1
4219.48509847842,5,0.02613022445329782,1
4215.62816504157,5,0.021923116207563279,1
4211.77123160473,5,0.02321287097041641,1
4207.91429816788,5,0.012752393368228048,1
4204.05736473103,5,0.010612752791506908,1
4200.20043129418,5,0.0074197056090986868,1
4196.34349785734,5,0.014782672331020045,1
4192.48656442049,5,0.0049440187094088638,1
4188.62963098364,5,0.0018823258346471867,1
4184.7726975468,5,-0.003850895055668881,1
4180.91576410995,5,-0.0058751167254411764,1
4177.0588306731,5,-0.0027887298697516888,1
4173.20189723625,5,0.0057355685827808747,1
4169.34496379941,5,-0.0017436007415859306,1
4165.48803036256,5,-0.0058287694978982375,1
4161.63109692571,5,-0.0091930193989557159,1
4157.77416348886,5,0.0018308982529422746,1
4153.91723005202,5,0.0047695779628447637,1
4150.06029661517,5,-0.00091427676382451243,1
4146.20336317832,5,-0.006524496951162472,1
4142.34642974148,5,0.0011290960785851946,1
4138.48949630463,5,0.008342397748898887,1
4134.63256286778,5,0.010234842502381688,1
4130.77562943093,5,-0.0027129026012822758,1
4126.91869599409,5,-0.025380757470583905,1
4123.06176255724,5,-0.027757577011429772,1
4119.20482912039,5,-0.011925593978422598,1
4115.34789568354,5,-0.020978203127828166,1
4111.4909622467,5,-0.022733125418695842,1
4107.63402880985,5,-0.021717225890209253,1
4103.777095373,5,-0.023216164793688421,1
4099.92016193616,5,-0.023826519722358247,1
4096.06322849931,5,-0.023701679102769824,1
4092.20629506246,5,-0.020258705589675997,1
4088.34936162561,5,-0.0090208724917416605,1
4084.49242818877,5,-0.0090726121264560426,1
4080.63549475192,5,-0.019286824768114483,1
4076.77856131507,5,-0.027474890529727278,1
4072.92162787822,5,-0.014964163224304505,1
4069.06469444138,5,-0.011242268764677271,1
4065.20776100453,5,-0.0047617482740141825,1
4061.35082756768,5,-0.011910394533827855,1
4057.49389413083,5,-0.026788324426810155,1
4053.63696069399,5,-0.032967033563999062,1
4049.78002725714,5,-0.01033943940676272,1
4045.92309382029,5,-0.0064896970170135997,1
4042.06616038345,5,-0.015578983684556307,1
4038.2092269466,5,-0.022123093706566524,1
4034.35229350975,5,-0.016105542192867396,1
4030.4953600729,5,-0.013536435209867772,1
4026.63842663606,5,-0.0082909822786985093,1
4022.78149319921,5,-0.0069390903157697005,1
4018.92455976236,5,0.00010113307524203649,1
4015.06762632551,5,-0.00473086462560522,1
4011.21069288867,5,-0.008768532822544764,1
4007.35375945182,5,-0.0097240719590270773,1
4003.49682601497,5,-0.0028754672293444103,1
3999.63989257813,5,-0.01034791792182245,1
10001.0283203125,6,-0.061043048733838597,1
9997.17138687565,6,-0.044069691276064048,1
9993.31445343881,6,-0.038034357939497908,1
9989.45752000196,6,-0.034325804987786278,1
9985.60058656511,6,0.0034395118085380019,1
9981.74365312826,6,0.048525833980107493,1
9977.88671969142,6,0.053458686442285755,1
9974.02978625457,6,0.0055668522624166949,1
9970.17285281772,6,-0.015102413346237289,1
9966.31591938088,6,-0.042260811190600746,1
9962.45898594403,6,-0.030302181934101544,1
9958.60205250718,6,0.015547021484874985,1
9954.74511907033,6,0.018964620529060214,1
9950.88818563349,6,-0.050109277221372261,1
9947.03125219664,6,-0.064091656171413935,1
9943.17431875979,6,-0.091729826248853827,1
9939.31738532294,6,-0.09202608068032643,1
9935.4604518861,6,-0.040377441429172246,1
9931.60351844925,6,-0.062106680493090087,1
9927.7465850124,6,-0.070271811449604857,1
9923.88965157556,6,-0.024264785753936698,1
9920.03271813871,6,0.03392000902729661,1
9916.17578470186,6,0.025669960899508779,1
9912.31885126501,6,-0.0098577955657253614,1
9908.46191782817,6,-0.027706581700550334,1
9904.60498439132,6,0.0078650084619145827,1
9900.74805095447,6,0.019146601206027073,1
9896.89111751762,6,0.015489006470482179,1
9893.03418408078,6,-0.0029087231054570712,1
9889.17725064393,6,0.029539570314276228,1
9885.32031720708,6,0.046425342259893851,1
9881.46338377024,6,0.054374394639329755,1
9877.60645033339,6,0.029337728264747821,1
9873.74951689654,6,0.051435809023884012,1
9869.89258345969,6,0.098976042799328798,1
9866.03565002284,6,0.093522443708442857,1
9862.178716586,6,0.03209239883689944,1
9858.32178314915,6,0.021271573948478891,1
9854.4648497123,6,0.013000438451015421,1
9850.60791627546,6,-0.0013623536167835756,1
9846.75098283861,6,0.0029488681514130309,1
9842.89404940176,6,0.0067569769975902036,1
9839.03711596492,6,0.025706943276392096,1
9835.18018252807,6,0.051033988581906921,1
9831.32324909122,6,0.032385806755267192,1
9827.46631565437,6,-0.0034689345720913178,1
9823.60938221752,6,-0.0082143415139079683,1
9819.75244878068,6,0.013401483289332213,1
9815.89551534383,6,0.049762291353445468,1
9812.03858190698,6,0.036328936432377876,1
9808.18164847014,6,0.011311948370674958,1
9804.32471503329,6,0.031021749736757316,1
9800.46778159644,6,0.024847400973795338,1
9796.6108481596,6,0.019778172472854471,1
9792.75391472275,6,0.027963583192413821,1
9788.8969812859,6,-0.020217485233668737,1
9785.04004784905,6,-0.049133418032830611,1
9781.1831144122,6,-0.0023713735517183298,1
9777.32618097536,6,0.013539216738747799,1
9773.46924753851,6,0.031919632303458692,1
9769.61231410166,6,0.047084692527267699,1
9765.75538066482,6,0.032345503337770851,1
9761.89844722797,6,0.019288107040571125,1
9758.04151379112,6,0.015199654604310626,1
9754.18458035428,6,0.043858280538772228,1
9750.32764691743,6,0.042572597821014253,1
9746.47071348058,6,0.0071800654315946934,1
9742.61378004373,6,-0.013545750994023279,1
9738.75684660688,6,-0.021134683510661778,1
9734.89991317004,6,0.006394694538816568,1
9731.04297973319,6,0.0013556731225790671,1
9727.18604629634,6,0.016563054115509099,1
9723.3291128595,6,0.034292010874088674,1
9719.47217942265,6,-0.0073437418891810309,1
9715.6152459858,6,-0.057208216195825556,1
9711.75831254896,6,-0.034741268991112989,1
9707.90137911211,6,0.0038918441952012378,1
9704.04444567526,6,0.017614977812758319,1
9700.18751223841,6,0.038703803305343572,1
9696.33057880156,6,0.013741955709157368,1
9692.47364536472,6,-0.026038033372876232,1
9688.61671192787,6,-0.041582803120148101,1
9684.75977849102,6,-0.043830824531691473,1
9680.90284505418,6,-0.012516046428765392,1
9677.04591161733,6,-0.00079161343327832927,1
9673.18897818048,6,-0.025967556220911004,1
9669.33204474363,6,0.00094546122120711912,1
9665.47511130679,6,0.030655389185691766,1
9661.61817786994,6,0.043627340285117909,1
9657.76124443309,6,0.043038928062841451,1
9653.90431099624,6,0.025972900904310651,1
9650.0473775594,6,0.024286155265622673,1
9646.19044412255,6,0.0048771540519615113,1
9642.3335106857,6,0.0026164030612648307,1
9638.47657724886,6,-0.0038021646845679867,1
9634.61964381201,6,-0.014336296634340837,1
9630.76271037516,6,-0.010622857339017126,1
9626.90577693831,6,-0.0034120572442862835,1
9623.04884350147,6,0.0049164183709914291,1
9619.19191006462,6,0.015718909265023836,1
9615.33497662777,6,0.00075459969066263353,1
9611.47804319092,6,-0.017445627850560794,1
9607.62110975408,6,-0.030892769974522664,1
9603.76417631723,6,-0.02387039415370798,1
9599.90724288038,6,-0.022384796866580153,1
9596.05030944354,6,-0.019338539584888979,1
9592.19337600669,6,-0.021161110021742764,1
9588.33644256984,6,-0.036506159471500432,1
9584.47950913299,6,-0.048619567269553618,1
9580.62257569615,6,-0.0050619776942288849,1
9576.7656422593,6,-0.017839162758370407,1
9572.90870882245,6,-0.04924435014630852,1
9569.0517753856,6,-0.033918841269831662,1
9565.19484194876,6,-0.028834075970552268,1
9561.33790851191,6,-0.040421681415714304,1
9557.48097507506,6,-0.031653770769272019,1
9553.62404163822,6,-0.035730739532026601,1
9549.76710820137,6,-0.034017683625770082,1
9545.91017476452,6,-0.0081275466357745331,1
9542.05324132767,6,0.013676133253001148,1
9538.19630789083,6,-0.00839471596325949,1
9534.33937445398,6,0.011529646352924755,1
9530.48244101713,6,0.029291560148132018,1
9526.62550758028,6,-0.0047684606442360928,1
9522.76857414344,6,0.0021952770942839503,1
9518.91164070659,6,0.050322249470474922,1
9515.05470726974,6,0.073641033206276491,1
9511.1977738329,6,0.058041083081488948,1
9507.34084039605,6,0.018243697868039876,1
9503.4839069592,6,0.0034176256506166154,1
9499.62697352235,6,-0.014842378871892129,1
9495.77004008551,6,-0.046564793610537086,1
9491.91310664866,6,-0.068046272826447846,1
9488.05617321181,6,-0.047559389520512634,1
9484.19923977496,6,-0.011399786231804166,1
9480.34230633812,6,0.0041464158899333888,1
9476.48537290127,6,0.0055174049786849942,1
9472.62843946442,6,0.010523622914380309,1
9468.77150602758,6,0.0087242611471809329,1
9464.91457259073,6,-0.0038739748360967627,1
9461.05763915388,6,0.015200724783894549,1
9457.20070571703,6,0.036318018985655127,1
9453.34377228019,6,0.015306173389847097,1
9449.48683884334,6,-0.018717299287461183,1
9445.62990540649,6,-0.021059346887842632,1
9441.77297196964,6,-0.014692658799741378,1
9437.9160385328,6,-0.034722293011826513,1
9434.05910509595,6,-0.019100715757510548,1
9430.2021716591,6,-0.010126062090563149,1
9426.34523822226,6,-0.012856083451587935,1
9422.48830478541,6,-0.025102244005531273,1
9418.63137134856,6,-0.046306913946302014,1
9414.77443791171,6,-0.015063786911251546,1
9410.91750447487,6,0.032989047438223819,1
9407.06057103802,6,0.036237809797209301,1
9403.20363760117,6,0.00022102157470040956,1
9399.34670416432,6,-0.027345897292458534,1
9395.48977072748,6,0.0024522595718583251,1
9391.63283729063,6,0.030277610786208563,1
9387.77590385378,6,0.031152042874503679,1
9383.91897041694,6,0.016320315877212471,1
9380.06203698009,6,-0.022858011850028205,1
9376.20510354324,6,-0.043405926455873767,1
9372.34817010639,6,-0.01315555357940114,1
9368.49123666955,6,-0.0038908243360269239,1
9364.6343032327,6,-0.00094107486668594618,1
9360.77736979585,6,0.014641658373787317,1
9356.920436359,6,0.0014721293618562077,1
9353.06350292216,6,0.013612482066902569,1
9349.20656948531,6,0.047450231719416106,1
9345.34963604846,6,0.020019887651064504,1
9341.49270261162,6,0.0060809408409204764,1
9337.63576917477,6,-0.0044683913556996368,1
9333.77883573792,6,-0.02159410049479691,1
9329.92190230107,6,0.0083200233488487096,1
9326.06496886423,6,0.053459892893605518,1
9322.20803542738,6,0.033752672670151203,1
9318.35110199053,6,-0.038261925871286857,1
9314.49416855368,6,-0.047239008000769231,1
9310.63723511684,6,-0.0094865407506551196,1
9306.78030167999,6,-0.011707154545140448,1
9302.92336824314,6,0.0096155018026204027,1
9299.0664348063,6,0.021928861738263108,1
9295.20950136945,6,0.033574794735468212,1
9291.3525679326,6,0.070808649665830448,1
9287.49563449575,6,0.051685000464209867,1
9283.63870105891,6,0.0066959198361772349,1
9279.78176762206,6,-0.026604508474417702,1
9275.92483418521,6,-0.027982777168167362,1
9272.06790074836,6,-0.040807868867616962,1
9268.21096731152,6,-0.046712678602523788,1
9264.35403387467,6,-0.020052271828179806,1
9260.49710043782,6,-0.010826331415365761,1
9256.64016700098,6,-0.0043621581567980152,1
9252.78323356413,6,0.023023321773427415,1
9248.92630012728,6,0.037971015137724155,1
9245.06936669043,6,0.013191523130981491,1
9241.21243325358,6,-0.023022455047358368,1
9237.35549981674,6,-0.020867614910282144,1
9233.49856637989,6,-0.025655441303436059,1
9229.64163294304,6,0.00054741272280462968,1
9225.7846995062,6,0.021904970202801501,1
9221.92776606935,6,-0.0050439608183363771,1
9218.0708326325,6,-0.026117575958250049,1
9214.21389919565,6,-0.017352142674125565,1
9210.35696575881,6,-0.0012212402209269494,1
9206.50003232196,6,-0.018279971093791647,1
9202.64309888511,6,-0.039747390283141885,1
9198.78616544826,6,-0.025629127330685609,1
9194.92923201142,6,-0.015971029551814293,1
9191.07229857457,6,0.012745339282796095,1
9187.21536513772,6,0.01303674988424911,1
9183.35843170088,6,0.0050892345958864068,1
9179.50149826403,6,0.0084086663015249825,1
9175.64456482718,6,-0.0012647568912985253,1
9171.78763139033,6,-0.0030349728305831252,1
9167.93069795349,6,-0.0016250490401879289,1
9164.07376451664,6,-0.031390850534321425,1
9160.21683107979,6,-0.050797519833991174,1
9156.35989764294,6,-0.023952935826123581,1
9152.5029642061,6,-0.025962625626175965,1
9148.64603076925,6,-0.059897791189971725,1
9144.7890973324,6,-0.065063313708161347,1
9140.93216389556,6,-0.03287619324699504,1
9137.07523045871,6,-0.018587721139567723,1
9133.21829702186,6,0.0015493344071679056,1
9129.36136358501,6,0.028859463886118448,1
9125.50443014817,6,0.026690582031782185,1
9121.64749671132,6,0.018173089480601926,1
9117.79056327447,6,-0.0022776704398524326,1
9113.93362983762,6,-0.012531118004213746,1
9110.07669640078,6,-0.038766405377680599,1
9106.21976296393,6,-0.037093288656162619,1
9102.36282952708,6,-0.032533141910893862,1
9098.50589609024,6,-0.0057355369749067416,1
9094.64896265339,6,-0.0067959631161915463,1
9090.79202921654,6,-0.0059821732019114792,1
9086.93509577969,6,0.043288798879992998,1
9083.07816234285,6,0.050869667220672855,1
9079.221228906,6,-0.00021546073614969649,1
9075.36429546915,6,-0.035135658925856718,1
9071.5073620323,6,-0.0029432692256550807,1
9067.65042859546,6,0.043050635412772466,1
9063.79349515861,6,0.047868265532161877,1
9059.93656172176,6,0.0090647711461410881,1
9056.07962828492,6,0.0065518603421822934,1
9052.22269484807,6,0.033677199217644491,1
9048.36576141122,6,0.018342041336101442,1
9044.50882797437,6,-0.01973808173554421,1
9040.65189453753,6,-0.031736973278063171,1
9036.79496110068,6,-0.013320992360147549,1
9032.93802766383,6,-0.013127810105813938,1
9029.08109422698,6,-0.0018454734469401102,1
9025.22416079014,6,-0.011923385005116697,1
9021.36722735329,6,-0.0087820396970077728,1
9017.51029391644,6,0.041945801339432875,1
9013.6533604796,6,0.041945285912031297,1
9009.79642704275,6,0.028667511535340039,1
9005.9394936059,6,0.037630682789425066,1
9002.08256016905,6,0.035522654276761073,1
8998.22562673221,6,0.01335081632967146,1
8994.36869329536,6,0.0070155685627469816,1
8990.51175985851,6,-0.011754341121527545,1
8986.65482642166,6,-0.022459285215373517,1
8982.79789298482,6,-0.018253150606485285,1
8978.94095954797,6,-0.0077903292489459536,1
8975.08402611112,6,0.014237682019039827,1
8971.22709267428,6,0.042392037640865181,1
8967.37015923743,6,0.016795840402152588,1
8963.51322580058,6,-0.0010106473515952247,1
8959.65629236373,6,0.021562443054105304,1
8955.79935892689,6,0.044839274864558798,1
8951.94242549004,6,0.043173967405393011,1
8948.08549205319,6,0.0514589294492456,1
8944.22855861634,6,0.038639038619586133,1
8940.3716251795,6,0.017387322778941144,1
8936.51469174265,6,0.014827594301904537,1
8932.6577583058,6,0.028130243653193509,1
8928.80082486896,6,0.032004540901269023,1
8924.94389143211,6,0.026335027295110915,1
8921.08695799526,6,0.017538021147188936,1
8917.23002455841,6,0.016055651294722393,1
8913.37309112157,6,0.062403961123739672,1
8909.51615768472,6,0.056856900420718115,1
8905.65922424787,6,0.025766390360513168,1
8901.80229081102,6,0.02735355668686151,1
8897.94535737418,6,0.027351637073795079,1
8894.08842393733,6,0.016235842978921125,1
8890.23149050048,6,0.0094856008959771192,1
8886.37455706364,6,0.028270871612137323,1
8882.51762362679,6,0.033312182473455049,1
8878.66069018994,6,0.01415888939134631,1
8874.80375675309,6,0.0094575819602586726,1
8870.94682331625,6,0.019243523390224278,1
8867.0898898794,6,0.017144078441795382,1
8863.23295644255,6,0.017460478797933863,1
8859.3760230057,6,0.0014973471832807471,1
8855.51908956886,6,0.01322124972555427,1
8851.66215613201,6,0.0071606894712423633,1
8847.80522269516,6,0.0073048209111690543,1
8843.94828925832,6,-0.0101799257020973,1
8840.09135582147,6,-0.027846522920700875,1
8836.23442238462,6,-0.016341387406526488,1
8832.37748894777,6,-0.0076682906077222357,1
8828.52055551093,6,-0.004442940202984658,1
8824.66362207408,6,-0.0048327259718452253,1
8820.80668863723,6,-0.02248218500011142,1
8816.94975520038,6,-0.012645417688476164,1
8813.09282176354,6,0.0063122363059990669,1
8809.23588832669,6,-0.0028374850630756318,1
8805.37895488984,6,-0.013006112396658305,1
8801.522021453,6,-0.031536047410500825,1
8797.66508801615,6,-0.026415782352677959,1
8793.8081545793,6,-0.015607800170659219,1
8789.95122114245,6,-0.01569483596930446,1
8786.09428770561,6,-0.026983200173442589,1
8782.23735426876,6,-0.027990309576851842,1
8778.38042083191,6,-0.0048213934048932866,1
8774.52348739506,6,0.01001686335038527,1
8770.66655395822,6,-0.0040989109412670373,1
8766.80962052137,6,-0.017624126917978822,1
8762.95268708452,6,-0.025366184974710337,1
8759.09575364767,6,-0.042294420863724889,1
8755.23882021083,6,-0.037616010408486299,1
8751.38188677398,6,-0.0041107910398879973,1
8747.52495333713,6,-0.0035687617165365542,1
8743.66801990029,6,-0.0094908498264855336,1
8739.81108646344,6,0.0096127168704495045,1
8735.95415302659,6,-0.0020157109320957391,1
8732.09721958974,6,-0.021849564762111987,1
8728.2402861529,6,-0.017274575762844638,1
8724.38335271605,6,-0.0011880966475002631,1
8720.5264192792,6,0.014538922784338977,1
8716.66948584235,6,0.012119583240262508,1
8712.81255240551,6,-0.020727054574003732,1
8708.95561896866,6,-0.019433651288240969,1
8705.09868553181,6,-0.035191902994563172,1
8701.24175209497,6,-0.067394342007328842,1
8697.38481865812,6,-0.046895410502028848,1
8693.52788522127,6,0.014877452804354216,1
8689.67095178442,6,0.029496487294392942,1
8685.81401834758,6,0.0061120642538538307,1
8681.95708491073,6,0.0030362978901485507,1
8678.10015147388,6,0.021546569914317776,1
8674.24321803703,6,-0.0054104888447651725,1
8670.38628460019,6,-0.03091318193737775,1
8666.52935116334,6,-0.017038436712066105,1
8662.67241772649,6,0.021620043693032432,1
8658.81548428965,6,0.039443871669609241,1
8654.9585508528,6,0.02566113306230515,1
8651.10161741595,6,-0.0063604199141827971,1
8647.2446839791,6,-0.015587136209159571,1
8643.38775054226,6,0.0047654176671827744,1
8639.53081710541,6,0.026869458865248521,1
8635.67388366856,6,0.046101484670414819,1
8631.81695023171,6,0.020306364766140571,1
8627.96001679487,6,0.0047115814930176955,1
8624.10308335802,6,-0.0037156535921821915,1
8620.24614992117,6,0.0043353561715528052,1
8616.38921648433,6,0.010239997244363364,1
8612.53228304748,6,-0.024686064452518145,1
8608.67534961063,6,-0.03881868322776006,1
8604.81841617378,6,-0.027080140014573914,1
8600.96148273694,6,-0.0079792526161954237,1
8597.10454930009,6,-0.014426223278189491,1
8593.24761586324,6,-0.050603061206968031,1
8589.39068242639,6,-0.07516412874728616,1
8585.53374898955,6,-0.014275255315285226,1
8581.6768155527,6,0.021794372644348064,1
8577.81988211585,6,-0.0070820814923017112,1
8573.96294867901,6,-0.025981160123765695,1
8570.10601524216,6,0.00040865546038621907,1
8566.24908180531,6,0.007489641189155071,1
8562.39214836846,6,-0.02537566597422123,1
8558.53521493162,6,-0.024032780835919792,1
8554.67828149477,6,-0.006696452044438219,1
8550.82134805792,6,-0.017617644089132231,1
8546.96441462107,6,-0.0030489410943691764,1
8543.10748118423,6,-0.0065531124642430032,1
8539.25054774738,6,-0.011410812633652592,1
8535.39361431053,6,-0.022013246898961281,1
8531.53668087368,6,-0.023496193354354156,1
8527.67974743684,6,-0.017506528949532373,1
8523.82281399999,6,-0.013400524922751086,1
8519.96588056314,6,-0.013634776802713052,1
8516.1089471263,6,-0.016270091760478608,1
8512.25201368945,6,-0.012586523258034926,1
8508.3950802526,6,0.011441445794557902,1
8504.53814681575,6,-0.0023926540434910651,1
8500.68121337891,6,-0.011971366960159125,1
8496.82427994206,6,-0.01745587142806267,1
8492.96734650521,6,-0.026452097564865017,1
8489.11041306836,6,-0.018300202706783703,1
8485.25347963152,6,-0.016868511915191332,1
8481.39654619467,6,-0.010412403658370059,1
8477.53961275782,6,-0.0064530050877827042,1
8473.68267932098,6,-0.0023246219835131141,1
8469.82574588413,6,0.00365223558086036,1
8465.96881244728,6,0.005245021702931397,1
8462.11187901043,6,0.039355602517050309,1
8458.25494557359,6,0.028919947902686333,1
8454.39801213674,6,-0.0012077808700583299,1
8450.54107869989,6,-0.0037971194889680252,1
8446.68414526304,6,0.013256758917611236,1
8442.8272118262,6,0.024724587085486381,1
8438.97027838935,6,-0.0030325495501267543,1
8435.1133449525,6,-0.027263776381612714,1
8431.25641151566,6,0.011485430857861642,1
8427.39947807881,6,-0.0014162416328378571,1
8423.54254464196,6,-0.0069089908381477477,1
8419.68561120511,6,0.033374088558557946,1
8415.82867776827,6,0.079461236186403689,1
8411.97174433142,6,0.039110606118277567,1
8408.11481089457,6,0.012170054478587034,1
8404.25787745772,6,-0.017124430741352004,1
8400.40094402088,6,-0.0064045538282867754,1
8396.54401058403,6,0.024504665996701976,1
8392.68707714718,6,0.034694442523542243,1
8388.83014371034,6,0.016549318644718976,1
8384.97321027349,6,0.014176254417525538,1
8381.11627683664,6,0.003337713643463231,1
8377.25934339979,6,0.0094521497852815013,1
8373.40240996295,6,0.02539495613429317,1
8369.5454765261,6,0.01695177524503954,1
8365.68854308925,6,-0.0044553947655566525,1
8361.8316096524,6,-0.0067619370827559176,1
8357.97467621556,6,0.019486573041025908,1
8354.11774277871,6,0.038559601413596753,1
8350.26080934186,6,0.020776843212860347,1
8346.40387590502,6,0.026317219649833017,1
8342.54694246817,6,0.017832149609274667,1
8338.69000903132,6,0.035551586280601587,1
8334.83307559447,6,0.058233797457071003,1
8330.97614215763,6,0.026149705964268317,1
8327.11920872078,6,0.023642282166441708,1
8323.26227528393,6,0.064787941052428813,1
8319.40534184708,6,0.063935795526951722,1
8315.54840841024,6,0.038778899431431785,1
8311.69147497339,6,0.020854670801680037,1
8307.83454153654,6,0.0057410433182882911,1
8303.97760809969,6,-0.021320256811078721,1
8300.12067466285,6,-0.035901129856752569,1
8296.263741226,6,-0.00033239177290242199,1
8292.40680778915,6,0.028045228202276784,1
8288.54987435231,6,0.038756798431347599,1
8284.69294091546,6,0.02271684892909458,1
8280.83600747861,6,0.0067615355205530494,1
8276.97907404176,6,-0.0061269234400975793,1
8273.12214060492,6,-0.014185032778096218,1
8269.26520716807,6,0.0080633238783914176,1
8265.40827373122,6,0.016217930147938781,1
8261.55134029437,6,-0.00068546156113606313,1
8257.69440685753,6,0.0051359988711551698,1
8253.83747342068,6,0.0073281587662439446,1
8249.98053998383,6,0.019393920435821499,1
8246.12360654699,6,0.01142615783775648,1
8242.26667311014,6,-0.004231437846611859,1
8238.40973967329,6,-0.001367234984811661,1
8234.55280623644,6,0.016410593154912188,1
8230.6958727996,6,0.033544895152514763,1
8226.83893936275,6,-0.016418037880721777,1
8222.9820059259,6,-0.046970858977369183,1
8219.12507248905,6,-0.029448182472596621,1
8215.26813905221,6,0.0015847561142517598,1
8211.41120561536,6,0.01467553973687059,1
8207.55427217851,6,0.019753204016811785,1
8203.69733874167,6,-0.0013419746463833643,1
8199.84040530482,6,-0.019077027240917806,1
8195.98347186797,6,-0.019902048097010499,1
8192.12653843112,6,-0.0056164043082244184,1
8188.26960499428,6,-0.012023503556973727,1
8184.41267155743,6,-0.011794571876892548,1
8180.55573812058,6,-0.0025627970447171786,1
8176.69880468373,6,0.014556246097290233,1
8172.84187124689,6,0.0045970460770986708,1
8168.98493781004,6,-0.005412665967515661,1
8165.12800437319,6,0.0090918545805171308,1
8161.27107093635,6,0.0013003858656402531,1
8157.4141374995,6,-0.0028476834535814412,1
8153.55720406265,6,0.00090149023975058084,1
8149.7002706258,6,0.0077945377849201383,1
8145.84333718896,6,-0.00016253713958053136,1
8141.98640375211,6,-0.032177239835657949,1
8138.12947031526,6,-0.02541165764943067,1
8134.27253687841,6,-0.0059075055104157604,1
8130.41560344157,6,0.017140329081682129,1
8126.55867000472,6,0.019254555718537264,1
8122.70173656787,6,-0.0018435613390806183,1
8118.84480313103,6,-0.022259734173615351,1
8114.98786969418,6,-0.0090700188218673546,1
8111.13093625733,6,0.0075197327969003759,1
8107.27400282048,6,0.0013788507286648698,1
8103.41706938364,6,-0.010384778704146518,1
8099.56013594679,6,0.0017545015125911736,1
8095.70320250994,6,0.0034191435117969815,1
8091.84626907309,6,0.0027782953387199762,1
8087.98933563625,6,-0.0060869634801636752,1
8084.1324021994,6,0.0048207052653840938,1
8080.27546876255,6,3.6066944600655619e-05,1
8076.41853532571,6,-0.015529893328278652,1
8072.56160188886,6,-0.019250746924545554,1
8068.70466845201,6,-0.0069562205711153494,1
8064.84773501516,6,-0.014263107339424007,1
8060.99080157832,6,-0.033531000887403586,1
8057.13386814147,6,-0.034316865023313513,1
8053.27693470462,6,-0.041166490072526714,1
8049.42000126777,6,-0.042468842766397681,1
8045.56306783093,6,-0.024909275357995787,1
8041.70613439408,6,-0.029593842877181503,1
8037.84920095723,6,-0.051368204728362364,1
8033.99226752039,6,-0.033046492426570977,1
8030.13533408354,6,-0.00071666543942011857,1
8026.27840064669,6,-0.011849714112581197,1
8022.42146720984,6,-0.02136594764080893,1
8018.564533773,6,-0.025179455579225001,1
8014.70760033615,6,-0.019761695688083274,1
8010.8506668993,6,-0.0061903758767009164,1
8006.99373346245,6,-0.0039524487659424136,1
8003.13680002561,6,-0.023772903452023268,1
7999.27986658876,6,-0.0063139501875823052,1
7995.42293315191,6,-0.016368852912010991,1
7991.56599971507,6,-0.024863522597623321,1
7987.70906627822,6,-0.014114558228521047,1
7983.85213284137,6,-0.00028382733590636512,1
7979.99519940452,6,-0.012623608383020289,1
7976.13826596768,6,-0.0050037560070948445,1
7972.28133253083,6,-0.022949228607218888,1
7968.42439909398,6,-0.022844188424461617,1
7964.56746565713,6,0.0027096897191496404,1
7960.71053222029,6,-0.017674246237677157,1
7956.85359878344,6,-0.042084503097535253,1
7952.99666534659,6,-0.036850563842596669,1
7949.13973190975,6,-0.02165938696645613,1
7945.2827984729,6,-0.015132495385279398,1
7941.42586503605,6,-0.015251683990534172,1
7937.5689315992,6,-0.0053985094435515689,1
7933.71199816236,6,0.015880768887060234,1
7929.85506472551,6,0.00058641673006223157,1
7925.99813128866,6,-0.018059799020030892,1
7922.14119785181,6,-0.0090354323089414431,1
7918.28426441497,6,-0.018269200436758084,1
7914.42733097812,6,-0.024345477079289919,1
7910.57039754127,6,-0.024061409170612034,1
7906.71346410443,6,-0.033408473120178334,1
7902.85653066758,6,-0.017164200260216873,1
7898.99959723073,6,-0.0046907883742435316,1
7895.14266379388,6,-0.0015108105152507999,1
7891.28573035704,6,0.011450631535996901,1
7887.42879692019,6,-0.0013109492915877406,1
7883.57186348334,6,-0.014492481125295135,1
7879.71493004649,6,-0.023746210273401673,1
7875.85799660965,6,-0.021353902964205584,1
7872.0010631728,6,-0.013553321020048534,1
7868.14412973595,6,-0.0020409239490416296,1
7864.28719629911,6,-0.0039366990001139914,1
7860.43026286226,6,-0.01342441131442457,1
7856.57332942541,6,-0.0070754945643011101,1
7852.71639598856,6,0.0077750220619300049,1
7848.85946255172,6,0.0088499876278126735,1
7845.00252911487,6,0.015861745085767934,1
7841.14559567802,6,0.0053508276875232569,1
7837.28866224117,6,-0.013171649405765146,1
7833.43172880433,6,-0.01222643377893424,1
7829.57479536748,6,-0.018861962747248568,1
7825.71786193063,6,-0.012425766259099604,1
7821.86092849379,6,-0.012807416292030157,1
7818.00399505694,6,-0.020810987765684894,1
7814.14706162009,6,-0.0010531312485427824,1
7810.29012818324,6,0.0041127426848977088,1
7806.4331947464,6,-0.00866370694713927,1
7802.57626130955,6,-0.01277137320029601,1
7798.7193278727,6,-0.0075982022653672274,1
7794.86239443585,6,0.0098450989730144937,1
7791.00546099901,6,0.020830739480730377,1
7787.14852756216,6,-0.00068341465254490366,1
7783.29159412531,6,-0.011574625005935958,1
7779.43466068847,6,-0.018830300892134236,1
7775.57772725162,6,-0.030287970878140991,1
7771.72079381477,6,-0.011958244206336843,1
7767.86386037792,6,0.0053801242899406644,1
7764.00692694107,6,0.00024781206867516324,1
7760.14999350423,6,-0.01079305115927549,1
7756.29306006738,6,-0.010469435089011407,1
7752.43612663053,6,0.0013639796085914957,1
7748.57919319369,6,0.0031430949864525901,1
7744.72225975684,6,0.014757595138989835,1
7740.86532631999,6,-0.00053737718393611549,1
7737.00839288315,6,0.002401139630721682,1
7733.1514594463,6,0.00098056200480331392,1
7729.29452600945,6,-0.0012268358270361641,1
7725.4375925726,6,0.012506587102504839,1
7721.58065913575,6,0.0062044858738362083,1
7717.72372569891,6,0.0001095888361442333,1
7713.86679226206,6,0.013701724977424059,1
7710.00985882521,6,0.022761942588822373,1
7706.15292538837,6,0.017791421632200446,1
7702.29599195152,6,-0.00212737875443185,1
7698.43905851467,6,-0.001717131991699489,1
7694.58212507782,6,0.0069769050437329255,1
7690.72519164098,6,0.022635632470189817,1
7686.86825820413,6,0.01422245246672423,1
7683.01132476728,6,0.0036875017114417498,1
7679.15439133043,6,-0.0020200730525496281,1
7675.29745789359,6,0.023186940667851475,1
7671.44052445674,6,0.035880404456839377,1
7667.58359101989,6,0.026060104050551352,1
7663.72665758305,6,0.02227997556925141,1
7659.8697241462,6,0.013009906410644815,1
7656.01279070935,6,0.027086308436621329,1
7652.1558572725,6,0.053106458414964162,1
7648.29892383566,6,0.049155863272757075,1
7644.44199039881,6,0.029760938150505137,1
7640.58505696196,6,0.009306628382242943,1
7636.72812352511,6,-0.0030421852759269915,1
7632.87119008827,6,0.0086333976731797803,1
7629.01425665142,6,0.017067671802330403,1
7625.15732321457,6,0.014514511459768517,1
7621.30038977773,6,0.014123334545094344,1
7617.44345634088,6,0.01858767739716018,1
7613.58652290403,6,0.030943393881977886,1
7609.72958946718,6,0.031248362455846709,1
7605.87265603034,6,0.036812380012914231,1
7602.01572259349,6,0.019854863191338293,1
7598.15878915664,6,0.0037244422580453274,1
7594.30185571979,6,-0.0098941653724685941,1
7590.44492228295,6,0.0005018084665443746,1
7586.5879888461,6,0.027862239807658781,1
7582.73105540925,6,0.023270127929161038,1
7578.87412197241,6,0.010953803199521227,1
7575.01718853556,6,0.0054628171055611935,1
7571.16025509871,6,-0.017586979756701877,1
7567.30332166186,6,-0.003548442327240592,1
7563.44638822502,6,0.022560681675529225,1
7559.58945478817,6,0.029094664304420221,1
7555.73252135132,6,0.022868378912559936,1
7551.87558791447,6,0.01003327711131259,1
7548.01865447763,6,-0.0027950517352068566,1
7544.16172104078,6,-0.0026056027732965724,1
7540.30478760393,6,0.0080472110031443601,1
7536.44785416709,6,0.027978915438273893,1
7532.59092073024,6,0.028089067637641251,1
7528.73398729339,6,0.013305691085555656,1
7524.87705385654,6,0.016092671546094731,1
7521.0201204197,6,0.021333051876221573,1
7517.16318698285,6,0.02051697477321307,1
7513.306253546,6,0.018846042280205259,1
7509.44932010915,6,0.006032521483837143,1
7505.59238667231,6,-0.0016029002589032159,1
7501.73545323546,6,-0.0026606366134719352,1
7497.87851979861,6,0.0072911770075848184,1
7494.02158636177,6,0.021635517094390041,1
7490.16465292492,6,0.02569339742720193,1
7486.30771948807,6,0.01627928685753835,1
7482.45078605122,6,0.019655680475453859,1
7478.59385261438,6,0.033058211559978845,1
7474.73691917753,6,0.019850155470631351,1
7470.87998574068,6,8.2631537330705662e-05,1
7467.02305230383,6,-0.012037801480337231,1
7463.16611886699,6,-0.028263055592956714,1
7459.30918543014,6,-0.0020838594723503819,1
7455.45225199329,6,0.017489078862681581,1
7451.59531855645,6,0.00067071764220156551,1
7447.7383851196,6,-0.015377824641352235,1
7443.88145168275,6,-0.012134558565517753,1
7440.0245182459,6,-0.0097308355913644316,1
7436.16758480906,6,-0.0089215112442519243,1
7432.31065137221,6,-0.014060935507503421,1
7428.45371793536,6,-0.024918003006187822,1
7424.59678449851,6,-0.0071837732178035808,1
7420.73985106167,6,0.011975413074111523,1
7416.88291762482,6,0.015762680089346399,1
7413.02598418797,6,-0.0069947815865138161,1
7409.16905075113,6,0.0031941338219032859,1
7405.31211731428,6,0.027185511643818799,1
7401.45518387743,6,0.011171127867938073,1
7397.59825044058,6,0.032081529425293798,1
7393.74131700374,6,0.022122709410245703,1
7389.88438356689,6,-0.0094559433560695363,1
7386.02745013004,6,0.0051221851763182625,1
7382.17051669319,6,0.031374156655282981,1
7378.31358325635,6,0.015806414840585047,1
7374.4566498195,6,-0.0044827313040458434,1
7370.59971638265,6,0.0069496477641501136,1
7366.74278294581,6,0.0025294291095538405,1
7362.88584950896,6,0.0040588055305872586,1
7359.02891607211,6,0.028014443000002845,1
7355.17198263526,6,0.018142747885214815,1
7351.31504919842,6,-0.031514924219857812,1
7347.45811576157,6,-0.036114252322634245,1
7343.60118232472,6,-0.039596761023456148,1
7339.74424888787,6,-0.049155079440829398,1
7335.88731545103,6,-0.039471021796406602,1
7332.03038201418,6,-0.052386773929557429,1
7328.17344857733,6,-0.057294500373462308,1
7324.31651514049,6,-0.05549173976260758,1
7320.45958170364,6,-0.046952122049390789,1
7316.60264826679,6,-0.044020716698094153,1
7312.74571482994,6,-0.030767003089145102,1
7308.8887813931,6,-0.070172872535800901,1
7305.03184795625,6,-0.076340231302191072,1
7301.1749145194,6,-0.06283203545903282,1
7297.31798108255,6,-0.08307555876881785,1
7293.46104764571,6,-0.053533170393948212,1
7289.60411420886,6,-0.016454601867565977,1
7285.74718077201,6,-0.011204517455982143,1
7281.89024733516,6,-0.0026311268563433978,1
7278.03331389832,6,-0.026554084600674033,1
7274.17638046147,6,-0.012344941441881483,1
7270.31944702462,6,0.0079505482962395173,1
7266.46251358778,6,-0.0052170415876777601,1
7262.60558015093,6,-0.0078980367954483866,1
7258.74864671408,6,0.026831027350120995,1
7254.89171327723,6,0.015004099436223365,1
7251.03477984039,6,0.0095983250682188988,1
7247.17784640354,6,0.0354555241076887,1
7243.32091296669,6,0.028038360318584973,1
7239.46397952984,6,0.002607354404441153,1
7235.607046093,6,0.033489098298984527,1
7231.75011265615,6,0.030226547861084724,1
7227.8931792193,6,-0.012727828690313563,1
7224.03624578246,6,-0.044582207562232953,1
7220.17931234561,6,0.025087146550275198,1
7216.32237890876,6,0.063500158426442355,1
7212.46544547191,6,0.033984445563975521,1
7208.60851203507,6,0.021058381391123773,1
7204.75157859822,6,0.018838702146196099,1
7200.89464516137,6,-0.00031333429199976678,1
7197.03771172452,6,0.014192198544137528,1
7193.18077828768,6,0.0044490194273493454,1
7189.32384485083,6,0.026702332674115623,1
7185.46691141398,6,0.031878283313153177,1
7181.60997797714,6,0.0079125038382264201,1
7177.75304454029,6,-0.0017678544469424042,1
7173.89611110344,6,-0.0044648084212737891,1
7170.03917766659,6,-0.01168967620714906,1
7166.18224422975,6,0.024105414603810455,1
7162.3253107929,6,0.039365452105915473,1
7158.46837735605,6,0.03136892966884431,1
7154.6114439192,6,-0.0073370745523253936,1
7150.75451048236,6,-0.024598171656051316,1
7146.89757704551,6,0.015540313158397451,1
7143.04064360866,6,0.036159760381247581,1
7139.18371017182,6,0.013819079936784842,1
7135.32677673497,6,0.0088537670338163024,1
7131.46984329812,6,-0.0047566511838175504,1
7127.61290986127,6,-0.024787154305967275,1
7123.75597642443,6,0.019612023134618999,1
7119.89904298758,6,0.046891795228442043,1
7116.04210955073,6,-0.033088991743272005,1
7112.18517611388,6,-0.030066882206628984,1
7108.32824267704,6,0.0019378803599199431,1
7104.47130924019,6,-0.012490612624724676,1
7100.61437580334,6,-0.018023539106421689,1
7096.7574423665,6,-0.016273264055562717,1
7092.90050892965,6,-0.029977277480219638,1
7089.0435754928,6,-0.039481679103442503,1
7085.18664205595,6,-0.025887514207410259,1
7081.32970861911,6,0.0047118061516881462,1
7077.47277518226,6,0.0091832838839022869,1
7073.61584174541,6,0.038758442708375307,1
7069.75890830856,6,0.04592966597150433,1
7065.90197487172,6,0.017147472520741475,1
7062.04504143487,6,0.010258828037893188,1
7058.18810799802,6,0.012366658217378212,1
7054.33117456117,6,0.013460373684344801,1
7050.47424112433,6,0.023635249292389977,1
7046.61730768748,6,0.031688068744987176,1
7042.76037425063,6,-0.00055717352790874341,1
7038.90344081379,6,-0.030678306405294134,1
7035.04650737694,6,-0.017300076935487352,1
7031.18957394009,6,-0.0056656829282395607,1
7027.33264050324,6,0.013339591457245007,1
7023.4757070664,6,0.03732683408713898,1
7019.61877362955,6,0.021185376325796614,1
7015.7618401927,6,0.0032118225203702513,1
7011.90490675585,6,0.013898124501513898,1
7008.04797331901,6,0.016514919292816031,1
7004.19103988216,6,0.023313213183695433,1
7000.33410644531,6,0.024098273061615126,1
6996.47717300847,6,0.025190646661434769,1
6992.62023957162,6,0.016637753070067943,1
6988.76330613477,6,0.034719981245973752,1
6984.90637269792,6,0.029488427866092012,1
6981.04943926108,6,0.020145987036109026,1
6977.19250582423,6,0.016417395656669741,1
6973.33557238738,6,0.022665601051439783,1
6969.47863895053,6,0.0082858788622662341,1
6965.62170551369,6,0.0085788026093922415,1
6961.76477207684,6,0.01811323679749248,1
6957.90783863999,6,0.026849130120501021,1
6954.05090520315,6,0.025105798278838624,1
6950.1939717663,6,0.015537026740564052,1
6946.33703832945,6,0.011612221305392158,1
6942.4801048926,6,0.02392476096446941,1
6938.62317145576,6,0.019998675279636776,1
6934.76623801891,6,0.014001745222410182,1
6930.90930458206,6,0.019206511650662204,1
6927.05237114521,6,0.017539847785704658,1
6923.19543770837,6,0.010849061283990801,1
6919.33850427152,6,0.017418117104581275,1
6915.48157083467,6,0.0079985769368138265,1
6911.62463739783,6,0.012307860806980746,1
6907.76770396098,6,0.021687036587706748,1
6903.91077052413,6,0.0050770003369689188,1
6900.05383708728,6,0.0025731834994048072,1
6896.19690365044,6,0.01701980302816497,1
6892.33997021359,6,0.0068718088749589474,1
6888.48303677674,6,-0.014274076065434932,1
6884.62610333989,6,-0.026740897063796391,1
6880.76916990305,6,-0.015741289681012797,1
6876.9122364662,6,-0.0058073001368962717,1
6873.05530302935,6,0.0086496199328467589,1
6869.19836959251,6,0.0087817041971941425,1
6865.34143615566,6,0.0039659648363417638,1
6861.48450271881,6,-0.00064989433329165039,1
6857.62756928196,6,-0.0093740286186422706,1
6853.77063584512,6,-0.024375056901832292,1
6849.91370240827,6,-0.010028240878362765,1
6846.05676897142,6,0.0058691861002864807,1
6842.19983553457,6,0.0015376068158532389,1
6838.34290209773,6,-0.011693087469365423,1
6834.48596866088,6,-0.00639486073616317,1
6830.62903522403,6,-0.007510426689522157,1
6826.77210178718,6,-0.0077628453842835277,1
6822.91516835034,6,-0.014839831759682931,1
6819.05823491349,6,-0.015287648460631116,1
6815.20130147664,6,-0.010418918042747843,1
6811.3443680398,6,-0.020203099245656535,1
6807.48743460295,6,-0.026427504535723994,1
6803.6305011661,6,-0.0098365309508022247,1
6799.77356772925,6,-0.0053193047940070072,1
6795.91663429241,6,0.0069959591505783462,1
6792.05970085556,6,-0.0024713201032318479,1
6788.20276741871,6,-0.0034213048903812141,1
6784.34583398186,6,-0.010177270265826283,1
6780.48890054502,6,-0.016282328602056521,1
6776.63196710817,6,-0.025134927185796546,1
6772.77503367132,6,-0.022068299039072817,1
6768.91810023448,6,-0.013987874541100648,1
6765.06116679763,6,-0.0077659578970571122,1
6761.20423336078,6,-0.018823663287435354,1
6757.34729992393,6,-0.0060767811207050014,1
6753.49036648709,6,0.0022854776869360056,1
6749.63343305024,6,-0.00093718142881339195,1
6745.77649961339,6,-0.0093111465644923931,1
6741.91956617654,6,-0.0042606125997138979,1
6738.0626327397,6,0.0026753684618416661,1
6734.20569930285,6,0.0087344931207989068,1
6730.348765866,6,0.0045646496644479641,1
6726.49183242916,6,-0.0054266763721770271,1
6722.63489899231,6,-0.0037241267333195018,1
6718.77796555546,6,0.0078111973608261517,1
6714.92103211861,6,0.0079214021855489366,1
6711.06409868177,6,0.005500277732883147,1
6707.20716524492,6,-0.00034610658892523339,1
6703.35023180807,6,0.0026323431160361157,1
6699.49329837122,6,0.0037953607883935,1
6695.63636493438,6,-0.0031239275684827286,1
6691.77943149753,6,-0.018225377380002187,1
6687.92249806068,6,-0.011447899256380799,1
6684.06556462384,6,0.0071268576401382145,1
6680.20863118699,6,0.014847482473360608,1
6676.35169775014,6,0.0014288003359954288,1
6672.49476431329,6,-0.0034569850308334969,1
6668.63783087645,6,-0.0014005295739796557,1
6664.7808974396,6,0.011052172984478529,1
6660.92396400275,6,0.0034458915307137689,1
6657.0670305659,6,-0.0015201945491582509,1
6653.21009712906,6,-0.0033930133165087041,1
6649.35316369221,6,-0.012840193016443976,1
6645.49623025536,6,-0.018136431051021307,1
6641.63929681852,6,-0.0085108540698855296,1
6637.78236338167,6,-0.0040961592433260419,1
6633.92542994482,6,9.7671218037260753e-05,1
6630.06849650797,6,-0.0065415850799199222,1
6626.21156307113,6,-0.022467189062585168,1
6622.35462963428,6,-0.020323679571057796,1
6618.49769619743,6,-0.0065072296838917841,1
6614.64076276058,6,-0.015015579637581641,1
6610.78382932374,6,-0.019725988489777906,1
6606.92689588689,6,-0.025936134287358081,1
6603.06996245004,6,-0.028795783150813228,1
6599.2130290132,6,-0.032646647096349408,1
6595.35609557635,6,-0.036492355564427953,1
6591.4991621395,6,-0.02081022413058373,1
6587.64222870265,6,-0.019895667874942916,1
6583.78529526581,6,-0.0093904692433890331,1
6579.92836182896,6,-0.011095567900700959,1
6576.07142839211,6,-0.02977763748341351,1
6572.21449495526,6,-0.019037449218062712,1
6568.35756151842,6,-0.013935432587799744,1
6564.50062808157,6,-0.01876592335978737,1
6560.64369464472,6,-0.028457779064088824,1
6556.78676120788,6,-0.02875870106443703,1
6552.92982777103,6,-0.011862131532068509,1
6549.07289433418,6,-0.0078888897172614877,1
6545.21596089733,6,-0.016685651458916005,1
6541.35902746049,6,-0.017250383672462323,1
6537.50209402364,6,-0.016294148646900701,1
6533.64516058679,6,-0.020464311239738273,1
6529.78822714994,6,-0.029073532489233472,1
6525.9312937131,6,-0.025491901335910522,1
6522.07436027625,6,-0.020699975782809559,1
6518.2174268394,6,-0.0083939829645738456,1
6514.36049340256,6,-0.012631377449353925,1
6510.50355996571,6,-0.024542946401274659,1
6506.64662652886,6,-0.016163280322926618,1
6502.78969309201,6,-0.012483359721554827,1
6498.93275965517,6,-0.016913740142424652,1
6495.07582621832,6,-0.015032386685735279,1
6491.21889278147,6,-0.012958689610915257,1
6487.36195934462,6,-0.0074062804706978031,1
6483.50502590778,6,-0.0070435684610228718,1
6479.64809247093,6,-0.0062768000883571626,1
6475.79115903408,6,-0.017553973365264371,1
6471.93422559724,6,-0.020236847571413853,1
6468.07729216039,6,-0.0092028314168519226,1
6464.22035872354,6,-0.0037677400901369685,1
6460.36342528669,6,-0.01052610125487265,1
6456.50649184985,6,-0.011425115037525475,1
6452.649558413,6,-0.0022629965048275649,1
6448.79262497615,6,-0.0057592519776109409,1
6444.9356915393,6,-0.012952738766511721,1
6441.07875810246,6,-0.0055092768018303734,1
6437.22182466561,6,-0.0030075129613598025,1
6433.36489122876,6,0.0035247984349538416,1
6429.50795779192,6,0.0065230580935004678,1
6425.65102435507,6,0.0017867939084356436,1
6421.79409091822,6,-0.0072201460909671663,1
6417.93715748137,6,-0.01586083176284938,1
6414.08022404453,6,-0.0047210508039483871,1
6410.22329060768,6,0.0049541920222132404,1
6406.36635717083,6,0.0070114145761082094,1
6402.50942373398,6,0.014643654679505883,1
6398.65249029714,6,0.014330838318437912,1
6394.79555686029,6,0.019456321613358491,1
6390.93862342344,6,0.010243901871230093,1
6387.08168998659,6,0.0072044919788976152,1
6383.22475654975,6,0.0068608859234575541,1
6379.3678231129,6,0.0085850543422019646,1
6375.51088967605,6,0.0082257376155751485,1
6371.6539562392,6,0.011927229060149022,1
6367.79702280236,6,0.0063724987723902003,1
6363.94008936551,6,0.0040727382318623568,1
6360.08315592866,6,0.012118231126064321,1
6356.22622249182,6,0.0095116478114556837,1
6352.36928905497,6,0.012379304192897546,1
6348.51235561812,6,0.020528372957349168,1
6344.65542218127,6,0.023341864626727781,1
6340.79848874443,6,0.024973237631886448,1
6336.94155530758,6,0.023479275331650042,1
6333.08462187073,6,0.029350283249969373,1
6329.22768843388,6,0.030359140827640723,1
6325.37075499704,6,0.028132340648008913,1
6321.51382156019,6,0.030717800502062343,1
6317.65688812334,6,0.032645450084650363,1
6313.7999546865,6,0.032101087106124637,1
6309.94302124965,6,0.027543585479625522,1
6306.0860878128,6,0.028141649206725999,1
6302.22915437595,6,0.029439386271473147,1
6298.37222093911,6,0.029197201272038713,1
6294.51528750226,6,0.025110051358553383,1
6290.65835406541,6,0.030500487940167964,1
6286.80142062856,6,0.039425690137553905,1
6282.94448719172,6,0.038885991689858623,1
6279.08755375487,6,0.04071750872465521,1
6275.23062031802,6,0.0339738635113652,1
6271.37368688118,6,0.025166252079368054,1
6267.51675344433,6,0.021076399806349878,1
6263.65982000748,6,0.027105569563555216,1
6259.80288657063,6,0.022142447197911124,1
6255.94595313379,6,0.026544875014553257,1
6252.08901969694,6,0.036922667848023331,1
6248.23208626009,6,0.042054888632227366,1
6244.37515282324,6,0.030610286933166902,1
6240.5182193864,6,0.017083860822745919,1
6236.66128594955,6,0.010855792272452642,1
6232.8043525127,6,0.022640826267434872,1
6228.94741907586,6,0.028130403059060619,1
6225.09048563901,6,0.028589414268180111,1
6221.23355220216,6,0.026862776224654449,1
6217.37661876531,6,0.030165996400630685,1
6213.51968532847,6,0.034385614713135948,1
6209.66275189162,6,0.018841604844718737,1
6205.80581845477,6,0.010341079608871945,1
6201.94888501792,6,0.012717458787981176,1
6198.09195158108,6,0.02085353322268196,1
6194.23501814423,6,0.01654486187577172,1
6190.37808470738,6,0.0040891897197948193,1
6186.52115127054,6,0.00058097029394216715,1
6182.66421783369,6,0.0078772398772285826,1
6178.80728439684,6,0.0099616081811283765,1
6174.95035095999,6,0.00048667248676417146,1
6171.09341752315,6,-0.0050150797893346788,1
6167.2364840863,6,0.0068932740671746552,1
6163.37955064945,6,0.011298139884174017,1
6159.5226172126,6,0.011252653984272399,1
6155.66568377576,6,0.0051620556924274127,1
6151.80875033891,6,-0.0097207793243695561,1
6147.95181690206,6,-0.0075022432862493459,1
6144.09488346522,6,-0.0063455437036535559,1
6140.23795002837,6,-0.0095527604679821118,1
6136.38101659152,6,-0.0098061586602409979,1
6132.52408315467,6,-0.0050468321206832128,1
6128.66714971783,6,0.0024997019212288436,1
6124.81021628098,6,5.1407683194418896e-05,1
6120.95328284413,6,-0.010431501638792478,1
6117.09634940728,6,-0.020782234828681127,1
6113.23941597044,6,-0.024977962173371959,1
6109.38248253359,6,-0.034554620697328189,1
6105.52554909674,6,-0.038393687088466556,1
6101.6686156599,6,-0.031977979061317982,1
6097.81168222305,6,-0.034740087208781426,1
6093.9547487862,6,-0.039891849736610335,1
6090.09781534935,6,-0.040118402149846993,1
6086.24088191251,6,-0.043404507704953757,1
6082.38394847566,6,-0.041080099378485085,1
6078.52701503881,6,-0.038676999322368899,1
6074.67008160196,6,-0.028963323353480581,1
6070.81314816512,6,-0.023797844749239468,1
6066.95621472827,6,-0.015394823876113474,1
6063.09928129142,6,-0.019998939754998755,1
6059.24234785458,6,-0.018761137510975384,1
6055.38541441773,6,-0.017914698233097638,1
6051.52848098088,6,-0.0098844600689628071,1
6047.67154754403,6,-0.018355230929928443,1
6043.81461410719,6,-0.026565273621687431,1
6039.95768067034,6,-0.018522341418622936,1
6036.10074723349,6,-0.0019379770384227665,1
6032.24381379664,6,0.0082600416777784437,1
6028.3868803598,6,0.003254636945071544,1
6024.52994692295,6,-0.016781798640175028,1
6020.6730134861,6,-0.0027449065600566218,1
6016.81608004926,6,0.00033065887726354415,1
6012.95914661241,6,0.0159440610511297,1
6009.10221317556,6,0.026920690078507722,1
6005.24527973871,6,0.023331919048500536,1
6001.38834630187,6,0.0057750869452092325,1
5997.53141286502,6,0.00030794616642041111,1
5993.67447942817,6,0.00043849709174944239,1
5989.81754599132,6,-6.7304968438472053e-05,1
5985.96061255448,6,-0.010267424784339002,1
5982.10367911763,6,-0.015230663423800004,1
5978.24674568078,6,-0.024744096312004461,1
5974.38981224394,6,-0.035284497887937603,1
5970.53287880709,6,-0.047380806607109506,1
5966.67594537024,6,-0.045381139326228725,1
5962.81901193339,6,-0.03800001483880068,1
5958.96207849655,6,-0.049906122178833355,1
5955.1051450597,6,-0.053440233006041483,1
5951.24821162285,6,-0.054823501879993644,1
5947.391278186,6,-0.050448806057861263,1
5943.53434474916,6,-0.042902334662557107,1
5939.67741131231,6,-0.043252913293476476,1
5935.82047787546,6,-0.04200983266465895,1
5931.96354443862,6,-0.03092753529404146,1
5928.10661100177,6,-0.028354120927193898,1
5924.24967756492,6,-0.029784215601176684,1
5920.39274412807,6,-0.029648613742452534,1
5916.53581069123,6,-0.027233102483536168,1
5912.67887725438,6,-0.013876061654062816,1
5908.82194381753,6,-0.010208676590496575,1
5904.96501038068,6,-0.003268825102877476,1
5901.10807694384,6,-0.0027011461126854579,1
5897.25114350699,6,0.011673642642512307,1
5893.39421007014,6,0.025741368816470257,1
5889.5372766333,6,0.03698634684788954,1
5885.68034319645,6,0.039594916379173575,1
5881.8234097596,6,0.043387393972234831,1
5877.96647632275,6,0.048183266596790023,1
5874.10954288591,6,0.049769005001242504,1
5870.25260944906,6,0.030647127200693236,1
5866.39567601221,6,0.023046644304777146,1
5862.53874257536,6,0.025259612110915357,1
5858.68180913852,6,0.028831455252320844,1
5854.82487570167,6,0.03053804376318308,1
5850.96794226482,6,0.026821009159262197,1
5847.11100882798,6,0.015267891408867537,1
5843.25407539113,6,0.0032703971198456438,1
5839.39714195428,6,-0.0033108333884519993,1
5835.54020851743,6,-0.0035438656708638113,1
5831.68327508059,6,0.0010177134213220067,1
5827.82634164374,6,0.0023637690749432152,1
5823.96940820689,6,0.0020118363225213919,1
5820.11247477004,6,-0.011258829303844158,1
5816.2555413332,6,-0.024224109251121492,1
5812.39860789635,6,-0.028968157120076578,1
5808.5416744595,6,-0.043379366280864098,1
5804.68474102266,6,-0.046611819977516795,1
5800.82780758581,6,-0.03528548305536211,1
5796.97087414896,6,-0.036382760511594441,1
5793.11394071211,6,-0.042675097920821671,1
5789.25700727527,6,-0.048611693752259683,1
5785.40007383842,6,-0.052415947899887814,1
5781.54314040157,6,-0.04940683027317827,1
5777.68620696472,6,-0.072871213357705786,1
5773.82927352788,6,-0.081243733221261299,1
5769.97234009103,6,-0.068273253824318661,1
5766.11540665418,6,-0.05518429117885916,1
5762.25847321733,6,-0.053316964228281062,1
5758.40153978049,6,-0.041330372489724189,1
5754.54460634364,6,-0.040902398701736079,1
5750.68767290679,6,-0.042003895700711377,1
5746.83073946995,6,-0.048175869760271779,1
5742.9738060331,6,-0.041489456344075845,1
5739.11687259625,6,-0.032743320760453783,1
5735.2599391594,6,-0.024956111808860832,1
5731.40300572256,6,-0.023888368491445242,1
5727.54607228571,6,-0.0055870252005100849,1
5723.68913884886,6,-0.0078542168377381798,1
5719.83220541201,6,0.0045874415725957731,1
5715.97527197517,6,0.017380650857437365,1
5712.11833853832,6,0.029756048727343529,1
5708.26140510147,6,0.030519178786024906,1
5704.40447166463,6,0.025152664262435946,1
5700.54753822778,6,0.044244741611142134,1
5696.69060479093,6,0.05525941650850482,1
5692.83367135408,6,0.048361883351650349,1
5688.97673791724,6,0.051639703928823513,1
5685.11980448039,6,0.051025038647080551,1
5681.26287104354,6,0.047647577428098324,1
5677.40593760669,6,0.036976989158707264,1
5673.54900416985,6,0.038293013295247584,1
5669.692070733,6,0.036916296122070175,1
5665.83513729615,6,0.038973554487766987,1
5661.97820385931,6,0.038730542689738946,1
5658.12127042246,6,0.039325884393181798,1
5654.26433698561,6,0.041209518647877884,1
5650.40740354876,6,0.043711391556931427,1
5646.55047011192,6,0.026683919432560342,1
5642.69353667507,6,0.023600039441533618,1
5638.83660323822,6,0.014823626419666933,1
5634.97966980137,6,0.018675353639027944,1
5631.12273636453,6,0.024254568629577117,1
5627.26580292768,6,0.023702473411697476,1
5623.40886949083,6,0.029200052158366376,1
5619.55193605399,6,0.038081992031974626,1
5615.69500261714,6,0.023383992831214055,1
5611.83806918029,6,0.024653055436172015,1
5607.98113574344,6,0.028813519025350707,1
5604.1242023066,6,0.042275378651923372,1
5600.26726886975,6,0.025849612522687217,1
5596.4103354329,6,0.014048248815626611,1
5592.55340199605,6,0.012964050377453091,1
5588.69646855921,6,0.021504057352921657,1
5584.83953512236,6,0.021010876446509522,1
5580.98260168551,6,0.017887715752940254,1
5577.12566824867,6,0.011758841707344288,1
5573.26873481182,6,0.017990006783443955,1
5569.41180137497,6,0.014716131486751946,1
5565.55486793812,6,-0.00041026979678220857,1
5561.69793450128,6,-0.0067085603427876296,1
5557.84100106443,6,-0.0029191640300883161,1
5553.98406762758,6,0.012243350930049463,1
5550.12713419073,6,0.0025367388829898633,1
5546.27020075389,6,-0.015227906053411067,1
5542.41326731704,6,0.007800283100664075,1
5538.55633388019,6,0.021477338176064103,1
5534.69940044334,6,0.0124574083773028,1
5530.8424670065,6,-0.022138198917949842,1
5526.98553356965,6,-0.020199322544419009,1
5523.1286001328,6,0.016343646869278333,1
5519.27166669596,6,0.035009757086577567,1
5515.41473325911,6,-0.0042583755013397813,1
5511.55779982226,6,-0.0051612884731049831,1
5507.70086638541,6,0.03414320129142466,1
5503.84393294857,6,0.023097273379783213,1
5499.98699951172,6,-0.012835654557404314,1
5496.13006607487,6,0.02255884667691866,1
5492.27313263802,6,0.059514621840119263,1
5488.41619920118,6,0.043091936867281383,1
5484.55926576433,6,-0.0076706155450966072,1
5480.70233232748,6,-0.0058855908849404764,1
5476.84539889064,6,0.010802364345619007,1
5472.98846545379,6,0.018799865367221485,1
5469.13153201694,6,-0.010774564934632547,1
5465.27459858009,6,0.0098723811016886171,1
5461.41766514325,6,0.014136496792688077,1
5457.5607317064,6,-9.6831647839844224e-05,1
5453.70379826955,6,-0.033599668696539103,1
5449.8468648327,6,-0.012450180527711746,1
5445.98993139586,6,0.013006196319433762,1
5442.13299795901,6,0.016780308084325842,1
5438.27606452216,6,-0.030182826605788832,1
5434.41913108532,6,-0.022320462069520201,1
5430.56219764847,6,-0.0078149977337753172,1
5426.70526421162,6,-0.00037886205508966215,1
5422.84833077477,6,-0.025404090317987259,1
5418.99139733793,6,-0.04302412539976766,1
5415.13446390108,6,-0.027190138651790291,1
5411.27753046423,6,0.033565945648065691,1
5407.42059702738,6,0.00031384603290953659,1
5403.56366359054,6,0.0046180997993865549,1
5399.70673015369,6,-0.028735446911375414,1
5395.84979671684,6,-0.015665364384538576,1
5391.99286328,6,-0.0026247301520529094,1
5388.13592984315,6,0.0168137959341257,1
5384.2789964063,6,0.0032337286195339415,1
5380.42206296945,6,-0.004151291392526066,1
5376.56512953261,6,0.020335797063940612,1
5372.70819609576,6,0.033262402355451616,1
5368.85126265891,6,0.0075705402497928832,1
5364.99432922206,6,0.014919685905630626,1
5361.13739578522,6,0.0013569547754088813,1
5357.28046234837,6,0.04802546899266439,1
5353.42352891152,6,0.072717644624874581,1
5349.56659547468,6,0.050221538440002024,1
5345.70966203783,6,0.0015214729546498499,1
5341.85272860098,6,0.02908680936615915,1
5337.99579516413,6,0.027406768775935713,1
5334.13886172729,6,0.012274659356866098,1
5330.28192829044,6,-0.00020131048531079585,1
5326.42499485359,6,-0.0079688910474459643,1
5322.56806141674,6,-0.041319195639267649,1
5318.7111279799,6,-0.02708787918494085,1
5314.85419454305,6,-0.029165434918869679,1
5310.9972611062,6,-0.018216557328554702,1
5307.14032766935,6,-0.045188253233258736,1
5303.28339423251,6,-0.027674781056162653,1
5299.42646079566,6,-0.045610072357705124,1
5295.56952735881,6,-0.022804362754214727,1
5291.71259392197,6,-0.010911556550098518,1
5287.85566048512,6,-0.030626987220173926,1
5283.99872704827,6,-0.027534566479373909,1
5280.14179361142,6,-0.024779763414751063,1
5276.28486017458,6,-0.062158144315805207,1
5272.42792673773,6,-0.036801905136330366,1
5268.57099330088,6,-0.014980841679267267,1
5264.71405986403,6,-0.0090662972382743769,1
5260.85712642719,6,-0.053832468172330103,1
5257.00019299034,6,-0.035575141136880949,1
5253.14325955349,6,-0.032019859220211992,1
5249.28632611665,6,0.0074430070363918329,1
5245.4293926798,6,-0.0075725980866095015,1
5241.57245924295,6,-0.047092888562569497,1
5237.7155258061,6,-0.030517197778330944,1
5233.85859236926,6,-0.017639971818987261,1
5230.00165893241,6,-0.01807292998821099,1
5226.14472549556,6,-0.0068601558925615374,1
5222.28779205871,6,-0.0078129771409937224,1
5218.43085862187,6,-0.019231133242678201,1
5214.57392518502,6,-0.037968334450687549,1
5210.71699174817,6,-0.0042131571644536655,1
5206.86005831133,6,0.0054276998807529439,1
5203.00312487448,6,-0.019507016062250485,1
5199.14619143763,6,-0.009719111578595948,1
5195.28925800078,6,-0.0092196133566853963,1
5191.43232456394,6,-0.0025785784401389836,1
5187.57539112709,6,0.0052354562389949266,1
5183.71845769024,6,0.0019680184218498721,1
5179.86152425339,6,-0.0049206535439875777,1
5176.00459081655,6,-0.0066521920887062103,1
5172.1476573797,6,-0.00087816535043948546,1
5168.29072394285,6,0.0044608878076792969,1
5164.43379050601,6,0.01105711260969649,1
5160.57685706916,6,0.0088811663886319246,1
5156.71992363231,6,0.00045192132874920531,1
5152.86299019546,6,0.0031004482109870629,1
5149.00605675862,6,-0.00066073061438092818,1
5145.14912332177,6,0.0095015510631263796,1
5141.29218988492,6,0.008753030388871404,1
5137.43525644807,6,0.0077548065325499845,1
5133.57832301123,6,0.0021406453203486392,1
5129.72138957438,6,-0.0018428089259071264,1
5125.86445613753,6,-0.0036033022265005449,1
5122.00752270069,6,0.0037294717867558226,1
5118.15058926384,6,-0.0050934065692059246,1
5114.29365582699,6,-0.0056027229995863565,1
5110.43672239014,6,-0.013673907732969167,1
5106.5797889533,6,-0.0071361269213139969,1
5102.72285551645,6,-0.0067233646317529242,1
5098.8659220796,6,0.0022641989787506155,1
5095.00898864275,6,-0.0014320552461566023,1
5091.15205520591,6,0.0014640592503937821,1
5087.29512176906,6,-0.0035387779748651885,1
5083.43818833221,6,0.0041956704506645659,1
5079.58125489536,6,0.0014051103488729349,1
5075.72432145852,6,0.011800845311170996,1
5071.86738802167,6,0.017905596163783313,1
5068.01045458482,6,0.020562520517429708,1
5064.15352114798,6,0.010729236983671564,1
5060.29658771113,6,0.021875627437406141,1
5056.43965427428,6,0.024354115265938496,1
5052.58272083743,6,0.029141260292258647,1
5048.72578740059,6,0.023023651798019917,1
5044.86885396374,6,0.024496082208009615,1
5041.01192052689,6,0.016393579633063475,1
5037.15498709004,6,0.020367924021049214,1
5033.2980536532,6,0.012492855479450537,1
5029.44112021635,6,0.014068249632063384,1
5025.5841867795,6,0.0051732818230351878,1
5021.72725334266,6,0.0099614268165590051,1
5017.87031990581,6,-0.0029203434351684925,1
5014.01338646896,6,-0.013321981318107133,1
5010.15645303211,6,-0.021426419965137618,1
5006.29951959527,6,-0.013259483061429728,1
5002.44258615842,6,-0.023172124684779884,1
4998.58565272157,6,-0.020465958591519937,1
4994.72871928472,6,-0.019589009894259945,1
4990.87178584788,6,-0.018427622667058562,1
4987.01485241103,6,-0.018225100531537915,1
4983.15791897418,6,-0.0091875790014290248,1
4979.30098553734,6,-0.012308501345251802,1
4975.44405210049,6,-0.00098558946256755114,1
4971.58711866364,6,-0.0014396395827996082,1
4967.73018522679,6,0.00043343973696050888,1
4963.87325178995,6,0.00064388196688367622,1
4960.0163183531,6,0.013559913357030768,1
4956.15938491625,6,0.015132996051044484,1
4952.3024514794,6,0.019157663937333747,1
4948.44551804256,6,0.017545632631131982,1
4944.58858460571,6,0.021681249031188569,1
4940.73165116886,6,0.013880656578546898,1
4936.87471773202,6,0.019346403344651198,1
4933.01778429517,6,0.016528926019188605,1
4929.16085085832,6,0.025871784034935681,1
4925.30391742147,6,0.028259804998199169,1
4921.44698398463,6,0.032278691532557816,1
4917.59005054778,6,0.024576904328789402,1
4913.73311711093,6,0.024192138937172918,1
4909.87618367408,6,0.01802549860950161,1
4906.01925023724,6,0.029047750236314937,1
4902.16231680039,6,0.034418491799112078,1
4898.30538336354,6,0.050036977595666367,1
4894.4484499267,6,0.037724768649297365,1
4890.59151648985,6,0.026809610965223503,1
4886.734583053,6,0.015983374076126079,1
4882.87764961615,6,0.024204805886982424,1
4879.02071617931,6,0.023855632416365222,1
4875.16378274246,6,0.026528702533604509,1
4871.30684930561,6,0.015592557553200364,1
4867.44991586876,6,0.015543678403785482,1
4863.59298243192,6,0.0081912265536077337,1
4859.73604899507,6,0.011759899613032712,1
4855.87911555822,6,0.0074550221587899625,1
4852.02218212137,6,0.0096457395427537746,1
4848.16524868453,6,-0.0067606456246441012,1
4844.30831524768,6,-0.01031231633722568,1
4840.45138181083,6,-0.016688691094080374,1
4836.59444837399,6,-0.013693902435766485,1
4832.73751493714,6,-0.024676756220053365,1
4828.88058150029,6,-0.017997858758042783,1
4825.02364806344,6,-0.02199941748357797,1
4821.1667146266,6,-0.022943005717717225,1
4817.30978118975,6,-0.034654956386431526,1
4813.4528477529,6,-0.038604369964676706,1
4809.59591431605,6,-0.042328681937892125,1
4805.73898087921,6,-0.034578433048670337,1
4801.88204744236,6,-0.035765977951231959,1
4798.02511400551,6,-0.028307847880807764,1
4794.16818056867,6,-0.029407962502149547,1
4790.31124713182,6,-0.020165451774513968,1
4786.45431369497,6,-0.018167990172416458,1
4782.59738025812,6,-0.010559276879132384,1
4778.74044682128,6,-0.012817062545172999,1
4774.88351338443,6,-0.0082932884438029989,1
4771.02657994758,6,-0.014550423686244282,1
4767.16964651073,6,-0.0075072459199453968,1
4763.31271307389,6,-0.0065200245084030811,1
4759.45577963704,6,-0.0040393882316382022,1
4755.59884620019,6,-0.01166051544212229,1
4751.74191276335,6,-0.0021319175541601966,1
4747.8849793265,6,-0.0087600289182970612,1
4744.02804588965,6,0.0049782040901344589,1
4740.1711124528,6,0.0053992982514818313,1
4736.31417901596,6,0.007745359301722576,1
4732.45724557911,6,0.00024624982030638438,1
4728.60031214226,6,0.0037827707362321976,1
4724.74337870541,6,-0.0025722326909656222,1
4720.88644526857,6,-0.0014890276595905276,1
4717.02951183172,6,-0.006358162343525731,1
4713.17257839487,6,0.0067352715960229325,1
4709.31564495803,6,0.0024717203124177385,1
4705.45871152118,6,0.004224888775770555,1
4701.60177808433,6,-0.0072860848008918138,1
4697.74484464748,6,-0.012936210390635975,1
4693.88791121064,6,-0.020980922135883262,1
4690.03097777379,6,-0.0079707555068085929,1
4686.17404433694,6,-0.0076659801301260455,1
4682.31711090009,6,0.0045309334220967924,1
4678.46017746325,6,0.002198144048638071,1
4674.6032440264,6,-0.0040514822853042302,1
4670.74631058955,6,-0.0036099180238376946,1
4666.88937715271,6,0.012698294219464433,1
4663.03244371586,6,0.023715126978239017,1
4659.17551027901,6,0.034321836664024052,1
4655.31857684216,6,0.027361888670085457,1
4651.46164340532,6,0.02933968504983691,1
4647.60470996847,6,0.006377212857269993,1
4643.74777653162,6,0.0026146722584519458,1
4639.89084309477,6,-0.0049290035026649985,1
4636.03390965793,6,0.0041801205046427502,1
4632.17697622108,6,-0.0088052620997473956,1
4628.32004278423,6,-0.0079814155756687717,1
4624.46310934739,6,-0.012935856512955753,1
4620.60617591054,6,-0.0045707236932081181,1
4616.74924247369,6,-0.0077223642300380266,1
4612.89230903684,6,-0.0015205324661412369,1
4609.0353756,6,-0.00596600783805181,1
4605.17844216315,6,0.0017794061852671212,1
4601.3215087263,6,-0.0068960941644934026,1
4597.46457528945,6,0.0035940239711292903,1
4593.60764185261,6,0.00070979603047836956,1
4589.75070841576,6,0.011713235396422763,1
4585.89377497891,6,0.013054023506688665,1
4582.03684154207,6,0.016530299048580291,1
4578.17990810522,6,0.0038248306002293983,1
4574.32297466837,6,0.013306797167573674,1
4570.46604123152,6,0.0097252661548467671,1
4566.60910779468,6,0.016741766890715954,1
4562.75217435783,6,0.0030280176943295566,1
4558.89524092098,6,-0.0014886070362777402,1
4555.03830748413,6,-0.0013856260209163078,1
4551.18137404729,6,0.0047736783059507551,1
4547.32444061044,6,-0.010954511877186544,1
4543.46750717359,6,-0.018379866725231724,1
4539.61057373675,6,-0.027196633220475972,1
4535.7536402999,6,-0.022667913790768889,1
4531.89670686305,6,-0.028953619411748996,1
4528.0397734262,6,-0.026047045686275531,1
4524.18283998936,6,-0.036780091568051267,1
4520.32590655251,6,-0.033129502069861032,1
4516.46897311566,6,-0.03065800786112834,1
4512.61203967881,6,-0.018453741213443998,1
4508.75510624197,6,-0.017588221425361907,1
4504.89817280512,6,-0.01678908304665816,1
4501.04123936827,6,-0.023282732302427788,1
4497.18430593143,6,-0.0082410668372278305,1
4493.32737249458,6,-0.002205813586300696,1
4489.47043905773,6,0.0061585699818296515,1
4485.61350562088,6,-0.0013875315409982492,1
4481.75657218404,6,0.015539689277210639,1
4477.89963874719,6,0.010389649971489875,1
4474.04270531034,6,0.016269299375156497,1
4470.18577187349,6,0.030077213810132591,1
4466.32883843665,6,0.048542040630805652,1
4462.4719049998,6,0.041662437259059229,1
4458.61497156295,6,0.047768826400817775,1
4454.75803812611,6,0.039766087688755364,1
4450.90110468926,6,0.047218543427077188,1
4447.04417125241,6,0.058456002309618907,1
4443.18723781556,6,0.078504574638260452,1
4439.33030437872,6,0.065281616449367058,1
4435.47337094187,6,0.068581831229645382,1
4431.61643750502,6,0.048523104875040246,1
4427.75950406817,6,0.042148135723245814,1
4423.90257063133,6,0.031476581669188118,1
4420.04563719448,6,0.03540903900640472,1
4416.18870375763,6,0.027182631480717586,1
4412.33177032078,6,0.031434498320101111,1
4408.47483688394,6,0.017879457193253484,1
4404.61790344709,6,0.019452840286098904,1
4400.76097001024,6,0.014600832667482688,1
4396.9040365734,6,0.014407390698840894,1
4393.04710313655,6,0.0053404259955495675,1
4389.1901696997,6,0.0055013651140929827,1
4385.33323626285,6,0.00013276243985697387,1
4381.47630282601,6,0.0065060522191179226,1
4377.61936938916,6,-0.0033688524912888419,1
4373.76243595231,6,0.0063531364705944442,1
4369.90550251546,6,0.0026994767260074223,1
4366.04856907862,6,0.010685653331861165,1
4362.19163564177,6,-0.0044298563506086908,1
4358.33470220492,6,-0.009812520495775379,1
4354.47776876808,6,-0.024787414828476614,1
4350.62083533123,6,-0.013959440057430749,1
4346.76390189438,6,-0.020085749032580893,1
4342.90696845753,6,-0.01095175163836066,1
4339.05003502069,6,-0.0046572169177767058,1
4335.19310158384,6,0.015272625627096711,1
4331.33616814699,6,-0.0080858416604238162,1
4327.47923471014,6,-0.019609058718264027,1
4323.6223012733,6,-0.045336902330986202,1
4319.76536783645,6,-0.034083682211424438,1
4315.9084343996,6,-0.01568681537585933,1
4312.05150096276,6,-0.00054223548803566978,1
4308.19456752591,6,-0.010611760444254397,1
4304.33763408906,6,0.0017435684663930247,1
4300.48070065221,6,-0.0043667811748247217,1
4296.62376721537,6,-0.0011139155414840571,1
4292.76683377852,6,-0.0016180278961526876,1
4288.90990034167,6,0.0093768787441976514,1
4285.05296690482,6,-0.0070488204343157647,1
4281.19603346798,6,-0.01536037497497913,1
4277.33910003113,6,-0.024116099045605164,1
4273.48216659428,6,-0.0040994063316505368,1
4269.62523315744,6,-0.011929164732238595,1
4265.76829972059,6,-0.018186554224863344,1
4261.91136628374,6,-0.037096244519867282,1
4258.05443284689,6,-0.024633976205184517,1
4254.19749941005,6,-0.025267699316789252,1
4250.3405659732,6,-0.018292750025653448,1
4246.48363253635,6,-0.017269338932803774,1
4242.6266990995,6,-0.011819317158732103,1
4238.76976566266,6,-0.027359144531356017,1
4234.91283222581,6,-0.01795998099710068,1
4231.05589878896,6,-0.022787110719540433,1
4227.19896535212,6,-0.019512527006824227,1
4223.34203191527,6,-0.02274914318627071,1
4219.48509847842,6,-0.017409321357354696,1
4215.62816504157,6,-0.019145355822653257,1
4211.77123160473,6,-0.0039004902796070211,1
4207.91429816788,6,-0.0027191543385382128,1
4204.05736473103,6,0.010977224528678622,1
4200.20043129418,6,0.0071754426763706199,1
4196.34349785734,6,0.0055591433457295031,1
4192.48656442049,6,-0.009645482335716599,1
4188.62963098364,6,-0.019844874848751425,1
4184.7726975468,6,-0.027739513419819912,1
4180.91576410995,6,-0.013676821145837665,1
4177.0588306731,6,-0.030124445532946131,1
4173.20189723625,6,-0.034233652125236422,1
4169.34496379941,6,-0.048219584154408877,1
4165.48803036256,6,-0.045670720186763832,1
4161.63109692571,6,-0.049935756691615082,1
4157.77416348886,6,-0.03728308181685519,1
4153.91723005202,6,-0.035882389439884518,1
4150.06029661517,6,-0.027057349353979701,1
4146.20336317832,6,-0.032790026507711227,1
4142.34642974148,6,-0.016594414283245474,1
4138.48949630463,6,-0.0053260257817262626,1
4134.63256286778,6,0.014930797002524192,1
4130.77562943093,6,0.015922206624567267,1
4126.91869599409,6,0.023294245872456893,1
4123.06176255724,6,0.0073961548626911705,1
4119.20482912039,6,0.0016067911365263633,1
4115.34789568354,6,-0.016472501017872076,1
4111.4909622467,6,0.00059917634643704039,1
4107.63402880985,6,0.0095203546723423502,1
4103.777095373,6,0.027471952426682159,1
4099.92016193616,6,0.028477618431062307,1
4096.06322849931,6,0.039290532288095453,1
4092.20629506246,6,0.038050943443252161,1
4088.34936162561,6,0.055631162144133467,1
4084.49242818877,6,0.059626848623679646,1
4080.63549475192,6,0.078179171681781748,1
4076.77856131507,6,0.072952651296137247,1
4072.92162787822,6,0.07357528835585006,1
4069.06469444138,6,0.053793413438575785,1
4065.20776100453,6,0.033977530839667536,1
4061.35082756768,6,0.016922446328102719,1
4057.49389413083,6,0.027149857256066282,1
4053.63696069399,6,0.019158591787910462,1
4049.78002725714,6,0.014340926651580066,1
4045.92309382029,6,-0.0041169146300861874,1
4042.06616038345,6,0.00099658730910067274,1
4038.2092269466,6,-0.0077330831710050686,1
4034.35229350975,6,-0.0040782848018677507,1
4030.4953600729,6,-0.013386059089551998,1
4026.63842663606,6,-0.011708632690541941,1
4022.78149319921,6,-0.025078652966897184,1
4018.92455976236,6,-0.013383695675299595,1
4015.06762632551,6,-0.026703577863574818,1
4011.21069288867,6,-0.025566799454596837,1
4007.35375945182,6,-0.033398686555083185,1
4003.49682601497,6,-0.033076184813380143,1
3999.63989257813,6,-0.04496038241222422,1
10001.0283203125,7,-0.0751614778489723,1
9997.17138687565,7,0.021622308171695959,1
9993.31445343881,7,0.075722402303693009,1
9989.45752000196,7,0.022818490015932977,1
9985.60058656511,7,-0.025295343183372204,1
9981.74365312826,7,-0.025682690429959583,1
9977.88671969142,7,0.029256422386209412,1
9974.02978625457,7,0.017314054057205402,1
9970.17285281772,7,-0.011477152875350635,1
9966.31591938088,7,0.022180692781759177,1
9962.45898594403,7,0.048102477837747716,1
9958.60205250718,7,0.067486521248846895,1
9954.74511907033,7,-0.0074392729451723105,1
9950.88818563349,7,-0.063873259304845803,1
9947.03125219664,7,-0.051218220202111635,1
9943.17431875979,7,-0.033167995243144413,1
9939.31738532294,7,0.038003243058281538,1
9935.4604518861,7,0.060164992960123578,1
9931.60351844925,7,0.021612042133162316,1
9927.7465850124,7,0.043452222095379391,1
9923.88965157556,7,0.053465972543111986,1
9920.03271813871,7,-0.0095649555434896959,1
9916.17578470186,7,-0.050034476243928531,1
9912.31885126501,7,0.010686982643054862,1
9908.46191782817,7,0.055717936132303497,1
9904.60498439132,7,0.028666005914669525,1
9900.74805095447,7,0.044672536648685257,1
9896.89111751762,7,0.061321236230869026,1
9893.03418408078,7,0.029579050170695804,1
9889.17725064393,7,-0.018996237521126096,1
9885.32031720708,7,-0.016379109609157578,1
9881.46338377024,7,0.01332010414814081,1
9877.60645033339,7,-0.021875708957414405,1
9873.74951689654,7,-0.0050130064632010083,1
9869.89258345969,7,0.034680031889292612,1
9866.03565002284,7,0.013532479558832961,1
9862.178716586,7,-0.038433050783684447,1
9858.32178314915,7,-0.040621357444162697,1
9854.4648497123,7,-0.030453077584649334,1
9850.60791627546,7,0.011215798972350114,1
9846.75098283861,7,0.015434724289689481,1
9842.89404940176,7,-0.041132148907547787,1
9839.03711596492,7,-0.032034991547111744,1
9835.18018252807,7,-0.018257414043559028,1
9831.32324909122,7,-0.041544178611777394,1
9827.46631565437,7,-0.0098338807865684021,1
9823.60938221752,7,-0.0071537852509161188,1
9819.75244878068,7,-0.0027664792474248966,1
9815.89551534383,7,0.011423147330719485,1
9812.03858190698,7,0.0064846658926807606,1
9808.18164847014,7,-0.027347372137663382,1
9804.32471503329,7,-0.040690788776394232,1
9800.46778159644,7,-0.043267482394217543,1
9796.6108481596,7,0.015370878828988089,1
9792.75391472275,7,0.01194229564875433,1
9788.8969812859,7,-0.080384509695598946,1
9785.04004784905,7,-0.06583640868090522,1
9781.1831144122,7,0.017113067769195453,1
9777.32618097536,7,-0.00047672870568426086,1
9773.46924753851,7,-0.023171281935869429,1
9769.61231410166,7,-0.023429186576200193,1
9765.75538066482,7,-0.068311277793765141,1
9761.89844722797,7,-0.092364665910930885,1
9758.04151379112,7,-0.04648790654741608,1
9754.18458035428,7,-0.030007396329927116,1
9750.32764691743,7,-0.04644773868120191,1
9746.47071348058,7,-0.055224253440414733,1
9742.61378004373,7,-0.041703562672162638,1
9738.75684660688,7,0.0045471575567875141,1
9734.89991317004,7,-0.01252456715399833,1
9731.04297973319,7,-0.034471927348594722,1
9727.18604629634,7,0.012295354549000728,1
9723.3291128595,7,0.055026447020169351,1
9719.47217942265,7,0.050151791193820329,1
9715.6152459858,7,0.034240110447765496,1
9711.75831254896,7,-0.00058244647378782703,1
9707.90137911211,7,-0.021213561312489256,1
9704.04444567526,7,-0.024568088250839934,1
9700.18751223841,7,-0.0013020770244837191,1
9696.33057880156,7,0.018738014226543285,1
9692.47364536472,7,0.0042701536619838354,1
9688.61671192787,7,-0.0098948469409495966,1
9684.75977849102,7,-0.034836072788613948,1
9680.90284505418,7,-0.0049427401524983214,1
9677.04591161733,7,0.0025378580307535772,1
9673.18897818048,7,-0.0083193345361941909,1
9669.33204474363,7,0.0022333426674447081,1
9665.47511130679,7,0.020185618360009511,1
9661.61817786994,7,-0.043553141080040755,1
9657.76124443309,7,-0.041163112379442486,1
9653.90431099624,7,-0.029421535792270095,1
9650.0473775594,7,-0.064625286075887176,1
9646.19044412255,7,-0.036220149858484256,1
9642.3335106857,7,0.028706745971370594,1
9638.47657724886,7,0.042580130904400042,1
9634.61964381201,7,-0.00072606020185574192,1
9630.76271037516,7,-0.01341445615581441,1
9626.90577693831,7,-0.0095992341976180173,1
9623.04884350147,7,-0.039467738044340082,1
9619.19191006462,7,-0.056972923411349879,1
9615.33497662777,7,-0.08426982938092599,1
9611.47804319092,7,-0.04935131290730449,1
9607.62110975408,7,-0.019049751788138624,1
9603.76417631723,7,0.0019436316739071123,1
9599.90724288038,7,0.023989574305901262,1
9596.05030944354,7,0.0064490269690102046,1
9592.19337600669,7,-0.024411182469939334,1
9588.33644256984,7,-0.021510322650759389,1
9584.47950913299,7,-0.017630157113918073,1
9580.62257569615,7,-0.010212280691079238,1
9576.7656422593,7,0.0080554146179125895,1
9572.90870882245,7,-0.0038108287527308907,1
9569.0517753856,7,0.012710821779419674,1
9565.19484194876,7,0.032408367298017535,1
9561.33790851191,7,0.026156572734246528,1
9557.48097507506,7,0.010932164608478937,1
9553.62404163822,7,0.021066458466325665,1
9549.76710820137,7,0.036433760627086011,1
9545.91017476452,7,0.029326171666454712,1
9542.05324132767,7,-0.0051295130008665191,1
9538.19630789083,7,-0.0024037681028881361,1
9534.33937445398,7,0.020516056157899493,1
9530.48244101713,7,0.024687955851113125,1
9526.62550758028,7,-0.0095416510725281258,1
9522.76857414344,7,-0.025842367078017028,1
9518.91164070659,7,0.023660598038243361,1
9515.05470726974,7,0.090748842337030192,1
9511.1977738329,7,0.070603382684729543,1
9507.34084039605,7,0.010047228923327253,1
9503.4839069592,7,-0.011013688445619481,1
9499.62697352235,7,0.0076577793081493385,1
9495.77004008551,7,0.01938155065826112,1
9491.91310664866,7,0.0077317235853424553,1
9488.05617321181,7,0.026641029418438607,1
9484.19923977496,7,0.041389524442128379,1
9480.34230633812,7,0.038937362734968541,1
9476.48537290127,7,0.061652035929236931,1
9472.62843946442,7,0.073587455162595572,1
9468.77150602758,7,0.031053978597272561,1
9464.91457259073,7,-0.00071611972162800451,1
9461.05763915388,7,0.047716125648270082,1
9457.20070571703,7,0.013779182240736239,1
9453.34377228019,7,0.034963956373574703,1
9449.48683884334,7,0.081579757584940737,1
9445.62990540649,7,0.057105469021515372,1
9441.77297196964,7,0.001256286894947081,1
9437.9160385328,7,-0.036672791262228666,1
9434.05910509595,7,-0.013095182291490204,1
9430.2021716591,7,0.0076545823683937843,1
9426.34523822226,7,0.035420343510796155,1
9422.48830478541,7,0.041182934062884542,1
9418.63137134856,7,0.013768634961548272,1
9414.77443791171,7,0.013525273492539057,1
9410.91750447487,7,0.035991993796089784,1
9407.06057103802,7,0.049682139995409005,1
9403.20363760117,7,0.048148901044340164,1
9399.34670416432,7,0.025178418188979482,1
9395.48977072748,7,0.0064529259314299089,1
9391.63283729063,7,-0.0028249610815402454,1
9387.77590385378,7,0.0032310871711980736,1
9383.91897041694,7,0.046861295245343625,1
9380.06203698009,7,0.058722804722773039,1
9376.20510354324,7,0.050669061459770577,1
9372.34817010639,7,0.066496120844448642,1
9368.49123666955,7,0.051722870296620295,1
9364.6343032327,7,0.042482791033518083,1
9360.77736979585,7,0.042575204253012672,1
9356.920436359,7,0.008566133521354765,1
9353.06350292216,7,-0.0017547175218997908,1
9349.20656948531,7,0.063608731706129698,1
9345.34963604846,7,0.035166384588050208,1
9341.49270261162,7,-0.0049552635268044166,1
9337.63576917477,7,-0.0042065399053765962,1
9333.77883573792,7,0.009996012914796926,1
9329.92190230107,7,0.023502530911346332,1
9326.06496886423,7,0.032550879898530533,1
9322.20803542738,7,0.027265687903036771,1
9318.35110199053,7,0.029521626330659991,1
9314.49416855368,7,0.024017612330386691,1
9310.63723511684,7,0.033290021012614975,1
9306.78030167999,7,0.0048037831210024397,1
9302.92336824314,7,0.0098381161600141261,1
9299.0664348063,7,0.027864899029812103,1
9295.20950136945,7,0.052233402517369611,1
9291.3525679326,7,0.02852086948758609,1
9287.49563449575,7,0.016212664326795665,1
9283.63870105891,7,0.022316445169246767,1
9279.78176762206,7,-0.024004816813837631,1
9275.92483418521,7,-0.05001840403657578,1
9272.06790074836,7,-0.047315538153896296,1
9268.21096731152,7,-0.063001473409603631,1
9264.35403387467,7,-0.027123997113760977,1
9260.49710043782,7,0.028051539244285072,1
9256.64016700098,7,0.027388498017119164,1
9252.78323356413,7,0.017075660243008942,1
9248.92630012728,7,0.020965109031326506,1
9245.06936669043,7,0.022090614188463833,1
9241.21243325358,7,0.044197384899300224,1
9237.35549981674,7,0.018808422135955211,1
9233.49856637989,7,-0.014916764252661766,1
9229.64163294304,7,0.010501450662184738,1
9225.7846995062,7,0.032847372394163264,1
9221.92776606935,7,0.019408746833228328,1
9218.0708326325,7,0.026012753921580197,1
9214.21389919565,7,-0.0050577072887843418,1
9210.35696575881,7,-0.011832504424321455,1
9206.50003232196,7,-5.7791398496441184e-05,1
9202.64309888511,7,-0.024296472319449411,1
9198.78616544826,7,-0.050048818951197019,1
9194.92923201142,7,-0.06803757383395892,1
9191.07229857457,7,-0.047604498866688501,1
9187.21536513772,7,-0.01428107393029333,1
9183.35843170088,7,-0.0068604166491617212,1
9179.50149826403,7,-0.0016574927461418824,1
9175.64456482718,7,-0.017656727964235123,1
9171.78763139033,7,-0.040588536074714236,1
9167.93069795349,7,-0.028681023435044639,1
9164.07376451664,7,-0.00030655790193147287,1
9160.21683107979,7,-0.0036423346466299177,1
9156.35989764294,7,-0.0044781626435011048,1
9152.5029642061,7,0.0045972325982045117,1
9148.64603076925,7,0.0097551062469744404,1
9144.7890973324,7,-0.0041388164326901277,1
9140.93216389556,7,-0.013523413068358098,1
9137.07523045871,7,-0.046294482553125078,1
9133.21829702186,7,-0.056539729894548828,1
9129.36136358501,7,-0.042864111221816138,1
9125.50443014817,7,-0.042404298785718969,1
9121.64749671132,7,-0.033977241782563686,1
9117.79056327447,7,-0.043935464746369841,1
9113.93362983762,7,-0.0028745594260957282,1
9110.07669640078,7,0.0031192959474771096,1
9106.21976296393,7,-0.022147247466698442,1
9102.36282952708,7,-0.036847681248515722,1
9098.50589609024,7,-0.030538809670434295,1
9094.64896265339,7,-0.015469246017678901,1
9090.79202921654,7,0.0047018778364125938,1
9086.93509577969,7,-0.0053939397367935432,1
9083.07816234285,7,-0.0085205733615687906,1
9079.221228906,7,-0.014195712790552333,1
9075.36429546915,7,-0.063966708235327255,1
9071.5073620323,7,-0.069439187303647038,1
9067.65042859546,7,-0.019067476784333945,1
9063.79349515861,7,0.022347878504927851,1
9059.93656172176,7,-0.010473154772759884,1
9056.07962828492,7,-0.046102608441447451,1
9052.22269484807,7,-0.014821954503218056,1
9048.36576141122,7,0.016161153005925587,1
9044.50882797437,7,0.011263600341903057,1
9040.65189453753,7,-0.011567285548904913,1
9036.79496110068,7,-0.011776582088178866,1
9032.93802766383,7,0.00049952233812221227,1
9029.08109422698,7,0.013374065510346287,1
9025.22416079014,7,-0.023806970375943436,1
9021.36722735329,7,-0.046965708973409764,1
9017.51029391644,7,-0.022650826452600061,1
9013.6533604796,7,-0.035192702306237056,1
9009.79642704275,7,-0.055697618391419415,1
9005.9394936059,7,-0.0277266119511703,1
9002.08256016905,7,0.0098458738821811873,1
8998.22562673221,7,0.003192527179618993,1
8994.36869329536,7,0.013919178849612983,1
8990.51175985851,7,0.018581600837357184,1
8986.65482642166,7,-0.0062017131754684811,1
8982.79789298482,7,-0.01305855155235741,1
8978.94095954797,7,-0.0023992096052697521,1
8975.08402611112,7,0.003178080882479525,1
8971.22709267428,7,-0.0072180485357986107,1
8967.37015923743,7,-0.025101477133209118,1
8963.51322580058,7,-0.039581118099820504,1
8959.65629236373,7,-0.032869362012526424,1
8955.79935892689,7,-0.024634405924135329,1
8951.94242549004,7,-0.044192062628779866,1
8948.08549205319,7,-0.047748575655747694,1
8944.22855861634,7,-0.029158179014134158,1
8940.3716251795,7,-0.00030805214975526652,1
8936.51469174265,7,0.0067189241546858547,1
8932.6577583058,7,-0.014260237664183949,1
8928.80082486896,7,-0.049364518398708028,1
8924.94389143211,7,-0.040753270357870686,1
8921.08695799526,7,-0.013370010285332402,1
8917.23002455841,7,-0.02366311581402808,1
8913.37309112157,7,-0.0040408133081039398,1
8909.51615768472,7,0.014641169881358145,1
8905.65922424787,7,0.0068980096293860208,1
8901.80229081102,7,0.013636258516440309,1
8897.94535737418,7,0.013325991672091211,1
8894.08842393733,7,-0.0053510932240236767,1
8890.23149050048,7,-0.012631222107775028,1
8886.37455706364,7,0.00049143450616137693,1
8882.51762362679,7,0.007327540972034358,1
8878.66069018994,7,0.0039476890180571,1
8874.80375675309,7,0.018599954857127246,1
8870.94682331625,7,0.022957252610410206,1
8867.0898898794,7,0.041011587226728076,1
8863.23295644255,7,0.028699289901192662,1
8859.3760230057,7,-0.015339225140321423,1
8855.51908956886,7,-0.03851081303620954,1
8851.66215613201,7,-0.00061022400199693195,1
8847.80522269516,7,0.031347098038540029,1
8843.94828925832,7,0.0070260201049296353,1
8840.09135582147,7,-0.031946739071125836,1
8836.23442238462,7,-0.017513325361543607,1
8832.37748894777,7,0.0085993072808376227,1
8828.52055551093,7,0.0013436504925640577,1
8824.66362207408,7,-0.026396039233645727,1
8820.80668863723,7,-0.033008771054788659,1
8816.94975520038,7,-0.0099529050238073586,1
8813.09282176354,7,0.0192948056923293,1
8809.23588832669,7,0.041687412645078525,1
8805.37895488984,7,0.03822356173156357,1
8801.522021453,7,0.010718919772745422,1
8797.66508801615,7,-0.005184255582175416,1
8793.8081545793,7,0.0047631956894781903,1
8789.95122114245,7,-0.0038978113064712838,1
8786.09428770561,7,-0.0072669900713471418,1
8782.23735426876,7,-0.00232369482949052,1
8778.38042083191,7,0.0036988432983338783,1
8774.52348739506,7,0.013715330017082214,1
8770.66655395822,7,0.022992138465758451,1
8766.80962052137,7,0.016397503012893416,1
8762.95268708452,7,-0.0068963958230269231,1
8759.09575364767,7,0.023184074399130644,1
8755.23882021083,7,0.048659379756924435,1
8751.38188677398,7,0.016160770880922312,1
8747.52495333713,7,-0.01064519734829737,1
8743.66801990029,7,-0.0073196040353659406,1
8739.81108646344,7,-0.016834916489687751,1
8735.95415302659,7,0.0042611563580539618,1
8732.09721958974,7,0.015348513930867913,1
8728.2402861529,7,-0.0084494565004051177,1
8724.38335271605,7,-0.0095471880097529136,1
8720.5264192792,7,0.018011766224268394,1
8716.66948584235,7,0.0027262793909820933,1
8712.81255240551,7,-0.002111926361743888,1
8708.95561896866,7,0.034133583691853445,1
8705.09868553181,7,0.03743985569273147,1
8701.24175209497,7,-0.010022122297378009,1
8697.38481865812,7,-0.035125644788590246,1
8693.52788522127,7,-0.012437485935754514,1
8689.67095178442,7,0.013872329661471826,1
8685.81401834758,7,0.03681863981948031,1
8681.95708491073,7,0.04776411446853758,1
8678.10015147388,7,0.071066619482856294,1
8674.24321803703,7,0.037850445393609919,1
8670.38628460019,7,-0.01432407463589595,1
8666.52935116334,7,-0.0056867691314224792,1
8662.67241772649,7,0.050074332636589738,1
8658.81548428965,7,0.020823766353669112,1
8654.9585508528,7,-0.025034755198323915,1
8651.10161741595,7,-0.016694830842584024,1
8647.2446839791,7,-0.024801426320131225,1
8643.38775054226,7,-0.01057930611813695,1
8639.53081710541,7,0.029480267539065214,1
8635.67388366856,7,0.025445980023657892,1
8631.81695023171,7,0.010385189054237602,1
8627.96001679487,7,0.019433934023435906,1
8624.10308335802,7,0.02614668719034911,1
8620.24614992117,7,0.020774869528226332,1
8616.38921648433,7,0.021076654329620803,1
8612.53228304748,7,0.009480747747793344,1
8608.67534961063,7,-0.020676570479232662,1
8604.81841617378,7,-0.047617275133122604,1
8600.96148273694,7,-0.033855210466198049,1
8597.10454930009,7,-0.027417523381125273,1
8593.24761586324,7,-0.014640923965872677,1
8589.39068242639,7,0.0036592470377304017,1
8585.53374898955,7,-0.014274526653788184,1
8581.6768155527,7,-0.040019448665636836,1
8577.81988211585,7,-0.041646665006917744,1
8573.96294867901,7,-0.028012251515943328,1
8570.10601524216,7,0.0092262500613522411,1
8566.24908180531,7,-0.011641824141445991,1
8562.39214836846,7,-0.079843912683547028,1
8558.53521493162,7,-0.080161835122302724,1
8554.67828149477,7,-0.047722396639073607,1
8550.82134805792,7,-0.033719116166065613,1
8546.96441462107,7,-0.0098854564605760954,1
8543.10748118423,7,0.0064528777159469008,1
8539.25054774738,7,0.00039625187464899421,1
8535.39361431053,7,-0.0011892238927617125,1
8531.53668087368,7,-0.018034950632683275,1
8527.67974743684,7,-0.01514231623632045,1
8523.82281399999,7,0.0080005483945627259,1
8519.96588056314,7,0.01056414595622104,1
8516.1089471263,7,-0.027744505132258429,1
8512.25201368945,7,-0.027170119963803318,1
8508.3950802526,7,-0.016371673661088684,1
8504.53814681575,7,-0.035647462281005765,1
8500.68121337891,7,-0.018245128554087085,1
8496.82427994206,7,-0.0014534153156275475,1
8492.96734650521,7,-0.025934767592827781,1
8489.11041306836,7,-0.037007091746764711,1
8485.25347963152,7,-0.00095611525873866439,1
8481.39654619467,7,0.0018776435814366543,1
8477.53961275782,7,-0.013067842863932193,1
8473.68267932098,7,0.0078124049283962394,1
8469.82574588413,7,0.029663886282022031,1
8465.96881244728,7,0.015656238270479451,1
8462.11187901043,7,-0.0034338664798907351,1
8458.25494557359,7,-0.0046668875063366451,1
8454.39801213674,7,0.0094004978920018394,1
8450.54107869989,7,0.0033872834276234961,1
8446.68414526304,7,-0.0031159516092095925,1
8442.8272118262,7,-0.0076959832501861973,1
8438.97027838935,7,-0.015060294595802369,1
8435.1133449525,7,-0.0029604225980412752,1
8431.25641151566,7,0.023206551069186863,1
8427.39947807881,7,0.046239997537951452,1
8423.54254464196,7,0.057149137976579584,1
8419.68561120511,7,0.048761012249319689,1
8415.82867776827,7,0.047700463647880498,1
8411.97174433142,7,0.017288333818339999,1
8408.11481089457,7,-0.017529943375045653,1
8404.25787745772,7,-0.017067552237668249,1
8400.40094402088,7,-0.014653466570715602,1
8396.54401058403,7,-0.0078508205986562666,1
8392.68707714718,7,0.015539009757053714,1
8388.83014371034,7,-0.01328254463715297,1
8384.97321027349,7,-0.010941627780068509,1
8381.11627683664,7,0.024288141026211844,1
8377.25934339979,7,0.015893859989451819,1
8373.40240996295,7,0.020407326043070325,1
8369.5454765261,7,0.045093063935509443,1
8365.68854308925,7,0.032660139980205165,1
8361.8316096524,7,0.022989291443172723,1
8357.97467621556,7,0.034417534268551569,1
8354.11774277871,7,0.042895753625913843,1
8350.26080934186,7,0.0023046294910359639,1
8346.40387590502,7,-0.022097630344627826,1
8342.54694246817,7,0.0035936544220240381,1
8338.69000903132,7,0.037947403743629704,1
8334.83307559447,7,0.052406182664524729,1
8330.97614215763,7,0.030652510701681408,1
8327.11920872078,7,0.003680444971813955,1
8323.26227528393,7,0.00059549635190237306,1
8319.40534184708,7,-0.0226135652021777,1
8315.54840841024,7,-0.031429258673738136,1
8311.69147497339,7,-0.027618836387838672,1
8307.83454153654,7,-0.019720214666559207,1
8303.97760809969,7,-0.0080190708911504465,1
8300.12067466285,7,-0.022542548637874738,1
8296.263741226,7,0.0093647885454597353,1
8292.40680778915,7,0.023094260408520726,1
8288.54987435231,7,-0.01997045842941023,1
8284.69294091546,7,-0.015411485649355948,1
8280.83600747861,7,-0.0031956491680953333,1
8276.97907404176,7,-0.013729975967618867,1
8273.12214060492,7,-0.012731608391857246,1
8269.26520716807,7,-0.031852576313932707,1
8265.40827373122,7,-0.053336045261809815,1
8261.55134029437,7,-0.025219606507375369,1
8257.69440685753,7,0.014843333004217517,1
8253.83747342068,7,0.016278377736769295,1
8249.98053998383,7,-0.0091330846378923445,1
8246.12360654699,7,0.0099652108419730021,1
8242.26667311014,7,0.049139269064098295,1
8238.40973967329,7,0.029370663199551613,1
8234.55280623644,7,0.010536289621608345,1
8230.6958727996,7,0.0066785719342719466,1
8226.83893936275,7,0.0024342490324035823,1
8222.9820059259,7,0.025518491987168612,1
8219.12507248905,7,0.039994405520285423,1
8215.26813905221,7,0.012118786125432894,1
8211.41120561536,7,0.016740519506986067,1
8207.55427217851,7,0.022257270360924074,1
8203.69733874167,7,0.030418995444326826,1
8199.84040530482,7,0.033250044125550958,1
8195.98347186797,7,0.052947057986339502,1
8192.12653843112,7,0.035861427111179227,1
8188.26960499428,7,-0.033168606601817745,1
8184.41267155743,7,-0.02666657324520447,1
8180.55573812058,7,0.0093712291475516879,1
8176.69880468373,7,0.0077992071834352885,1
8172.84187124689,7,-0.0089293598428701361,1
8168.98493781004,7,-0.013490002803588544,1
8165.12800437319,7,-0.018833566481052742,1
8161.27107093635,7,-0.014840992831136365,1
8157.4141374995,7,-0.013499564044599753,1
8153.55720406265,7,0.015189197619093198,1
8149.7002706258,7,0.036958312361823946,1
8145.84333718896,7,0.012871076147870825,1
8141.98640375211,7,-0.0025157818942413705,1
8138.12947031526,7,-0.021564206846752271,1
8134.27253687841,7,-0.022306279350479269,1
8130.41560344157,7,0.0036570873463636017,1
8126.55867000472,7,0.018569039662546288,1
8122.70173656787,7,0.032780983547828921,1
8118.84480313103,7,0.024373194830635006,1
8114.98786969418,7,0.018223769867386729,1
8111.13093625733,7,0.012757735580040924,1
8107.27400282048,7,0.0033053541523844895,1
8103.41706938364,7,0.0023941186917931724,1
8099.56013594679,7,-0.0053784687243753314,1
8095.70320250994,7,-0.0036127297519194406,1
8091.84626907309,7,-0.01519402026526117,1
8087.98933563625,7,-0.040023980785448353,1
8084.1324021994,7,-0.042450861757812118,1
8080.27546876255,7,-0.037638798828235585,1
8076.41853532571,7,-0.020729034586405112,1
8072.56160188886,7,0.0054180667597073301,1
8068.70466845201,7,0.012940333576247579,1
8064.84773501516,7,-0.0062566893380605979,1
8060.99080157832,7,-0.022804209667956321,1
8057.13386814147,7,-0.021665025516398779,1
8053.27693470462,7,-0.029699922368087186,1
8049.42000126777,7,-0.013222397623097081,1
8045.56306783093,7,0.0094528123974263641,1
8041.70613439408,7,-0.023247581101684081,1
8037.84920095723,7,-0.041497489150494789,1
8033.99226752039,7,-0.025771289688601318,1
8030.13533408354,7,-0.021486384131431984,1
8026.27840064669,7,-0.022658899610794883,1
8022.42146720984,7,-0.034748657817716348,1
8018.564533773,7,-0.05310795246366902,1
8014.70760033615,7,-0.037243474305924326,1
8010.8506668993,7,-0.0085752017686004031,1
8006.99373346245,7,-0.007389827636111671,1
8003.13680002561,7,-0.014115707066233153,1
7999.27986658876,7,-0.022935211698666216,1
7995.42293315191,7,-0.028442709810881487,1
7991.56599971507,7,-0.017309995513828058,1
7987.70906627822,7,-0.014316470161109592,1
7983.85213284137,7,-0.0071714518629567752,1
7979.99519940452,7,-0.02777845216591893,1
7976.13826596768,7,-0.033740128947032592,1
7972.28133253083,7,-0.025665608033783864,1
7968.42439909398,7,-0.001133911615576379,1
7964.56746565713,7,0.013556880674459317,1
7960.71053222029,7,0.025385511163344514,1
7956.85359878344,7,0.014293212907718818,1
7952.99666534659,7,-0.01171616832834281,1
7949.13973190975,7,-0.026643427199887038,1
7945.2827984729,7,0.0031739917133647793,1
7941.42586503605,7,0.015542072650868956,1
7937.5689315992,7,0.015002300323663098,1
7933.71199816236,7,0.033521598650826649,1
7929.85506472551,7,0.013087268943107491,1
7925.99813128866,7,-0.0103333910567888,1
7922.14119785181,7,0.0054729470143882802,1
7918.28426441497,7,-0.00093478333797687501,1
7914.42733097812,7,-0.0029993488759021037,1
7910.57039754127,7,0.016016332067953134,1
7906.71346410443,7,0.010622577714890055,1
7902.85653066758,7,0.0071271776352661948,1
7898.99959723073,7,0.017017028831558846,1
7895.14266379388,7,0.0020194747629042813,1
7891.28573035704,7,0.00043166942036535562,1
7887.42879692019,7,0.01960802979728947,1
7883.57186348334,7,0.011815370869278832,1
7879.71493004649,7,-0.012058138834983511,1
7875.85799660965,7,0.00048561425403530764,1
7872.0010631728,7,0.0069791825055817826,1
7868.14412973595,7,0.007352151094920348,1
7864.28719629911,7,1.3224693236071025e-05,1
7860.43026286226,7,0.0045413936533088778,1
7856.57332942541,7,0.020801657715045829,1
7852.71639598856,7,3.2693839145224763e-05,1
7848.85946255172,7,-0.0070811158707136867,1
7845.00252911487,7,0.020080250821509237,1
7841.14559567802,7,0.051613773072878663,1
7837.28866224117,7,0.06466645050024683,1
7833.43172880433,7,0.057774006365807533,1
7829.57479536748,7,0.024801097015270581,1
7825.71786193063,7,0.007061964184981488,1
7821.86092849379,7,0.015740772629107669,1
7818.00399505694,7,0.0005712287084732059,1
7814.14706162009,7,-0.016233440674479745,1
7810.29012818324,7,0.010497003222452183,1
7806.4331947464,7,0.020179902923471039,1
7802.57626130955,7,0.012397221828287858,1
7798.7193278727,7,0.029448027258868654,1
7794.86239443585,7,0.030801195022047586,1
7791.00546099901,7,0.033431732101989797,1
7787.14852756216,7,0.019797302368702294,1
7783.29159412531,7,0.0093299468784802022,1
7779.43466068847,7,0.0010691658693680179,1
7775.57772725162,7,-0.0018082568498069744,1
7771.72079381477,7,0.0086726735700508057,1
7767.86386037792,7,0.015782255648232806,1
7764.00692694107,7,0.017256478858719355,1
7760.14999350423,7,0.029070788769562678,1
7756.29306006738,7,0.036212134159717413,1
7752.43612663053,7,0.024263180545702791,1
7748.57919319369,7,0.0088669597134956261,1
7744.72225975684,7,0.028489791241491515,1
7740.86532631999,7,0.043925759084201536,1
7737.00839288315,7,0.046698854713692152,1
7733.1514594463,7,0.038290571510034635,1
7729.29452600945,7,0.016374756538852377,1
7725.4375925726,7,0.0076002626631329218,1
7721.58065913575,7,0.009058445394647556,1
7717.72372569891,7,0.023212169506502209,1
7713.86679226206,7,0.027131457972616506,1
7710.00985882521,7,0.018104572625435002,1
7706.15292538837,7,0.023203151513587005,1
7702.29599195152,7,0.010935404271850446,1
7698.43905851467,7,0.0094126379057458999,1
7694.58212507782,7,0.0086306753308829729,1
7690.72519164098,7,0.019724392177623597,1
7686.86825820413,7,0.0057129180482178308,1
7683.01132476728,7,-0.0064492761289706609,1
7679.15439133043,7,0.0042213142483638472,1
7675.29745789359,7,0.017979657559215975,1
7671.44052445674,7,0.014966903843802861,1
7667.58359101989,7,0.016264514098091105,1
7663.72665758305,7,0.023391104405204328,1
7659.8697241462,7,0.020273030669815457,1
7656.01279070935,7,0.011064077293939552,1
7652.1558572725,7,0.0068740475511189338,1
7648.29892383566,7,0.016874171033646978,1
7644.44199039881,7,0.031990451180907618,1
7640.58505696196,7,0.022435333486991661,1
7636.72812352511,7,-0.015192608748321391,1
7632.87119008827,7,-0.000226968551394889,1
7629.01425665142,7,0.015128887823928639,1
7625.15732321457,7,0.016211202961075557,1
7621.30038977773,7,-0.0022830266079980005,1
7617.44345634088,7,-0.012861001808576447,1
7613.58652290403,7,-0.00012693441418187466,1
7609.72958946718,7,0.012039946970472684,1
7605.87265603034,7,0.01539300169229872,1
7602.01572259349,7,0.0079269863268061468,1
7598.15878915664,7,-0.011481254569853773,1
7594.30185571979,7,-0.018062118592004558,1
7590.44492228295,7,-0.022806798985562319,1
7586.5879888461,7,-0.010192296542177027,1
7582.73105540925,7,0.010999120421831928,1
7578.87412197241,7,0.0098333631427405775,1
7575.01718853556,7,-0.0026203992216716006,1
7571.16025509871,7,-0.017139600348270535,1
7567.30332166186,7,-0.0026112706995617485,1
7563.44638822502,7,-0.017736036223093291,1
7559.58945478817,7,-0.027581250914969574,1
7555.73252135132,7,-0.026917935217949274,1
7551.87558791447,7,-0.027707810539084877,1
7548.01865447763,7,-0.043635605010665206,1
7544.16172104078,7,-0.03555272344705783,1
7540.30478760393,7,-0.021301768420941277,1
7536.44785416709,7,-0.042433874697845549,1
7532.59092073024,7,-0.052994501588518837,1
7528.73398729339,7,-0.04283976073646896,1
7524.87705385654,7,-0.022878283426028916,1
7521.0201204197,7,-0.012811699413135594,1
7517.16318698285,7,-0.01492521982746684,1
7513.306253546,7,-0.021745133669413535,1
7509.44932010915,7,-0.040951933318030945,1
7505.59238667231,7,-0.042491741775728564,1
7501.73545323546,7,-0.042551253568810822,1
7497.87851979861,7,-0.034854947711943182,1
7494.02158636177,7,-0.012813693763078641,1
7490.16465292492,7,-0.0098587133616338182,1
7486.30771948807,7,-0.0097994596107001015,1
7482.45078605122,7,-0.028575721878769764,1
7478.59385261438,7,-0.0373123184613861,1
7474.73691917753,7,-0.022703039924882311,1
7470.87998574068,7,-0.029650872500037822,1
7467.02305230383,7,-0.059773762792590467,1
7463.16611886699,7,-0.071498838089477518,1
7459.30918543014,7,-0.038526683953782781,1
7455.45225199329,7,-0.025617055142408425,1
7451.59531855645,7,-0.035636357817876121,1
7447.7383851196,7,-0.022364910803789956,1
7443.88145168275,7,0.0030469047447078353,1
7440.0245182459,7,-0.0072641723824165352,1
7436.16758480906,7,-0.028368607026844843,1
7432.31065137221,7,-0.016906702739504207,1
7428.45371793536,7,-0.022453068594133249,1
7424.59678449851,7,-0.021274847239795683,1
7420.73985106167,7,-0.0046577477689149606,1
7416.88291762482,7,-0.0031033000302367443,1
7413.02598418797,7,-0.03174757100250665,1
7409.16905075113,7,-0.019270974427037114,1
7405.31211731428,7,0.02543223666235208,1
7401.45518387743,7,0.052300874141485355,1
7397.59825044058,7,0.042363584958152303,1
7393.74131700374,7,0.020951924268273872,1
7389.88438356689,7,-0.0093024397863969085,1
7386.02745013004,7,-0.0082163747426463474,1
7382.17051669319,7,0.02068225377953388,1
7378.31358325635,7,0.045847116707147882,1
7374.4566498195,7,-0.010161980623723067,1
7370.59971638265,7,0.01013961831224503,1
7366.74278294581,7,0.062582665746143046,1
7362.88584950896,7,0.043995694573488342,1
7359.02891607211,7,-0.0097667925706812243,1
7355.17198263526,7,-0.015994445763101203,1
7351.31504919842,7,0.014211707471825688,1
7347.45811576157,7,0.035007118783309227,1
7343.60118232472,7,0.041634122347528689,1
7339.74424888787,7,0.007428337007547102,1
7335.88731545103,7,-0.017851340223316345,1
7332.03038201418,7,-0.004921103058992969,1
7328.17344857733,7,-0.012963879679080224,1
7324.31651514049,7,-0.018200199502047508,1
7320.45958170364,7,-0.0093150411809445454,1
7316.60264826679,7,-0.014715399764258719,1
7312.74571482994,7,0.0098558864814256922,1
7308.8887813931,7,0.0064096991867854643,1
7305.03184795625,7,-0.0021181599292877341,1
7301.1749145194,7,0.026332511305887648,1
7297.31798108255,7,0.030113415886513291,1
7293.46104764571,7,0.0041182595949568563,1
7289.60411420886,7,-0.018471148296588965,1
7285.74718077201,7,-0.0085803975766039278,1
7281.89024733516,7,-0.0024725139168943898,1
7278.03331389832,7,-0.0011973701832317417,1
7274.17638046147,7,0.0081991180970477778,1
7270.31944702462,7,0.01107962149607856,1
7266.46251358778,7,0.0048266173253377264,1
7262.60558015093,7,0.025358138206398647,1
7258.74864671408,7,0.033165954641802574,1
7254.89171327723,7,0.010279080684446952,1
7251.03477984039,7,-0.054125081512838652,1
7247.17784640354,7,-0.041683703369504284,1
7243.32091296669,7,-0.010432014776047162,1
7239.46397952984,7,-0.010055927240130044,1
7235.607046093,7,0.029836513570867244,1
7231.75011265615,7,0.0095089416108280773,1
7227.8931792193,7,-0.0037990372496778595,1
7224.03624578246,7,0.020116679804865197,1
7220.17931234561,7,0.059266796660991779,1
7216.32237890876,7,0.050155995935019834,1
7212.46544547191,7,0.0089499723639604595,1
7208.60851203507,7,0.0086533708742814758,1
7204.75157859822,7,0.023106185918843176,1
7200.89464516137,7,0.024581511516244114,1
7197.03771172452,7,0.03822010249543558,1
7193.18077828768,7,0.049337821917900017,1
7189.32384485083,7,0.048207372361628816,1
7185.46691141398,7,0.050310632883459432,1
7181.60997797714,7,0.026842459070367024,1
7177.75304454029,7,-0.020363615817564025,1
7173.89611110344,7,-0.004828671106146089,1
7170.03917766659,7,-0.010474182577158382,1
7166.18224422975,7,-0.033264950365312941,1
7162.3253107929,7,0.0138059788287081,1
7158.46837735605,7,0.04033827748060799,1
7154.6114439192,7,0.0040886101542532086,1
7150.75451048236,7,-0.028344445717360077,1
7146.89757704551,7,-0.024495781758049954,1
7143.04064360866,7,-0.020158759293355161,1
7139.18371017182,7,-0.034863566572927752,1
7135.32677673497,7,-0.0011306593771179953,1
7131.46984329812,7,0.008598279883533632,1
7127.61290986127,7,-0.029615101398836639,1
7123.75597642443,7,-0.024474560528331659,1
7119.89904298758,7,-0.015668238300931267,1
7116.04210955073,7,-0.068963835078714689,1
7112.18517611388,7,-0.038713063902765889,1
7108.32824267704,7,-0.0084765412806479846,1
7104.47130924019,7,-0.025840713112051196,1
7100.61437580334,7,-0.0024756804791865273,1
7096.7574423665,7,0.018322164716550265,1
7092.90050892965,7,-0.0055749331382059274,1
7089.0435754928,7,-0.0035394389180089607,1
7085.18664205595,7,-0.013705549364781834,1
7081.32970861911,7,0.0085367980002269677,1
7077.47277518226,7,0.030304300673258035,1
7073.61584174541,7,0.020216138827825053,1
7069.75890830856,7,0.022580969567131466,1
7065.90197487172,7,0.01368521821335774,1
7062.04504143487,7,0.0032358082339134855,1
7058.18810799802,7,-0.0059830518645372817,1
7054.33117456117,7,-0.0095370023142120428,1
7050.47424112433,7,0.003339594649783889,1
7046.61730768748,7,0.014997731197348556,1
7042.76037425063,7,0.012630445720298518,1
7038.90344081379,7,-0.00096461230318278779,1
7035.04650737694,7,-0.024705490089596747,1
7031.18957394009,7,-0.025133720309794355,1
7027.33264050324,7,-0.010816163872247141,1
7023.4757070664,7,-0.0016447166928422203,1
7019.61877362955,7,-0.024469168342749491,1
7015.7618401927,7,-0.04635210737914279,1
7011.90490675585,7,-0.029137597650480122,1
7008.04797331901,7,-0.01099101676693052,1
7004.19103988216,7,-0.022765177476713635,1
7000.33410644531,7,-0.023735403206481313,1
6996.47717300847,7,-0.017418158108282192,1
6992.62023957162,7,-0.029509029049656778,1
6988.76330613477,7,-0.0098474306536040293,1
6984.90637269792,7,0.0047008913714891255,1
6981.04943926108,7,-0.0021570928509523479,1
6977.19250582423,7,-0.025410413744644662,1
6973.33557238738,7,-0.01919839741061289,1
6969.47863895053,7,-0.033433140863749322,1
6965.62170551369,7,-0.0377691049948655,1
6961.76477207684,7,-0.031537494415895491,1
6957.90783863999,7,-0.018529212249472297,1
6954.05090520315,7,-0.0054143421997027916,1
6950.1939717663,7,-0.017415188861175018,1
6946.33703832945,7,-0.02491071857975392,1
6942.4801048926,7,-0.0031446940537817845,1
6938.62317145576,7,0.0033775348469620606,1
6934.76623801891,7,0.0065537850900358186,1
6930.90930458206,7,0.012043120851914212,1
6927.05237114521,7,0.0083360965780777778,1
6923.19543770837,7,0.0014379509651193574,1
6919.33850427152,7,0.015048960343621498,1
6915.48157083467,7,0.025069505536803805,1
6911.62463739783,7,0.0078137889951993382,1
6907.76770396098,7,-0.011898285527621243,1
6903.91077052413,7,-0.01501068055280408,1
6900.05383708728,7,-0.004207711618880363,1
6896.19690365044,7,0.0045394018735647728,1
6892.33997021359,7,0.0055292767504297752,1
6888.48303677674,7,0.00327187616480686,1
6884.62610333989,7,-0.011804436297079958,1
6880.76916990305,7,-0.019082428014764934,1
6876.9122364662,7,-0.0095497976589670013,1
6873.05530302935,7,0.0099161648197572637,1
6869.19836959251,7,0.0076404921426871655,1
6865.34143615566,7,-0.003084853694479907,1
6861.48450271881,7,-0.0030987303621480152,1
6857.62756928196,7,-0.0068492157793101603,1
6853.77063584512,7,-0.022854389799574978,1
6849.91370240827,7,-0.012136121009883807,1
6846.05676897142,7,0.0056407337996076789,1
6842.19983553457,7,-0.009834515739617666,1
6838.34290209773,7,-0.022541611666562565,1
6834.48596866088,7,-0.0058717560387427847,1
6830.62903522403,7,-0.0070025516802310808,1
6826.77210178718,7,-0.0053601894125656522,1
6822.91516835034,7,0.0036354957649431794,1
6819.05823491349,7,0.0082518977756905181,1
6815.20130147664,7,-0.00067271406123022644,1
6811.3443680398,7,-0.012164480622803083,1
6807.48743460295,7,-0.015348873867801757,1
6803.6305011661,7,-0.0033732962089604288,1
6799.77356772925,7,0.0063154921248456154,1
6795.91663429241,7,0.011910380304854027,1
6792.05970085556,7,0.010039500460707009,1
6788.20276741871,7,0.012165679736168309,1
6784.34583398186,7,0.010797335236039207,1
6780.48890054502,7,-0.0026594526204031261,1
6776.63196710817,7,-0.010675557184911134,1
6772.77503367132,7,-0.00053649161136469666,1
6768.91810023448,7,-0.00024546586070544956,1
6765.06116679763,7,-0.0029430814930475322,1
6761.20423336078,7,0.0042453739580858426,1
6757.34729992393,7,0.011463344834081622,1
6753.49036648709,7,-0.00036943151342579275,1
6749.63343305024,7,-0.003174996884919064,1
6745.77649961339,7,-0.0081637751504636986,1
6741.91956617654,7,-0.0060595478603266617,1
6738.0626327397,7,-0.00010685436697633341,1
6734.20569930285,7,0.0019401604772282047,1
6730.348765866,7,-0.0077755066563578168,1
6726.49183242916,7,-0.01370802717415593,1
6722.63489899231,7,-0.010926648695720948,1
6718.77796555546,7,-0.0073004430101463865,1
6714.92103211861,7,-0.0097126771681098241,1
6711.06409868177,7,-0.0086915610006297762,1
6707.20716524492,7,-0.00090534990742452697,1
6703.35023180807,7,0.0024237727914726234,1
6699.49329837122,7,0.0019126024018748205,1
6695.63636493438,7,-0.0037418485703249009,1
6691.77943149753,7,-0.034157575298957327,1
6687.92249806068,7,-0.032297796737401595,1
6684.06556462384,7,-0.014370411284276029,1
6680.20863118699,7,0.0073790006056466658,1
6676.35169775014,7,0.004750626539995583,1
6672.49476431329,7,-0.013351934032719863,1
6668.63783087645,7,-0.019465619464712772,1
6664.7808974396,7,-0.007948347187810163,1
6660.92396400275,7,-0.00094338206589026437,1
6657.0670305659,7,-0.0037183868621978836,1
6653.21009712906,7,-0.014713756078662581,1
6649.35316369221,7,-0.012655733473405416,1
6645.49623025536,7,-0.010456896780512339,1
6641.63929681852,7,-0.0062304142241120892,1
6637.78236338167,7,-6.3141547901437406e-05,1
6633.92542994482,7,0.019931727412912718,1
6630.06849650797,7,0.0092425575972635548,1
6626.21156307113,7,-0.0067504903608845545,1
6622.35462963428,7,-0.0031590221590843677,1
6618.49769619743,7,0.010654474860903138,1
6614.64076276058,7,0.0053131095707109203,1
6610.78382932374,7,0.0013098559565598549,1
6606.92689588689,7,-0.0079263029067461431,1
6603.06996245004,7,-0.017941422222195455,1
6599.2130290132,7,-0.023621924705136528,1
6595.35609557635,7,-0.007788215305751048,1
6591.4991621395,7,0.011860317420921626,1
6587.64222870265,7,0.00056899525486855756,1
6583.78529526581,7,-0.00024609438904220972,1
6579.92836182896,7,-0.0032166896248659875,1
6576.07142839211,7,-0.011057444274879613,1
6572.21449495526,7,0.010604710938309943,1
6568.35756151842,7,0.018693362110628345,1
6564.50062808157,7,0.0087411759928575344,1
6560.64369464472,7,0.0010693044930802447,1
6556.78676120788,7,0.0045593771594703795,1
6552.92982777103,7,0.013502221846668759,1
6549.07289433418,7,0.019285647529875268,1
6545.21596089733,7,0.012834141350666304,1
6541.35902746049,7,0.0080253211655347267,1
6537.50209402364,7,0.017370018437643998,1
6533.64516058679,7,0.0032633789646592114,1
6529.78822714994,7,-0.0093398852090127021,1
6525.9312937131,7,-0.0035403751288936663,1
6522.07436027625,7,-0.0043614473668549892,1
6518.2174268394,7,-0.0013119510519164859,1
6514.36049340256,7,0.0063441131224996981,1
6510.50355996571,7,0.0039703325464904762,1
6506.64662652886,7,0.0088082712235696536,1
6502.78969309201,7,0.0068461950670435116,1
6498.93275965517,7,-0.00010485890130864705,1
6495.07582621832,7,-0.0014972265104512561,1
6491.21889278147,7,-0.0023606658898357199,1
6487.36195934462,7,0.014449494005770072,1
6483.50502590778,7,0.036691924853861566,1
6479.64809247093,7,0.029779514109065684,1
6475.79115903408,7,0.003710537744298659,1
6471.93422559724,7,-0.006432800394779066,1
6468.07729216039,7,0.00035392979396296119,1
6464.22035872354,7,0.0067304212781757232,1
6460.36342528669,7,0.0044335979121973273,1
6456.50649184985,7,0.012062585375990136,1
6452.649558413,7,0.019654268792788723,1
6448.79262497615,7,0.013015202963558049,1
6444.9356915393,7,0.0036281199016917113,1
6441.07875810246,7,-0.013698049877909882,1
6437.22182466561,7,-0.0019128580676825025,1
6433.36489122876,7,0.0027314364994125402,1
6429.50795779192,7,0.0086926589040772911,1
6425.65102435507,7,0.011102962138021439,1
6421.79409091822,7,0.0042045029457440696,1
6417.93715748137,7,0.011386612698828957,1
6414.08022404453,7,0.02008535359716775,1
6410.22329060768,7,0.016313687031902897,1
6406.36635717083,7,0.0041977940704335231,1
6402.50942373398,7,0.0031072810958895926,1
6398.65249029714,7,-0.0050487401692000883,1
6394.79555686029,7,-0.0073768794323359234,1
6390.93862342344,7,0.007074156654638346,1
6387.08168998659,7,0.0051659654723570474,1
6383.22475654975,7,0.0056557575774020688,1
6379.3678231129,7,0.0046281943703625206,1
6375.51088967605,7,0.0017377852628012696,1
6371.6539562392,7,-0.00017819816065269375,1
6367.79702280236,7,0.0048576219767404172,1
6363.94008936551,7,0.0070861217054424518,1
6360.08315592866,7,-0.0087078513675582329,1
6356.22622249182,7,-0.0046933877285277072,1
6352.36928905497,7,0.0086213239498040689,1
6348.51235561812,7,0.014084014175188671,1
6344.65542218127,7,0.0072855931956838562,1
6340.79848874443,7,-0.0027293925697076103,1
6336.94155530758,7,-0.0073991823698743029,1
6333.08462187073,7,0.0015890689540077267,1
6329.22768843388,7,-0.0015756099311455911,1
6325.37075499704,7,-0.0054620818018938479,1
6321.51382156019,7,-0.0056869963195666949,1
6317.65688812334,7,-0.0051523299843440219,1
6313.7999546865,7,0.0019001346891501709,1
6309.94302124965,7,-0.0074475470159343195,1
6306.0860878128,7,-0.010917426805763799,1
6302.22915437595,7,0.0041542584734377492,1
6298.37222093911,7,0.0038088794545624786,1
6294.51528750226,7,-0.01598691932925923,1
6290.65835406541,7,-0.025250786075041869,1
6286.80142062856,7,-0.019918393872819816,1
6282.94448719172,7,-0.0066466654022405407,1
6279.08755375487,7,-0.0022820882943729252,1
6275.23062031802,7,-0.0063187020221064111,1
6271.37368688118,7,-0.013018174204190755,1
6267.51675344433,7,-0.0057304055950179048,1
6263.65982000748,7,0.0049089663163570888,1
6259.80288657063,7,-0.0046879684691352487,1
6255.94595313379,7,-0.0035093936070251879,1
6252.08901969694,7,-0.0058176110641066023,1
6248.23208626009,7,-0.011144969427985157,1
6244.37515282324,7,-0.0095273200687846591,1
6240.5182193864,7,-0.013969095825226723,1
6236.66128594955,7,-0.01468331774742916,1
6232.8043525127,7,-0.011531260119869555,1
6228.94741907586,7,-0.016224400283110771,1
6225.09048563901,7,-0.01770178048160927,1
6221.23355220216,7,-0.017572408166586305,1
6217.37661876531,7,-0.012073268987917607,1
6213.51968532847,7,-0.0082722787859851356,1
6209.66275189162,7,0.0024644746055564391,1
6205.80581845477,7,-0.0024404514955240998,1
6201.94888501792,7,-0.0054592623190184743,1
6198.09195158108,7,-0.0019941240860827866,1
6194.23501814423,7,0.0026043179106702433,1
6190.37808470738,7,0.0019408843148354951,1
6186.52115127054,7,-0.01028568484687626,1
6182.66421783369,7,-0.011189305318842369,1
6178.80728439684,7,0.0034792332479176291,1
6174.95035095999,7,0.0089118528265532612,1
6171.09341752315,7,-0.00083776013359627716,1
6167.2364840863,7,0.00020215179758283365,1
6163.37955064945,7,0.0035373871944353132,1
6159.5226172126,7,0.0088163192475622602,1
6155.66568377576,7,0.0081003567894600836,1
6151.80875033891,7,-0.0028293080635872058,1
6147.95181690206,7,-0.011422232085846194,1
6144.09488346522,7,0.00058917300016688931,1
6140.23795002837,7,0.015376394680574732,1
6136.38101659152,7,0.0092092281890467764,1
6132.52408315467,7,0.00043362645389413804,1
6128.66714971783,7,0.0041576423586026897,1
6124.81021628098,7,0.012622649327169418,1
6120.95328284413,7,0.0095174643521568538,1
6117.09634940728,7,0.0043610645873082485,1
6113.23941597044,7,-0.002829225701079306,1
6109.38248253359,7,-0.0099141560981673808,1
6105.52554909674,7,-0.0036457841793430625,1
6101.6686156599,7,-0.0047685676282244738,1
6097.81168222305,7,-0.0042976718677755826,1
6093.9547487862,7,0.0075884623142874301,1
6090.09781534935,7,0.0053031740110183806,1
6086.24088191251,7,-0.0012828852967551169,1
6082.38394847566,7,-0.0035872835019702168,1
6078.52701503881,7,-0.0035932932369335336,1
6074.67008160196,7,0.0038709646403916375,1
6070.81314816512,7,0.016549197833811688,1
6066.95621472827,7,0.019730549377127295,1
6063.09928129142,7,0.017980750959461472,1
6059.24234785458,7,0.013074111222781175,1
6055.38541441773,7,0.0033299389123448565,1
6051.52848098088,7,0.0098861951235906138,1
6047.67154754403,7,0.017113070857178083,1
6043.81461410719,7,0.011504174608544715,1
6039.95768067034,7,0.019369746608177026,1
6036.10074723349,7,0.032034369572015588,1
6032.24381379664,7,0.03292484315582541,1
6028.3868803598,7,0.026638846964320933,1
6024.52994692295,7,0.025865006993045992,1
6020.6730134861,7,0.029682851722870558,1
6016.81608004926,7,0.030977204041761935,1
6012.95914661241,7,0.042458626050075415,1
6009.10221317556,7,0.050318703984486013,1
6005.24527973871,7,0.040961168887599771,1
6001.38834630187,7,0.033741825017419867,1
5997.53141286502,7,0.045579972760313163,1
5993.67447942817,7,0.044906596648447476,1
5989.81754599132,7,0.031874476306274199,1
5985.96061255448,7,0.0095802294740838598,1
5982.10367911763,7,-0.0047831184847812016,1
5978.24674568078,7,0.0086858735384068835,1
5974.38981224394,7,0.025514578810459407,1
5970.53287880709,7,0.024255738156660354,1
5966.67594537024,7,0.027339460802255359,1
5962.81901193339,7,0.025252384401069673,1
5958.96207849655,7,0.011176426871096571,1
5955.1051450597,7,0.016929983679907359,1
5951.24821162285,7,0.020057409965518712,1
5947.391278186,7,0.017025651252240249,1
5943.53434474916,7,0.010368855196331199,1
5939.67741131231,7,0.003099431207985661,1
5935.82047787546,7,0.0014464306509420475,1
5931.96354443862,7,0.0094064118529071806,1
5928.10661100177,7,0.0097022848669214533,1
5924.24967756492,7,0.0058796081652452252,1
5920.39274412807,7,0.0056539411845764201,1
5916.53581069123,7,0.005279379885660203,1
5912.67887725438,7,0.0013295377384692998,1
5908.82194381753,7,-0.00032826349975211482,1
5904.96501038068,7,0.0065510549524133745,1
5901.10807694384,7,0.012767827349261291,1
5897.25114350699,7,0.024044256590363345,1
5893.39421007014,7,0.019566912777831326,1
5889.5372766333,7,0.029867111949973685,1
5885.68034319645,7,0.028826837359895181,1
5881.8234097596,7,0.033241812790597347,1
5877.96647632275,7,0.024334756946728882,1
5874.10954288591,7,0.012085203093838719,1
5870.25260944906,7,0.011367413463563115,1
5866.39567601221,7,0.014299684160286265,1
5862.53874257536,7,0.013769847463449895,1
5858.68180913852,7,0.015114087889606343,1
5854.82487570167,7,0.0087642097381546401,1
5850.96794226482,7,0.002008603646498467,1
5847.11100882798,7,-0.0096757644274693029,1
5843.25407539113,7,-0.005883987231680256,1
5839.39714195428,7,-0.00076736823694742049,1
5835.54020851743,7,-0.013398963117034949,1
5831.68327508059,7,-0.015741741320562615,1
5827.82634164374,7,-0.011049013759692927,1
5823.96940820689,7,-0.014349187689454366,1
5820.11247477004,7,-0.030517463170926757,1
5816.2555413332,7,-0.038236902585764398,1
5812.39860789635,7,-0.049463195451322189,1
5808.5416744595,7,-0.058250923026699979,1
5804.68474102266,7,-0.060385161068363946,1
5800.82780758581,7,-0.048059486504578225,1
5796.97087414896,7,-0.036538954213637911,1
5793.11394071211,7,-0.036458067174486714,1
5789.25700727527,7,-0.032535524225431836,1
5785.40007383842,7,-0.032012431541297848,1
5781.54314040157,7,-0.025868493598720746,1
5777.68620696472,7,-0.031136946302074919,1
5773.82927352788,7,-0.041189741310843596,1
5769.97234009103,7,-0.023772231585131566,1
5766.11540665418,7,-0.0078006142375891289,1
5762.25847321733,7,-0.017737890822821529,1
5758.40153978049,7,-0.019833769490703576,1
5754.54460634364,7,-0.014618718645086504,1
5750.68767290679,7,-0.0041922533023487094,1
5746.83073946995,7,-0.011353496907460535,1
5742.9738060331,7,-0.01059925588697856,1
5739.11687259625,7,-0.0095356794063920537,1
5735.2599391594,7,-0.0011656068549371172,1
5731.40300572256,7,0.0014060796799188243,1
5727.54607228571,7,0.0023259307848779438,1
5723.68913884886,7,0.005088839932149012,1
5719.83220541201,7,0.018229309295637489,1
5715.97527197517,7,0.019154796505005591,1
5712.11833853832,7,0.012280131423306327,1
5708.26140510147,7,0.014652672618546671,1
5704.40447166463,7,0.019935522867426347,1
5700.54753822778,7,0.026705792859385315,1
5696.69060479093,7,0.023738875681548994,1
5692.83367135408,7,0.020826990619678739,1
5688.97673791724,7,0.020545981658000111,1
5685.11980448039,7,0.015165841745623557,1
5681.26287104354,7,0.0063027503540524724,1
5677.40593760669,7,0.013659243913597321,1
5673.54900416985,7,0.024432826287657781,1
5669.692070733,7,0.023421020897336435,1
5665.83513729615,7,0.013750993882198567,1
5661.97820385931,7,0.0066825897410907704,1
5658.12127042246,7,0.011050026766839494,1
5654.26433698561,7,0.0088230397984487129,1
5650.40740354876,7,0.0016860497004453495,1
5646.55047011192,7,-0.0034943512296540685,1
5642.69353667507,7,0.0047290492513714366,1
5638.83660323822,7,0.0049321092226174354,1
5634.97966980137,7,0.00030272996182324123,1
5631.12273636453,7,-0.0049798990287762733,1
5627.26580292768,7,-0.0052715440876763648,1
5623.40886949083,7,-0.006050275856615963,1
5619.55193605399,7,-0.0052170557709914625,1
5615.69500261714,7,-0.0074402641975465783,1
5611.83806918029,7,0.0042744763493175048,1
5607.98113574344,7,0.0026891342307016428,1
5604.1242023066,7,-0.0013747018205802445,1
5600.26726886975,7,-0.0051407614144699078,1
5596.4103354329,7,-0.0050693877820191429,1
5592.55340199605,7,-0.013874968567002207,1
5588.69646855921,7,-0.018808020053385787,1
5584.83953512236,7,-0.0065492688717126817,1
5580.98260168551,7,0.0058812275158483234,1
5577.12566824867,7,0.01112195617750753,1
5573.26873481182,7,0.011990167265287684,1
5569.41180137497,7,0.0038114691902609056,1
5565.55486793812,7,-0.0065032625454432462,1
5561.69793450128,7,-0.0019580200757067534,1
5557.84100106443,7,-0.0058342101821017263,1
5553.98406762758,7,-0.0082372516350746449,1
5550.12713419073,7,-0.0034992377590397786,1
5546.27020075389,7,0.00023536747552142643,1
5542.41326731704,7,0.0071153146535265993,1
5538.55633388019,7,-0.0070634057939741096,1
5534.69940044334,7,-0.0082278772845648593,1
5530.8424670065,7,-0.0082016479495174276,1
5526.98553356965,7,-0.0019292947205120153,1
5523.1286001328,7,0.0063878791959440925,1
5519.27166669596,7,0.0072109709036440517,1
5515.41473325911,7,-0.0099677059308643633,1
5511.55779982226,7,-0.0061759190143000284,1
5507.70086638541,7,-0.0095532338239912983,1
5503.84393294857,7,-0.018005150754237639,1
5499.98699951172,7,-0.029127512691152328,1
5496.13006607487,7,-0.023749171131463558,1
5492.27313263802,7,-0.0093835740026073991,1
5488.41619920118,7,-0.0099680135835414178,1
5484.55926576433,7,-0.02915072081543648,1
5480.70233232748,7,-0.017963159765829354,1
5476.84539889064,7,-0.02116458028009183,1
5472.98846545379,7,-0.027434706252926881,1
5469.13153201694,7,-0.014445909711800604,1
5465.27459858009,7,-0.010920868407967707,1
5461.41766514325,7,-0.030448118036057382,1
5457.5607317064,7,-0.03906137206676203,1
5453.70379826955,7,-0.022011187057884369,1
5449.8468648327,7,-0.0037755087440063013,1
5445.98993139586,7,-0.010088783723560788,1
5442.13299795901,7,-0.04031470866511723,1
5438.27606452216,7,-0.058648120833305721,1
5434.41913108532,7,-0.032522945662402672,1
5430.56219764847,7,-0.00081623115020786757,1
5426.70526421162,7,-0.016166094499678822,1
5422.84833077477,7,-0.025741263191480412,1
5418.99139733793,7,-0.033498383974526681,1
5415.13446390108,7,-0.027963318543738042,1
5411.27753046423,7,-0.0045056548736468454,1
5407.42059702738,7,-0.016570061856922596,1
5403.56366359054,7,-0.0045758594388045437,1
5399.70673015369,7,-0.017149910207225828,1
5395.84979671684,7,-0.017120245828138352,1
5391.99286328,7,-0.024216455972622404,1
5388.13592984315,7,-0.018895771306320502,1
5384.2789964063,7,-0.032845264363216414,1
5380.42206296945,7,-0.037373042672911777,1
5376.56512953261,7,-0.039212022687276499,1
5372.70819609576,7,-0.019715906841639663,1
5368.85126265891,7,-0.0052634958151295116,1
5364.99432922206,7,0.0033343809322866694,1
5361.13739578522,7,-0.026393133613969291,1
5357.28046234837,7,-0.026419760137110743,1
5353.42352891152,7,-0.031595278626263802,1
5349.56659547468,7,-0.035702435267220528,1
5345.70966203783,7,-0.018501966534335335,1
5341.85272860098,7,0.012096633600046175,1
5337.99579516413,7,0.0021909060254846863,1
5334.13886172729,7,-0.013834440735840524,1
5330.28192829044,7,0.0096475111852267655,1
5326.42499485359,7,0.023976634494988266,1
5322.56806141674,7,0.016085864669337684,1
5318.7111279799,7,0.0043960716577106009,1
5314.85419454305,7,-0.014011114598386434,1
5310.9972611062,7,-0.0095442158434447082,1
5307.14032766935,7,0.0032170891999785903,1
5303.28339423251,7,0.032936374460044875,1
5299.42646079566,7,0.028585287812803315,1
5295.56952735881,7,0.037580829187343595,1
5291.71259392197,7,0.054454344415804025,1
5287.85566048512,7,0.064645758077585991,1
5283.99872704827,7,0.083205929771592288,1
5280.14179361142,7,0.073113605476460453,1
5276.28486017458,7,0.046378944859425904,1
5272.42792673773,7,0.055529719379047722,1
5268.57099330088,7,0.068271373430919186,1
5264.71405986403,7,0.080389007702289267,1
5260.85712642719,7,0.052304876083590919,1
5257.00019299034,7,0.056349633486299434,1
5253.14325955349,7,0.051105536835493251,1
5249.28632611665,7,0.055812146452786128,1
5245.4293926798,7,0.042457346233743802,1
5241.57245924295,7,0.025618423057299083,1
5237.7155258061,7,0.022527705713135355,1
5233.85859236926,7,0.025428500157026964,1
5230.00165893241,7,0.012653321272221916,1
5226.14472549556,7,0.012672392407763626,1
5222.28779205871,7,0.018984318248066245,1
5218.43085862187,7,0.0067080110249318255,1
5214.57392518502,7,-0.014169284913227507,1
5210.71699174817,7,-0.0040279657910425584,1
5206.86005831133,7,-0.0080622716863889398,1
5203.00312487448,7,-0.010013233443994013,1
5199.14619143763,7,-0.0011790210827077904,1
5195.28925800078,7,0.0017391487081520245,1
5191.43232456394,7,0.0018732989760465136,1
5187.57539112709,7,-0.0072160866472388199,1
5183.71845769024,7,-0.01174947355337258,1
5179.86152425339,7,-0.00436551629792486,1
5176.00459081655,7,-0.0043303380099968501,1
5172.1476573797,7,-0.01217494981131716,1
5168.29072394285,7,-0.011488246889926119,1
5164.43379050601,7,-0.0015282277198444389,1
5160.57685706916,7,0.0016820083892840078,1
5156.71992363231,7,0.0016440317235047223,1
5152.86299019546,7,0.0022715013978652416,1
5149.00605675862,7,-0.0035904239584071667,1
5145.14912332177,7,0.0016165721921083851,1
5141.29218988492,7,9.5801181597401978e-05,1
5137.43525644807,7,0.0022348351563409008,1
5133.57832301123,7,0.0038800663385322532,1
5129.72138957438,7,-0.0036898871301260603,1
5125.86445613753,7,-0.0034861958028023525,1
5122.00752270069,7,-0.0058631967936859045,1
5118.15058926384,7,-0.0065320384551231349,1
5114.29365582699,7,-0.008670479700043348,1
5110.43672239014,7,-0.0072855552897461498,1
5106.5797889533,7,0.0033524347162678467,1
5102.72285551645,7,0.0042285628508902003,1
5098.8659220796,7,0.0068233950722354601,1
5095.00898864275,7,0.0027565549541003803,1
5091.15205520591,7,-0.0066172419937901017,1
5087.29512176906,7,-0.0091554917961480121,1
5083.43818833221,7,-0.013580786629908874,1
5079.58125489536,7,-0.026134012484923627,1
5075.72432145852,7,-0.03014809636481311,1
5071.86738802167,7,-0.023653171048890424,1
5068.01045458482,7,-0.020763403724651602,1
5064.15352114798,7,-0.029820735110467397,1
5060.29658771113,7,-0.03041893310281055,1
5056.43965427428,7,-0.025618583029091903,1
5052.58272083743,7,-0.025821968120556364,1
5048.72578740059,7,-0.035180817796688565,1
5044.86885396374,7,-0.030570228489148837,1
5041.01192052689,7,-0.026658425153386955,1
5037.15498709004,7,-0.018273542378932091,1
5033.2980536532,7,-0.016943063115473854,1
5029.44112021635,7,-0.0083949959997294838,1
5025.5841867795,7,-0.012641804661927816,1
5021.72725334266,7,-0.01010731515568193,1
5017.87031990581,7,-0.0059069484670121212,1
5014.01338646896,7,0.0015362228687278339,1
5010.15645303211,7,0.005372051048833793,1
5006.29951959527,7,0.011686536471852105,1
5002.44258615842,7,0.0073668302919227147,1
4998.58565272157,7,0.011430117179807839,1
4994.72871928472,7,0.01717770896007409,1
4990.87178584788,7,0.022472059144661584,1
4987.01485241103,7,0.024457283393594077,1
4983.15791897418,7,0.020563179200200569,1
4979.30098553734,7,0.019726749667594669,1
4975.44405210049,7,0.019045219534929068,1
4971.58711866364,7,0.0093859712505986355,1
4967.73018522679,7,0.0053002167753699349,1
4963.87325178995,7,0.0084452697851783668,1
4960.0163183531,7,0.010430665461626458,1
4956.15938491625,7,0.0035718771996583343,1
4952.3024514794,7,0.0075709510983788366,1
4948.44551804256,7,0.0055406647929461903,1
4944.58858460571,7,0.00195263665051173,1
4940.73165116886,7,-0.0024739810905542643,1
4936.87471773202,7,0.0026450417144437402,1
4933.01778429517,7,-0.0012671322275509271,1
4929.16085085832,7,-0.0098900874813660847,1
4925.30391742147,7,-0.013446847198275713,1
4921.44698398463,7,-0.0072226890127624326,1
4917.59005054778,7,-0.005267296129303988,1
4913.73311711093,7,-0.0084785484594616187,1
4909.87618367408,7,-0.01062260724454964,1
4906.01925023724,7,-0.0024524909550489036,1
4902.16231680039,7,0.0023761664255102692,1
4898.30538336354,7,0.001300294545468693,1
4894.4484499267,7,-0.0020412057446344894,1
4890.59151648985,7,0.003012427438350518,1
4886.734583053,7,-0.0067218560268541326,1
4882.87764961615,7,-0.001090926052076226,1
4879.02071617931,7,0.0044233239160737913,1
4875.16378274246,7,0.0024790105284860134,1
4871.30684930561,7,0.00039408289209382039,1
4867.44991586876,7,0.0064144571804918083,1
4863.59298243192,7,0.0028359452191648372,1
4859.73604899507,7,0.0038897143415220171,1
4855.87911555822,7,0.00061073937449843412,1
4852.02218212137,7,0.0059137049818231138,1
4848.16524868453,7,0.0069596309798053693,1
4844.30831524768,7,0.0030959976823867418,1
4840.45138181083,7,0.0052486311638118817,1
4836.59444837399,7,0.010282879962235581,1
4832.73751493714,7,0.015548579545885122,1
4828.88058150029,7,0.018722985111607266,1
4825.02364806344,7,0.01459499164245682,1
4821.1667146266,7,0.014963263671710867,1
4817.30978118975,7,0.017217266002481586,1
4813.4528477529,7,0.017085868053951327,1
4809.59591431605,7,0.010616422927430201,1
4805.73898087921,7,0.0080914343541496382,1
4801.88204744236,7,0.0076233163790013509,1
4798.02511400551,7,0.008396643348796716,1
4794.16818056867,7,0.0056101499709764373,1
4790.31124713182,7,0.00099220182019887741,1
4786.45431369497,7,-0.0021167712781917382,1
4782.59738025812,7,-0.0058334123553342885,1
4778.74044682128,7,-0.012097762036304822,1
4774.88351338443,7,-0.016254584631805714,1
4771.02657994758,7,-0.018256629446257579,1
4767.16964651073,7,-0.013097943842263888,1
4763.31271307389,7,-0.016296983897517336,1
4759.45577963704,7,-0.018935220548630696,1
4755.59884620019,7,-0.026381237083805024,1
4751.74191276335,7,-0.02436136813204411,1
4747.8849793265,7,-0.024079584265152703,1
4744.02804588965,7,-0.018854149937844494,1
4740.1711124528,7,-0.02311610232986246,1
4736.31417901596,7,-0.032102429313424059,1
4732.45724557911,7,-0.038141945651655906,1
4728.60031214226,7,-0.032024202520329753,1
4724.74337870541,7,-0.028420368239693478,1
4720.88644526857,7,-0.020877747220805244,1
4717.02951183172,7,-0.019489261065885125,1
4713.17257839487,7,-0.016673293852759438,1
4709.31564495803,7,-0.020943495457468334,1
4705.45871152118,7,-0.019039454420345398,1
4701.60177808433,7,-0.019034811056479976,1
4697.74484464748,7,-0.013878432192619626,1
4693.88791121064,7,-0.010451792293017027,1
4690.03097777379,7,-0.0012046110779891999,1
4686.17404433694,7,-0.00031496910908049823,1
4682.31711090009,7,0.0050680116660410911,1
4678.46017746325,7,0.012574654397988072,1
4674.6032440264,7,0.018506777496350348,1
4670.74631058955,7,0.02229735187469023,1
4666.88937715271,7,0.035235866414135578,1
4663.03244371586,7,0.043009220472626598,1
4659.17551027901,7,0.043746011551366787,1
4655.31857684216,7,0.03663477979120873,1
4651.46164340532,7,0.034182391053910348,1
4647.60470996847,7,0.032024806579677038,1
4643.74777653162,7,0.027491008523680156,1
4639.89084309477,7,0.019031039997584379,1
4636.03390965793,7,0.016614857494484939,1
4632.17697622108,7,0.018550144414272728,1
4628.32004278423,7,0.01524503822047937,1
4624.46310934739,7,0.01800308260282828,1
4620.60617591054,7,0.018422227784991235,1
4616.74924247369,7,0.011522594084213699,1
4612.89230903684,7,0.01244496276903675,1
4609.0353756,7,0.018379210002692114,1
4605.17844216315,7,0.018945411339882687,1
4601.3215087263,7,0.015911790094400743,1
4597.46457528945,7,0.023791867464128643,1
4593.60764185261,7,0.021223056282749387,1
4589.75070841576,7,0.012527820907720064,1
4585.89377497891,7,0.0048748707868067013,1
4582.03684154207,7,0.013643585257441174,1
4578.17990810522,7,0.0064768851374623704,1
4574.32297466837,7,0.0066001693626973534,1
4570.46604123152,7,0.010445877318047907,1
4566.60910779468,7,0.018904671631841001,1
4562.75217435783,7,0.011807208704557893,1
4558.89524092098,7,0.0079563207521770162,1
4555.03830748413,7,-0.0024562314434195993,1
4551.18137404729,7,0.0018230958820358327,1
4547.32444061044,7,0.0082818210325453813,1
4543.46750717359,7,-0.00091688162675724596,1
4539.61057373675,7,-0.013699767648147225,1
4535.7536402999,7,-0.02026433629224195,1
4531.89670686305,7,-0.029148153233761093,1
4528.0397734262,7,-0.026470095817079875,1
4524.18283998936,7,-0.026914183719888383,1
4520.32590655251,7,-0.030958655517566332,1
4516.46897311566,7,-0.037153979839720165,1
4512.61203967881,7,-0.034885363868232405,1
4508.75510624197,7,-0.027202917569285737,1
4504.89817280512,7,-0.02677853590650776,1
4501.04123936827,7,-0.032555576527780079,1
4497.18430593143,7,-0.031786966134302992,1
4493.32737249458,7,-0.032597730838285773,1
4489.47043905773,7,-0.025730695040873764,1
4485.61350562088,7,-0.019156080383788212,1
4481.75657218404,7,-0.0040787009951369678,1
4477.89963874719,7,0.0031288431011354404,1
4474.04270531034,7,0.010070755154822484,1
4470.18577187349,7,0.014087044330631075,1
4466.32883843665,7,0.014616900149743454,1
4462.4719049998,7,0.010970542694534799,1
4458.61497156295,7,0.020364554001240046,1
4454.75803812611,7,0.024547744398137603,1
4450.90110468926,7,0.018273308243485931,1
4447.04417125241,7,0.013972896242114733,1
4443.18723781556,7,0.019446766564733136,1
4439.33030437872,7,0.0098055706244811122,1
4435.47337094187,7,0.0088277310096374975,1
4431.61643750502,7,-0.00025510226141737147,1
4427.75950406817,7,-0.0076620883856908864,1
4423.90257063133,7,-0.015775519554117459,1
4420.04563719448,7,-0.012923833069127963,1
4416.18870375763,7,-0.014366906982889826,1
4412.33177032078,7,-0.003454395169024209,1
4408.47483688394,7,-0.0016374747560042476,1
4404.61790344709,7,-0.014431589457517463,1
4400.76097001024,7,-0.016833231699676345,1
4396.9040365734,7,-0.019607244001159697,1
4393.04710313655,7,-0.029882907865724236,1
4389.1901696997,7,-0.028669602114989944,1
4385.33323626285,7,-0.031647022055351817,1
4381.47630282601,7,-0.032489357548162144,1
4377.61936938916,7,-0.038153903152800213,1
4373.76243595231,7,-0.040517307883564987,1
4369.90550251546,7,-0.042528201247273308,1
4366.04856907862,7,-0.033151859885347579,1
4362.19163564177,7,-0.02276006371774739,1
4358.33470220492,7,-0.018920158091786446,1
4354.47776876808,7,-0.018575810269654932,1
4350.62083533123,7,-0.015439778077220478,1
4346.76390189438,7,-0.017359444916233618,1
4342.90696845753,7,-0.0051449658662936605,1
4339.05003502069,7,-0.0019850722700867868,1
4335.19310158384,7,0.004099510087223643,1
4331.33616814699,7,0.0079053040680893676,1
4327.47923471014,7,0.0054266161691403237,1
4323.6223012733,7,-0.010666160402789473,1
4319.76536783645,7,-0.005940386055021468,1
4315.9084343996,7,0.0050739547468159115,1
4312.05150096276,7,0.013046232076607411,1
4308.19456752591,7,0.011255620220798202,1
4304.33763408906,7,0.017639318512010515,1
4300.48070065221,7,0.0096501492532855178,1
4296.62376721537,7,0.0032778613235918182,1
4292.76683377852,7,0.0057158075928485895,1
4288.90990034167,7,0.018269488259622765,1
4285.05296690482,7,0.016530313365991835,1
4281.19603346798,7,0.0226602998200643,1
4277.33910003113,7,0.028691285225601073,1
4273.48216659428,7,0.027310041024942527,1
4269.62523315744,7,0.019641622842984541,1
4265.76829972059,7,0.029875510413434014,1
4261.91136628374,7,0.03567880910759471,1
4258.05443284689,7,0.033428618844780988,1
4254.19749941005,7,0.029295797556265577,1
4250.3405659732,7,0.024239449732778421,1
4246.48363253635,7,0.015990724903322491,1
4242.6266990995,7,0.024078204048597011,1
4238.76976566266,7,0.026762626041028997,1
4234.91283222581,7,0.026929110139735604,1
4231.05589878896,7,0.016179289331622479,1
4227.19896535212,7,0.013597510841144644,1
4223.34203191527,7,0.01601395372957622,1
4219.48509847842,7,0.014959897487313394,1
4215.62816504157,7,0.019449982207569647,1
4211.77123160473,7,0.028054443878142692,1
4207.91429816788,7,0.028806786461626589,1
4204.05736473103,7,0.025685132205695068,1
4200.20043129418,7,0.027410089809816154,1
4196.34349785734,7,0.02798514200585716,1
4192.48656442049,7,0.029851312514291069,1
4188.62963098364,7,0.030011284124171148,1
4184.7726975468,7,0.022689484802806286,1
4180.91576410995,7,0.021919682930710491,1
4177.0588306731,7,0.025374185503727654,1
4173.20189723625,7,0.027582037998266841,1
4169.34496379941,7,0.016933440729032197,1
4165.48803036256,7,0.014339401184911416,1
4161.63109692571,7,0.019476922496062359,1
4157.77416348886,7,0.021007399232383227,1
4153.91723005202,7,0.0040186779849673473,1
4150.06029661517,7,0.00073884622487963209,1
4146.20336317832,7,0.0034085653126531977,1
4142.34642974148,7,0.0072175232032992299,1
4138.48949630463,7,0.017049539437930226,1
4134.63256286778,7,0.020025322068158543,1
4130.77562943093,7,0.00044862374802631151,1
4126.91869599409,7,-0.0084870514518708088,1
4123.06176255724,7,-0.0064283786338251306,1
4119.20482912039,7,-0.0075057019634363342,1
4115.34789568354,7,-0.017611051972795218,1
4111.4909622467,7,-0.013050025540554807,1
4107.63402880985,7,-0.014585147197922522,1
4103.777095373,7,-0.02706422416448066,1
4099.92016193616,7,-0.03046553189508101,1
4096.06322849931,7,-0.026110512580589291,1
4092.20629506246,7,-0.028551290735767346,1
4088.34936162561,7,-0.025540445922939581,1
4084.49242818877,7,-0.029236695856929718,1
4080.63549475192,7,-0.036216367161882861,1
4076.77856131507,7,-0.0546092079069933,1
4072.92162787822,7,-0.057388662612232112,1
4069.06469444138,7,-0.05008452552407331,1
4065.20776100453,7,-0.046561435373430181,1
4061.35082756768,7,-0.04975544989909985,1
4057.49389413083,7,-0.065683386907641139,1
4053.63696069399,7,-0.068155265390582406,1
4049.78002725714,7,-0.056069685962351255,1
4045.92309382029,7,-0.047345209659150587,1
4042.06616038345,7,-0.046579071872379842,1
4038.2092269466,7,-0.045916279866084042,1
4034.35229350975,7,-0.030349737220401771,1
4030.4953600729,7,-0.02537637413191535,1
4026.63842663606,7,-0.0188265943774048,1
4022.78149319921,7,-0.005429215688310827,1
4018.92455976236,7,0.018330700846770302,1
4015.06762632551,7,0.039138319363405241,1
4011.21069288867,7,0.059830418697750916,1
4007.35375945182,7,0.092099566208760905,1
4003.49682601497,7,0.12543549467358339,1
3999.63989257813,7,0.15679339885482971,1
10001.0283203125,8,-0.013785480801413522,-1
9997.17138687565,8,-0.0076343731024481939,-1
9993.31445343881,8,-0.015368545311130065,-1
9989.45752000196,8,-0.066545877201908521,-1
9985.60058656511,8,-0.081427338818115341,-1
9981.74365312826,8,-0.043521887934357587,-1
9977.88671969142,8,-0.0028136393428344446,-1
9974.02978625457,8,0.016618860917260229,-1
9970.17285281772,8,0.011741688583003316,-1
9966.31591938088,8,0.017397042548288808,-1
9962.45898594403,8,0.018664676188169308,-1
9958.60205250718,8,-0.0081873830955793009,-1
9954.74511907033,8,-0.0023805254431152165,-1
9950.88818563349,8,-0.0017219066471729383,-1
9947.03125219664,8,-0.029040068505656443,-1
9943.17431875979,8,-0.058561339745926158,-1
9939.31738532294,8,-0.0220072626655273,-1
9935.4604518861,8,-0.019351295351554585,-1
9931.60351844925,8,-0.045376772156571231,-1
9927.7465850124,8,-0.0075039251662468737,-1
9923.88965157556,8,0.027689050703511943,-1
9920.03271813871,8,-0.0030735012770259132,-1
9916.17578470186,8,-0.01219967871692027,-1
9912.31885126501,8,-0.048688552243564741,-1
9908.46191782817,8,-0.062576685286892905,-1
9904.60498439132,8,-0.029147188166032036,-1
9900.74805095447,8,-0.021582677678258638,-1
9896.89111751762,8,-0.0031534649513726564,-1
9893.03418408078,8,-0.012705516821441372,-1
9889.17725064393,8,-0.039411500496154925,-1
9885.32031720708,8,-0.030532223052073156,-1
9881.46338377024,8,-0.010169447369880642,-1
9877.60645033339,8,-0.010064879997487446,-1
9873.74951689654,8,0.0047016285646214262,-1
9869.89258345969,8,0.0014094410521519689,-1
9866.03565002284,8,-0.016670680270243377,-1
9862.178716586,8,-0.017049915736724684,-1
9858.32178314915,8,-0.027444243531868251,-1
9854.4648497123,8,-0.022138656936614657,-1
9850.60791627546,8,-0.015274895674601763,-1
9846.75098283861,8,-0.0062474905070127673,-1
9842.89404940176,8,-0.004892427715718824,-1
9839.03711596492,8,-0.040510383814377861,-1
9835.18018252807,8,-0.029573829402277447,-1
9831.32324909122,8,0.032781193511314179,-1
9827.46631565437,8,0.062689669711138818,-1
9823.60938221752,8,0.049839318619746178,-1
9819.75244878068,8,0.020727175909348618,-1
9815.89551534383,8,0.0091646647114371465,-1
9812.03858190698,8,0.0072062929065210765,-1
9808.18164847014,8,0.036397522726821015,-1
9804.32471503329,8,0.038375929042833955,-1
9800.46778159644,8,-0.026506542519037439,-1
9796.6108481596,8,-0.0079387998005665244,-1
9792.75391472275,8,0.068463147793824786,-1
9788.8969812859,8,0.024509414878007018,-1
9785.04004784905,8,-0.04238728423892188,-1
9781.1831144122,8,-0.059583697655331516,-1
9777.32618097536,8,-0.069012339295963857,-1
9773.46924753851,8,-0.018792711701729733,-1
9769.61231410166,8,0.046548675868314585,-1
9765.75538066482,8,0.076064411220397449,-1
9761.89844722797,8,0.024821106577525204,-1
9758.04151379112,8,-0.014826366048500175,-1
9754.18458035428,8,0.0060156788317281568,-1
9750.32764691743,8,0.023821906555226712,-1
9746.47071348058,8,-0.008647951920488204,-1
9742.61378004373,8,-0.012563459417993646,-1
9738.75684660688,8,0.0078414089611016022,-1
9734.89991317004,8,0.014670778998294472,-1
9731.04297973319,8,0.0017308045245166949,-1
9727.18604629634,8,-0.010093447302545907,-1
9723.3291128595,8,-0.036755092316520077,-1
9719.47217942265,8,-0.0553162361772098,-1
9715.6152459858,8,-0.040629720405927681,-1
9711.75831254896,8,-0.0215530744150179,-1
9707.90137911211,8,-0.010428371035979222,-1
9704.04444567526,8,-0.030987187268900793,-1
9700.18751223841,8,-0.025215559315090758,-1
9696.33057880156,8,0.0018190094034290115,-1
9692.47364536472,8,0.031016008317345807,-1
9688.61671192787,8,0.022747704114612272,-1
9684.75977849102,8,-0.015185746471115782,-1
9680.90284505418,8,-0.039491216621983724,-1
9677.04591161733,8,-0.0084483768221454703,-1
9673.18897818048,8,0.020243451365779805,-1
9669.33204474363,8,0.057301475598864664,-1
9665.47511130679,8,0.080876599283746797,-1
9661.61817786994,8,0.073690240920226233,-1
9657.76124443309,8,0.058815746282137725,-1
9653.90431099624,8,0.024744962501340114,-1
9650.0473775594,8,0.0007620779303604689,-1
9646.19044412255,8,-0.0058028291420048261,-1
9642.3335106857,8,-0.0045247001956116081,-1
9638.47657724886,8,-0.0068548267307205592,-1
9634.61964381201,8,0.012959672682586802,-1
9630.76271037516,8,0.0067030064427803827,-1
9626.90577693831,8,-0.0046338998566104739,-1
9623.04884350147,8,0.033432702771004463,-1
9619.19191006462,8,0.046271592440500497,-1
9615.33497662777,8,0.014253630476754764,-1
9611.47804319092,8,-0.0077076963803034467,-1
9607.62110975408,8,-0.0079568148892346317,-1
9603.76417631723,8,0.048412217729666786,-1
9599.90724288038,8,0.051702115710850198,-1
9596.05030944354,8,0.010283055605233477,-1
9592.19337600669,8,0.013656553508571638,-1
9588.33644256984,8,-0.020474224403289106,-1
9584.47950913299,8,-0.038665841390617656,-1
9580.62257569615,8,0.0074735423489003267,-1
9576.7656422593,8,0.003616954412210644,-1
9572.90870882245,8,-0.015632949789247338,-1
9569.0517753856,8,0.026993469479211617,-1
9565.19484194876,8,0.073180511285230093,-1
9561.33790851191,8,0.071113599788926382,-1
9557.48097507506,8,0.056987580972152917,-1
9553.62404163822,8,-0.0010825922718809748,-1
9549.76710820137,8,-0.020227784780631419,-1
9545.91017476452,8,-0.013328475601939413,-1
9542.05324132767,8,-0.010173322401945004,-1
9538.19630789083,8,-0.013937767494525242,-1
9534.33937445398,8,0.028847135257596287,-1
9530.48244101713,8,0.066893765683452316,-1
9526.62550758028,8,0.072037216081569627,-1
9522.76857414344,8,0.049122502045735615,-1
9518.91164070659,8,0.038820072665339954,-1
9515.05470726974,8,0.050163796577213676,-1
9511.1977738329,8,0.05225250687345577,-1
9507.34084039605,8,0.034987313550619487,-1
9503.4839069592,8,0.027199014108828322,-1
9499.62697352235,8,-0.015033175419219499,-1
9495.77004008551,8,-0.058946828783155339,-1
9491.91310664866,8,-0.047224237397110548,-1
9488.05617321181,8,-0.0026836984443137,-1
9484.19923977496,8,0.008790135033302636,-1
9480.34230633812,8,0.018568396123029619,-1
9476.48537290127,8,0.014450022538223773,-1
9472.62843946442,8,-0.018068940851041153,-1
9468.77150602758,8,-0.014016350062824944,-1
9464.91457259073,8,-0.029664346028823955,-1
9461.05763915388,8,-0.066323307757947134,-1
9457.20070571703,8,-0.0536418268516895,-1
9453.34377228019,8,-0.029516474151447144,-1
9449.48683884334,8,-0.0091384201415285939,-1
9445.62990540649,8,-0.0016250316338914735,-1
9441.77297196964,8,0.018650953654242082,-1
9437.9160385328,8,0.041115457280480827,-1
9434.05910509595,8,0.046841851098135705,-1
9430.2021716591,8,0.039247536016791248,-1
9426.34523822226,8,0.018463424660851966,-1
9422.48830478541,8,-0.0036689919238561582,-1
9418.63137134856,8,-0.030541173351551387,-1
9414.77443791171,8,-0.026834589818195424,-1
9410.91750447487,8,-0.020229856632802516,-1
9407.06057103802,8,0.013423933355653601,-1
9403.20363760117,8,0.047165083558223631,-1
9399.34670416432,8,0.038152263678763787,-1
9395.48977072748,8,0.028059979466899358,-1
9391.63283729063,8,0.031756488706280568,-1
9387.77590385378,8,0.014622302077316643,-1
9383.91897041694,8,0.0050067997459278257,-1
9380.06203698009,8,0.0031668965696344735,-1
9376.20510354324,8,0.0065857883414109754,-1
9372.34817010639,8,-0.011391161018054251,-1
9368.49123666955,8,-0.006389766225097156,-1
9364.6343032327,8,0.018272918954450768,-1
9360.77736979585,8,0.009378064134985523,-1
9356.920436359,8,0.014302839840700351,-1
9353.06350292216,8,0.024460177638180033,-1
9349.20656948531,8,0.031229561895353673,-1
9345.34963604846,8,0.015874414973930717,-1
9341.49270261162,8,0.0083234654572566739,-1
9337.63576917477,8,-0.00054895282140048497,-1
9333.77883573792,8,-0.026151561309681114,-1
9329.92190230107,8,-0.017310845874918615,-1
9326.06496886423,8,0.020153562950154025,-1
9322.20803542738,8,0.0500964392284323,-1
9318.35110199053,8,0.019063988428329317,-1
9314.49416855368,8,-0.0062775160815560036,-1
9310.63723511684,8,-0.0046799392164956054,-1
9306.78030167999,8,-0.029891688265233467,-1
9302.92336824314,8,-0.031420399449268027,-1
9299.0664348063,8,-0.010765679431580313,-1
9295.20950136945,8,0.0081179230857360719,-1
9291.3525679326,8,0.060975757653231238,-1
9287.49563449575,8,0.0432220812621711,-1
9283.63870105891,8,0.013705059319114116,-1
9279.78176762206,8,0.025419392269687126,-1
9275.92483418521,8,0.04494773430981136,-1
9272.06790074836,8,0.016591100967149015,-1
9268.21096731152,8,-0.015706271827732203,-1
9264.35403387467,8,-0.018268663489776373,-1
9260.49710043782,8,-0.022750159753893075,-1
9256.64016700098,8,-0.027878969166528562,-1
9252.78323356413,8,-0.012114228337635573,-1
9248.92630012728,8,0.001338269709792228,-1
9245.06936669043,8,-0.00072404368610553811,-1
9241.21243325358,8,0.00093342601412236192,-1
9237.35549981674,8,0.0035919283653930187,-1
9233.49856637989,8,-0.0060273658502501765,-1
9229.64163294304,8,0.022147249218162864,-1
9225.7846995062,8,0.042037996179161055,-1
9221.92776606935,8,0.033149247793760474,-1
9218.0708326325,8,0.0066259876631608056,-1
9214.21389919565,8,-0.014723912007361286,-1
9210.35696575881,8,-0.002573788362198725,-1
9206.50003232196,8,-0.0069621069765568536,-1
9202.64309888511,8,-0.0036877755933238752,-1
9198.78616544826,8,0.010743227242003363,-1
9194.92923201142,8,-0.022170264801630406,-1
9191.07229857457,8,-0.051916859203142735,-1
9187.21536513772,8,-0.046873917274712233,-1
9183.35843170088,8,3.744681593691432e-05,-1
9179.50149826403,8,0.013059262752476592,-1
9175.64456482718,8,0.021241243024054588,-1
9171.78763139033,8,0.016504376284757712,-1
9167.93069795349,8,-0.02303081932866494,-1
9164.07376451664,8,-0.019024385917835323,-1
9160.21683107979,8,0.0049984270823373728,-1
9156.35989764294,8,-4.5321283930845518e-05,-1
9152.5029642061,8,-0.0017997825394081212,-1
9148.64603076925,8,-0.023883640190323185,-1
9144.7890973324,8,-0.053897617915414205,-1
9140.93216389556,8,-0.049587430213513882,-1
9137.07523045871,8,-0.019563665839367587,-1
9133.21829702186,8,-0.0026697617219889613,-1
9129.36136358501,8,0.0032309378616512856,-1
9125.50443014817,8,0.004336192335569298,-1
9121.64749671132,8,-0.0021906110386917059,-1
9117.79056327447,8,0.0014915975996610856,-1
9113.93362983762,8,-0.00096933751864807481,-1
9110.07669640078,8,-0.0077364824276448469,-1
9106.21976296393,8,-0.0042057038974357653,-1
9102.36282952708,8,-0.029127696113067994,-1
9098.50589609024,8,-0.045073017884741128,-1
9094.64896265339,8,-0.04414933839755996,-1
9090.79202921654,8,0.0037989398536681391,-1
9086.93509577969,8,0.035540500235453402,-1
9083.07816234285,8,0.013318902906434121,-1
9079.221228906,8,-0.022254025222973494,-1
9075.36429546915,8,-0.024784327099588176,-1
9071.5073620323,8,-0.0086402672906375783,-1
9067.65042859546,8,0.01438089505805335,-1
9063.79349515861,8,0.028318886972995075,-1
9059.93656172176,8,0.033712703276747469,-1
9056.07962828492,8,0.016631181619862809,-1
9052.22269484807,8,0.024328919848631038,-1
9048.36576141122,8,0.01182921904710018,-1
9044.50882797437,8,-0.024056390065458833,-1
9040.65189453753,8,-0.019563950714570209,-1
9036.79496110068,8,0.010349940188095683,-1
9032.93802766383,8,0.015114823332555073,-1
9029.08109422698,8,0.01221013986419275,-1
9025.22416079014,8,0.00064717126899040492,-1
9021.36722735329,8,-0.01877775611806726,-1
9017.51029391644,8,0.0010401282501502343,-1
9013.6533604796,8,0.0025507708954497781,-1
9009.79642704275,8,0.0049191016046241254,-1
9005.9394936059,8,-0.00041808716187844244,-1
9002.08256016905,8,-0.022877888093496886,-1
8998.22562673221,8,-0.031246976996424175,-1
8994.36869329536,8,-0.034158891647775316,-1
8990.51175985851,8,-0.022010434363168942,-1
8986.65482642166,8,0.009137330630978685,-1
8982.79789298482,8,-0.0048879965324888095,-1
8978.94095954797,8,0.00093675549343035251,-1
8975.08402611112,8,0.0036234762064088315,-1
8971.22709267428,8,-0.010422733683741081,-1
8967.37015923743,8,-0.0058451220284566315,-1
8963.51322580058,8,0.0018405705306571735,-1
8959.65629236373,8,-0.0060752323770299922,-1
8955.79935892689,8,-0.014262762596979027,-1
8951.94242549004,8,-0.016872434099758537,-1
8948.08549205319,8,-0.0046403645523005344,-1
8944.22855861634,8,-0.0048402925811914695,-1
8940.3716251795,8,0.013537137219349559,-1
8936.51469174265,8,0.030363935690484452,-1
8932.6577583058,8,0.0086841003553369094,-1
8928.80082486896,8,-0.016912847615179909,-1
8924.94389143211,8,-0.012632805192596967,-1
8921.08695799526,8,0.012730996630572103,-1
8917.23002455841,8,0.031035549673048547,-1
8913.37309112157,8,0.030109462939973648,-1
8909.51615768472,8,0.02091289311777314,-1
8905.65922424787,8,-0.011796888293730852,-1
8901.80229081102,8,-0.0058613980029451028,-1
8897.94535737418,8,0.012223942383658168,-1
8894.08842393733,8,0.013606855531569161,-1
8890.23149050048,8,0.02698365075849014,-1
8886.37455706364,8,0.016212374705928664,-1
8882.51762362679,8,0.00032929908787783572,-1
8878.66069018994,8,0.012823157156541977,-1
8874.80375675309,8,0.050487568274091059,-1
8870.94682331625,8,0.044508873611250423,-1
8867.0898898794,8,0.025059359965963444,-1
8863.23295644255,8,0.0048946750333052217,-1
8859.3760230057,8,-0.032879474631172183,-1
8855.51908956886,8,-0.026517264444425533,-1
8851.66215613201,8,-0.018525294559684359,-1
8847.80522269516,8,-0.0080259285853030542,-1
8843.94828925832,8,0.00196639120229561,-1
8840.09135582147,8,0.0049513283413414712,-1
8836.23442238462,8,-0.004028116424763137,-1
8832.37748894777,8,-0.012036385489929607,-1
8828.52055551093,8,0.003371739851873428,-1
8824.66362207408,8,-0.00071742515591583932,-1
8820.80668863723,8,-0.015178791152250076,-1
8816.94975520038,8,-0.034053456022893641,-1
8813.09282176354,8,-0.011279469622855396,-1
8809.23588832669,8,-0.0027426900251043772,-1
8805.37895488984,8,-0.025603031369733149,-1
8801.522021453,8,-0.056401127210587466,-1
8797.66508801615,8,-0.044986526976892247,-1
8793.8081545793,8,-0.013428048467481524,-1
8789.95122114245,8,-0.022493710590213496,-1
8786.09428770561,8,-0.0047383927052730545,-1
8782.23735426876,8,0.039165365873741372,-1
8778.38042083191,8,0.032613406259978113,-1
8774.52348739506,8,0.020761665446352773,-1
8770.66655395822,8,-0.01070888516886662,-1
8766.80962052137,8,-0.014106480893413398,-1
8762.95268708452,8,-0.026087470434316584,-1
8759.09575364767,8,-0.020034254299086503,-1
8755.23882021083,8,-0.012176850692795184,-1
8751.38188677398,8,0.0072542991135372201,-1
8747.52495333713,8,0.0025946866530453545,-1
8743.66801990029,8,-0.032516029820831946,-1
8739.81108646344,8,-0.036119119218731656,-1
8735.95415302659,8,-0.017891917969900379,-1
8732.09721958974,8,-0.006792302347530246,-1
8728.2402861529,8,0.00073334670355445488,-1
8724.38335271605,8,0.00052876028161778885,-1
8720.5264192792,8,0.0060927996462872627,-1
8716.66948584235,8,-0.0078671326321234827,-1
8712.81255240551,8,-0.0065140100330335427,-1
8708.95561896866,8,-0.028920415461376622,-1
8705.09868553181,8,-0.037385821085506844,-1
8701.24175209497,8,-0.03502986454320111,-1
8697.38481865812,8,-0.021627281498379912,-1
8693.52788522127,8,-0.013125409727403795,-1
8689.67095178442,8,-0.021776833075165928,-1
8685.81401834758,8,-0.028704582660224895,-1
8681.95708491073,8,0.0052711600825603331,-1
8678.10015147388,8,0.014117363629779342,-1
8674.24321803703,8,0.0022794197411647697,-1
8670.38628460019,8,-0.0066084235711165625,-1
8666.52935116334,8,-0.03190693281258327,-1
8662.67241772649,8,-0.016988242089511503,-1
8658.81548428965,8,0.019327007382736371,-1
8654.9585508528,8,-0.0022697330499355374,-1
8651.10161741595,8,0.0057256280025402171,-1
8647.2446839791,8,0.023895553728302012,-1
8643.38775054226,8,0.031670411065702717,-1
8639.53081710541,8,0.0084820392418982517,-1
8635.67388366856,8,0.0011053843747256024,-1
8631.81695023171,8,0.0067693441000621435,-1
8627.96001679487,8,0.0030468209594771921,-1
8624.10308335802,8,-0.012119702445482904,-1
8620.24614992117,8,-0.039642639826258604,-1
8616.38921648433,8,-0.019221301362320576,-1
8612.53228304748,8,0.018848690372951289,-1
8608.67534961063,8,0.0395778074696213,-1
8604.81841617378,8,0.029556168493315309,-1
8600.96148273694,8,0.0041020772142764264,-1
8597.10454930009,8,0.0027807209012553355,-1
8593.24761586324,8,-0.0061321279504640627,-1
8589.39068242639,8,-0.015478057266632247,-1
8585.53374898955,8,-0.0046574155535677531,-1
8581.6768155527,8,0.0048955572181318165,-1
8577.81988211585,8,-0.016557137517593152,-1
8573.96294867901,8,-0.042315240371200477,-1
8570.10601524216,8,-0.039576023668774184,-1
8566.24908180531,8,-0.0048512986451993778,-1
8562.39214836846,8,0.014266753594852867,-1
8558.53521493162,8,0.006248856831999253,-1
8554.67828149477,8,0.0025986096073077189,-1
8550.82134805792,8,0.019977962856848538,-1
8546.96441462107,8,0.010353671337273711,-1
8543.10748118423,8,-0.029718567388669119,-1
8539.25054774738,8,-0.030363882681697572,-1
8535.39361431053,8,0.0085862048051358001,-1
8531.53668087368,8,-0.0076880632620952433,-1
8527.67974743684,8,-0.01171813441553462,-1
8523.82281399999,8,-0.00018419870854549281,-1
8519.96588056314,8,0.015093482510646138,-1
8516.1089471263,8,0.00012481591573479698,-1
8512.25201368945,8,0.015147076954524372,-1
8508.3950802526,8,0.012068086970788193,-1
8504.53814681575,8,0.00014474273494926069,-1
8500.68121337891,8,0.0012545551231876253,-1
8496.82427994206,8,-0.0084734943196340205,-1
8492.96734650521,8,-0.01130940043999008,-1
8489.11041306836,8,0.011425693100561594,-1
8485.25347963152,8,0.0097082364025669141,-1
8481.39654619467,8,0.012971627767106454,-1
8477.53961275782,8,0.0076899305600145193,-1
8473.68267932098,8,-0.01169726544067737,-1
8469.82574588413,8,-0.024195830688939282,-1
8465.96881244728,8,-0.0080043635235346761,-1
8462.11187901043,8,-0.021652730196473891,-1
8458.25494557359,8,-0.053203088123164093,-1
8454.39801213674,8,-0.040826384427391803,-1
8450.54107869989,8,-0.036997587543190213,-1
8446.68414526304,8,-0.021755028422795621,-1
8442.8272118262,8,0.03117816760990063,-1
8438.97027838935,8,0.029900949099879573,-1
8435.1133449525,8,-0.0067758462616338494,-1
8431.25641151566,8,-0.016891959517436713,-1
8427.39947807881,8,-0.032106307024846743,-1
8423.54254464196,8,-0.044385268799835342,-1
8419.68561120511,8,-0.036386630947652703,-1
8415.82867776827,8,-0.0091002690949364071,-1
8411.97174433142,8,-0.010629499976673432,-1
8408.11481089457,8,-0.038891484065587331,-1
8404.25787745772,8,-0.052399413459661551,-1
8400.40094402088,8,-0.017086413244302795,-1
8396.54401058403,8,-0.0035194909680926548,-1
8392.68707714718,8,-0.0016873420799168588,-1
8388.83014371034,8,-0.0053506401167396009,-1
8384.97321027349,8,-0.0030106654474720534,-1
8381.11627683664,8,-0.014839616569613558,-1
8377.25934339979,8,-0.025412768605898806,-1
8373.40240996295,8,-0.021485357025246923,-1
8369.5454765261,8,-0.007488437315627451,-1
8365.68854308925,8,0.00054458977367168471,-1
8361.8316096524,8,0.021430672248523387,-1
8357.97467621556,8,0.040995037050085996,-1
8354.11774277871,8,0.010144930482463135,-1
8350.26080934186,8,-0.00061759835692241265,-1
8346.40387590502,8,-0.0033618363045681966,-1
8342.54694246817,8,-0.00062543180543526099,-1
8338.69000903132,8,0.012097874937132677,-1
8334.83307559447,8,0.022034397737474155,-1
8330.97614215763,8,0.02002987480425265,-1
8327.11920872078,8,0.034407927007506861,-1
8323.26227528393,8,0.047075986702468618,-1
8319.40534184708,8,0.03442142252896474,-1
8315.54840841024,8,0.021043653767047844,-1
8311.69147497339,8,0.0042023777083074944,-1
8307.83454153654,8,0.0026030111550445663,-1
8303.97760809969,8,0.031069205061758504,-1
8300.12067466285,8,0.040576178527003515,-1
8296.263741226,8,0.03548859927175893,-1
8292.40680778915,8,0.017831960668441709,-1
8288.54987435231,8,0.044525656483678157,-1
8284.69294091546,8,0.051369767469606566,-1
8280.83600747861,8,0.046305232385215736,-1
8276.97907404176,8,0.029263383668514175,-1
8273.12214060492,8,-0.00012655386762669253,-1
8269.26520716807,8,-0.019707635423748173,-1
8265.40827373122,8,-0.014180159377683471,-1
8261.55134029437,8,0.013405223423206138,-1
8257.69440685753,8,0.024471956751026331,-1
8253.83747342068,8,-0.0040416984724678503,-1
8249.98053998383,8,-0.0076150090566398402,-1
8246.12360654699,8,0.022963921696621148,-1
8242.26667311014,8,0.018216793536806324,-1
8238.40973967329,8,0.0086067775422120525,-1
8234.55280623644,8,0.0398166548411506,-1
8230.6958727996,8,0.047018146250021611,-1
8226.83893936275,8,0.029938719637749089,-1
8222.9820059259,8,0.035592951035067488,-1
8219.12507248905,8,0.016678559726292137,-1
8215.26813905221,8,0.0079114566720223985,-1
8211.41120561536,8,0.018447327629249083,-1
8207.55427217851,8,0.0094910369284497125,-1
8203.69733874167,8,-0.0096137006572160726,-1
8199.84040530482,8,0.0065504023471934627,-1
8195.98347186797,8,0.032795940276938107,-1
8192.12653843112,8,0.018671450530237915,-1
8188.26960499428,8,-0.016557708678809114,-1
8184.41267155743,8,-0.012192417974159807,-1
8180.55573812058,8,0.0050929675734097601,-1
8176.69880468373,8,-0.00056347283416313665,-1
8172.84187124689,8,-0.0017320222436955461,-1
8168.98493781004,8,-0.0060361334430990591,-1
8165.12800437319,8,0.00015352526672173097,-1
8161.27107093635,8,0.025500576946563592,-1
8157.4141374995,8,0.033247640756361697,-1
8153.55720406265,8,0.030173244646644254,-1
8149.7002706258,8,0.04377727484475382,-1
8145.84333718896,8,0.035978271869827716,-1
8141.98640375211,8,0.024897880501273974,-1
8138.12947031526,8,0.027729428174280254,-1
8134.27253687841,8,0.041351161605941683,-1
8130.41560344157,8,0.026395265884680465,-1
8126.55867000472,8,0.011315183499165767,-1
8122.70173656787,8,0.0096685645331042961,-1
8118.84480313103,8,0.011558701566573466,-1
8114.98786969418,8,0.00097557079911455235,-1
8111.13093625733,8,-0.0030365897958537194,-1
8107.27400282048,8,0.0087576161545453828,-1
8103.41706938364,8,0.0042080828985577978,-1
8099.56013594679,8,0.008980154543094419,-1
8095.70320250994,8,0.036530074786949016,-1
8091.84626907309,8,0.041299934809771739,-1
8087.98933563625,8,0.021426108617790735,-1
8084.1324021994,8,0.018230479120443534,-1
8080.27546876255,8,0.028928750976202032,-1
8076.41853532571,8,0.0048916462909204868,-1
8072.56160188886,8,-0.014727737776474228,-1
8068.70466845201,8,0.0041284003728390981,-1
8064.84773501516,8,-0.0034667596220496967,-1
8060.99080157832,8,-0.018632411791319626,-1
8057.13386814147,8,-0.0030284476858203706,-1
8053.27693470462,8,0.0088275379161833374,-1
8049.42000126777,8,0.029898371980296913,-1
8045.56306783093,8,0.011907782891896717,-1
8041.70613439408,8,-0.010229895849630303,-1
8037.84920095723,8,-0.016646115014506729,-1
8033.99226752039,8,-0.029255161667766576,-1
8030.13533408354,8,-0.02485160109876082,-1
8026.27840064669,8,-0.011578099758288857,-1
8022.42146720984,8,-0.0077882049493951762,-1
8018.564533773,8,0.0030369395211233144,-1
8014.70760033615,8,0.011454590837130314,-1
8010.8506668993,8,0.016061933080068851,-1
8006.99373346245,8,0.014720492633885513,-1
8003.13680002561,8,0.011314032357400585,-1
7999.27986658876,8,0.0036744304295899402,-1
7995.42293315191,8,-0.0015054896644046242,-1
7991.56599971507,8,0.016018271298602952,-1
7987.70906627822,8,0.01771784622904014,-1
7983.85213284137,8,0.0032596547411016703,-1
7979.99519940452,8,-0.00098321823525857879,-1
7976.13826596768,8,-0.0045768112487675379,-1
7972.28133253083,8,-0.0069705035493070056,-1
7968.42439909398,8,0.0039694657442820224,-1
7964.56746565713,8,0.0037602367831892731,-1
7960.71053222029,8,0.0085960335287824461,-1
7956.85359878344,8,0.017372317658416771,-1
7952.99666534659,8,0.007362410373367767,-1
7949.13973190975,8,-0.013355540355372487,-1
7945.2827984729,8,-0.019548807852781219,-1
7941.42586503605,8,-0.018751743383066316,-1
7937.5689315992,8,-0.0025653326657945441,-1
7933.71199816236,8,-0.0040140289235453853,-1
7929.85506472551,8,-0.0026236249168201851,-1
7925.99813128866,8,-0.0044345059248472483,-1
7922.14119785181,8,-0.0011771824107995167,-1
7918.28426441497,8,-0.0050328271127088155,-1
7914.42733097812,8,-0.012667116698432285,-1
7910.57039754127,8,-0.00045615720334477819,-1
7906.71346410443,8,0.012330148976078873,-1
7902.85653066758,8,0.0090022754487526866,-1
7898.99959723073,8,-0.014696070261070528,-1
7895.14266379388,8,-0.023465331988482094,-1
7891.28573035704,8,-0.0085921734763410133,-1
7887.42879692019,8,-0.0069044421745921821,-1
7883.57186348334,8,-0.012231270741833023,-1
7879.71493004649,8,-0.015514926483703249,-1
7875.85799660965,8,-0.0079910220312873047,-1
7872.0010631728,8,-0.019030402801808597,-1
7868.14412973595,8,-0.021964097033009156,-1
7864.28719629911,8,-0.025760838086556926,-1
7860.43026286226,8,-0.038417129171528751,-1
7856.57332942541,8,-0.017582635998450745,-1
7852.71639598856,8,-0.00089142553906913498,-1
7848.85946255172,8,0.010245258166613392,-1
7845.00252911487,8,0.0063927643344577527,-1
7841.14559567802,8,-0.0058382618681588174,-1
7837.28866224117,8,-0.018422138839116954,-1
7833.43172880433,8,-0.019423908236042852,-1
7829.57479536748,8,-0.0062505041325110434,-1
7825.71786193063,8,-0.013665814746849742,-1
7821.86092849379,8,-0.045244226146477252,-1
7818.00399505694,8,-0.054235227215052619,-1
7814.14706162009,8,-0.043675182525790009,-1
7810.29012818324,8,-0.01623471140018086,-1
7806.4331947464,8,0.0007060490353378656,-1
7802.57626130955,8,-0.013529043717834992,-1
7798.7193278727,8,-0.030395487765090341,-1
7794.86239443585,8,-0.02003025657547039,-1
7791.00546099901,8,-0.0075009707489587865,-1
7787.14852756216,8,-0.0082498866516531235,-1
7783.29159412531,8,-0.0066350963980413239,-1
7779.43466068847,8,0.0062925707167562637,-1
7775.57772725162,8,0.01389068738985221,-1
7771.72079381477,8,0.010501856980948136,-1
7767.86386037792,8,-0.0083650078770993244,-1
7764.00692694107,8,-0.019411866092774781,-1
7760.14999350423,8,-0.013546001312340388,-1
7756.29306006738,8,-0.02215914324180299,-1
7752.43612663053,8,-0.031406045511412566,-1
7748.57919319369,8,-0.024879859176776424,-1
7744.72225975684,8,-0.012404549715603938,-1
7740.86532631999,8,-0.021078690844728125,-1
7737.00839288315,8,-0.026850850812802175,-1
7733.1514594463,8,-0.016304817222254499,-1
7729.29452600945,8,-0.008491816273174033,-1
7725.4375925726,8,-0.0054304487076234859,-1
7721.58065913575,8,-0.010378990128629403,-1
7717.72372569891,8,-0.0082256466644717342,-1
7713.86679226206,8,-0.014798603619477477,-1
7710.00985882521,8,0.0077119738792450253,-1
7706.15292538837,8,0.011285651988517772,-1
7702.29599195152,8,-0.0099448184205606048,-1
7698.43905851467,8,-0.024199429290169782,-1
7694.58212507782,8,-0.02484829982159795,-1
7690.72519164098,8,-0.02199860569660126,-1
7686.86825820413,8,-0.027739345979485883,-1
7683.01132476728,8,-0.025367359751995288,-1
7679.15439133043,8,-0.024104836371397348,-1
7675.29745789359,8,-0.014663440903118784,-1
7671.44052445674,8,-0.019727343260438547,-1
7667.58359101989,8,-0.02452879189767344,-1
7663.72665758305,8,-0.017537927037985901,-1
7659.8697241462,8,-0.025549520106098175,-1
7656.01279070935,8,-0.024463995594998865,-1
7652.1558572725,8,-0.017142616884470219,-1
7648.29892383566,8,-0.011323362076859562,-1
7644.44199039881,8,0.0025166043502083753,-1
7640.58505696196,8,-0.0074682696877066733,-1
7636.72812352511,8,-0.027085571855667581,-1
7632.87119008827,8,-0.03773901848628456,-1
7629.01425665142,8,-0.031093218913371464,-1
7625.15732321457,8,-0.020528261884957058,-1
7621.30038977773,8,-0.020373492413560401,-1
7617.44345634088,8,-0.0059483317104781826,-1
7613.58652290403,8,-0.0012369635892743038,-1
7609.72958946718,8,-0.014207190651031062,-1
7605.87265603034,8,-0.027926210517655335,-1
7602.01572259349,8,-0.014928728031533053,-1
7598.15878915664,8,-0.028084992100381529,-1
7594.30185571979,8,-0.026431257375979813,-1
7590.44492228295,8,-0.0053337174401625383,-1
7586.5879888461,8,0.002330783013730936,-1
7582.73105540925,8,0.0040177841664753777,-1
7578.87412197241,8,0.0097214744760244758,-1
7575.01718853556,8,-0.0071273784627307246,-1
7571.16025509871,8,-0.012876470385058356,-1
7567.30332166186,8,-0.013944891965168581,-1
7563.44638822502,8,-0.0058839266720323779,-1
7559.58945478817,8,0.0030680913735218413,-1
7555.73252135132,8,0.0092321047293929381,-1
7551.87558791447,8,-0.0046212009554386013,-1
7548.01865447763,8,-0.00375794917941902,-1
7544.16172104078,8,-0.0015880894324395742,-1
7540.30478760393,8,0.00070796250972574102,-1
7536.44785416709,8,0.0012976053133922577,-1
7532.59092073024,8,0.0052206602763819861,-1
7528.73398729339,8,0.0036403966856138844,-1
7524.87705385654,8,0.0021227857325541301,-1
7521.0201204197,8,0.015046661332534697,-1
7517.16318698285,8,0.032785849272793974,-1
7513.306253546,8,0.034051956020972801,-1
7509.44932010915,8,0.022894511586325311,-1
7505.59238667231,8,0.030033075121994848,-1
7501.73545323546,8,0.039883168565226168,-1
7497.87851979861,8,0.02933559177985726,-1
7494.02158636177,8,0.0012902157194062019,-1
7490.16465292492,8,0.015101265184429453,-1
7486.30771948807,8,0.039915062406225547,-1
7482.45078605122,8,0.040464452569100216,-1
7478.59385261438,8,0.040514860659513909,-1
7474.73691917753,8,0.023438857521644537,-1
7470.87998574068,8,0.011691585489529456,-1
7467.02305230383,8,0.022823502351826869,-1
7463.16611886699,8,0.029382020932546077,-1
7459.30918543014,8,0.014856344281600733,-1
7455.45225199329,8,0.012090689939128284,-1
7451.59531855645,8,0.014895293175702311,-1
7447.7383851196,8,0.0041674477995720495,-1
7443.88145168275,8,0.008777673412603092,-1
7440.0245182459,8,0.021328657438459381,-1
7436.16758480906,8,0.02310530151197512,-1
7432.31065137221,8,0.027371879327032844,-1
7428.45371793536,8,0.024393057460869214,-1
7424.59678449851,8,0.018810441675507453,-1
7420.73985106167,8,0.027680293630800556,-1
7416.88291762482,8,0.018884110177684474,-1
7413.02598418797,8,0.0029018413360687254,-1
7409.16905075113,8,0.011852558868518978,-1
7405.31211731428,8,0.02214259808545788,-1
7401.45518387743,8,0.030429702416324287,-1
7397.59825044058,8,0.019545378177554234,-1
7393.74131700374,8,0.0097111519503099795,-1
7389.88438356689,8,-0.015746250066315283,-1
7386.02745013004,8,-0.030480278799215412,-1
7382.17051669319,8,-0.0043032422795359539,-1
7378.31358325635,8,0.015085585902402086,-1
7374.4566498195,8,0.01216390144022471,-1
7370.59971638265,8,0.032972219602793132,-1
7366.74278294581,8,0.021514989255216978,-1
7362.88584950896,8,0.00095905795721750754,-1
7359.02891607211,8,0.02332132026719997,-1
7355.17198263526,8,0.036715355463668845,-1
7351.31504919842,8,0.026945720255003646,-1
7347.45811576157,8,0.033149637099749968,-1
7343.60118232472,8,0.052884290503047035,-1
7339.74424888787,8,0.053811596174112644,-1
7335.88731545103,8,0.039838837297848199,-1
7332.03038201418,8,0.070778610134787201,-1
7328.17344857733,8,0.097548412587549552,-1
7324.31651514049,8,0.039352914522321217,-1
7320.45958170364,8,0.003849578050283747,-1
7316.60264826679,8,0.02001266925140641,-1
7312.74571482994,8,0.037249311734904998,-1
7308.8887813931,8,0.037810112063558256,-1
7305.03184795625,8,0.028680201051506683,-1
7301.1749145194,8,0.012937723656619146,-1
7297.31798108255,8,0.0024288061657809766,-1
7293.46104764571,8,0.012691732176889415,-1
7289.60411420886,8,0.011743659260615878,-1
7285.74718077201,8,0.0089403208484692565,-1
7281.89024733516,8,-0.0041588399441147561,-1
7278.03331389832,8,-0.022251468391207285,-1
7274.17638046147,8,-0.017946310682412689,-1
7270.31944702462,8,-0.011961453388283633,-1
7266.46251358778,8,-0.017353743139720088,-1
7262.60558015093,8,-0.005847721148424182,-1
7258.74864671408,8,0.0160218601733409,-1
7254.89171327723,8,0.012600823980301681,-1
7251.03477984039,8,-0.033943328514786528,-1
7247.17784640354,8,-0.049392283436278092,-1
7243.32091296669,8,-0.022928156376231145,-1
7239.46397952984,8,-0.03514527117653396,-1
7235.607046093,8,-0.0086166379353220281,-1
7231.75011265615,8,0.0011182001053576054,-1
7227.8931792193,8,-0.033211503595348517,-1
7224.03624578246,8,-0.0088881943828239916,-1
7220.17931234561,8,0.020307827154342935,-1
7216.32237890876,8,0.0042687268527834719,-1
7212.46544547191,8,-0.036439869520019666,-1
7208.60851203507,8,-0.051442634229863192,-1
7204.75157859822,8,-0.063629008471790593,-1
7200.89464516137,8,-0.053662210183152162,-1
7197.03771172452,8,-0.0097895065439222457,-1
7193.18077828768,8,-0.007719638524079293,-1
7189.32384485083,8,-0.017107498265626853,-1
7185.46691141398,8,-0.019819046795898864,-1
7181.60997797714,8,-0.04192180095357053,-1
7177.75304454029,8,-0.048794502863200653,-1
7173.89611110344,8,-0.026494657808050125,-1
7170.03917766659,8,-0.0098253736678917108,-1
7166.18224422975,8,0.010163005587825433,-1
7162.3253107929,8,0.010180775167553792,-1
7158.46837735605,8,-0.0048346453440578441,-1
7154.6114439192,8,-0.029133771982632548,-1
7150.75451048236,8,-0.023371555545517619,-1
7146.89757704551,8,0.0077118119037921781,-1
7143.04064360866,8,0.0034844978738869689,-1
7139.18371017182,8,-0.016940541949547291,-1
7135.32677673497,8,-0.019140992140002804,-1
7131.46984329812,8,-0.012098212675857081,-1
7127.61290986127,8,0.0018191298172045936,-1
7123.75597642443,8,0.010984729637197613,-1
7119.89904298758,8,0.0036907533277544631,-1
7116.04210955073,8,-0.015792688648046713,-1
7112.18517611388,8,-0.012318804594934814,-1
7108.32824267704,8,0.014790646461288201,-1
7104.47130924019,8,0.019035694174234258,-1
7100.61437580334,8,0.0069644150755994528,-1
7096.7574423665,8,0.011792080749647996,-1
7092.90050892965,8,-0.0092780871767902864,-1
7089.0435754928,8,-0.03705224532183822,-1
7085.18664205595,8,-0.039371665955057075,-1
7081.32970861911,8,-0.056726113438249445,-1
7077.47277518226,8,-0.090738508488556149,-1
7073.61584174541,8,-0.092107646851301211,-1
7069.75890830856,8,-0.074848254389302843,-1
7065.90197487172,8,-0.087251555861577512,-1
7062.04504143487,8,-0.088463568224303762,-1
7058.18810799802,8,-0.065774040174303411,-1
7054.33117456117,8,-0.039397142939823125,-1
7050.47424112433,8,-0.022706893164350754,-1
7046.61730768748,8,-0.011209126913745721,-1
7042.76037425063,8,-0.0031118394481424432,-1
7038.90344081379,8,0.0055115065327356006,-1
7035.04650737694,8,-0.001016489505029171,-1
7031.18957394009,8,-0.018602120793849073,-1
7027.33264050324,8,-0.0074181720647216081,-1
7023.4757070664,8,0.0057361947756124857,-1
7019.61877362955,8,0.0068671776794888969,-1
7015.7618401927,8,-0.0027499839967154082,-1
7011.90490675585,8,-0.0044593150561963368,-1
7008.04797331901,8,-0.0051333758803191508,-1
7004.19103988216,8,-0.017206204827259576,-1
7000.33410644531,8,-0.019761964392566559,-1
6996.47717300847,8,-0.025287565544234961,-1
6992.62023957162,8,-0.025047305659843169,-1
6988.76330613477,8,-0.010529895586246481,-1
6984.90637269792,8,0.0036755287227296894,-1
6981.04943926108,8,-0.012524091518970265,-1
6977.19250582423,8,-0.014139030404031071,-1
6973.33557238738,8,-0.0064555720982840421,-1
6969.47863895053,8,-0.0053085832781465331,-1
6965.62170551369,8,-0.0070541813053991605,-1
6961.76477207684,8,-0.0099991370681615024,-1
6957.90783863999,8,-0.0020825281389535572,-1
6954.05090520315,8,0.0043392578562639816,-1
6950.1939717663,8,-0.0067205365098067108,-1
6946.33703832945,8,-0.0081511293949422421,-1
6942.4801048926,8,-0.0057029339253896411,-1
6938.62317145576,8,-0.0025380409318459846,-1
6934.76623801891,8,-0.0040329175845132985,-1
6930.90930458206,8,-0.0032341594556023444,-1
6927.05237114521,8,-0.0038575636184543472,-1
6923.19543770837,8,0.0058644703258642948,-1
6919.33850427152,8,0.015611660730349385,-1
6915.48157083467,8,0.019993885216267861,-1
6911.62463739783,8,0.016495357495964827,-1
6907.76770396098,8,0.015479635586918068,-1
6903.91077052413,8,0.021562726693442811,-1
6900.05383708728,8,0.028709554115683301,-1
6896.19690365044,8,0.020737010292853252,-1
6892.33997021359,8,0.028908895040794136,-1
6888.48303677674,8,0.028399934982346241,-1
6884.62610333989,8,0.02422854486690048,-1
6880.76916990305,8,0.027364008804324325,-1
6876.9122364662,8,0.029451505541097316,-1
6873.05530302935,8,0.031771391457183988,-1
6869.19836959251,8,0.041839671374978127,-1
6865.34143615566,8,0.041766158462044102,-1
6861.48450271881,8,0.031239797951165962,-1
6857.62756928196,8,0.025598733910094897,-1
6853.77063584512,8,0.033514157027436188,-1
6849.91370240827,8,0.037911701018480411,-1
6846.05676897142,8,0.036436297296867093,-1
6842.19983553457,8,0.043595309067409001,-1
6838.34290209773,8,0.048103856852702208,-1
6834.48596866088,8,0.042677295909654987,-1
6830.62903522403,8,0.041173716411103609,-1
6826.77210178718,8,0.034882109752203662,-1
6822.91516835034,8,0.038311822690744173,-1
6819.05823491349,8,0.041381964540372025,-1
6815.20130147664,8,0.042847509127201269,-1
6811.3443680398,8,0.047150061684856914,-1
6807.48743460295,8,0.045644861509683561,-1
6803.6305011661,8,0.039091012713712507,-1
6799.77356772925,8,0.040008833290825288,-1
6795.91663429241,8,0.049510024960568791,-1
6792.05970085556,8,0.049440666151766725,-1
6788.20276741871,8,0.03823359068006469,-1
6784.34583398186,8,0.033310780324972339,-1
6780.48890054502,8,0.035884463997577394,-1
6776.63196710817,8,0.035601066100988767,-1
6772.77503367132,8,0.033291251349170034,-1
6768.91810023448,8,0.044501546372228508,-1
6765.06116679763,8,0.038606028857801039,-1
6761.20423336078,8,0.025301149439274414,-1
6757.34729992393,8,0.027387335791145589,-1
6753.49036648709,8,0.027424552858044859,-1
6749.63343305024,8,0.02254706529443571,-1
6745.77649961339,8,0.023163281928466263,-1
6741.91956617654,8,0.027241386841567409,-1
6738.0626327397,8,0.032550169561752114,-1
6734.20569930285,8,0.025014384340355748,-1
6730.348765866,8,0.023938248337561373,-1
6726.49183242916,8,0.029424656250537241,-1
6722.63489899231,8,0.022638092526446184,-1
6718.77796555546,8,0.022908092959796629,-1
6714.92103211861,8,0.012952404485979773,-1
6711.06409868177,8,0.0097776763743182803,-1
6707.20716524492,8,0.016451334713088482,-1
6703.35023180807,8,0.020866664518770915,-1
6699.49329837122,8,0.023792846450181676,-1
6695.63636493438,8,0.019401788295148371,-1
6691.77943149753,8,0.018465499774238132,-1
6687.92249806068,8,0.026072622255537241,-1
6684.06556462384,8,0.017389633054793321,-1
6680.20863118699,8,0.00056486413283853378,-1
6676.35169775014,8,0.0065544501807515438,-1
6672.49476431329,8,0.018110621367788911,-1
6668.63783087645,8,0.014318589172756409,-1
6664.7808974396,8,0.010072033861629068,-1
6660.92396400275,8,0.01011994013664775,-1
6657.0670305659,8,0.0058805679530958858,-1
6653.21009712906,8,0.0064929925259175781,-1
6649.35316369221,8,0.005650957612954771,-1
6645.49623025536,8,0.0046746544334118562,-1
6641.63929681852,8,0.0089152545091955269,-1
6637.78236338167,8,0.0067250216969923435,-1
6633.92542994482,8,0.0047976439176157593,-1
6630.06849650797,8,0.0053040761656885172,-1
6626.21156307113,8,-0.003940287321242894,-1
6622.35462963428,8,-0.008206320479207517,-1
6618.49769619743,8,-0.0067014847515998732,-1
6614.64076276058,8,-0.004686260658582248,-1
6610.78382932374,8,-0.0075494083076532827,-1
6606.92689588689,8,-0.012739044910872851,-1
6603.06996245004,8,-0.017427458357820939,-1
6599.2130290132,8,-0.018165759578463735,-1
6595.35609557635,8,-0.0099539353443469578,-1
6591.4991621395,8,-0.0079189886068958583,-1
6587.64222870265,8,-0.016872812509374818,-1
6583.78529526581,8,-0.02129839743796386,-1
6579.92836182896,8,-0.027406029196114696,-1
6576.07142839211,8,-0.023695888425416749,-1
6572.21449495526,8,-0.016884203394813561,-1
6568.35756151842,8,-0.0047769593138302664,-1
6564.50062808157,8,-0.013575469671525816,-1
6560.64369464472,8,-0.022241328297243537,-1
6556.78676120788,8,-0.020339781844042119,-1
6552.92982777103,8,-0.01536143929222066,-1
6549.07289433418,8,-0.013316016654370273,-1
6545.21596089733,8,-0.013580415118285935,-1
6541.35902746049,8,-0.018824375286440254,-1
6537.50209402364,8,-0.014587304228702951,-1
6533.64516058679,8,-0.013579888628074866,-1
6529.78822714994,8,-0.0072841945645351781,-1
6525.9312937131,8,-0.0040723833352104893,-1
6522.07436027625,8,-0.0062255756996150279,-1
6518.2174268394,8,-0.0021642172288672159,-1
6514.36049340256,8,-0.015105798931853149,-1
6510.50355996571,8,-0.026702782275013524,-1
6506.64662652886,8,-0.024529454192010424,-1
6502.78969309201,8,-0.011725847576796618,-1
6498.93275965517,8,-0.016826664963489002,-1
6495.07582621832,8,-0.018340471612533028,-1
6491.21889278147,8,-0.016418868410897448,-1
6487.36195934462,8,-0.01264191016080954,-1
6483.50502590778,8,-0.0075848560203619865,-1
6479.64809247093,8,-0.0026570619117559763,-1
6475.79115903408,8,-0.010698168268621499,-1
6471.93422559724,8,-0.008567199721393642,-1
6468.07729216039,8,-0.0089098225213218203,-1
6464.22035872354,8,-0.0076128570079743788,-1
6460.36342528669,8,-0.011646671570125111,-1
6456.50649184985,8,-0.011800985549607798,-1
6452.649558413,8,-0.01129105917738839,-1
6448.79262497615,8,-0.019882364425906497,-1
6444.9356915393,8,-0.028003640303177157,-1
6441.07875810246,8,-0.024336232121673542,-1
6437.22182466561,8,-0.0098190476008444896,-1
6433.36489122876,8,-0.010808053571794284,-1
6429.50795779192,8,-0.0080619049174701207,-1
6425.65102435507,8,-0.010032021071196665,-1
6421.79409091822,8,-0.0092680626240827738,-1
6417.93715748137,8,-0.0093316267645389157,-1
6414.08022404453,8,-0.0045577276449119374,-1
6410.22329060768,8,-0.0059536250945901028,-1
6406.36635717083,8,-0.0086819219129515863,-1
6402.50942373398,8,-0.010651347209338311,-1
6398.65249029714,8,-0.0082867788581003129,-1
6394.79555686029,8,-0.0040935873309866878,-1
6390.93862342344,8,-0.000559355424332375,-1
6387.08168998659,8,-0.0049885105407683509,-1
6383.22475654975,8,-0.014298343332201259,-1
6379.3678231129,8,-0.01740108998129547,-1
6375.51088967605,8,-0.0089599678808274606,-1
6371.6539562392,8,-0.0092108911289638662,-1
6367.79702280236,8,-0.017561223509298104,-1
6363.94008936551,8,-0.015101049368548522,-1
6360.08315592866,8,-0.0047423450564118667,-1
6356.22622249182,8,-0.0055668162468788434,-1
6352.36928905497,8,-0.011842589600527396,-1
6348.51235561812,8,-0.017584280324194096,-1
6344.65542218127,8,-0.020051434702992758,-1
6340.79848874443,8,-0.019499877637254383,-1
6336.94155530758,8,-0.01917082984134447,-1
6333.08462187073,8,-0.016419678611254162,-1
6329.22768843388,8,-0.026758395016798369,-1
6325.37075499704,8,-0.028630425790661215,-1
6321.51382156019,8,-0.015811925386334875,-1
6317.65688812334,8,-0.0071239303987762357,-1
6313.7999546865,8,-0.0053945222349439442,-1
6309.94302124965,8,-0.013710320783516049,-1
6306.0860878128,8,-0.022552879006438036,-1
6302.22915437595,8,-0.019724702836364051,-1
6298.37222093911,8,-0.013920286209574979,-1
6294.51528750226,8,-0.019987761899144807,-1
6290.65835406541,8,-0.025840207798224588,-1
6286.80142062856,8,-0.028326843250507588,-1
6282.94448719172,8,-0.022872285269703276,-1
6279.08755375487,8,-0.021883600808622328,-1
6275.23062031802,8,-0.021523963420876511,-1
6271.37368688118,8,-0.015563434592805488,-1
6267.51675344433,8,-0.024188965979783771,-1
6263.65982000748,8,-0.029648554879499592,-1
6259.80288657063,8,-0.023680479286888906,-1
6255.94595313379,8,-0.025587467435799021,-1
6252.08901969694,8,-0.02456774851280849,-1
6248.23208626009,8,-0.018246796757259962,-1
6244.37515282324,8,-0.029193069905860677,-1
6240.5182193864,8,-0.031710027183138423,-1
6236.66128594955,8,-0.030007174629650274,-1
6232.8043525127,8,-0.039221679207258567,-1
6228.94741907586,8,-0.03898399283433527,-1
6225.09048563901,8,-0.034059307939946604,-1
6221.23355220216,8,-0.021176815388593891,-1
6217.37661876531,8,-0.01192720015176018,-1
6213.51968532847,8,-0.008330384127863525,-1
6209.66275189162,8,-0.0096759439620681797,-1
6205.80581845477,8,-0.0086842264585733648,-1
6201.94888501792,8,-0.012056487282059247,-1
6198.09195158108,8,-0.015314187050807138,-1
6194.23501814423,8,-0.026902277596588569,-1
6190.37808470738,8,-0.02536489640235565,-1
6186.52115127054,8,-0.025205618355845338,-1
6182.66421783369,8,-0.025310188099153506,-1
6178.80728439684,8,-0.01824726596418055,-1
6174.95035095999,8,-0.017308405201998025,-1
6171.09341752315,8,-0.018470998493165219,-1
6167.2364840863,8,-0.0066283795030344528,-1
6163.37955064945,8,-0.0028547940824871334,-1
6159.5226172126,8,-0.01478810651589489,-1
6155.66568377576,8,-0.017747688883422704,-1
6151.80875033891,8,-0.017621342711119918,-1
6147.95181690206,8,-0.013774076889421345,-1
6144.09488346522,8,-0.0063786186590106221,-1
6140.23795002837,8,-0.0047949320628485476,-1
6136.38101659152,8,-0.010976355987424719,-1
6132.52408315467,8,-0.0077502485285674706,-1
6128.66714971783,8,-0.010546487347593227,-1
6124.81021628098,8,-0.0061291201269245074,-1
6120.95328284413,8,0.0032049477312295007,-1
6117.09634940728,8,0.013791580552193781,-1
6113.23941597044,8,0.012173721030980352,-1
6109.38248253359,8,0.0074810518299954186,-1
6105.52554909674,8,0.019958025194569386,-1
6101.6686156599,8,0.024509307853291733,-1
6097.81168222305,8,0.028988455203817907,-1
6093.9547487862,8,0.036779789447263657,-1
6090.09781534935,8,0.026889859122561276,-1
6086.24088191251,8,0.026187855516433867,-1
6082.38394847566,8,0.028152292656212489,-1
6078.52701503881,8,0.032615753232016445,-1
6074.67008160196,8,0.042980357824054363,-1
6070.81314816512,8,0.042422211033345272,-1
6066.95621472827,8,0.045641977831826747,-1
6063.09928129142,8,0.05444331163614214,-1
6059.24234785458,8,0.05131500287047535,-1
6055.38541441773,8,0.052855004355434977,-1
6051.52848098088,8,0.057568176280695021,-1
6047.67154754403,8,0.042409961370026644,-1
6043.81461410719,8,0.037309038943505332,-1
6039.95768067034,8,0.046235508728256623,-1
6036.10074723349,8,0.0471233858309291,-1
6032.24381379664,8,0.058225412734521004,-1
6028.3868803598,8,0.055768990783541687,-1
6024.52994692295,8,0.052343621635376161,-1
6020.6730134861,8,0.050968330476452613,-1
6016.81608004926,8,0.045274131642637973,-1
6012.95914661241,8,0.048292137137181515,-1
6009.10221317556,8,0.054630703788944059,-1
6005.24527973871,8,0.051913569877931665,-1
6001.38834630187,8,0.035191118053893224,-1
5997.53141286502,8,0.030660424762881968,-1
5993.67447942817,8,0.045984541846852786,-1
5989.81754599132,8,0.040680839795131291,-1
5985.96061255448,8,0.027186941625693042,-1
5982.10367911763,8,0.010020356318049288,-1
5978.24674568078,8,0.0067363740162215266,-1
5974.38981224394,8,0.010665838488494029,-1
5970.53287880709,8,-0.00054255301108853339,-1
5966.67594537024,8,-0.0080498352494139912,-1
5962.81901193339,8,-0.00086999619810788258,-1
5958.96207849655,8,-0.0010319074459799959,-1
5955.1051450597,8,-0.0068942699980474916,-1
5951.24821162285,8,-0.0066211287991198827,-1
5947.391278186,8,-0.0063814200245410199,-1
5943.53434474916,8,-0.0087493992494896092,-1
5939.67741131231,8,-0.01570711969135587,-1
5935.82047787546,8,-0.0099420652779555474,-1
5931.96354443862,8,0.0013055021930280066,-1
5928.10661100177,8,0.0034853093283395264,-1
5924.24967756492,8,0.0062293268945656519,-1
5920.39274412807,8,0.0041261431142620006,-1
5916.53581069123,8,0.0098459475995963455,-1
5912.67887725438,8,0.020652225083487491,-1
5908.82194381753,8,0.017168194009605887,-1
5904.96501038068,8,0.0124197386503044,-1
5901.10807694384,8,0.0054109628801776548,-1
5897.25114350699,8,-0.0029999045457187058,-1
5893.39421007014,8,-0.008937862295891023,-1
5889.5372766333,8,-0.015554998218935162,-1
5885.68034319645,8,-0.018770866154163474,-1
5881.8234097596,8,-0.022390961864332842,-1
5877.96647632275,8,-0.023743110873509696,-1
5874.10954288591,8,-0.033697752942781066,-1
5870.25260944906,8,-0.025678069971200399,-1
5866.39567601221,8,-0.017531469230907943,-1
5862.53874257536,8,-0.010298095130967105,-1
5858.68180913852,8,-0.0012179393250895192,-1
5854.82487570167,8,0.018783657618126521,-1
5850.96794226482,8,0.028888020537547961,-1
5847.11100882798,8,0.035745410149455224,-1
5843.25407539113,8,0.039922928021304663,-1
5839.39714195428,8,0.050406701721419443,-1
5835.54020851743,8,0.044568670835741925,-1
5831.68327508059,8,0.030552681809015471,-1
5827.82634164374,8,0.031490429893165077,-1
5823.96940820689,8,0.04355757834958815,-1
5820.11247477004,8,0.04924842971285031,-1
5816.2555413332,8,0.044852684027028633,-1
5812.39860789635,8,0.036252443329668885,-1
5808.5416744595,8,0.034576485676156773,-1
5804.68474102266,8,0.035464016498044745,-1
5800.82780758581,8,0.028026404932005242,-1
5796.97087414896,8,0.02370585337063778,-1
5793.11394071211,8,0.019934695369432456,-1
5789.25700727527,8,0.010969575224337601,-1
5785.40007383842,8,0.0025161804939565452,-1
5781.54314040157,8,-0.0056372824386585474,-1
5777.68620696472,8,-0.0051972448025179472,-1
5773.82927352788,8,-0.015565199983033989,-1
5769.97234009103,8,-0.017585099852613265,-1
5766.11540665418,8,-0.019819256298982138,-1
5762.25847321733,8,-0.026563934276496778,-1
5758.40153978049,8,-0.037121196721341974,-1
5754.54460634364,8,-0.043689015143421654,-1
5750.68767290679,8,-0.047326851545477201,-1
5746.83073946995,8,-0.042311710868012574,-1
5742.9738060331,8,-0.038384159133745419,-1
5739.11687259625,8,-0.045675096366921492,-1
5735.2599391594,8,-0.044348742664324481,-1
5731.40300572256,8,-0.033681458166066901,-1
5727.54607228571,8,-0.031447356613030296,-1
5723.68913884886,8,-0.031984062306261198,-1
5719.83220541201,8,-0.031049921384930634,-1
5715.97527197517,8,-0.023591278120810837,-1
5712.11833853832,8,-0.018715652921306763,-1
5708.26140510147,8,-0.015421987024464135,-1
5704.40447166463,8,-0.013253080884429022,-1
5700.54753822778,8,-0.018678369423804887,-1
5696.69060479093,8,-0.016498216830002885,-1
5692.83367135408,8,-0.017030564574103294,-1
5688.97673791724,8,-0.02454692734302007,-1
5685.11980448039,8,-0.022420300694410086,-1
5681.26287104354,8,-0.026971468106354826,-1
5677.40593760669,8,-0.023875715359286283,-1
5673.54900416985,8,-0.022915694337389336,-1
5669.692070733,8,-0.026019608102874486,-1
5665.83513729615,8,-0.025972500596930716,-1
5661.97820385931,8,-0.0222734790749817,-1
5658.12127042246,8,-0.021478763979374284,-1
5654.26433698561,8,-0.019067191103426719,-1
5650.40740354876,8,-0.0073807347483934973,-1
5646.55047011192,8,-0.0043553157700176983,-1
5642.69353667507,8,-0.012152994193037456,-1
5638.83660323822,8,-0.016584785691884287,-1
5634.97966980137,8,-0.011160848019941013,-1
5631.12273636453,8,-0.0063301421026391719,-1
5627.26580292768,8,-0.0039978795769317083,-1
5623.40886949083,8,0.004112670976089243,-1
5619.55193605399,8,0.0095303957782375062,-1
5615.69500261714,8,0.0046264033744100631,-1
5611.83806918029,8,0.0017184944618708791,-1
5607.98113574344,8,0.011372886277435351,-1
5604.1242023066,8,0.019858738103198142,-1
5600.26726886975,8,0.02589411217789148,-1
5596.4103354329,8,0.010669326832570951,-1
5592.55340199605,8,-0.0040199457831528668,-1
5588.69646855921,8,-0.0041362583459413254,-1
5584.83953512236,8,0.0059019986687459843,-1
5580.98260168551,8,9.4466160404569008e-05,-1
5577.12566824867,8,-0.010382167375395908,-1
5573.26873481182,8,-0.010523838890478313,-1
5569.41180137497,8,-0.00056964298001473688,-1
5565.55486793812,8,-0.014921849953771276,-1
5561.69793450128,8,-0.019524445177054386,-1
5557.84100106443,8,-0.018892616905224358,-1
5553.98406762758,8,-0.0098592638050286393,-1
5550.12713419073,8,-0.018293805514077426,-1
5546.27020075389,8,-0.021815493596818249,-1
5542.41326731704,8,-0.013116733423459854,-1
5538.55633388019,8,-0.0035794752066243152,-1
5534.69940044334,8,-0.01275631732662706,-1
5530.8424670065,8,-0.02608869516941931,-1
5526.98553356965,8,-0.01747188794530535,-1
5523.1286001328,8,-0.0038242602689686502,-1
5519.27166669596,8,-0.0067637285263805339,-1
5515.41473325911,8,-0.010101072879719425,-1
5511.55779982226,8,-0.01400759540068398,-1
5507.70086638541,8,-0.014078705264437479,-1
5503.84393294857,8,-0.024092522121135128,-1
5499.98699951172,8,-0.025899590573798072,-1
5496.13006607487,8,-0.02825465411348976,-1
5492.27313263802,8,-0.040386414181180039,-1
5488.41619920118,8,-0.05147410424161078,-1
5484.55926576433,8,-0.040519627097867716,-1
5480.70233232748,8,-0.027262009178200278,-1
5476.84539889064,8,-0.028387522724275804,-1
5472.98846545379,8,-0.042795193313249942,-1
5469.13153201694,8,-0.039470172489331198,-1
5465.27459858009,8,-0.032236491784772517,-1
5461.41766514325,8,-0.017066091588546658,-1
5457.5607317064,8,-0.015406360700975043,-1
5453.70379826955,8,-0.026942619495620972,-1
5449.8468648327,8,-0.044065097997947861,-1
5445.98993139586,8,-0.054917335520851297,-1
5442.13299795901,8,-0.042113925646488942,-1
5438.27606452216,8,-0.013108388539943647,-1
5434.41913108532,8,-0.00074741169125120224,-1
5430.56219764847,8,-0.0048773453834950855,-1
5426.70526421162,8,-0.0074201310624916984,-1
5422.84833077477,8,0.0022586517180375868,-1
5418.99139733793,8,-0.0049882642186491258,-1
5415.13446390108,8,-0.012659071070655694,-1
5411.27753046423,8,-0.04668585351576212,-1
5407.42059702738,8,-0.031682600794755454,-1
5403.56366359054,8,-0.006406484112722698,-1
5399.70673015369,8,0.011551571980253915,-1
5395.84979671684,8,0.0025670316447109019,-1
5391.99286328,8,-0.0018570997871392831,-1
5388.13592984315,8,-0.020940382636570398,-1
5384.2789964063,8,-0.019086247002764546,-1
5380.42206296945,8,-0.002774664508559347,-1
5376.56512953261,8,0.023378682106660654,-1
5372.70819609576,8,0.025978800082093335,-1
5368.85126265891,8,0.043046695131644844,-1
5364.99432922206,8,0.032112429338049642,-1
5361.13739578522,8,0.017541989674413651,-1
5357.28046234837,8,0.021755135815022544,-1
5353.42352891152,8,0.013076453568288335,-1
5349.56659547468,8,0.0087693461431862692,-1
5345.70966203783,8,0.035901687008886039,-1
5341.85272860098,8,0.039772219822553946,-1
5337.99579516413,8,0.029572140288009405,-1
5334.13886172729,8,0.018928378429576117,-1
5330.28192829044,8,0.040847574630792242,-1
5326.42499485359,8,0.03862857229703414,-1
5322.56806141674,8,0.049581772751780502,-1
5318.7111279799,8,0.055921436031953563,-1
5314.85419454305,8,0.070371532947290455,-1
5310.9972611062,8,0.063911586891433905,-1
5307.14032766935,8,0.055832719215967302,-1
5303.28339423251,8,0.04433626752030808,-1
5299.42646079566,8,0.053755401140095999,-1
5295.56952735881,8,0.052695966268153163,-1
5291.71259392197,8,0.060657075260938761,-1
5287.85566048512,8,0.04681929961036975,-1
5283.99872704827,8,0.047592290324358702,-1
5280.14179361142,8,0.059813122550909259,-1
5276.28486017458,8,0.070233620896986829,-1
5272.42792673773,8,0.049975121873962816,-1
5268.57099330088,8,0.029011640528723241,-1
5264.71405986403,8,0.012718979635124522,-1
5260.85712642719,8,0.016639364842102024,-1
5257.00019299034,8,0.0039529367955414675,-1
5253.14325955349,8,0.0076090343802046618,-1
5249.28632611665,8,-0.001735711741756461,-1
5245.4293926798,8,0.0021692547129235147,-1
5241.57245924295,8,-0.0086673684612936473,-1
5237.7155258061,8,-0.015609494341463982,-1
5233.85859236926,8,-0.022096942502563301,-1
5230.00165893241,8,-0.024725163688016544,-1
5226.14472549556,8,-0.028732871792190362,-1
5222.28779205871,8,-0.023407372501374875,-1
5218.43085862187,8,-0.021773129191716034,-1
5214.57392518502,8,-0.018383967298344683,-1
5210.71699174817,8,-0.025935022261094228,-1
5206.86005831133,8,-0.020312207278099466,-1
5203.00312487448,8,-0.022470037867144955,-1
5199.14619143763,8,-0.025525896948175586,-1
5195.28925800078,8,-0.020632660598490331,-1
5191.43232456394,8,-0.019011016266432278,-1
5187.57539112709,8,-0.024613848202364688,-1
5183.71845769024,8,-0.032722208320330959,-1
5179.86152425339,8,-0.034305062317085112,-1
5176.00459081655,8,-0.028884823628087444,-1
5172.1476573797,8,-0.025518978001952318,-1
5168.29072394285,8,-0.027959224401905958,-1
5164.43379050601,8,-0.026495407770174177,-1
5160.57685706916,8,-0.024383595789159013,-1
5156.71992363231,8,-0.026651751177223279,-1
5152.86299019546,8,-0.028010095879193651,-1
5149.00605675862,8,-0.028759384386381686,-1
5145.14912332177,8,-0.029144270414207533,-1
5141.29218988492,8,-0.022450634634661782,-1
5137.43525644807,8,-0.016612610219786043,-1
5133.57832301123,8,-0.014600975216893698,-1
5129.72138957438,8,-0.019717475500349524,-1
5125.86445613753,8,-0.01544510627378518,-1
5122.00752270069,8,-0.018457146032965367,-1
5118.15058926384,8,-0.020938009153591737,-1
5114.29365582699,8,-0.028420542344277558,-1
5110.43672239014,8,-0.024126025655202801,-1
5106.5797889533,8,-0.022274676322412559,-1
5102.72285551645,8,-0.011976015077056174,-1
5098.8659220796,8,-0.0092328502682476107,-1
5095.00898864275,8,-0.01056618602756048,-1
5091.15205520591,8,-0.00847641090651652,-1
5087.29512176906,8,0.0033261935064126443,-1
5083.43818833221,8,0.0082063694906078528,-1
5079.58125489536,8,0.016357302620282996,-1
5075.72432145852,8,0.021508389136600289,-1
5071.86738802167,8,0.030427440935425907,-1
5068.01045458482,8,0.033859622866972423,-1
5064.15352114798,8,0.04394347110760103,-1
5060.29658771113,8,0.048045449077906914,-1
5056.43965427428,8,0.05267819248604598,-1
5052.58272083743,8,0.056128279538746655,-1
5048.72578740059,8,0.06255193851449363,-1
5044.86885396374,8,0.063624917302186321,-1
5041.01192052689,8,0.063752085865746946,-1
5037.15498709004,8,0.060758188458748308,-1
5033.2980536532,8,0.058717953707527776,-1
5029.44112021635,8,0.052782004174964307,-1
5025.5841867795,8,0.053716243993466306,-1
5021.72725334266,8,0.048917320190636215,-1
5017.87031990581,8,0.044983794110022568,-1
5014.01338646896,8,0.03249098072518411,-1
5010.15645303211,8,0.027799150752264898,-1
5006.29951959527,8,0.01974437317508683,-1
5002.44258615842,8,0.011156623345940218,-1
4998.58565272157,8,-0.0013162064763728594,-1
4994.72871928472,8,-0.0068588072663185277,-1
4990.87178584788,8,-0.015180964476361429,-1
4987.01485241103,8,-0.015534393171873577,-1
4983.15791897418,8,-0.023010140294263716,-1
4979.30098553734,8,-0.028575319309927752,-1
4975.44405210049,8,-0.032318182372426257,-1
4971.58711866364,8,-0.028620991367586064,-1
4967.73018522679,8,-0.027135005619680918,-1
4963.87325178995,8,-0.024483739730350732,-1
4960.0163183531,8,-0.023946790882633025,-1
4956.15938491625,8,-0.018804111527430206,-1
4952.3024514794,8,-0.025459407949049755,-1
4948.44551804256,8,-0.023338740775380409,-1
4944.58858460571,8,-0.01938181452175235,-1
4940.73165116886,8,-0.012714055554236117,-1
4936.87471773202,8,-0.016394588183202684,-1
4933.01778429517,8,-0.016602390558258275,-1
4929.16085085832,8,-0.016915996471923045,-1
4925.30391742147,8,-0.015107738228165437,-1
4921.44698398463,8,-0.015688733767631944,-1
4917.59005054778,8,-0.0083846110917199252,-1
4913.73311711093,8,-0.010959210926789599,-1
4909.87618367408,8,-0.0095268618757791655,-1
4906.01925023724,8,-0.010006234736004253,-1
4902.16231680039,8,-0.0034463768970998338,-1
4898.30538336354,8,-0.0038897736457147746,-1
4894.4484499267,8,-0.0039883218889558581,-1
4890.59151648985,8,-0.0065412567162099738,-1
4886.734583053,8,-0.002930819574886832,-1
4882.87764961615,8,-0.0070602234147490815,-1
4879.02071617931,8,-0.010583370850921389,-1
4875.16378274246,8,-0.011218800885765224,-1
4871.30684930561,8,-0.0004623834940375199,-1
4867.44991586876,8,0.0042276714798907596,-1
4863.59298243192,8,0.0047508602217744599,-1
4859.73604899507,8,-0.0027095382031687215,-1
4855.87911555822,8,-0.0037154353484869216,-1
4852.02218212137,8,-0.0064952188097904175,-1
4848.16524868453,8,0.00079058436221107178,-1
4844.30831524768,8,0.0011657623948538069,-1
4840.45138181083,8,0.0020837469420380323,-1
4836.59444837399,8,-0.0019647303338015207,-1
4832.73751493714,8,-0.0021277015066386113,-1
4828.88058150029,8,-0.0019424400117156956,-1
4825.02364806344,8,0.0066989149107140418,-1
4821.1667146266,8,0.0055550776424498184,-1
4817.30978118975,8,0.0066191679491230584,-1
4813.4528477529,8,0.0077292852221655124,-1
4809.59591431605,8,0.0096903940831071719,-1
4805.73898087921,8,0.0073945036122958809,-1
4801.88204744236,8,0.013555051279280708,-1
4798.02511400551,8,0.014850763917982738,-1
4794.16818056867,8,0.017493362744915749,-1
4790.31124713182,8,0.011058367848931969,-1
4786.45431369497,8,0.010723980256160469,-1
4782.59738025812,8,0.004744098216410279,-1
4778.74044682128,8,0.0046614532094269492,-1
4774.88351338443,8,-0.00010626129756213109,-1
4771.02657994758,8,0.0024976707060480378,-1
4767.16964651073,8,-0.0028964034582141195,-1
4763.31271307389,8,-0.0073359928327475354,-1
4759.45577963704,8,-0.010006266888794078,-1
4755.59884620019,8,-0.0068064767881536184,-1
4751.74191276335,8,-0.0053657106622781907,-1
4747.8849793265,8,-0.0019281862543754627,-1
4744.02804588965,8,-0.0071863012160609269,-1
4740.1711124528,8,-0.0025342107821948855,-1
4736.31417901596,8,-0.005630147714375742,-1
4732.45724557911,8,-0.0047678043733328001,-1
4728.60031214226,8,-0.013696519611398648,-1
4724.74337870541,8,-0.0099473973965019894,-1
4720.88644526857,8,-0.0042338715002168759,-1
4717.02951183172,8,0.0030707483779026006,-1
4713.17257839487,8,-0.0035185810280594894,-1
4709.31564495803,8,-0.0029133357131717018,-1
4705.45871152118,8,-0.0056428015756533985,-1
4701.60177808433,8,-0.0037827431771919515,-1
4697.74484464748,8,-0.0034640540870986515,-1
4693.88791121064,8,0.00058105520028828262,-1
4690.03097777379,8,0.0009391142678355735,-1
4686.17404433694,8,0.0030956464105174565,-1
4682.31711090009,8,-0.0012542377057605562,-1
4678.46017746325,8,0.0043069400811730375,-1
4674.6032440264,8,-0.0013211512953686668,-1
4670.74631058955,8,0.0046333986772894055,-1
4666.88937715271,8,0.00043125063407722128,-1
4663.03244371586,8,0.0026873670426514952,-1
4659.17551027901,8,-8.5042068533691244e-05,-1
4655.31857684216,8,0.0055696158527043923,-1
4651.46164340532,8,0.0073330213031164966,-1
4647.60470996847,8,0.003829724140127908,-1
4643.74777653162,8,0.0022260327384200718,-1
4639.89084309477,8,0.0036434015649036595,-1
4636.03390965793,8,0.00077842342592468656,-1
4632.17697622108,8,0.0018056128693398688,-1
4628.32004278423,8,-0.0065239137129580469,-1
4624.46310934739,8,-0.0052075429496209443,-1
4620.60617591054,8,-0.00998459791922085,-1
4616.74924247369,8,-0.011437467804665371,-1
4612.89230903684,8,-0.014061077860912234,-1
4609.0353756,8,-0.0049010038305110342,-1
4605.17844216315,8,-0.0049138776880740696,-1
4601.3215087263,8,-0.0052135374933612588,-1
4597.46457528945,8,-0.0071625072312080495,-1
4593.60764185261,8,-0.0054998126405810524,-1
4589.75070841576,8,-0.013213680968115078,-1
4585.89377497891,8,-0.0070940408112404527,-1
4582.03684154207,8,-0.0042338904111584585,-1
4578.17990810522,8,-0.0051842549976963449,-1
4574.32297466837,8,-0.0074561772174062749,-1
4570.46604123152,8,0.0048482118696255103,-1
4566.60910779468,8,-0.00024711895841629533,-1
4562.75217435783,8,-0.0095557151192380424,-1
4558.89524092098,8,-0.014616586956215188,-1
4555.03830748413,8,-0.0049686518200913292,-1
4551.18137404729,8,-0.0046653900642294336,-1
4547.32444061044,8,-0.0068457162780865399,-1
4543.46750717359,8,-0.018443291615873113,-1
4539.61057373675,8,-0.021152491129461458,-1
4535.7536402999,8,-0.029521411652967823,-1
4531.89670686305,8,-0.026023903782305558,-1
4528.0397734262,8,-0.021116555465015813,-1
4524.18283998936,8,-0.017266018223474403,-1
4520.32590655251,8,-0.021258482034012451,-1
4516.46897311566,8,-0.013919460215342438,-1
4512.61203967881,8,-0.00879970199553925,-1
4508.75510624197,8,-0.0038713521393864926,-1
4504.89817280512,8,-0.0039933235649804522,-1
4501.04123936827,8,0.0086992643748803004,-1
4497.18430593143,8,0.0067169662508604474,-1
4493.32737249458,8,-0.0032496485554429242,-1
4489.47043905773,8,-0.0063676937331085164,-1
4485.61350562088,8,-0.0081084985124101911,-1
4481.75657218404,8,-0.016690386976128901,-1
4477.89963874719,8,-0.017961613529307072,-1
4474.04270531034,8,-0.020283108734640943,-1
4470.18577187349,8,-0.020351818110635998,-1
4466.32883843665,8,-0.016047884323731006,-1
4462.4719049998,8,-0.0062325181534198769,-1
4458.61497156295,8,-0.013491166222017304,-1
4454.75803812611,8,0.00030776790587295084,-1
4450.90110468926,8,0.0069329569236263704,-1
4447.04417125241,8,0.016261468441719291,-1
4443.18723781556,8,0.027084565931851309,-1
4439.33030437872,8,0.045790859109639363,-1
4435.47337094187,8,0.06031828622639062,-1
4431.61643750502,8,0.071431909407080163,-1
4427.75950406817,8,0.073671834404223271,-1
4423.90257063133,8,0.075597936764706233,-1
4420.04563719448,8,0.066214624193251193,-1
4416.18870375763,8,0.064074790305505377,-1
4412.33177032078,8,0.055111403794626902,-1
4408.47483688394,8,0.052494186983913692,-1
4404.61790344709,8,0.045109937048070148,-1
4400.76097001024,8,0.040230674837291994,-1
4396.9040365734,8,0.027578651804934462,-1
4393.04710313655,8,0.026480808115501707,-1
4389.1901696997,8,0.019079571945196435,-1
4385.33323626285,8,0.019721090262023875,-1
4381.47630282601,8,0.022920861326198892,-1
4377.61936938916,8,0.022097567694253879,-1
4373.76243595231,8,0.011486934219035683,-1
4369.90550251546,8,0.01215909916907431,-1
4366.04856907862,8,0.012304835655776565,-1
4362.19163564177,8,0.023510225039797276,-1
4358.33470220492,8,0.023602273887870302,-1
4354.47776876808,8,0.027316988251846436,-1
4350.62083533123,8,0.021506633958278884,-1
4346.76390189438,8,0.015126824804279524,-1
4342.90696845753,8,-0.0063770768811768587,-1
4339.05003502069,8,-0.012268876991431652,-1
4335.19310158384,8,-0.023006162261319792,-1
4331.33616814699,8,-0.019505761616887385,-1
4327.47923471014,8,-0.028919301166798653,-1
4323.6223012733,8,-0.030220676662332198,-1
4319.76536783645,8,-0.033068498779655585,-1
4315.9084343996,8,-0.026352946561299898,-1
4312.05150096276,8,-0.026292778979222185,-1
4308.19456752591,8,-0.019353461421630313,-1
4304.33763408906,8,-0.011278190946520418,-1
4300.48070065221,8,-0.0054237301299667759,-1
4296.62376721537,8,-0.0090606626183297942,-1
4292.76683377852,8,0.0010992216522312144,-1
4288.90990034167,8,0.0036778726906558121,-1
4285.05296690482,8,0.0095331253070564236,-1
4281.19603346798,8,0.011144841290822594,-1
4277.33910003113,8,0.013249982193908548,-1
4273.48216659428,8,0.0016001524903884699,-1
4269.62523315744,8,-0.0014689539237482303,-1
4265.76829972059,8,-0.0044169834390567582,-1
4261.91136628374,8,0.0072683278038070988,-1
4258.05443284689,8,0.0049725591918587343,-1
4254.19749941005,8,0.0035040180904855863,-1
4250.3405659732,8,-0.0042892368854330707,-1
4246.48363253635,8,0.00026409671225000649,-1
4242.6266990995,8,0.00099674655935540419,-1
4238.76976566266,8,-5.4070394716683427e-05,-1
4234.91283222581,8,-0.014976434195262808,-1
4231.05589878896,8,-0.017862291428155826,-1
4227.19896535212,8,-0.026652311281753705,-1
4223.34203191527,8,-0.02554236795624993,-1
4219.48509847842,8,-0.034016602482822678,-1
4215.62816504157,8,-0.030525561229674893,-1
4211.77123160473,8,-0.032226360388391585,-1
4207.91429816788,8,-0.028038061781616764,-1
4204.05736473103,8,-0.025350556461457265,-1
4200.20043129418,8,-0.018497202292546176,-1
4196.34349785734,8,-0.019975074418917743,-1
4192.48656442049,8,-0.0048468540754274996,-1
4188.62963098364,8,-0.0094255088060911218,-1
4184.7726975468,8,-0.0079308816405023567,-1
4180.91576410995,8,-0.0093820692592793409,-1
4177.0588306731,8,-0.0099875242875376233,-1
4173.20189723625,8,-0.024223692298003214,-1
4169.34496379941,8,-0.016884779707102657,-1
4165.48803036256,8,-0.0034937405918368785,-1
4161.63109692571,8,0.0014877903115459226,-1
4157.77416348886,8,-0.012433000239717811,-1
4153.91723005202,8,-0.013557337696469969,-1
4150.06029661517,8,-0.012924891292951126,-1
4146.20336317832,8,-0.0012293578186106417,-1
4142.34642974148,8,-0.0020018457655221981,-1
4138.48949630463,8,0.009994238762201119,-1
4134.63256286778,8,0.0071789475256494491,-1
4130.77562943093,8,0.0092919002359331763,-1
4126.91869599409,8,0.0057009760016011541,-1
4123.06176255724,8,0.0079277906153539888,-1
4119.20482912039,8,-0.0010545606122601377,-1
4115.34789568354,8,-0.0057953154634323937,-1
4111.4909622467,8,-0.014044946816365401,-1
4107.63402880985,8,-0.015537212750799351,-1
4103.777095373,8,-0.024032458197426561,-1
4099.92016193616,8,-0.018463704485505422,-1
4096.06322849931,8,-0.0085579234749797069,-1
4092.20629506246,8,0.0028586754025277323,-1
4088.34936162561,8,-0.0028471140999290702,-1
4084.49242818877,8,-0.0063799901307793304,-1
4080.63549475192,8,-0.014056380432979455,-1
4076.77856131507,8,-0.0014539967378511772,-1
4072.92162787822,8,0.0042024804119882549,-1
4069.06469444138,8,0.015797952383580331,-1
4065.20776100453,8,0.0095164922899200529,-1
4061.35082756768,8,0.0039901608780307631,-1
4057.49389413083,8,-0.0019410601172498306,-1
4053.63696069399,8,-0.0011154259482840608,-1
4049.78002725714,8,-0.012630670828830693,-1
4045.92309382029,8,-0.010033223051018629,-1
4042.06616038345,8,-0.006353325066219555,-1
4038.2092269466,8,-0.00072445885838180572,-1
4034.35229350975,8,-0.01072004120236331,-1
4030.4953600729,8,-0.0048178836896079933,-1
4026.63842663606,8,0.005546955544616209,-1
4022.78149319921,8,0.015832671839463752,-1
4018.92455976236,8,0.0068125969608859452,-1
4015.06762632551,8,0.017924848734343513,-1
4011.21069288867,8,0.02340894204324245,-1
4007.35375945182,8,0.021844249651339825,-1
4003.49682601497,8,0.015019616791517637,-1
3999.63989257813,8,0.031033878835977427,-1
