sample,fold,response,observed,predicted,residual,observed_standardized,predicted_standardized,residual_standardized,prediction_kind
1,1,Total Alkaloids,3.327212882,3.4139034458494475,-0.086690563849447511,0.53735128748409311,0.70536571226980282,-0.16801442478570972,selection-conditioned OOF predictions
1,1,Reducing Sugars,12.84335415,13.980270651782355,-1.1369165017823555,-0.99782963143421932,-0.6665731239586109,-0.33125650747560842,selection-conditioned OOF predictions
1,1,Total Sugars,15.616049889999999,16.709358926372119,-1.0933090363721192,-0.77537429526396029,-0.51225042679371691,-0.26312386847024338,selection-conditioned OOF predictions
1,1,Total Nitrogen,2.412586884,2.5499484796401202,-0.13736159564012018,0.49155453881980593,0.92311941927747221,-0.43156488045766633,selection-conditioned OOF predictions
1,1,K,2.137245048,1.9558053994182583,0.18143964858174177,-0.65878026665910505,-1.2439995365485725,0.58521926988946749,selection-conditioned OOF predictions
1,1,cl,3.0259993820000002,4.2367062107065694,-1.2107068287065692,-1.1735496686497033,-0.37508827790114835,-0.79846139074855493,selection-conditioned OOF predictions
1,1,pH,4.9500000000000002,4.9465628956513967,0.003437104348603448,0.13919657872491673,0.10897057806619738,0.030226000658719353,selection-conditioned OOF predictions
1,1,Starch,4.9215363940000003,4.0849062604680633,0.83663013353193705,0.88849672283100167,-0.14323163140316475,1.0317283542341664,selection-conditioned OOF predictions
1,1,Neochlorogenic Acid,1.9015087939999999,1.8229801067943354,0.078528687205664527,0.99704507733953296,0.76540014404799828,0.23164493329153468,selection-conditioned OOF predictions
1,1,Chlorogenic Acid,9.7780845470000006,9.583767765360875,0.19431678163912558,-0.32475197194995048,-0.40251775763486114,0.07776578568491066,selection-conditioned OOF predictions
1,1,Cryptochlorogenic Acid,2.644503281,2.5603596451464341,0.084143635853565879,0.36816285752110112,0.21220474430633698,0.15595811321476413,selection-conditioned OOF predictions
1,1,Scopoletin,0.28581198000000002,0.24346580855327782,0.042346171446722203,-0.39168098802537693,-0.7341822245077122,0.34250123648233527,selection-conditioned OOF predictions
1,1,Rutin,10.57787722,10.178879814472138,0.39899740552786156,0.76562364423908524,0.5774504354631772,0.18817320877590799,selection-conditioned OOF predictions
2,1,Total Alkaloids,2.637426064,2.8566936828328195,-0.21926761883281953,-0.79952011241018317,-0.37455894920553051,-0.42496116320465266,selection-conditioned OOF predictions
2,1,Reducing Sugars,14.48668238,15.84339605116751,-1.3567136711675101,-0.51902299149850761,-0.12372550777758366,-0.39529748372092394,selection-conditioned OOF predictions
2,1,Total Sugars,17.008471459999999,18.347512321320082,-1.3390408613200826,-0.44026378409911093,-0.11800027053719946,-0.32226351356191152,selection-conditioned OOF predictions
2,1,Total Nitrogen,2.2094869309999998,2.2829092282238079,-0.073422297223808108,-0.14654817488951211,0.084131184771807185,-0.23067935966131931,selection-conditioned OOF predictions
2,1,K,2.191028958,2.1107788763962585,0.080250081603741474,-0.48530450880775222,-0.74414481483685979,0.25884030602910757,selection-conditioned OOF predictions
2,1,cl,4.4356405370000003,5.5592794269291135,-1.1236388899291132,-0.24389105073297077,0.4971490173324305,-0.74104006806540124,selection-conditioned OOF predictions
2,1,pH,4.9299999999999997,4.9453540843394572,-0.015354084339457508,-0.036684032354007128,0.098340254455045822,-0.13502428680905296,selection-conditioned OOF predictions
2,1,Starch,4.8219308520000004,4.3417644550271071,0.48016639697289332,0.76566363590114972,0.17352468865095305,0.59213894725019667,selection-conditioned OOF predictions
2,1,Neochlorogenic Acid,1.8064901310000001,1.6648212030462934,0.14166892795370667,0.71675780099120145,0.29886097203526768,0.41789682895593377,selection-conditioned OOF predictions
2,1,Chlorogenic Acid,9.4450284710000005,8.8749765220665893,0.57005194893341127,-0.45804137294144104,-0.68617677800568055,0.22813540506423952,selection-conditioned OOF predictions
2,1,Cryptochlorogenic Acid,2.5970915899999998,2.4292568377160428,0.16783475228395695,0.28028648044667159,-0.030791012610861743,0.31107749305753329,selection-conditioned OOF predictions
2,1,Scopoletin,0.28002298399999997,0.25063940015428765,0.029383583845712324,-0.43850312613734038,-0.67616130055107093,0.23765817441373061,selection-conditioned OOF predictions
2,1,Rutin,8.459204776,7.8716084317108237,0.58759634428917629,-0.23357431196099823,-0.51069363163077619,0.27711931966977793,selection-conditioned OOF predictions
3,1,Total Alkaloids,2.4759013269999999,2.6285898324906309,-0.15268850549063107,-1.1125701673486714,-0.81664555592325438,-0.29592461142541704,selection-conditioned OOF predictions
3,1,Reducing Sugars,18.501518690000001,19.866196556714137,-1.3646778667141355,0.65075566159685894,1.0483736249638185,-0.39761796336695948,selection-conditioned OOF predictions
3,1,Total Sugars,20.666336909999998,23.089327847564576,-2.4229909375645775,0.4400652679147426,1.0232002531297901,-0.58313498521504747,selection-conditioned OOF predictions
3,1,Total Nitrogen,2.053691755,2.1581884360211578,-0.10449668102115783,-0.63602797594303873,-0.30771861521552668,-0.3283093607275121,selection-conditioned OOF predictions
3,1,K,1.8386693359999999,1.7078381001615437,0.13083123583845624,-1.6218126664085348,-2.0437984942835499,0.42198582787501504,selection-conditioned OOF predictions
3,1,cl,3.4494482099999999,4.3761516243273819,-0.92670341432738201,-0.89428508361640102,-0.28312400029636198,-0.61116108332003904,selection-conditioned OOF predictions
3,1,pH,5.1100000000000003,5.0582498964413469,0.051750103558653393,1.5462414673562763,1.0911494754916093,0.45509199186466703,selection-conditioned OOF predictions
3,1,Starch,7.3677754650000002,6.3907071065412175,0.9770683584587827,3.9051872646016941,2.7002711504865231,1.2049161141151712,selection-conditioned OOF predictions
3,1,Neochlorogenic Acid,1.786024045,1.610689896990376,0.17533414800962399,0.65638667682109231,0.13918374799780606,0.51720292882328622,selection-conditioned OOF predictions
3,1,Chlorogenic Acid,11.284603150000001,11.498505779524706,-0.21390262952470529,0.27815839854395735,0.36376246168632348,-0.085604063142366113,selection-conditioned OOF predictions
3,1,Cryptochlorogenic Acid,2.620401513,2.2215979999322464,0.39880351306775363,0.32349083658583416,-0.41568144674295415,0.73917228332878837,selection-conditioned OOF predictions
3,1,Scopoletin,0.28228265400000002,0.20698360629190626,0.075299047708093758,-0.42022662692617113,-1.0292549301911347,0.60902830326496349,selection-conditioned OOF predictions
3,1,Rutin,10.75606537,9.127970537935111,1.6280948320648889,0.84965986975534746,0.081825732248079458,0.76783413750726792,selection-conditioned OOF predictions
4,1,Total Alkaloids,2.5641939470000001,2.5928945541862287,-0.028700607186228577,-0.94145080783123036,-0.88582634545295802,-0.055624462378272246,selection-conditioned OOF predictions
4,1,Reducing Sugars,20.76779823,21.606146824542101,-0.83834859454210076,1.3110678694036038,1.555332445596961,-0.24426457619335712,selection-conditioned OOF predictions
4,1,Total Sugars,23.513581120000001,24.903187362524008,-1.3896062425240068,1.1253041949620008,1.4597371485179311,-0.33443295355593033,selection-conditioned OOF predictions
4,1,Total Nitrogen,1.971490618,1.990198724512922,-0.018708106512921985,-0.89428883624806987,-0.83551140494921339,-0.058777431298856458,selection-conditioned OOF predictions
4,1,K,1.6180343960000001,1.5566255108999112,0.061408885100088906,-2.33345325603818,-2.5315227694213571,0.19806951338317696,selection-conditioned OOF predictions
4,1,cl,5.7724806739999996,5.5607186964849591,0.21176197751504056,0.63775528154869043,0.4980982158865101,0.13965706566218036,selection-conditioned OOF predictions
4,1,pH,5.0350000000000001,5.0316079512612726,0.00339204873872756,0.88668917581032558,0.8568593955614815,0.029829780248844123,selection-conditioned OOF predictions
4,1,Starch,7.1211091790000003,6.3012517546034879,0.81985742439651244,3.600999558350352,2.5899552303050171,1.0110443280453352,selection-conditioned OOF predictions
4,1,Neochlorogenic Acid,1.7842644139999999,1.60530541101144,0.17895900298855993,0.65119609462601213,0.12330052188282943,0.52789557274318277,selection-conditioned OOF predictions
4,1,Chlorogenic Acid,10.65703235,10.405241791546302,0.25179055845369724,0.02700388721851131,-0.073762965963312013,0.10076685318182332,selection-conditioned OOF predictions
4,1,Cryptochlorogenic Acid,2.6259661799999998,2.2247486913711718,0.401217488628828,0.33380480694360132,-0.40984171938684305,0.74364652633044437,selection-conditioned OOF predictions
4,1,Scopoletin,0.20041292199999999,0.12407482308368822,0.07633809891631177,-1.0823994629228453,-1.699831744904772,0.61743228198192679,selection-conditioned OOF predictions
4,1,Rutin,9.5453345239999994,8.5164242616406209,1.0289102623593784,0.27866089808438776,-0.20658873744765524,0.48524963553204303,selection-conditioned OOF predictions
5,1,Total Alkaloids,2.3122744970000002,2.5342816483023842,-0.22200715130238402,-1.4296942752239286,-0.9994236417422685,-0.43027063348166006,selection-conditioned OOF predictions
5,1,Reducing Sugars,13.50274686,14.839779982453173,-1.3370331224531729,-0.80570635252407519,-0.41614307164222919,-0.389563280881846,selection-conditioned OOF predictions
5,1,Total Sugars,14.93592681,16.094523034718222,-1.158596224718222,-0.93905776433993249,-0.6602213964869208,-0.27883636785301169,selection-conditioned OOF predictions
5,1,Total Nitrogen,2.151816604,2.2891922453053279,-0.13737564130532798,-0.32773774000577599,0.10387126934976826,-0.43160900935554425,selection-conditioned OOF predictions
5,1,K,1.95979525,1.8397787194561399,0.12001653054386008,-1.2311305883188639,-1.618234437607363,0.38710384928849889,selection-conditioned OOF predictions
5,1,cl,5.1878061889999998,5.8805235897738415,-0.6927174007738417,0.25216234413457445,0.70900960567063609,-0.45684726153606159,selection-conditioned OOF predictions
5,1,pH,4.8099999999999996,4.7704990596722388,0.039500940327760858,-1.0919676988275269,-1.4393401749794532,0.34737247615192635,selection-conditioned OOF predictions
5,1,Starch,5.9601154860000003,5.4987431314183262,0.46137235458167414,2.1692675848696097,1.600305362492854,0.56896222237675587,selection-conditioned OOF predictions
5,1,Neochlorogenic Acid,1.206994715,1.1867733098701496,0.020221405129850378,-1.0516415010906461,-1.1112908624774922,0.059649361386846185,selection-conditioned OOF predictions
5,1,Chlorogenic Acid,7.2667616219999998,5.6347278742294122,1.6320337477705875,-1.3297861163186244,-1.9829277831838732,0.65314166686524877,selection-conditioned OOF predictions
5,1,Cryptochlorogenic Acid,2.05228097,1.6107915578412744,0.44148941215872561,-0.7295063041488733,-1.5477958280814461,0.81828952393257293,selection-conditioned OOF predictions
5,1,Scopoletin,0.36596885699999998,0.35544820171350866,0.010520655286491321,0.25663805823370367,0.17154565622609286,0.085092402007610785,selection-conditioned OOF predictions
5,1,Rutin,6.2322853030000003,4.072958688081739,2.1593266149182613,-1.2838232035937094,-2.3021942814377612,1.018371077844052,selection-conditioned OOF predictions
6,1,Total Alkaloids,3.1024922259999999,3.5665438397677267,-0.46405161376772686,0.10182162798300319,1.001197078965975,-0.89937545098297178,selection-conditioned OOF predictions
6,1,Reducing Sugars,10.704601419999999,11.054984362558521,-0.35038294255852165,-1.6209851213783255,-1.5188961556108274,-0.10208896576749812,selection-conditioned OOF predictions
6,1,Total Sugars,12.404207619999999,13.370588827940949,-0.96638120794094995,-1.5483600978902226,-1.3157836228122071,-0.2325764750780156,selection-conditioned OOF predictions
6,1,Total Nitrogen,2.2499330949999998,2.5639393291641959,-0.31400623416419604,-0.019473763367949079,0.96707609635465219,-0.98654985972260123,selection-conditioned OOF predictions
6,1,K,2.056219145,1.7304168043611323,0.3258023406388677,-0.92012292338516355,-1.9709726654748008,1.0508497420896372,selection-conditioned OOF predictions
6,1,cl,3.5766576579999998,5.204462094028135,-1.6278044360281352,-0.81039042773596148,0.26314691676405938,-1.0735373445000209,selection-conditioned OOF predictions
6,1,pH,4.9249999999999998,4.7836374582694514,0.14136254173054841,-0.08065418512373615,-1.3238006962856439,1.2431465111619078,selection-conditioned OOF predictions
6,1,Starch,4.2789240069999996,4.0167342759413636,0.26218973105863608,0.096030143064076631,-0.22730100277959511,0.32333114584367173,selection-conditioned OOF predictions
6,1,Neochlorogenic Acid,1.3836322910000001,1.5172404683844931,-0.13360817738449304,-0.53059370358783853,-0.1364745805165703,-0.39411912307126823,selection-conditioned OOF predictions
6,1,Chlorogenic Acid,6.6061653580000002,5.4622199545261481,1.1439454034738521,-1.5941574539722168,-2.0519656387897149,0.45780818481749813,selection-conditioned OOF predictions
6,1,Cryptochlorogenic Acid,2.0003373280000001,2.0067519785682997,-0.0064146505682995958,-0.82578253844330385,-0.81389314491501574,-0.011889393528288134,selection-conditioned OOF predictions
6,1,Scopoletin,0.25884253299999999,0.21985813362042139,0.038984399379578594,-0.60981331567550301,-0.92512411083973445,0.31531079516423149,selection-conditioned OOF predictions
6,1,Rutin,7.4464226409999998,7.212192291070151,0.23423034992984881,-0.71121767879376074,-0.82168425308311566,0.11046657428935501,selection-conditioned OOF predictions
7,1,Total Alkaloids,3.043598706,3.3852230068232032,-0.34162430082320316,-0.012319524721804382,0.64978033767281018,-0.66209986239461449,selection-conditioned OOF predictions
7,1,Reducing Sugars,13.18366683,11.893228497209414,1.2904383327905862,-0.89867477736205559,-1.2746620152662584,0.3759872379042028,selection-conditioned OOF predictions
7,1,Total Sugars,14.36901827,14.996740681961114,-0.62772241196111445,-1.0754941818130677,-0.92442184648439196,-0.15107233532867581,selection-conditioned OOF predictions
7,1,Total Nitrogen,2.2208278309999998,2.459888641920875,-0.23906081092087517,-0.11091715204084611,0.6401679660840236,-0.75108511812486978,selection-conditioned OOF predictions
7,1,K,2.0547158080000001,1.9614344068812297,0.093281401118770368,-0.92497181825690067,-1.2258436171371743,0.30087179888027371,selection-conditioned OOF predictions
7,1,cl,2.781194358,4.2038570001884255,-1.4226626421884254,-1.3349986299429146,-0.3967523386740856,-0.93824629126882897,selection-conditioned OOF predictions
7,1,pH,4.9749999999999996,4.8991736514190212,0.075826348580978475,0.3590473425735618,-0.30777188364172209,0.66681922621528389,selection-conditioned OOF predictions
7,1,Starch,4.49640152,4.2888044428417267,0.20759707715827336,0.36422239143934348,0.10821465017364774,0.25600774126569575,selection-conditioned OOF predictions
7,1,Neochlorogenic Acid,1.64016348,1.5663280206270409,0.0738354593729591,0.22612530290048852,0.00832451353793324,0.21780078936255529,selection-conditioned OOF predictions
7,1,Chlorogenic Acid,9.0299550199999992,8.6775311881348216,0.35242383186517756,-0.62415421590684306,-0.76519461369389696,0.14104039778705402,selection-conditioned OOF predictions
7,1,Cryptochlorogenic Acid,2.2478177700000002,2.1888408509354775,0.058976919064522626,-0.36708376223347816,-0.47639599871122967,0.10931223647775148,selection-conditioned OOF predictions
7,1,Scopoletin,0.289247107,0.23779196408180214,0.05145514291819786,-0.36389724265292678,-0.78007300236785104,0.41617575971492426,selection-conditioned OOF predictions
7,1,Rutin,9.5134975060000002,8.3086011388801335,1.2048963671198667,0.26364607906071408,-0.30460126416053779,0.56824734322125181,selection-conditioned OOF predictions
8,1,Total Alkaloids,3.212026335,3.4408544732445741,-0.22882813824457404,0.31410898084888889,0.75759932529647545,-0.44349034444758656,selection-conditioned OOF predictions
8,1,Reducing Sugars,13.58290742,13.61401485167179,-0.031107431671790309,-0.78235045338701437,-0.77328686854505024,-0.0090635848419640796,selection-conditioned OOF predictions
8,1,Total Sugars,15.67692752,16.814783510159302,-1.1378559901593022,-0.76072303292549726,-0.48687816387892707,-0.27384486904657013,selection-conditioned OOF predictions
8,1,Total Nitrogen,2.1738054720000002,2.4607144551011704,-0.28690898310117019,-0.25865275926136333,0.64276251927608374,-0.90141527853744718,selection-conditioned OOF predictions
8,1,K,1.967048117,1.7593129671992838,0.20773514980071628,-1.2077370381024501,-1.8777703723104617,0.67003333420801148,selection-conditioned OOF predictions
8,1,cl,3.0330809689999998,4.710017442001214,-1.6769364730012142,-1.168879360635692,-0.062939428125372496,-1.1059399325103194,selection-conditioned OOF predictions
8,1,pH,5.0049999999999999,4.9441447511366681,0.060855248863331823,0.62286825919194366,0.087705341319816651,0.535162917872127,selection-conditioned OOF predictions
8,1,Starch,5.7303965960000003,4.960051769406153,0.77034482659384729,1.8859793278286601,0.93599370302312634,0.94998562480553372,selection-conditioned OOF predictions
8,1,Neochlorogenic Acid,1.4937290160000001,1.5191933579298524,-0.025464341929852363,-0.20582896568449305,-0.13071392177442512,-0.075115043910067916,selection-conditioned OOF predictions
8,1,Chlorogenic Acid,7.8324225939999996,8.1505976694010087,-0.31817507540100909,-1.103407984961116,-0.97607397646633376,-0.12733400849478224,selection-conditioned OOF predictions
8,1,Cryptochlorogenic Acid,1.97469564,2.0148414454417889,-0.040145805441788918,-0.87330876237640254,-0.79889952147927201,-0.074409240897130496,selection-conditioned OOF predictions
8,1,Scopoletin,0.27646528999999997,0.19773253620917119,0.07873275379082878,-0.46727820904085288,-1.1040787651181705,0.63680055607731767,selection-conditioned OOF predictions
8,1,Rutin,9.4313430759999992,8.6426912212521341,0.78865185474786514,0.22490080780311336,-0.14703933030040184,0.37194013810351523,selection-conditioned OOF predictions
9,1,Total Alkaloids,3.3630506640000002,3.3116869512977711,0.051363712702229058,0.60680826251060949,0.50726058094851212,0.099547681562097326,selection-conditioned OOF predictions
9,1,Reducing Sugars,12.80741293,13.379899366778012,-0.57248643677801248,-1.008301608041954,-0.8414996860653271,-0.16680192197662697,selection-conditioned OOF predictions
9,1,Total Sugars,13.76075655,13.741289852053782,0.019466697946217693,-1.2218829625551029,-1.2265679625867016,0.0046850000315987166,selection-conditioned OOF predictions
9,1,Total Nitrogen,2.65721432,2.5717272630247763,0.085487056975223741,1.2601289695551612,0.99154435278317554,0.2685846167719857,selection-conditioned OOF predictions
9,1,K,2.1090205100000001,2.0992052233643133,0.0098152866356868707,-0.74981628690297164,-0.78147471946494118,0.031658432561969506,selection-conditioned OOF predictions
9,1,cl,6.1950947100000002,5.3173108576473043,0.87778385235269596,0.91646932109443058,0.33757069848161925,0.57889862261281133,selection-conditioned OOF predictions
9,1,pH,4.6500000000000004,4.675180275631555,-0.025180275631554672,-2.4990125874588789,-2.2775764741982054,-0.22143611326067345,selection-conditioned OOF predictions
9,1,Starch,3.6587971540000002,3.5229309199661607,0.13586623403383946,-0.66870738170221111,-0.83625698387103642,0.16754960216882533,selection-conditioned OOF predictions
9,1,Neochlorogenic Acid,1.381464713,1.3290594965416114,0.052405216458388582,-0.53698765309955288,-0.69157323580309515,0.15458558270354231,selection-conditioned OOF predictions
9,1,Chlorogenic Acid,8.0763268779999997,7.3254322014905142,0.75089467650948549,-1.0057972273251605,-1.3063060870994176,0.30050885977425729,selection-conditioned OOF predictions
9,1,Cryptochlorogenic Acid,2.2813898180000001,2.0572078697452838,0.22418194825471627,-0.30485881545381516,-0.72037441936070001,0.41551560390688486,selection-conditioned OOF predictions
9,1,Scopoletin,0.49975212299999999,0.50801580358933729,-0.0082636805893372967,1.3386941794888385,1.4055318822385208,-0.066837702749682176,selection-conditioned OOF predictions
9,1,Rutin,6.392072744,7.0189582646630395,-0.62688552066303949,-1.2084650306369644,-0.91281634138732304,-0.29564868924964144,selection-conditioned OOF predictions
10,1,Total Alkaloids,3.2818277199999999,3.2020012534513747,0.079826466548625241,0.44939059662414016,0.29467943471342611,0.15471116191071407,selection-conditioned OOF predictions
10,1,Reducing Sugars,14.69315347,15.147979373233831,-0.45482590323383043,-0.45886475467033339,-0.32634487306207088,-0.1325198816082625,selection-conditioned OOF predictions
10,1,Total Sugars,16.86445213,16.201636886164422,0.66281524383557766,-0.47492454513135984,-0.63444258187765545,0.15951803674629569,selection-conditioned OOF predictions
10,1,Total Nitrogen,2.4531287860000002,2.4406430439427211,0.012485742057279037,0.61892974153655556,0.5797018354157486,0.039227906120806982,selection-conditioned OOF predictions
10,1,K,1.891845161,2.0511681774208252,-0.15932301642082525,-1.4502982387433476,-0.93641442076198045,-0.51388381798136706,selection-conditioned OOF predictions
10,1,cl,4.1184254149999999,4.4973560112929265,-0.37893059629292658,-0.45309448584465917,-0.20318968334473114,-0.24990480249992802,selection-conditioned OOF predictions
10,1,pH,4.7599999999999998,4.733920300420877,0.026079699579122817,-1.5316692265248248,-1.7610149014613632,0.22934567493653843,selection-conditioned OOF predictions
10,1,Starch,3.6707575239999999,3.5639912837944543,0.10676624020554559,-0.65395790955011779,-0.78562153590076045,0.13166362635064266,selection-conditioned OOF predictions
10,1,Neochlorogenic Acid,1.559119648,1.5776121156425758,-0.018492467642575727,-0.012938836910779761,0.041610482400282423,-0.054549319311062182,selection-conditioned OOF predictions
10,1,Chlorogenic Acid,9.4394025970000008,9.6603662176953122,-0.22096362069531139,-0.46029285378670737,-0.37186297435886895,-0.088429879427838379,selection-conditioned OOF predictions
10,1,Cryptochlorogenic Acid,2.4373252669999999,2.4636520117882839,-0.026326744788284007,-0.015836381818313698,0.032959577645724582,-0.04879595946403828,selection-conditioned OOF predictions
10,1,Scopoletin,0.43358959499999999,0.43215571735532132,0.0014338776446786716,0.80356321310837775,0.79196582780792124,0.011597385300456425,selection-conditioned OOF predictions
10,1,Rutin,7.723151949,8.5431562610628742,-0.82000431206287416,-0.58070795334879066,-0.19398152236657909,-0.38672643098221154,selection-conditioned OOF predictions
11,1,Total Alkaloids,3.3665455899999999,3.4394930648751192,-0.072947474875119322,0.61358175613534049,0.75496078848306114,-0.1413790323477207,selection-conditioned OOF predictions
11,1,Reducing Sugars,12.98756264,13.108511083374459,-0.1209484433744592,-0.95581247303178452,-0.9205724541966066,-0.035240018835177876,selection-conditioned OOF predictions
11,1,Total Sugars,14.6629702,13.573599407306645,1.0893707926933551,-1.0047495282953876,-1.2669255898077982,0.26217606151241069,selection-conditioned OOF predictions
11,1,Total Nitrogen,2.6346247709999999,2.6391346309389085,-0.0045098599389086225,1.1891567595400774,1.20332591035946,-0.014169150819382656,selection-conditioned OOF predictions
11,1,K,2.0138221039999999,1.9130191797866782,0.10080292421332171,-1.056871233765162,-1.3820031118963445,0.32513187813118255,selection-conditioned OOF predictions
11,1,cl,6.1456935469999996,6.2300839804643191,-0.084390433464319514,0.88388924441664674,0.93954475182117714,-0.055655507404530374,selection-conditioned OOF predictions
11,1,pH,4.75,4.7142073349552671,0.035792665044732885,-1.6196095320642829,-1.9343713220748184,0.31476179001053561,selection-conditioned OOF predictions
11,1,Starch,3.8078179720000001,3.5242165532876051,0.28360141871239497,-0.48493560832285787,-0.8346715468927115,0.34973593856985363,selection-conditioned OOF predictions
11,1,Neochlorogenic Acid,1.335931607,1.281902296502814,0.054029310497186067,-0.6713017958319113,-0.83067815205610518,0.1593763562241938,selection-conditioned OOF predictions
11,1,Chlorogenic Acid,7.9732205990000002,7.1996406033789668,0.77357999562103341,-1.0470604714353549,-1.3566480203961111,0.30958754896075641,selection-conditioned OOF predictions
11,1,Cryptochlorogenic Acid,2.1979197080000001,1.9572897012995618,0.24063000670043833,-0.45956856543518737,-0.90557023207538667,0.44600166664019936,selection-conditioned OOF predictions
11,1,Scopoletin,0.45276132200000002,0.49420152741767753,-0.041440205417677511,0.95862658669489464,1.2938002543662173,-0.33517366767132262,selection-conditioned OOF predictions
11,1,Rutin,6.7491613770000001,6.7222798651003455,0.026881511899654598,-1.0400566325920793,-1.0527343600179349,0.012677727425855502,selection-conditioned OOF predictions
12,1,Total Alkaloids,3.569703466,3.4709491911239709,0.098754274876029058,1.0073207302652694,0.8159257046516295,0.19139502561363986,selection-conditioned OOF predictions
12,1,Reducing Sugars,13.78057059,13.64204675721809,0.13852383278191027,-0.7247585271126501,-0.765119381210144,0.040360854097493883,selection-conditioned OOF predictions
12,1,Total Sugars,16.181099410000002,15.415964353864737,0.76513505613526434,-0.63938528334377465,-0.82352836565155174,0.18414308230777707,selection-conditioned OOF predictions
12,1,Total Nitrogen,2.5478705659999998,2.5806088563779159,-0.032738290377916091,0.91659099663123766,1.0194486862750747,-0.10285768964383707,selection-conditioned OOF predictions
12,1,K,2.0478331910000001,2.041291233385655,0.006541957614345062,-0.94717115631312621,-0.96827172440086728,0.021100568087741099,selection-conditioned OOF predictions
12,1,cl,4.5451024540000002,5.0444862676120765,-0.49938381361207629,-0.17170089502434571,0.15764282789823736,-0.32934372292258307,selection-conditioned OOF predictions
12,1,pH,4.8849999999999998,4.8577676025771241,0.027232397422875643,-0.43241540728157607,-0.67189794227554456,0.23948253499396843,selection-conditioned OOF predictions
12,1,Starch,3.2684824589999999,3.4159834390406054,-0.14750098004060552,-1.1500416317676714,-0.96814411542700374,-0.18189751634066775,selection-conditioned OOF predictions
12,1,Neochlorogenic Acid,1.691120242,1.6143875075256107,0.07673273447438933,0.37643821598062921,0.15009100719506313,0.22634720878556608,selection-conditioned OOF predictions
12,1,Chlorogenic Acid,10.219457419999999,9.9417284031566169,0.27772901684338258,-0.14811407192237952,-0.25926152414003567,0.11114745221765614,selection-conditioned OOF predictions
12,1,Cryptochlorogenic Acid,2.5899544649999999,2.452878780884852,0.13707568411514792,0.26705799872625957,0.012991665065262715,0.25406633366099685,selection-conditioned OOF predictions
12,1,Scopoletin,0.34925967600000002,0.3896699890005163,-0.040410313000516285,0.12149207082590667,0.44833583725065967,-0.32684376642475299,selection-conditioned OOF predictions
12,1,Rutin,8.3958969539999995,9.1698090028159509,-0.77391204881595144,-0.26343123794926071,0.10155738482980539,-0.36498862277906613,selection-conditioned OOF predictions
13,1,Total Alkaloids,3.518377401,3.3857724209883013,0.13260498001169863,0.90784601347296523,0.65084515373604845,0.25700085973691666,selection-conditioned OOF predictions
13,1,Reducing Sugars,15.36351837,15.621426483623004,-0.25790811362300481,-0.26354457490330102,-0.18839944257876917,-0.075145132324531849,selection-conditioned OOF predictions
13,1,Total Sugars,17.1585106,16.813766477847579,0.34474412215242012,-0.40415425090641949,-0.4871229304246309,0.082968679518211422,selection-conditioned OOF predictions
13,1,Total Nitrogen,2.4969727590000002,2.4174891579639652,0.079483601036034912,0.75667944427084444,0.50695658236312846,0.24972286190771595,selection-conditioned OOF predictions
13,1,K,2.1472474209999999,2.0330006025035541,0.1142468184964458,-0.62651840179121265,-0.99501250013357789,0.36849409834236513,selection-conditioned OOF predictions
13,1,cl,4.3510811790000004,4.2476989512980241,0.10338222770197625,-0.29965796390188015,-0.36783856332725101,0.0681805994253709,selection-conditioned OOF predictions
13,1,pH,4.6950000000000003,4.707396787929901,-0.012396787929900732,-2.1032812125313098,-1.9942634807049739,-0.1090177318263359,selection-conditioned OOF predictions
13,1,Starch,4.039248766,3.9166750039106581,0.1225737620893419,-0.1995362393033441,-0.35069362745388633,0.15115738815054222,selection-conditioned OOF predictions
13,1,Neochlorogenic Acid,1.536782775,1.5193310912333917,0.017451683766608328,-0.078828432676914556,-0.13030763430107389,0.051479201624159324,selection-conditioned OOF predictions
13,1,Chlorogenic Acid,9.5507433430000006,8.1778354766990162,1.3729078663009844,-0.41573416709790584,-0.96517337659535873,0.54943920949745284,selection-conditioned OOF predictions
13,1,Cryptochlorogenic Acid,2.4041920499999998,2.2804295204636418,0.12376252953635802,-0.077247966374133309,-0.30663870279022482,0.22939073641609148,selection-conditioned OOF predictions
13,1,Scopoletin,0.33345837699999997,0.38449767597502993,-0.051039298975029956,-0.0063108511533840027,0.40650150970273452,-0.4128123608561185,selection-conditioned OOF predictions
13,1,Rutin,7.5573233760000003,9.0072567952851141,-1.4499334192851139,-0.65891521549090215,0.024895306177394334,-0.68381052166829659,selection-conditioned OOF predictions
14,1,Total Alkaloids,3.318586034,3.1592937601512556,0.15929227384874434,0.52063164880518298,0.21190831635594895,0.308723332449234,selection-conditioned OOF predictions
14,1,Reducing Sugars,16.420149670000001,16.232070879358396,0.1880787906416046,0.044319717310497102,-0.010479666127514485,0.054799383438011592,selection-conditioned OOF predictions
14,1,Total Sugars,18.821263779999999,17.969991912121586,0.85127186787841325,-0.0039837277718355948,-0.2088571345986138,0.20487340682677818,selection-conditioned OOF predictions
14,1,Total Nitrogen,2.5459421830000002,2.4052008924034212,0.14074129059657903,0.9105323717660182,0.46834911109028227,0.44218326067573599,selection-conditioned OOF predictions
14,1,K,1.8260371200000001,1.9220750048374295,-0.096037884837429477,-1.6625568823634915,-1.352794262750785,-0.30976261961270662,selection-conditioned OOF predictions
14,1,cl,5.9565730759999997,5.841135050628826,0.11543802537117376,0.75916425673733812,0.68303285638701128,0.076131400350326811,selection-conditioned OOF predictions
14,1,pH,4.8899999999999997,4.8797445885384576,0.010255411461542074,-0.38844525451184703,-0.47863165624793597,0.090186401736088911,selection-conditioned OOF predictions
14,1,Starch,4.6165295520000003,4.5627763890290858,0.053753162970914481,0.51236371672190728,0.44607556841826335,0.066288148303644004,selection-conditioned OOF predictions
14,1,Neochlorogenic Acid,1.410405796,1.3793907666264733,0.031015029373526737,-0.4516168735860478,-0.54310540683313546,0.091488533247087694,selection-conditioned OOF predictions
14,1,Chlorogenic Acid,9.3904697259999992,9.1172039585799638,0.27326576742003539,-0.47987584156076646,-0.58923709654323519,0.10936125498246874,selection-conditioned OOF predictions
14,1,Cryptochlorogenic Acid,2.2621742669999998,2.0571009479706532,0.20507331902934656,-0.34047435604630211,-0.7205725961813686,0.38009824013506649,selection-conditioned OOF predictions
14,1,Scopoletin,0.35527610500000001,0.37680278944887535,-0.021526684448875344,0.17015371605399446,0.34426428589337393,-0.1741105698393795,selection-conditioned OOF predictions
14,1,Rutin,8.2105491480000001,7.8482720345559169,0.3622771134440832,-0.35084406547993724,-0.52169942934542102,0.17085536386548378,selection-conditioned OOF predictions
15,1,Total Alkaloids,3.8792061850000001,3.6424415579945517,0.23676462700544842,1.6071659613184019,1.148293958997505,0.45887200232089681,selection-conditioned OOF predictions
15,1,Reducing Sugars,15.338808520000001,15.813921818618446,-0.47511329861844587,-0.27074413493995597,-0.13231323723653704,-0.13843089770341896,selection-conditioned OOF predictions
15,1,Total Sugars,17.366082859999999,17.297355444139768,0.068727415860230678,-0.35419836997860338,-0.3707388200521835,0.016540450073580144,selection-conditioned OOF predictions
15,1,Total Nitrogen,2.5867692820000001,2.5299075106443283,0.056861771355671831,1.0388036110251377,0.86015437909561121,0.1786492319295265,selection-conditioned OOF predictions
15,1,K,1.9328617450000001,2.0263304060363421,-0.093468661036341993,-1.3180024834910111,-1.016526692522473,-0.30147579096853805,selection-conditioned OOF predictions
15,1,cl,6.5993186860000002,5.5741127874817282,1.0252058985182719,1.1830551124669635,0.50693162152321436,0.67612349094374913,selection-conditioned OOF predictions
15,1,pH,4.7750000000000004,4.8279433508170797,-0.052943350817079349,-1.3997587682156301,-0.93417332350195281,-0.46558544471367719,selection-conditioned OOF predictions
15,1,Starch,4.4855341600000003,3.7486714848872431,0.73686267511275716,0.35082081408958149,-0.55787477864649959,0.90869559273608103,selection-conditioned OOF predictions
15,1,Neochlorogenic Acid,1.5933883099999999,1.4952260621701399,0.09816224782986005,0.088147303778040004,-0.20141295960370673,0.28956026338174673,selection-conditioned OOF predictions
15,1,Chlorogenic Acid,9.7057942399999995,8.4350031726390853,1.2707910673609142,-0.35368263081449891,-0.86225458718941617,0.50857195637491737,selection-conditioned OOF predictions
15,1,Cryptochlorogenic Acid,2.4723645730000001,2.2368539412147115,0.23551063178528864,0.049108090769308894,-0.38740494319526897,0.43651303396457786,selection-conditioned OOF predictions
15,1,Scopoletin,0.35621418100000002,0.37888284343071599,-0.022668662430715969,0.17774099440615057,0.36108802783724137,-0.18334703343109082,selection-conditioned OOF predictions
15,1,Rutin,9.760829996,9.6528777136742558,0.10795228232574416,0.38029182069470374,0.32937989224984687,0.050911928444856855,selection-conditioned OOF predictions
16,1,Total Alkaloids,3.096991091,2.9295099741361152,0.16748111686388478,0.091159913585820901,-0.23343416289547039,0.32459407648129129,selection-conditioned OOF predictions
16,1,Reducing Sugars,14.65375418,15.009290086659412,-0.35553590665941215,-0.47034428828776104,-0.36675393443368648,-0.10359035385407454,selection-conditioned OOF predictions
16,1,Total Sugars,16.727008349999998,17.07087685363733,-0.34386850363733146,-0.50800278548943589,-0.42524483882289726,-0.082757946666538656,selection-conditioned OOF predictions
16,1,Total Nitrogen,2.4538704189999998,2.3728890278476911,0.080981391152308735,0.62125981607810976,0.36683117298411594,0.25442864309399382,selection-conditioned OOF predictions
16,1,K,2.3415546759999999,2.3299045316788547,0.011650144321145195,0.00020431727367330855,-0.037372303972128637,0.037576621245801946,selection-conditioned OOF predictions
16,1,cl,6.845822568,6.2722156311736486,0.57360693682635144,1.3456244709440357,0.9673305837189311,0.37829388722510471,selection-conditioned OOF predictions
16,1,pH,4.9249999999999998,4.9529803803768706,-0.027980380376870784,-0.08065418512373615,0.16540613482149635,-0.2460603199452325,selection-conditioned OOF predictions
16,1,Starch,3.422613514,3.1207418384727568,0.30187167552724326,-0.95996793810306769,-1.3322346716317901,0.3722667335287223,selection-conditioned OOF predictions
16,1,Neochlorogenic Acid,1.96214377,1.7605510727313609,0.20159269726863904,1.1759069107720501,0.58124617502647702,0.59466073574557299,selection-conditioned OOF predictions
16,1,Chlorogenic Acid,10.046590139999999,10.079817511724087,-0.033227371724088073,-0.2172957439067342,-0.20399811388954367,-0.013297630017190526,selection-conditioned OOF predictions
16,1,Cryptochlorogenic Acid,3.1650822810000001,2.7559663711136686,0.40911590988633151,1.3330429437645823,0.57475689224367243,0.75828605152090989,selection-conditioned OOF predictions
16,1,Scopoletin,0.34223147599999998,0.33378424736203771,0.0084472286379622674,0.06464709268487831,-0.0036751700960942044,0.068322262780972517,selection-conditioned OOF predictions
16,1,Rutin,8.6812499190000008,8.1315368243288315,0.54971309467116924,-0.12885446548445809,-0.38810747188824335,0.25925300640378529,selection-conditioned OOF predictions
17,1,Total Alkaloids,2.773186902,2.8974227260041658,-0.12423582400416588,-0.53640290458340212,-0.29562225233053729,-0.24078065225286488,selection-conditioned OOF predictions
17,1,Reducing Sugars,15.046325270000001,16.081530722511197,-1.035205452511196,-0.35596321632211958,-0.054341644130169904,-0.30162157219194968,selection-conditioned OOF predictions
17,1,Total Sugars,17.719606379999998,18.155240411445661,-0.43563403144566237,-0.26911677540376733,-0.16427385562728036,-0.10484291977648694,selection-conditioned OOF predictions
17,1,Total Nitrogen,2.3960256100000001,2.5001403537997451,-0.10411474379974495,0.43952206059523702,0.76663144478976508,-0.32710938419452806,selection-conditioned OOF predictions
17,1,K,2.3322985740000002,2.2544241554593807,0.077874418540619494,-0.029650509368706814,-0.28082830164092032,0.25117779227221348,selection-conditioned OOF predictions
17,1,cl,7.5046879750000004,6.5643663929595748,0.9403215820404256,1.7801463359535501,1.1600040683585198,0.62014226759503022,selection-conditioned OOF predictions
17,1,pH,5.0625,5.0792899995932794,-0.016789999593279425,1.1285250160438391,1.2761767854678792,-0.14765176942404001,selection-conditioned OOF predictions
17,1,Starch,3.0991563270000002,3.1010200712279392,-0.0018637442279390015,-1.3588538230757772,-1.356555462440729,-0.0022983606350482121,selection-conditioned OOF predictions
17,1,Neochlorogenic Acid,1.870890151,1.9069915592650939,-0.036101408265093893,0.90672580972416028,1.0132182089590593,-0.10649239923489902,selection-conditioned OOF predictions
17,1,Chlorogenic Acid,12.08897591,12.73503693118073,-0.64606102118072961,0.60006924503538106,0.85862356282879104,-0.25855431779341004,selection-conditioned OOF predictions
17,1,Cryptochlorogenic Acid,2.9088851779999998,3.0155859894463681,-0.10670081144636834,0.85818805557667943,1.0559553265396289,-0.19776727096294949,selection-conditioned OOF predictions
17,1,Scopoletin,0.40605323799999998,0.37938929563913393,0.026663942360866055,0.58084564506128955,0.36518427790368702,0.21566136715760253,selection-conditioned OOF predictions
17,1,Rutin,10.516103060000001,9.3618789336174171,1.1542241263825836,0.73649001643702572,0.19214046804675805,0.54434954839026772,selection-conditioned OOF predictions
18,1,Total Alkaloids,3.2428778829999998,3.2876477289931607,-0.044769845993160917,0.37390216779794011,0.46067031865861396,-0.086768150860673882,selection-conditioned OOF predictions
18,1,Reducing Sugars,14.84688133,14.597346810864117,0.24953451913588331,-0.41407399481640722,-0.48677936339358174,0.072705368577174551,selection-conditioned OOF predictions
18,1,Total Sugars,16.921637960000002,16.222451949451383,0.69918601054861895,-0.46116177878561387,-0.62943307423406014,0.16827129544844632,selection-conditioned OOF predictions
18,1,Total Nitrogen,2.6468273459999998,2.641880847699543,0.004946498300456792,1.2274950068253507,1.2119540185471309,0.015540988278219868,selection-conditioned OOF predictions
18,1,K,2.140313232,2.2506221295840501,-0.11030889758405005,-0.64888408126411623,-0.29309143610052796,-0.35579264516358833,selection-conditioned OOF predictions
18,1,cl,6.9467137159999996,6.5859555400650764,0.36075817593492321,1.4121622028178702,1.1742421151046094,0.2379200877132607,selection-conditioned OOF predictions
18,1,pH,4.9800000000000004,5.0003554821115372,-0.020355482111536816,0.40301749534329862,0.58202422697245437,-0.17900673162915579,selection-conditioned OOF predictions
18,1,Starch,3.1308922990000001,2.7752080278368432,0.35568427116315693,-1.3197171713473088,-1.7583453452632252,0.43862817391591641,selection-conditioned OOF predictions
18,1,Neochlorogenic Acid,1.8672453840000001,1.7673913546285371,0.099854029371462927,0.89597442906798053,0.60142372669771371,0.29455070237026681,selection-conditioned OOF predictions
18,1,Chlorogenic Acid,11.02716171,11.442927137230811,-0.41576542723081111,0.17513005646985311,0.34151982906948569,-0.16638977259963261,selection-conditioned OOF predictions
18,1,Cryptochlorogenic Acid,2.8194304639999999,2.7973875255762088,0.022042938423791014,0.69238599256759559,0.65152996048138545,0.040856032086210185,selection-conditioned OOF predictions
18,1,Scopoletin,0.44074405700000002,0.43297391648425221,0.0077701405157478143,0.86142941441181486,0.79858352673497013,0.062845887676844819,selection-conditioned OOF predictions
18,1,Rutin,9.95547659,9.4538592778247601,0.50161731217523986,0.47209009723192735,0.23551978899976014,0.23657030823216721,selection-conditioned OOF predictions
19,1,Total Alkaloids,3.4124476860000001,3.4344001146161709,-0.021952428616170749,0.7025443134592495,0.74509017430981073,-0.042545860850561168,selection-conditioned OOF predictions
19,1,Reducing Sugars,17.46734094,17.742966670668075,-0.27562573066807516,0.34943352489031959,0.42974093248655287,-0.080307407596233255,selection-conditioned OOF predictions
19,1,Total Sugars,20.514848019999999,20.599802597784034,-0.084954577784035479,0.40360682712536622,0.42405262644388875,-0.020445799318522542,selection-conditioned OOF predictions
19,1,Total Nitrogen,2.430726253,2.3403417884179873,0.090384464582012658,0.54854510141178592,0.26457373029607728,0.28397137111570858,selection-conditioned OOF predictions
19,1,K,2.0804424909999999,1.9579968714655447,0.12244561953445521,-0.84199243222069597,-1.2369311163795467,0.39493868415885081,selection-conditioned OOF predictions
19,1,cl,3.7026829320000001,3.9795982132430412,-0.2769152812430411,-0.72727673484053956,-0.54465105260410629,-0.18262568223643333,selection-conditioned OOF predictions
19,1,pH,4.8899999999999997,4.9485384855475818,-0.05853848554758212,-0.38844525451184703,0.12634397597531588,-0.51478923048716296,selection-conditioned OOF predictions
19,1,Starch,4.2857221059999997,4.3123121695193625,-0.026590063519362772,0.10441352684632389,0.13720426838703229,-0.032790741540708393,selection-conditioned OOF predictions
19,1,Neochlorogenic Acid,1.741688758,1.777399097033717,-0.035710339033717009,0.52560587600776565,0.63094469418537003,-0.10533881817760439,selection-conditioned OOF predictions
19,1,Chlorogenic Acid,13.09843601,11.872331384136317,1.2261046258636839,1.0040562662894541,0.51336787201957723,0.49068839426987676,selection-conditioned OOF predictions
19,1,Cryptochlorogenic Acid,2.64277417,2.651809741131558,-0.0090355711315579512,0.36495799376208565,0.38170519764982747,-0.016747203887741809,selection-conditioned OOF predictions
19,1,Scopoletin,0.215243721,0.26004835222563616,-0.04480463122563616,-0.96244606874382632,-0.60006049596016764,-0.36238557278365863,selection-conditioned OOF predictions
19,1,Rutin,10.523383750000001,11.585585197523555,-1.0622014475235542,0.73992369991571938,1.2408739616912041,-0.50095026177548463,selection-conditioned OOF predictions
20,1,Total Alkaloids,3.5733083880000001,3.4231665553367421,0.15014183266325798,1.0143074064308464,0.72331848524908215,0.29098892118176412,selection-conditioned OOF predictions
20,1,Reducing Sugars,14.391546959999999,14.553300123928302,-0.16175316392830297,-0.54674202532114979,-0.49961298104039698,-0.047129044280752805,selection-conditioned OOF predictions
20,1,Total Sugars,16.69668579,16.863874407975985,-0.1671886179759845,-0.51530043786739088,-0.47506358400216603,-0.040236853865224805,selection-conditioned OOF predictions
20,1,Total Nitrogen,2.647339873,2.4839093145535855,0.16343055844641441,1.2291052724345672,0.71563650345023244,0.5134687689843348,selection-conditioned OOF predictions
20,1,K,2.1707535139999998,2.1205258209471278,0.050227693052872002,-0.55070135358294048,-0.71270681427689353,0.16200546069395311,selection-conditioned OOF predictions
20,1,cl,5.7429120539999996,5.6298391799402312,0.1130728740597684,0.61825477086524272,0.54368318826819728,0.074571582597045452,selection-conditioned OOF predictions
20,1,pH,4.9100000000000001,4.9406446694060353,-0.030644669406035163,-0.21256464343292319,0.056925515639323958,-0.26949015907224716,selection-conditioned OOF predictions
20,1,Starch,3.7595476510000001,3.6213724324131427,0.13817521858685744,-0.54446234163981388,-0.7148593727229916,0.17039703108317775,selection-conditioned OOF predictions
20,1,Neochlorogenic Acid,1.6915178259999999,1.5586276622788233,0.13289016372117657,0.37761101438634498,-0.014390102729905081,0.39200111711625008,selection-conditioned OOF predictions
20,1,Chlorogenic Acid,10.39180943,10.37683284482749,0.014976585172510326,-0.079138611548014506,-0.085132257094183553,0.0059936455461690489,selection-conditioned OOF predictions
20,1,Cryptochlorogenic Acid,2.541216484,2.395192381807778,0.14602410219222195,0.17672337648715067,-0.093928625066615409,0.27065200155376606,selection-conditioned OOF predictions
20,1,Scopoletin,0.34510552999999999,0.35651605345460136,-0.011410523454601362,0.087892808060953981,0.18018257732684029,-0.092289769265886293,selection-conditioned OOF predictions
20,1,Rutin,9.4578708729999992,9.1636188197597317,0.29425205324026749,0.23741171793457619,0.098638000912864884,0.13877371702171129,selection-conditioned OOF predictions
21,1,Total Alkaloids,3.7288543380000001,3.6509001351968262,0.077954202803173889,1.3157700126999983,1.1646874731245298,0.15108253957546838,selection-conditioned OOF predictions
21,1,Reducing Sugars,14.719524529999999,15.667734236953102,-0.94820970695310258,-0.45118117789021406,-0.17490703164698851,-0.27627414624322555,selection-conditioned OOF predictions
21,1,Total Sugars,16.594120010000001,17.187719536652949,-0.59359952665294813,-0.53998467984148002,-0.39712461138973804,-0.14286006845174201,selection-conditioned OOF predictions
21,1,Total Nitrogen,2.625295076,2.5454119499152643,0.079883126084735689,1.1598445730543414,0.90886647689371158,0.25097809616062988,selection-conditioned OOF predictions
21,1,K,1.924166389,2.0640138370268541,-0.13984744802685412,-1.3460486681564121,-0.89498175929768053,-0.45106690885873169,selection-conditioned OOF predictions
21,1,cl,6.7382380580000003,6.0604193529998485,0.67781870500015184,1.2746724655197557,0.82765089676557813,0.44702156875417742,selection-conditioned OOF predictions
21,1,pH,4.7800000000000002,4.8620335926109268,-0.082033592610926576,-1.3557886154459009,-0.63438269557545468,-0.72140591987044633,selection-conditioned OOF predictions
21,1,Starch,4.1371726129999997,3.710197216647007,0.42697539635299275,-0.078777010755032101,-0.60532106567453836,0.52654405491950629,selection-conditioned OOF predictions
21,1,Neochlorogenic Acid,1.498559231,1.4261730450007217,0.072386185999278263,-0.19158073524447058,-0.40510643933674417,0.21352570409227359,selection-conditioned OOF predictions
21,1,Chlorogenic Acid,10.080120279999999,8.7114936845118933,1.3686265954881058,-0.2038769456988288,-0.75160278599736352,0.54772584029853477,selection-conditioned OOF predictions
21,1,Cryptochlorogenic Acid,2.3051728699999998,2.1685755359975794,0.13659733400242047,-0.26077752661025261,-0.51395725036569617,0.25317972375544351,selection-conditioned OOF predictions
21,1,Scopoletin,0.37937781399999998,0.40270474386608124,-0.023326929866081259,0.36509141294173481,0.55376259736088662,-0.18867118441915184,selection-conditioned OOF predictions
21,1,Rutin,9.9619159790000005,9.382829277721326,0.57908670127867445,0.47512701043962935,0.20202096706849088,0.27310604337113847,selection-conditioned OOF predictions
22,1,Total Alkaloids,3.4692207530000001,3.3481492932283263,0.12107145977167377,0.81257582982925569,0.5779280115634664,0.23464781826578932,selection-conditioned OOF predictions
22,1,Reducing Sugars,15.99651184,16.349605720751022,-0.35309388075102177,-0.079113083409999591,0.023765752076358268,-0.10287883548635786,selection-conditioned OOF predictions
22,1,Total Sugars,17.6851883,16.740691885200292,0.94449641479970836,-0.27740008602650645,-0.50470960433344991,0.22730951830694343,selection-conditioned OOF predictions
22,1,Total Nitrogen,2.627948956,2.6117857739860408,0.016163182013959165,1.1681825761156168,1.1174008297245432,0.050781746391073641,selection-conditioned OOF predictions
22,1,K,1.9423967150000001,1.9202726566611741,0.022124058338826025,-1.2872481901188868,-1.3586075945778671,0.071359404458980244,selection-conditioned OOF predictions
22,1,cl,7.938298165,6.9954764929487014,0.94282167205129852,2.0661123412167912,1.444321263769742,0.62179107744704931,selection-conditioned OOF predictions
22,1,pH,4.7949999999999999,4.8172276444369588,-0.022227644436958904,-1.2238781571367139,-1.0284075728158497,-0.19547058432086423,selection-conditioned OOF predictions
22,1,Starch,3.9855645810000002,3.5021227663968695,0.48344181460313074,-0.26573932429698072,-0.8619175011967336,0.59617817689975294,selection-conditioned OOF predictions
22,1,Neochlorogenic Acid,1.480903471,1.4439889309451095,0.036914540054890477,-0.24366192357122943,-0.35255290943615003,0.10889098586492063,selection-conditioned OOF predictions
22,1,Chlorogenic Acid,9.2185955560000004,8.8859614254949975,0.3326341305050029,-0.54866006985152871,-0.6817806078006311,0.13312053794910239,selection-conditioned OOF predictions
22,1,Cryptochlorogenic Acid,2.401385372,2.2590514000494188,0.14233397195058117,-0.082450073471610291,-0.34626251141292941,0.26381243794131909,selection-conditioned OOF predictions
22,1,Scopoletin,0.514215431,0.49474509375879949,0.019470337241200508,1.4556752595814593,1.2981966882723777,0.15747857130908155,selection-conditioned OOF predictions
22,1,Rutin,8.2300858429999995,8.134170027829553,0.09591581517044645,-0.34163026474816932,-0.38686561330664387,0.045235348558474511,selection-conditioned OOF predictions
23,1,Total Alkaloids,3.4039345320000001,3.2125684134194046,0.19136611858059549,0.68604502439122383,0.31515957955053275,0.37088544484069103,selection-conditioned OOF predictions
23,1,Reducing Sugars,14.56044071,14.779942414588568,-0.2195017045885681,-0.49753247152212426,-0.43357758307344624,-0.063954888448678027,selection-conditioned OOF predictions
23,1,Total Sugars,16.963245879999999,16.670992144898307,0.29225373510169206,-0.45114810789734605,-0.52148406122487501,0.0703359533275289,selection-conditioned OOF predictions
23,1,Total Nitrogen,2.4739356149999998,2.427122123288731,0.046813491711268806,0.68430097305321425,0.53722158845498513,0.14707938459822917,selection-conditioned OOF predictions
23,1,K,2.3081090199999998,2.2900266380837504,0.018082381916249446,-0.10767200710355515,-0.16599530317256492,0.058323296069009753,selection-conditioned OOF predictions
23,1,cl,4.3203216429999998,4.1581012288500476,0.16222041414995214,-0.31994388392066714,-0.42692827883677925,0.10698439491611215,selection-conditioned OOF predictions
23,1,pH,4.8250000000000002,4.8475205557240963,-0.02252055572409617,-0.96005724051833208,-0.76201078538878708,-0.19804645512954497,selection-conditioned OOF predictions
23,1,Starch,3.4151942630000001,3.4270611539441553,-0.011866890944155273,-0.96911732361655034,-0.95448312939741242,-0.014634194219137912,selection-conditioned OOF predictions
23,1,Neochlorogenic Acid,1.777146844,1.7366797482537768,0.040467095746223203,0.63020059493645564,0.51083023452172249,0.11937036041473317,selection-conditioned OOF predictions
23,1,Chlorogenic Acid,10.50344746,10.424820658209981,0.07862680179001913,-0.034460951481635652,-0.065927482398394258,0.031466530916758613,selection-conditioned OOF predictions
23,1,Cryptochlorogenic Acid,2.7967455779999999,2.6821423762477892,0.11460320175221073,0.65034012679102093,0.43792597410631379,0.21241415268470709,selection-conditioned OOF predictions
23,1,Scopoletin,0.31710021900000002,0.37018498852672865,-0.053084769526728637,-0.13861771975949655,0.29073866784592162,-0.42935638760541822,selection-conditioned OOF predictions
23,1,Rutin,9.0794072690000007,9.6453318782868376,-0.56592460928683685,0.058922560403948353,0.32582116219778862,-0.26689860179384023,selection-conditioned OOF predictions
24,1,Total Alkaloids,3.9208323460000001,3.7425504471133433,0.1782818988866568,1.687841356492878,1.342314353771271,0.34552700272160713,selection-conditioned OOF predictions
24,1,Reducing Sugars,15.34706053,15.347895846688523,-0.00083531668852288021,-0.26833979653166629,-0.26809641534365258,-0.00024338118801370913,selection-conditioned OOF predictions
24,1,Total Sugars,17.846346759999999,16.794918811685235,1.0514279483147639,-0.23861449474243884,-0.4916589496719681,0.25304445492952926,selection-conditioned OOF predictions
24,1,Total Nitrogen,2.72549865,2.6586063997911769,0.066892250208823167,1.4746657807814176,1.2645026283341461,0.21016315244727174,selection-conditioned OOF predictions
24,1,K,2.1451547799999999,2.1314782675218193,0.01367651247818058,-0.63326805021554267,-0.6773805620599932,0.044112511844450558,selection-conditioned OOF predictions
24,1,cl,7.4281017690000004,6.5439240469856985,0.88417772201430189,1.7296377180908387,1.1465223371834325,0.583115380907406,selection-conditioned OOF predictions
24,1,pH,4.8650000000000002,4.9165392980177991,-0.051539298017798885,-0.60829601836049207,-0.15505785686304072,-0.45323816149745139,selection-conditioned OOF predictions
24,1,Starch,3.4841123129999998,3.0087834511725937,0.47532886182740608,-0.88412790779984951,-1.4703012294119482,0.58617332161209867,selection-conditioned OOF predictions
24,1,Neochlorogenic Acid,1.6707308089999999,1.6118001211147481,0.058930687885251798,0.31629320381752585,0.14245870142412898,0.17383450239339684,selection-conditioned OOF predictions
24,1,Chlorogenic Acid,10.14638521,9.4652544882612517,0.68113072173874833,-0.17735764921122121,-0.44994689900908225,0.27258924979786103,selection-conditioned OOF predictions
24,1,Cryptochlorogenic Acid,2.7061703069999998,2.4841962550587482,0.22197405194125164,0.48246113955948305,0.071037815950790062,0.41142332360869299,selection-conditioned OOF predictions
24,1,Scopoletin,0.36525401499999999,0.41051357816997369,-0.045259563169973704,0.25085632495003379,0.6169214453321562,-0.36606512038212236,selection-conditioned OOF predictions
24,1,Rutin,9.3692980329999997,10.223859877417423,-0.85456184441742344,0.19563942748285007,0.59866371318902856,-0.40302428570617849,selection-conditioned OOF predictions
25,1,Total Alkaloids,3.584512326,3.4442429309769285,0.14026939502307156,1.0360216866802388,0.76416647345577127,0.27185521322446743,selection-conditioned OOF predictions
25,1,Reducing Sugars,16.224304620000002,17.145858532842688,-0.92155391284268617,-0.012742474299599583,0.25576513390221073,-0.2685076082018103,selection-conditioned OOF predictions
25,1,Total Sugars,18.942002819999999,19.1186099900806,-0.17660717008060089,0.025074225856355645,0.06757781838622981,-0.042503592529874172,selection-conditioned OOF predictions
25,1,Total Nitrogen,2.5757056939999998,2.4046531265012518,0.17105256749874798,1.0040438514984478,0.46662813132889513,0.53741572016955264,selection-conditioned OOF predictions
25,1,K,2.0541979210000001,2.0170126550015279,0.037185265998472161,-0.92664222191119727,-1.0465803632621906,0.11993814135099343,selection-conditioned OOF predictions
25,1,cl,5.6564483289999998,4.5244163508027073,1.1320319781972925,0.56123192728670646,-0.18534338413603615,0.74657531142274258,selection-conditioned OOF predictions
25,1,pH,4.7999999999999998,4.8582929094414977,-0.058292909441497898,-1.179908004366985,-0.66727837766004572,-0.51262962670693923,selection-conditioned OOF predictions
25,1,Starch,4.8699608809999999,4.4090159748224842,0.46094490617751571,0.82489404225143348,0.25645894724060286,0.56843509501083056,selection-conditioned OOF predictions
25,1,Neochlorogenic Acid,1.4852868889999999,1.5626052537930404,-0.077318364793040439,-0.23073166067838863,-0.0026569520335399111,-0.22807470864484872,selection-conditioned OOF predictions
25,1,Chlorogenic Acid,10.269926910000001,9.4164813147553303,0.85344559524467023,-0.12791612756646822,-0.46946597567369258,0.34154984810722439,selection-conditioned OOF predictions
25,1,Cryptochlorogenic Acid,2.2715046220000001,2.2985013133091243,-0.026996691309124188,-0.32318077767091119,-0.27314308917668384,-0.05003768849422735,selection-conditioned OOF predictions
25,1,Scopoletin,0.27155286499999998,0.3311877715958641,-0.059634906595864123,-0.50701052908644628,-0.024675797308161013,-0.48233473177828523,selection-conditioned OOF predictions
25,1,Rutin,8.6577556829999995,10.251712599417116,-1.5939569164171168,-0.1399347023847704,0.61179947798151313,-0.75173418036628348,selection-conditioned OOF predictions
26,1,Total Alkaloids,3.3251003560000001,3.2704605501148531,0.054639805885146941,0.53325701441705853,0.4273599577069549,0.1058970567101036,selection-conditioned OOF predictions
26,1,Reducing Sugars,14.960933320000001,15.157191844866936,-0.19625852486693596,-0.38084335402720743,-0.32366069073767278,-0.057182663289534648,selection-conditioned OOF predictions
26,1,Total Sugars,16.44958428,16.561025239534928,-0.11144095953492794,-0.57476972153103467,-0.54794951296844319,-0.02682020856259143,selection-conditioned OOF predictions
26,1,Total Nitrogen,2.6865865919999998,2.6851480333351958,0.0014385586648040238,1.3524112482763586,1.3478915614212785,0.0045196868550801692,selection-conditioned OOF predictions
26,1,K,2.1731349820000001,2.1782037110015349,-0.0050687290015347664,-0.54302011646018766,-0.5266713310170249,-0.016348785443162754,selection-conditioned OOF predictions
26,1,cl,5.9426205169999999,6.4121580581350104,-0.46953754113501045,0.74996254134308127,1.0596226417191907,-0.30966010037610936,selection-conditioned OOF predictions
26,1,pH,5.04,4.9984829763195195,0.041517023680480492,0.93065932858005462,0.56555735382500993,0.36510197475504463,selection-conditioned OOF predictions
26,1,Starch,3.2332883720000001,3.097778681076381,0.13550969092361909,-1.1934428146846596,-1.3605527295632744,0.16710991487861473,selection-conditioned OOF predictions
26,1,Neochlorogenic Acid,1.880683651,1.76497417723973,0.11570947376026997,0.93561480220469428,0.59429350569303052,0.34132129651166376,selection-conditioned OOF predictions
26,1,Chlorogenic Acid,11.48906933,11.316696774538215,0.17237255546178432,0.35998598440435808,0.29100230171401825,0.068983682690339845,selection-conditioned OOF predictions
26,1,Cryptochlorogenic Acid,2.8152248640000002,2.7437046742430802,0.071520189756919983,0.68459101871981209,0.55203014542141349,0.13256087329839866,selection-conditioned OOF predictions
26,1,Scopoletin,0.48541532500000001,0.44718482648918434,0.038230498510815669,1.2227363284142627,0.91352317964673746,0.30921314876752531,selection-conditioned OOF predictions
26,1,Rutin,9.8830582089999996,9.6695313987696903,0.21352681023030939,0.43793649387929923,0.33723402192321034,0.10070247195608888,selection-conditioned OOF predictions
27,1,Total Alkaloids,3.466956535,3.429453915219387,0.037502619780612978,0.80818756347168386,0.73550397703960613,0.072683586432077701,selection-conditioned OOF predictions
27,1,Reducing Sugars,15.326612709999999,15.467979436316377,-0.14136672631637737,-0.2742975545799235,-0.23310838373104445,-0.041189170848879054,selection-conditioned OOF predictions
27,1,Total Sugars,17.11721928,17.773663926893491,-0.65644464689349036,-0.41409172648852433,-0.25610688489209127,-0.15798484159643306,selection-conditioned OOF predictions
27,1,Total Nitrogen,2.467859244,2.4728130933855184,-0.0049538493855183496,0.66521013247284011,0.68077421650887382,-0.015564084036033696,selection-conditioned OOF predictions
27,1,K,1.947320715,1.9526800613733908,-0.0053593463733907498,-1.2713662166502409,-1.2540800678055053,-0.017286148844735554,selection-conditioned OOF predictions
27,1,cl,4.9952992099999998,5.3427697720832485,-0.34747056208324878,0.12520395376573945,0.35436085754034813,-0.22915690377460868,selection-conditioned OOF predictions
27,1,pH,4.9400000000000004,4.9289587116437197,0.01104128835628071,0.051256273185458709,-0.04584115397460195,0.097097427160060659,selection-conditioned OOF predictions
27,1,Starch,4.0744469199999997,3.9038337384876947,0.17061318151230509,-0.15613004098104311,-0.36652941570739717,0.21039937472635403,selection-conditioned OOF predictions
27,1,Neochlorogenic Acid,1.660101641,1.6079382496785346,0.052163391321465413,0.28493914710375351,0.13106690330480888,0.1538722437989446,selection-conditioned OOF predictions
27,1,Chlorogenic Acid,10.47949174,10.557111197689892,-0.077619457689891647,-0.04404805647448938,-0.01298466575355264,-0.031063390720936737,selection-conditioned OOF predictions
27,1,Cryptochlorogenic Acid,2.547504424,2.4223328696572253,0.12517155434277472,0.18837791516330515,-0.043624413300745506,0.23200232846405067,selection-conditioned OOF predictions
27,1,Scopoletin,0.36531267099999998,0.33103216401725677,0.034280506982743209,0.25133074216039203,-0.025934371253767574,0.2772651134141596,selection-conditioned OOF predictions
27,1,Rutin,8.7916385439999996,9.5932051354964738,-0.80156659149647425,-0.076793521000046674,0.3012374022083662,-0.37803092320841286,selection-conditioned OOF predictions
28,1,Total Alkaloids,3.4317981280000001,3.4182523913651224,0.013545736634877681,0.74004728076749537,0.71379437563055181,0.026252905136943498,selection-conditioned OOF predictions
28,1,Reducing Sugars,14.069594970000001,14.392713843926607,-0.32311887392660665,-0.64054723583135642,-0.54640203738575477,-0.094145198445601708,selection-conditioned OOF predictions
28,1,Total Sugars,15.482309000000001,15.665502741455427,-0.18319374145542611,-0.80756137062759559,-0.76347260493766944,-0.044088765689926153,selection-conditioned OOF predictions
28,1,Total Nitrogen,2.6810752980000001,2.6093276212599115,0.071747676740088639,1.3350957757442221,1.1096777657745722,0.22541800996964997,selection-conditioned OOF predictions
28,1,K,2.3535851980000002,2.377578044884407,-0.023992846884406838,0.039007816708679643,0.11639485116348129,-0.077387034454801662,selection-conditioned OOF predictions
28,1,cl,5.5596155239999998,5.4084560051365616,0.15115951886343826,0.49737067341653235,0.39768094110906271,0.099689732307469595,selection-conditioned OOF predictions
28,1,pH,4.7874999999999996,4.8764099871137683,-0.088909987113768629,-1.2898333862913114,-0.5079562430618858,-0.78187714322942559,selection-conditioned OOF predictions
28,1,Starch,3.0235066129999999,3.2252368562393094,-0.20173024323930955,-1.4521446953445158,-1.2033719061337076,-0.24877278921080823,selection-conditioned OOF predictions
28,1,Neochlorogenic Acid,1.6150394669999999,1.5855267776764475,0.029512689323552443,0.15201416565253423,0.064957254441175574,0.087056911211358654,selection-conditioned OOF predictions
28,1,Chlorogenic Acid,9.0515061540000001,9.4384234594015766,-0.38691730540157643,-0.61552942882580064,-0.46068470571011205,-0.15484472311568856,selection-conditioned OOF predictions
28,1,Cryptochlorogenic Acid,2.455847592,2.4620738348775646,-0.0062262428775645695,0.018494281814737099,0.030034466425866938,-0.01154018461112984,selection-conditioned OOF predictions
28,1,Scopoletin,0.45642991900000002,0.45840062050454267,-0.001970701504542649,0.98829866720956994,1.0042379523676783,-0.015939285158108468,selection-conditioned OOF predictions
28,1,Rutin,9.5773632699999993,9.4550829428869445,0.12228032711305481,0.29376613893154324,0.23609688794333245,0.057669250988210824,selection-conditioned OOF predictions
29,1,Total Alkaloids,3.3807414919999998,3.3625847365626278,0.018156755437372052,0.64109474258893473,0.60590525153795094,0.035189491050983797,selection-conditioned OOF predictions
29,1,Reducing Sugars,13.935819950000001,14.826282926012745,-0.89046297601274382,-0.67952445697574859,-0.42007562761326867,-0.25944882936247998,selection-conditioned OOF predictions
29,1,Total Sugars,15.41682761,16.527348635003037,-1.1105210250030364,-0.82332060802197538,-0.55605437460095763,-0.26726623342101774,selection-conditioned OOF predictions
29,1,Total Nitrogen,2.6519678299999998,2.5674243106712513,0.084543519328748484,1.2436454625085154,0.97802526755844299,0.26562019495007244,selection-conditioned OOF predictions
29,1,K,2.4045390150000001,2.3928751468344469,0.011663868165553204,0.20335533289882163,0.16573444647577032,0.037620886423051302,selection-conditioned OOF predictions
29,1,cl,4.6244159150000002,5.2010353904543694,-0.5766194754543692,-0.119393651954777,0.26088700508575907,-0.38028065704053604,selection-conditioned OOF predictions
29,1,pH,4.915,4.9277546974626159,-0.012754697462615816,-0.16859449066319418,-0.056429291470613291,-0.11216519919258088,selection-conditioned OOF predictions
29,1,Starch,3.2857285940000001,3.256051454708075,0.029677139291925059,-1.128773779024508,-1.1653714879198058,0.036597708895297794,selection-conditioned OOF predictions
29,1,Neochlorogenic Acid,1.779764745,1.6997651230736111,0.079999621926388986,0.63792291303558091,0.40193899755316809,0.23598391548241282,selection-conditioned OOF predictions
29,1,Chlorogenic Acid,10.57945329,10.19986336282534,0.37958992717465989,-0.0040433363033404975,-0.15595563474618268,0.15191229844284221,selection-conditioned OOF predictions
29,1,Cryptochlorogenic Acid,2.7787654129999999,2.6241217080621553,0.15464370493784463,0.61701434308504732,0.33038612458710764,0.28662821849793968,selection-conditioned OOF predictions
29,1,Scopoletin,0.45173666499999998,0.41297968797616103,0.038756977023838957,0.95033903017017229,0.63686765602993001,0.31347137414024234,selection-conditioned OOF predictions
29,1,Rutin,9.413616609,10.022663041320667,-0.60904643232066746,0.21654073796447085,0.50377624344771654,-0.28723550548324567,selection-conditioned OOF predictions
30,1,Total Alkaloids,3.4986560070000001,3.4156861507392176,0.082969856260782571,0.86962410647698896,0.70882076116229309,0.16080334531469589,selection-conditioned OOF predictions
30,1,Reducing Sugars,13.026823479999999,13.543998740258594,-0.51717526025859506,-0.94437327875624222,-0.79368704085093023,-0.15068623790531194,selection-conditioned OOF predictions
30,1,Total Sugars,14.162641649999999,14.792785079851953,-0.63014342985195348,-1.1251623111430911,-0.97350731567727133,-0.1516549954658197,selection-conditioned OOF predictions
30,1,Total Nitrogen,2.6354045419999999,2.6109173348201349,0.024487207179864967,1.1916066566662071,1.1146723535222072,0.076934303143999835,selection-conditioned OOF predictions
30,1,K,2.291539013,2.3142001525353546,-0.022661139535354646,-0.1611172572151072,-0.088025539735457514,-0.073091717479649695,selection-conditioned OOF predictions
30,1,cl,6.022611543,5.3674876020166353,0.65512394098336468,0.80271663866290699,0.37066227122443796,0.43205436743846898,selection-conditioned OOF predictions
30,1,pH,4.79,4.8428510908991598,-0.052851090899159736,-1.267848309906443,-0.80307420172985533,-0.4647741081765876,selection-conditioned OOF predictions
30,1,Starch,3.507080755,3.1550671448212348,0.3520136101787652,-0.8558033329199769,-1.2899048649369336,0.43410153201695656,selection-conditioned OOF predictions
30,1,Neochlorogenic Acid,1.576424203,1.5540346620019942,0.022389540998005719,0.038106362382014897,-0.027938594123217527,0.066044956505232427,selection-conditioned OOF predictions
30,1,Chlorogenic Acid,10.034692209999999,9.1752183246917838,0.85947388530821556,-0.22205730833091444,-0.56601968462625363,0.34396237629533921,selection-conditioned OOF predictions
30,1,Cryptochlorogenic Acid,2.5445742020000002,2.4142281238772298,0.13034607812277033,0.18294682236841261,-0.058646355805501697,0.24159317817391432,selection-conditioned OOF predictions
30,1,Scopoletin,0.519398099,0.45755839458679015,0.061839704413209851,1.4975933394841663,0.99742592170770161,0.50016741777646456,selection-conditioned OOF predictions
30,1,Rutin,9.7835033249999999,8.8750069707351695,0.90849635426483033,0.39098490544275455,-0.037475710528066863,0.42846061597082141,selection-conditioned OOF predictions
31,1,Total Alkaloids,3.6372529170000001,3.5635239828373031,0.073728934162696991,1.1382378872244212,0.99534431365253884,0.14289357357188243,selection-conditioned OOF predictions
31,1,Reducing Sugars,13.546561860000001,13.932491676931683,-0.38592981693168227,-0.79294024010307496,-0.6804941958359092,-0.11244604426716577,selection-conditioned OOF predictions
31,1,Total Sugars,15.46966301,15.951260239327738,-0.48159722932773796,-0.81060484845384473,-0.69470008428418772,-0.11590476416965695,selection-conditioned OOF predictions
31,1,Total Nitrogen,2.6892873050000001,2.664171742050188,0.025115562949812098,1.3608963920136898,1.2819879105596725,0.078908481454017326,selection-conditioned OOF predictions
31,1,K,2.307387367,2.3158853259370087,-0.008497958937008665,-0.10999964191256535,-0.082590145898101971,-0.027409496014463373,selection-conditioned OOF predictions
31,1,cl,6.5710173200000002,6.2169215130843911,0.35409580691560905,1.1643903560448119,0.93086410200516212,0.23352625403964974,selection-conditioned OOF predictions
31,1,pH,4.9800000000000004,4.9952301147632339,-0.015230114763233438,0.40301749534329862,0.53695158991127734,-0.13393409456797875,selection-conditioned OOF predictions
31,1,Starch,2.898914408,2.6975200593147441,0.20139434868525585,-1.6057912178196101,-1.8541497834427654,0.24835856562315542,selection-conditioned OOF predictions
31,1,Neochlorogenic Acid,1.9887796980000001,1.8089877976838196,0.17979190031618053,1.254477914366684,0.72412545035534504,0.53035246401133895,selection-conditioned OOF predictions
31,1,Chlorogenic Acid,11.48692018,10.14079432814826,1.3461258518517401,0.35912589225536884,-0.17959512616099646,0.53872101841636533,selection-conditioned OOF predictions
31,1,Cryptochlorogenic Acid,3.1405626139999998,2.7681946690772214,0.37236794492277836,1.287596357541124,0.5974217350315757,0.69017462250954831,selection-conditioned OOF predictions
31,1,Scopoletin,0.37897404600000001,0.36471480361937447,0.014259242380625536,0.36182568585171959,0.24649511451990219,0.11533057133181741,selection-conditioned OOF predictions
31,1,Rutin,10.66153061,10.304996119379608,0.35653449062039222,0.80507584769503804,0.63692879157429783,0.16814705612074021,selection-conditioned OOF predictions
32,1,Total Alkaloids,3.7285832860000001,3.6381640248157847,0.090419261184215394,1.3152446885603826,1.1400036994280731,0.17524098913230934,selection-conditioned OOF predictions
32,1,Reducing Sugars,14.962279499999999,14.807142466753653,0.15513703324634598,-0.38045112567575506,-0.42565246784358096,0.045201342167825918,selection-conditioned OOF predictions
32,1,Total Sugars,15.99092671,16.628889360417332,-0.63796265041733236,-0.68515365700276654,-0.53161682987257897,-0.15353682713018757,selection-conditioned OOF predictions
32,1,Total Nitrogen,2.6507522059999999,2.5841270678713872,0.066625138128612704,1.2398261953851495,1.0305022599870655,0.20932393539808394,selection-conditioned OOF predictions
32,1,K,2.167777085,1.9716288628032625,0.19614822219673744,-0.5603015904654155,-1.1929622039606897,0.63266061349527436,selection-conditioned OOF predictions
32,1,cl,6.4598775049999997,5.7636193393197646,0.69625816568023513,1.0910936262764321,0.63191122959085377,0.45918239668557825,selection-conditioned OOF predictions
32,1,pH,4.8650000000000002,4.897083180570772,-0.032083180570771752,-0.60829601836049207,-0.32615554815335895,-0.28214047020713312,selection-conditioned OOF predictions
32,1,Starch,3.7001532909999999,3.7715280041585437,-0.071374713158543823,-0.61770718764469734,-0.52968822635038837,-0.088018961294308973,selection-conditioned OOF predictions
32,1,Neochlorogenic Acid,1.6333561110000001,1.4421399365888625,0.19121617441113758,0.20604483811739596,-0.35800709681085452,0.56405193492825045,selection-conditioned OOF predictions
32,1,Chlorogenic Acid,11.01882208,9.9689113383463308,1.0499107416536688,0.17179252754517235,-0.24838288414600812,0.42017541169118044,selection-conditioned OOF predictions
32,1,Cryptochlorogenic Acid,2.4595509550000001,2.2005606673518727,0.25899028764812737,0.025358372012057744,-0.45467361368492404,0.4800319856969818,selection-conditioned OOF predictions
32,1,Scopoletin,0.39843282299999999,0.40822148737484165,-0.0097886643748416602,0.51921075645530768,0.59838272259425285,-0.079171966138945102,selection-conditioned OOF predictions
32,1,Rutin,9.2778164800000003,9.3631103321244193,-0.085293852124419089,0.15249534400431441,0.19272121419982621,-0.040225870195511791,selection-conditioned OOF predictions
33,1,Total Alkaloids,3.540989213,3.4025831746462316,0.13840603835376841,0.9516698210230049,0.68342596738673078,0.26824385363627418,selection-conditioned OOF predictions
33,1,Reducing Sugars,16.181017480000001,15.583048055137688,0.5979694248623133,-0.025354787334486661,-0.19958153393070033,0.17422674659621368,selection-conditioned OOF predictions
33,1,Total Sugars,17.572290859999999,17.209488940643311,0.36280191935668782,-0.30457082198946867,-0.3918854250282654,0.087314603038796734,selection-conditioned OOF predictions
33,1,Total Nitrogen,2.6630545589999999,2.566451847909466,0.096602711090533866,1.278477926802881,0.9749699683419214,0.30350795846095957,selection-conditioned OOF predictions
33,1,K,2.1536578610000001,2.0036007079784977,0.15005715302150247,-0.6058420333910598,-1.0898395401067595,0.4839975067156998,selection-conditioned OOF predictions
33,1,cl,5.3541667200000003,5.5612713951246535,-0.20710467512465325,0.36187714692447609,0.49846272074768011,-0.13658557382320399,selection-conditioned OOF predictions
33,1,pH,4.8799999999999999,4.9107093196451412,-0.030709319645141342,-0.47638556005130506,-0.20632686480103829,-0.27005869525026677,selection-conditioned OOF predictions
33,1,Starch,4.056563229,3.9786315270827011,0.077931701917298923,-0.17818412479125501,-0.27428913384987641,0.096105009058621405,selection-conditioned OOF predictions
33,1,Neochlorogenic Acid,1.578300045,1.5109690373937985,0.067331007606201476,0.043639745282170128,-0.15497412845472969,0.19861387373689982,selection-conditioned OOF predictions
33,1,Chlorogenic Acid,10.4230327,10.337062165344165,0.085970534655835706,-0.066643025203282677,-0.10104852593702254,0.034405500733739859,selection-conditioned OOF predictions
33,1,Cryptochlorogenic Acid,2.4444458930000001,2.2968928766662913,0.14755301633370888,-0.0026384805795240831,-0.27612428604911615,0.27348580546959206,selection-conditioned OOF predictions
33,1,Scopoletin,0.38242826600000002,0.42171732975362064,-0.039289063753620623,0.38976385784373779,0.70753881732924206,-0.31777495948550427,selection-conditioned OOF predictions
33,1,Rutin,8.7729656800000004,9.3122100907115151,-0.53924441071151463,-0.08559992597219783,0.16871589080314128,-0.2543158167753391,selection-conditioned OOF predictions
34,1,Total Alkaloids,3.5907404299999999,3.4394614166546429,0.15127901334535698,1.0480923350253437,0.75489945127030467,0.2931928837550391,selection-conditioned OOF predictions
34,1,Reducing Sugars,14.198375029999999,14.148650755351447,0.049724274648552225,-0.6030253660711572,-0.61751322822375576,0.014487862152598565,selection-conditioned OOF predictions
34,1,Total Sugars,14.968550820000001,15.34230039927148,-0.37374957927147889,-0.93120622792101049,-0.84125687978119912,-0.089949348139811341,selection-conditioned OOF predictions
34,1,Total Nitrogen,2.754358249,2.7333398306510475,0.021018418348952572,1.5653373351882409,1.4993013288365094,0.066036006351731402,selection-conditioned OOF predictions
34,1,K,2.1220575020000001,2.0765112663245215,0.045546235675478552,-0.70776649789912227,-0.85467228721566646,0.14690578931654422,selection-conditioned OOF predictions
34,1,cl,6.9292150660000003,6.2181817591942989,0.71103330680570132,1.4006218397143197,0.93169523456156922,0.46892660515275059,selection-conditioned OOF predictions
34,1,pH,4.8949999999999996,4.9379685330223451,-0.04296853302234549,-0.34447510174211804,0.033391490514625442,-0.37786659225674346,selection-conditioned OOF predictions
34,1,Starch,3.3642270349999999,3.4683938666377152,-0.10416683163771534,-1.0319698699888959,-0.9035118220846664,-0.12845804790422957,selection-conditioned OOF predictions
34,1,Neochlorogenic Acid,1.5378870499999999,1.4931813400313043,0.044705709968695606,-0.075571028054314052,-0.20744450731326936,0.13187347925895532,selection-conditioned OOF predictions
34,1,Chlorogenic Acid,11.720309759999999,10.792081624229795,0.92822813577020469,0.45252865400488101,0.081050752487004094,0.37147790151787691,selection-conditioned OOF predictions
34,1,Cryptochlorogenic Acid,2.4742980619999999,2.3309175748716839,0.14338048712831597,0.052691764012122409,-0.21306036349590582,0.26575212750802824,selection-conditioned OOF predictions
34,1,Scopoletin,0.51896630200000005,0.50850381973010672,0.010462482269893325,1.4941009102666769,1.4094790190380579,0.084621891228618906,selection-conditioned OOF predictions
34,1,Rutin,9.5540219919999991,8.9246566735164077,0.62936531848359145,0.28275803933656019,-0.014060160056615711,0.29681819939317589,selection-conditioned OOF predictions
35,1,Total Alkaloids,3.6312574579999999,3.493002456030986,0.13825500196901386,1.126618126659007,0.85866699566957494,0.26795113098943202,selection-conditioned OOF predictions
35,1,Reducing Sugars,14.73907921,15.404973124355713,-0.66589391435571343,-0.44548364865966084,-0.25146615302745967,-0.19401749563220114,selection-conditioned OOF predictions
35,1,Total Sugars,20.188902169999999,18.729826768372462,1.4590754016275369,0.32516227932540548,-0.025989637739095187,0.35115191706450066,selection-conditioned OOF predictions
35,1,Total Nitrogen,2.6083048299999998,2.5586753885829374,0.049629441417062381,1.1064643436695074,0.95053776278986979,0.15592658087963765,selection-conditioned OOF predictions
35,1,K,1.8975909689999999,1.8662099615111654,0.031381007488834545,-1.4317655884159848,-1.5329825519328537,0.10121696351686886,selection-conditioned OOF predictions
35,1,cl,4.5981659160000001,4.9637178433876743,-0.36555192738767417,-0.13670553143849967,0.10437603629710103,-0.24108156773560072,selection-conditioned OOF predictions
35,1,pH,5.1550000000000002,5.0875474098282574,0.067452590171742877,1.9419728422838454,1.3487927033707414,0.59318013891310384,selection-conditioned OOF predictions
35,1,Starch,4.0469732079999998,4.3920420774696858,-0.34506886946968596,-0.19001049368097128,0.23552681668631431,-0.42553731036728559,selection-conditioned OOF predictions
35,1,Neochlorogenic Acid,2.049810173,1.8360294054390378,0.2137807675609622,1.4345063958450537,0.80389313331874401,0.63061326252630956,selection-conditioned OOF predictions
35,1,Chlorogenic Acid,11.377209560000001,11.057968402279158,0.31924115772084249,0.31521958375071635,0.18745892796120586,0.12776065578951051,selection-conditioned OOF predictions
35,1,Cryptochlorogenic Acid,2.9307986339999998,2.5741603716069754,0.35663826239302443,0.89880409524630267,0.23778404377379495,0.66102005147250775,selection-conditioned OOF predictions
35,1,Scopoletin,0.201033774,0.21341516913370351,-0.01238139513370351,-1.0773779327488584,-0.97723562949470988,-0.10014230325414855,selection-conditioned OOF predictions
35,1,Rutin,10.825235169999999,11.083246811647966,-0.25801164164796653,0.88228139319399734,1.0039635842002426,-0.1216821910062453,selection-conditioned OOF predictions
36,1,Total Alkaloids,3.9488183669999999,3.6675067366866223,0.28131163031337758,1.7420808839750346,1.1968726207698857,0.54520826320514904,selection-conditioned OOF predictions
36,1,Reducing Sugars,12.52594186,12.817775020481925,-0.29183316048192509,-1.0903121369219999,-1.0052824682037975,-0.085029668718202403,selection-conditioned OOF predictions
36,1,Total Sugars,14.36134232,14.128827917952734,0.2325144020472667,-1.0773415329196552,-1.1333001749013711,0.055958641981715962,selection-conditioned OOF predictions
36,1,Total Nitrogen,2.779154294,2.7761582161559044,0.0029960778440956126,1.6432419499852633,1.6338288242087065,0.0094131257765567872,selection-conditioned OOF predictions
36,1,K,2.3330377680000001,2.3861896985225908,-0.053151930522590707,-0.027266297448280172,0.14417106046543207,-0.17143735791371226,selection-conditioned OOF predictions
36,1,cl,6.0518363669999999,5.7637090575379135,0.28812730946208642,0.82199041581699384,0.63197039877330174,0.19002001704369217,selection-conditioned OOF predictions
36,1,pH,4.8799999999999999,4.9101615931026936,-0.030161593102693729,-0.47638556005130506,-0.2111435887505298,-0.26524197130077531,selection-conditioned OOF predictions
36,1,Starch,2.9320122030000002,2.7913125340240477,0.14069966897595254,-1.5649751723587917,-1.738485343814157,0.17351017145536524,selection-conditioned OOF predictions
36,1,Neochlorogenic Acid,1.798082811,1.63742933383286,0.16065347716713996,0.69195778013436315,0.21806008330961835,0.47389769682474481,selection-conditioned OOF predictions
36,1,Chlorogenic Acid,10.08976393,9.0871112605754547,1.0026526694245455,-0.20001754656307569,-0.60128022675545456,0.40126268019237887,selection-conditioned OOF predictions
36,1,Cryptochlorogenic Acid,2.7521627409999998,2.5015465451038352,0.25061619589616457,0.56770695947244076,0.10319614226639824,0.46451081720604248,selection-conditioned OOF predictions
36,1,Scopoletin,0.45572743999999998,0.46072816044162013,-0.0050007204416201434,0.98261692744696594,1.0230633922876491,-0.040446464840683115,selection-conditioned OOF predictions
36,1,Rutin,9.8140266660000002,9.8727480005984756,-0.058721334598475394,0.40538017453211761,0.43307404372001457,-0.027693869187896927,selection-conditioned OOF predictions
37,1,Total Alkaloids,3.9239818959999999,3.6377367656096329,0.28624513039036703,1.6939454791111459,1.1391756311058892,0.55476984800525664,selection-conditioned OOF predictions
37,1,Reducing Sugars,13.99088411,13.641733887248087,0.34915022275191276,-0.66348074461861239,-0.76521054024723656,0.10172979562862415,selection-conditioned OOF predictions
37,1,Total Sugars,16.53947634,16.255998771269688,0.28347756873031216,-0.55313563109083741,-0.62135944707279145,0.068223815981954108,selection-conditioned OOF predictions
37,1,Total Nitrogen,2.8060480019999998,2.7098819617763592,0.096166040223640614,1.727737036286469,1.425601017410165,0.30213601887630404,selection-conditioned OOF predictions
37,1,K,2.29730239,2.2368321540727631,0.060470235927236882,-0.14252793946453701,-0.3375699140053901,0.19504197454085312,selection-conditioned OOF predictions
37,1,cl,4.3389026980000001,4.4685484128079098,-0.12964571480790976,-0.30768967450753809,-0.22218830018993865,-0.085501374317599466,selection-conditioned OOF predictions
37,1,pH,5.0300000000000002,5.0290565279587218,0.00094347204127842588,0.84271902304059654,0.83442210108280035,0.0082969219577962699,selection-conditioned OOF predictions
37,1,Starch,3.3153990530000002,3.6636324983758932,-0.34823344537589307,-1.0921843082338605,-0.66274445771089496,-0.42943985052296541,selection-conditioned OOF predictions
37,1,Neochlorogenic Acid,1.9952361089999999,1.8262751148923293,0.16896099410767063,1.2735231187195948,0.77511980138870828,0.4984033173308865,selection-conditioned OOF predictions
37,1,Chlorogenic Acid,10.377283459999999,10.51244925427622,-0.13516579427622055,-0.084951920415919716,-0.030858423699119154,-0.054093496716800561,selection-conditioned OOF predictions
37,1,Cryptochlorogenic Acid,2.8547525459999998,2.6305446836829098,0.22420786231709,0.75785458336065348,0.34229094839078283,0.41556363496987064,selection-conditioned OOF predictions
37,1,Scopoletin,0.281117689,0.32484384331168992,-0.043726154311689913,-0.42964901245305764,-0.075986298523569071,-0.35366271392948856,selection-conditioned OOF predictions
37,1,Rutin,11.021259560000001,11.453937007436449,-0.43267744743644876,0.97472945915532994,1.1787866848943591,-0.20405722573902921,selection-conditioned OOF predictions
38,1,Total Alkaloids,3.2350942950000001,3.0134941761020748,0.2216001188979253,0.35881684590685137,-0.070664920687023292,0.42948176659387466,selection-conditioned OOF predictions
38,1,Reducing Sugars,15.662580699999999,15.840293761205352,-0.17771306120535257,-0.17640858664206061,-0.12462940330239122,-0.051779183339669375,selection-conditioned OOF predictions
38,1,Total Sugars,17.800478200000001,17.658104596505282,0.14237360349471828,-0.2496535628803988,-0.28391825115544228,0.034264688275043476,selection-conditioned OOF predictions
38,1,Total Nitrogen,2.4668773449999999,2.3349000678722884,0.13197727712771146,0.66212518633063921,0.24747684476672305,0.41464834156391617,selection-conditioned OOF predictions
38,1,K,2.2388938230000002,2.2128592470109449,0.026034575989055231,-0.33092016355788584,-0.41489263413579652,0.083972470577910671,selection-conditioned OOF predictions
38,1,cl,3.3395567339999999,3.7487111067953167,-0.40915437279531686,-0.96675853356969066,-0.69692114454462217,-0.26983738902506843,selection-conditioned OOF predictions
38,1,pH,4.7750000000000004,4.8227912658702294,-0.047791265870229083,-1.3997587682156301,-0.97948091594107922,-0.42027785227455078,selection-conditioned OOF predictions
38,1,Starch,3.62012913,3.8915677040960084,-0.27143857409600836,-0.71639260742386446,-0.381655831752787,-0.3347367756710774,selection-conditioned OOF predictions
38,1,Neochlorogenic Acid,1.7189058989999999,1.7037387617308557,0.015167137269144204,0.45840070499269769,0.413660488061107,0.044740216931590658,selection-conditioned OOF predictions
38,1,Chlorogenic Acid,10.22952441,10.799118573116388,-0.56959416311638833,-0.14408525166183167,0.083866947024472296,-0.22795219868630395,selection-conditioned OOF predictions
38,1,Cryptochlorogenic Acid,2.7342041909999999,2.6343567060978579,0.099847484902142014,0.53442123862544577,0.34935643608140649,0.18506480254403931,selection-conditioned OOF predictions
38,1,Scopoletin,0.37356463099999998,0.3730361628772304,0.00052846812276957644,0.31807364728839604,0.31379932969824964,0.0042743175901463664,selection-conditioned OOF predictions
38,1,Rutin,8.4835558120000005,9.3194394731946186,-0.8358836611946181,-0.22208999522696929,0.17212537688116278,-0.39421537210813207,selection-conditioned OOF predictions
39,1,Total Alkaloids,3.219929504,3.1700368680831073,0.049892635916892747,0.32942606190773716,0.232729464811224,0.096696597096513168,selection-conditioned OOF predictions
39,1,Reducing Sugars,14.011043109999999,14.622376755524421,-0.6113336455244216,-0.65760713831266837,-0.47948653930537338,-0.17812059900729499,selection-conditioned OOF predictions
39,1,Total Sugars,16.492031269999998,16.748148211824002,-0.25611694182400413,-0.56455411382803944,-0.50291510941889339,-0.06163900440914602,selection-conditioned OOF predictions
39,1,Total Nitrogen,2.5037428429999999,2.4506451321891536,0.053097710810846355,0.77794980356255683,0.61112655786661307,0.16682324569594373,selection-conditioned OOF predictions
39,1,K,2.452309149,2.3845778772664428,0.067731271733557197,0.35743413078299668,0.13897225818550868,0.21846187259748803,selection-conditioned OOF predictions
39,1,cl,5.1344654460000001,5.0139000327464531,0.12056541325354697,0.21698411367490025,0.13747120001152741,0.079512913663372847,selection-conditioned OOF predictions
39,1,pH,4.915,4.9425808843764925,-0.027580884376492421,-0.16859449066319418,0.073952649248531774,-0.24254713991172594,selection-conditioned OOF predictions
39,1,Starch,3.6069899959999998,3.5724077793841396,0.034582216615860251,-0.73259572580863264,-0.77524235303950428,0.04264662723087171,selection-conditioned OOF predictions
39,1,Neochlorogenic Acid,1.743085599,1.6238865278816252,0.1191990711183748,0.52972629558661921,0.17811133982766064,0.35161495575895857,selection-conditioned OOF predictions
39,1,Chlorogenic Acid,10.64604353,10.790731189691343,-0.14468765969134267,0.022606149597284825,0.080510307127561187,-0.057904157530276362,selection-conditioned OOF predictions
39,1,Cryptochlorogenic Acid,2.6671032220000002,2.5367219961764214,0.13038122582357881,0.41005127987616685,0.16839295632261303,0.24165832355355379,selection-conditioned OOF predictions
39,1,Scopoletin,0.42172475799999998,0.39512284121718333,0.026601916782816648,0.70759889793353048,0.49243920156338461,0.21515969637014584,selection-conditioned OOF predictions
39,1,Rutin,9.1208178310000001,9.178398776529745,-0.057580945529744909,0.078452407517727224,0.10560845197959094,-0.027156044461863715,selection-conditioned OOF predictions
40,1,Total Alkaloids,3.277598604,3.136654046853522,0.14094455714647802,0.44119417407778311,0.1680304334800454,0.27316374059773768,selection-conditioned OOF predictions
40,1,Reducing Sugars,12.779726139999999,13.328334136517931,-0.5486079965179318,-1.0163685411405876,-0.85652393635666468,-0.15984460478392293,selection-conditioned OOF predictions
40,1,Total Sugars,14.4278555,14.122230778187159,0.30562472181284051,-1.0613339772847625,-1.1348878915287914,0.073553914244028754,selection-conditioned OOF predictions
40,1,Total Nitrogen,2.6425351090000002,2.6089818100460285,0.033553298953971744,1.2140095872714463,1.1085912905157136,0.10541829675573275,selection-conditioned OOF predictions
40,1,K,2.2789261719999998,2.2541341185706951,0.024792053429304683,-0.2017989806363617,-0.28176379273983032,0.079964812103468619,selection-conditioned OOF predictions
40,1,cl,5.9930930580000004,5.7745661201100562,0.21852693788994415,0.78324919202178256,0.63913063366687906,0.14411855835490353,selection-conditioned OOF predictions
40,1,pH,4.7999999999999998,4.8186091521905317,-0.01860915219053183,-1.179908004366985,-1.016258551420417,-0.16364945294656788,selection-conditioned OOF predictions
40,1,Starch,3.4319295689999998,3.1200640527002754,0.31186551629972437,-0.94847942279878616,-1.3330705138654584,0.38459109106667205,selection-conditioned OOF predictions
40,1,Neochlorogenic Acid,1.5327051679999999,1.5444968767566163,-0.011791708756616393,-0.090856610341853231,-0.056073275925910285,-0.034783334415942946,selection-conditioned OOF predictions
40,1,Chlorogenic Acid,8.9872666880000001,9.2014353130145992,-0.2141686250145991,-0.64123813243507877,-0.55552761761064107,-0.085710514824437756,selection-conditioned OOF predictions
40,1,Cryptochlorogenic Acid,2.4295945780000001,2.4318125664841617,-0.0022179884841615483,-0.030165019487219422,-0.026054033604414235,-0.0041109858828051885,selection-conditioned OOF predictions
40,1,Scopoletin,0.50575191900000005,0.49661996805768605,0.0091319509423140044,1.3872212948911651,1.3133609107670963,0.073860384124068743,selection-conditioned OOF predictions
40,1,Rutin,6.943384279,7.5880913524804594,-0.64470707348045941,-0.94845817560773527,-0.64440457261038009,-0.30405360299735518,selection-conditioned OOF predictions
41,1,Total Alkaloids,3.2016984069999999,3.0931725448828633,0.10852586211713655,0.29409248995188902,0.083759213891415565,0.21033327606047345,selection-conditioned OOF predictions
41,1,Reducing Sugars,14.817781460000001,14.979707224631461,-0.16192576463146047,-0.42255264851620145,-0.37537331460905465,-0.047179333907146785,selection-conditioned OOF predictions
41,1,Total Sugars,16.86674438,16.245714434172541,0.62102994582745907,-0.47437287523068628,-0.62383455198057924,0.14946167674989302,selection-conditioned OOF predictions
41,1,Total Nitrogen,2.5589216279999998,2.5756712939451436,-0.016749665945143821,0.95131140176875084,1.0039357728503178,-0.052624371081566979,selection-conditioned OOF predictions
41,1,K,2.2009372819999999,2.4067271678024635,-0.2057898858024636,-0.45334599156836325,0.21041304710557798,-0.66375903867394126,selection-conditioned OOF predictions
41,1,cl,6.1930626970000002,6.4280085337572688,-0.23494583675726854,0.91512920812279364,1.0700760334976902,-0.15494682537489657,selection-conditioned OOF predictions
41,1,pH,4.9199999999999999,4.9589347416795855,-0.038934741679585549,-0.12462433789346515,0.21776897004680459,-0.34239330794026973,selection-conditioned OOF predictions
41,1,Starch,3.1119215050000002,2.9695175183753015,0.14240398662469866,-1.3431118654751746,-1.5187237934563416,0.17561192798116693,selection-conditioned OOF predictions
41,1,Neochlorogenic Acid,1.677885828,1.6785996224589761,-0.0007137944589761247,0.33739917104977973,0.33950473114147406,-0.0021055600916942935,selection-conditioned OOF predictions
41,1,Chlorogenic Acid,10.557695259999999,10.750576606611929,-0.19288134661193013,-0.012750923386829096,0.064440399651325683,-0.077191323038154777,selection-conditioned OOF predictions
41,1,Cryptochlorogenic Acid,2.681620874,2.687535492423315,-0.0059146184233149768,0.43695938280350877,0.44792197932466199,-0.010962596521153247,selection-conditioned OOF predictions
41,1,Scopoletin,0.45808192800000003,0.47134708359498811,-0.013265155594988087,1.0016603267374409,1.1089505973379408,-0.10729027060049991,selection-conditioned OOF predictions
41,1,Rutin,8.6082289690000007,8.7609701316088131,-0.15274116260881243,-0.1632922494875565,-0.091257207950786484,-0.072035041536770011,selection-conditioned OOF predictions
42,1,Total Alkaloids,4.4479015100000003,4.1647963417940161,0.28310516820598419,2.7093507166757891,2.1606664092049574,0.54868430747083174,selection-conditioned OOF predictions
42,1,Reducing Sugars,11.86445964,11.759345414540128,0.10511422545987159,-1.2830442237646968,-1.3136707219791686,0.03062649821447172,selection-conditioned OOF predictions
42,1,Total Sugars,13.57512393,13.108115771788093,0.46700815821190744,-1.2665586868596828,-1.3789523368780081,0.11239365001832538,selection-conditioned OOF predictions
42,1,Total Nitrogen,2.8837562139999999,2.9466772766428768,-0.06292106264287689,1.9718819522367894,2.1695683634290841,-0.1976864111922946,selection-conditioned OOF predictions
42,1,K,2.1506078460000002,2.1594103385331973,-0.0088024925331970927,-0.61567961611018485,-0.58728787101063296,-0.028391745099551932,selection-conditioned OOF predictions
42,1,cl,5.3128300839999998,5.1122297895091764,0.20060029449082339,0.33461562738329365,0.20231969386251872,0.13229593352077493,selection-conditioned OOF predictions
42,1,pH,4.8600000000000003,4.8763320814441249,-0.016332081444124569,-0.65226617113022112,-0.50864134790105531,-0.14362482322916581,selection-conditioned OOF predictions
42,1,Starch,3.07898271,2.7901364152019319,0.28884629479806812,-1.383731832882205,-1.7399357280258787,0.35620389514367351,selection-conditioned OOF predictions
42,1,Neochlorogenic Acid,1.644227455,1.5926449249776784,0.051582530022321604,0.23811326871619054,0.085954457061341388,0.15215881165484918,selection-conditioned OOF predictions
42,1,Chlorogenic Acid,9.6289334219999994,9.3400457921458155,0.28888762985418381,-0.3844424131129488,-0.50005555429796533,0.11561314118501655,selection-conditioned OOF predictions
42,1,Cryptochlorogenic Acid,2.4245949489999998,2.3773530199855557,0.047241929014444128,-0.039431706120190944,-0.12699343362315449,0.087561727502963538,selection-conditioned OOF predictions
42,1,Scopoletin,0.47530509799999998,0.47574481957046511,-0.00043972157046512361,1.1409635227434178,1.1445200468977146,-0.0035565241542967569,selection-conditioned OOF predictions
42,1,Rutin,9.9970188889999996,11.093762707632491,-1.0967438186324916,0.49168207350660081,1.0089230397334032,-0.51724096622680238,selection-conditioned OOF predictions
43,1,Total Alkaloids,3.3220494880000002,3.1746575384785292,0.14739194952147106,0.52734414674893137,0.24168475641550299,0.28565939033342841,selection-conditioned OOF predictions
43,1,Reducing Sugars,14.52484037,14.982386745528551,-0.45754637552855115,-0.50790512797917853,-0.37459259875816647,-0.13331252922101203,selection-conditioned OOF predictions
43,1,Total Sugars,16.30011141,16.903063839193479,-0.60295242919347913,-0.61074297198202931,-0.46563196457705608,-0.14511100740497324,selection-conditioned OOF predictions
43,1,Total Nitrogen,2.4812799050000001,2.5006643276947909,-0.019384422694790793,0.70737538203285777,0.76827767443877715,-0.060902292405919399,selection-conditioned OOF predictions
43,1,K,2.3125713750000001,2.3767217243968926,-0.064150349396892459,-0.09327903315601549,0.11363285699951632,-0.20691189015553182,selection-conditioned OOF predictions
43,1,cl,5.1066688549999997,5.1855518218520134,-0.078882966852013681,0.19865225646415,0.25067558855877409,-0.052023332094624085,selection-conditioned OOF predictions
43,1,pH,4.9199999999999999,4.9535002216687811,-0.033500221668781194,-0.12462433789346515,0.16997763502576019,-0.29460197291922535,selection-conditioned OOF predictions
43,1,Starch,3.2446753890000002,3.0235317006440177,0.22114368835598253,-1.1794003987613297,-1.4521137573796534,0.27271335861832374,selection-conditioned OOF predictions
43,1,Neochlorogenic Acid,1.7299926940000001,1.8148659104236566,-0.084873216423656528,0.49110467572718763,0.7414647830495692,-0.25036010732238156,selection-conditioned OOF predictions
43,1,Chlorogenic Acid,11.013737949999999,11.600705506012943,-0.5869675560129437,0.1697578532332619,0.40466290250311648,-0.23490504926985459,selection-conditioned OOF predictions
43,1,Cryptochlorogenic Acid,2.81734112,2.8657700779007023,-0.04842895790070223,0.68851344600134512,0.77827530169646819,-0.089761855695123072,selection-conditioned OOF predictions
43,1,Scopoletin,0.43607561700000003,0.39792204929374686,0.038153567706253166,0.82367047616977562,0.5150795535631062,0.30859092260666943,selection-conditioned OOF predictions
43,1,Rutin,9.8463293669999992,9.895896718498447,-0.04956735149844782,0.42061461669912087,0.44399132906056232,-0.023376712361441475,selection-conditioned OOF predictions
44,1,Total Alkaloids,4.1344267610000003,3.7824248273680148,0.35200193363198551,2.101807319801051,1.419594633938903,0.68221268586214801,selection-conditioned OOF predictions
44,1,Reducing Sugars,13.54513925,13.857081643111634,-0.31194239311163408,-0.79335473740288653,-0.70246596279741014,-0.090888774605476383,selection-conditioned OOF predictions
44,1,Total Sugars,16.341492649999999,16.141841663682968,0.19965098631703171,-0.60078385558523628,-0.64883334398785197,0.04804948840261563,selection-conditioned OOF predictions
44,1,Total Nitrogen,2.6284576230000001,2.5957441423460992,0.032713480653900895,1.1697807143144692,1.0670009722623801,0.1027797420520891,selection-conditioned OOF predictions
44,1,K,2.240845991,2.2973766818602908,-0.056530690860290722,-0.32462359971094473,-0.14228831693121577,-0.18233528277972894,selection-conditioned OOF predictions
44,1,cl,4.0053182520000004,4.029447891488549,-0.024129639488548627,-0.52768868200450536,-0.51177518003403177,-0.015913501970473563,selection-conditioned OOF predictions
44,1,pH,4.8700000000000001,4.8955073922861656,-0.025507392286165498,-0.56432586559076314,-0.34001307847473744,-0.22431278711602565,selection-conditioned OOF predictions
44,1,Starch,3.79930229,3.5091475588476051,0.29015473115239487,-0.49543710739981672,-0.85325456011494749,0.35781745271513071,selection-conditioned OOF predictions
44,1,Neochlorogenic Acid,1.6144094470000001,1.635750335630215,-0.021340888630214883,0.15015572453928772,0.21310735277905798,-0.062951628239770269,selection-conditioned OOF predictions
44,1,Chlorogenic Acid,10.3522158,9.9848946767485245,0.36732112325147526,-0.094984024996585828,-0.24198633487100649,0.14700230987442067,selection-conditioned OOF predictions
44,1,Cryptochlorogenic Acid,2.4048615959999999,2.449245200024599,-0.044383604024599066,-0.076006979699249938,0.0062569143092514644,-0.082263894008501412,selection-conditioned OOF predictions
44,1,Scopoletin,0.27021147099999998,0.36729227683397669,-0.097080805833976713,-0.5178598948712142,0.26734204667082967,-0.78520194154204381,selection-conditioned OOF predictions
44,1,Rutin,10.11588905,11.162296303358117,-1.046407253358117,0.54774303859855777,1.0412445196176661,-0.49350148101910823,selection-conditioned OOF predictions
45,1,Total Alkaloids,2.9818738439999999,2.9178516742410938,0.064022169758906067,-0.13194808316465539,-0.25602903901420276,0.12408095584954736,selection-conditioned OOF predictions
45,1,Reducing Sugars,16.409516060000001,17.12011355451282,-0.71059749451281817,0.041221466467154355,0.24826397476412307,-0.20704250829696871,selection-conditioned OOF predictions
45,1,Total Sugars,21.1504011,19.792789676144494,1.3576114238555057,0.5565637491523604,0.22983090615894314,0.32673284299341726,selection-conditioned OOF predictions
45,1,Total Nitrogen,2.3777758310000001,2.4557361630961783,-0.077960332096178142,0.38218461008142363,0.6271216410232815,-0.24493703094185787,selection-conditioned OOF predictions
45,1,K,2.3356748550000002,2.2577741632367374,0.077900691763262753,-0.018760581410807862,-0.27002311588955186,0.25126253447874397,selection-conditioned OOF predictions
45,1,cl,6.5847500029999999,5.945960307988611,0.63878969501138894,1.1734470631739877,0.75216513415444319,0.42128192901954464,selection-conditioned OOF predictions
45,1,pH,5.1799999999999997,5.1370164325445229,0.042983567455476823,2.1618236061324905,1.7838248006114288,0.37799880552106169,selection-conditioned OOF predictions
45,1,Starch,3.9802203669999998,3.7484141775397042,0.23180618946029563,-0.27232978392054041,-0.55819208885990057,0.28586230493936016,selection-conditioned OOF predictions
45,1,Neochlorogenic Acid,2.1004101240000002,1.9865305305247727,0.11387959347522747,1.5837667832402025,1.2478432911697364,0.33592349207046601,selection-conditioned OOF predictions
45,1,Chlorogenic Acid,11.374558589999999,12.249725600330265,-0.87516701033026578,0.31415866269624931,0.66440144455870886,-0.3502427818624595,selection-conditioned OOF predictions
45,1,Cryptochlorogenic Acid,2.9944110720000001,2.9950470432032894,-0.00063597120328928725,1.0167081495081887,1.017886906141626,-0.0011787566334372647,selection-conditioned OOF predictions
45,1,Scopoletin,0.218396861,0.29006417104783078,-0.071667310047830779,-0.93694307019859413,-0.35728872440661047,-0.57965434579198361,selection-conditioned OOF predictions
45,1,Rutin,11.295377630000001,10.415682140204977,0.87969548979502399,1.1040076852809309,0.68912999242619732,0.41487769285473347,selection-conditioned OOF predictions
46,1,Total Alkaloids,3.6127287890000002,3.4359773864404115,0.17675140255958866,1.0907078323219423,0.74814707469796271,0.34256075762397953,selection-conditioned OOF predictions
46,1,Reducing Sugars,14.51817207,14.752182863716691,-0.2340107937166902,-0.50984803035181225,-0.44166571606869587,-0.068182314283116413,selection-conditioned OOF predictions
46,1,Total Sugars,19.087200729999999,17.768162244918074,1.3190384850819257,0.060018632700159343,-0.25743096051600484,0.31744959321616417,selection-conditioned OOF predictions
46,1,Total Nitrogen,2.5871668799999998,2.6456882235508559,-0.058521343550856031,1.0400527908453083,1.2239160935104572,-0.18386330266514883,selection-conditioned OOF predictions
46,1,K,2.1027713609999998,2.0686629697991261,0.034108391200873722,-0.76997242390939369,-0.87998634838349743,0.11001392447410371,selection-conditioned OOF predictions
46,1,cl,5.0345318609999996,5.1169653840235911,-0.082433523023591526,0.15107789478718286,0.20544281937263117,-0.054364924585448303,selection-conditioned OOF predictions
46,1,pH,5.1299999999999999,5.1136756153138325,0.01632438468616737,1.7221220784351925,1.5785649407306686,0.14355713770452389,selection-conditioned OOF predictions
46,1,Starch,4.069478352,3.821219806235792,0.24825854576420792,-0.16225725572036809,-0.46840852924020498,0.3061512735198369,selection-conditioned OOF predictions
46,1,Neochlorogenic Acid,1.9773167229999999,1.9300791470008356,0.047237575999164338,1.2206642830214496,1.0813222727249765,0.13934201029647311,selection-conditioned OOF predictions
46,1,Chlorogenic Acid,11.022028560000001,11.733509589725585,-0.71148102972558469,0.17307576430104929,0.45781124010402502,-0.28473547580297576,selection-conditioned OOF predictions
46,1,Cryptochlorogenic Acid,2.8121889059999998,2.7888293178749031,0.023359588125096753,0.67896394690771078,0.63566753770803974,0.043296409199671038,selection-conditioned OOF predictions
46,1,Scopoletin,0.248664419,0.27239512302529401,-0.023730704025294008,-0.69213520006224361,-0.50019823873657798,-0.19193696132566571,selection-conditioned OOF predictions
46,1,Rutin,11.097532019999999,11.294072686206873,-0.19654066620687338,1.010700704433088,1.1033922540590153,-0.092691549625927322,selection-conditioned OOF predictions
47,1,Total Alkaloids,3.3134129489999999,3.2126234795244972,0.10078946947550271,0.51060572600518805,0.31526630281499785,0.19533942319019026,selection-conditioned OOF predictions
47,1,Reducing Sugars,17.0568797,17.173493831971122,-0.11661413197112225,0.22983990776597568,0.26381706441599728,-0.033977156650021594,selection-conditioned OOF predictions
47,1,Total Sugars,20.414294600000002,19.830132820554496,0.5841617794455054,0.37940689464689076,0.23881818449573203,0.1405887101511587,selection-conditioned OOF predictions
47,1,Total Nitrogen,2.4716631489999998,2.4442009262588922,0.027462222741107656,0.67716130265943464,0.59088004755943702,0.086281255099997622,selection-conditioned OOF predictions
47,1,K,1.9531131610000001,1.9544432717046814,-0.0013301107046812533,-1.2526831391338786,-1.2483929720091609,-0.0042901671247177397,selection-conditioned OOF predictions
47,1,cl,4.8040365840000003,4.915044176001186,-0.11100759200118571,-0.00093378555578622912,0.072275743118968463,-0.073209528674754693,selection-conditioned OOF predictions
47,1,pH,5.0049999999999999,5.0225257814746644,-0.017525781474664548,0.62286825919194366,0.77699051696192434,-0.15412225776998065,selection-conditioned OOF predictions
47,1,Starch,3.9676810379999998,3.9283096866700369,0.039371351329962945,-0.28779322559428799,-0.33634579127842512,0.048552565684137176,selection-conditioned OOF predictions
47,1,Neochlorogenic Acid,1.930694825,1.9467297831562496,-0.016034958156249557,1.0831384076193749,1.1304385337848488,-0.047300126165474028,selection-conditioned OOF predictions
47,1,Chlorogenic Acid,9.9952235419999997,12.184223143440974,-2.1889996014409743,-0.23785271185224807,0.63818729063273583,-0.87604000248498393,selection-conditioned OOF predictions
47,1,Cryptochlorogenic Acid,2.8702813919999999,2.8984460607654263,-0.028164668765426448,0.78663690893994465,0.83883941427996744,-0.052202505340022833,selection-conditioned OOF predictions
47,1,Scopoletin,0.25082797099999998,0.26629212636653998,-0.01546415536654,-0.67463611549621305,-0.54956005423153254,-0.12507606126468052,selection-conditioned OOF predictions
47,1,Rutin,10.405013390000001,11.055567419448975,-0.65055402944897445,0.68409844853171253,0.9909095643622936,-0.30681111583058107,selection-conditioned OOF predictions
48,1,Total Alkaloids,3.4254230479999999,3.3685801465651952,0.056842901434804638,0.72769177918115124,0.61752491714175561,0.11016686203939555,selection-conditioned OOF predictions
48,1,Reducing Sugars,16.51400984,17.002617695707933,-0.48860785570793297,0.071667189228200562,0.21402991468184199,-0.14236272545364143,selection-conditioned OOF predictions
48,1,Total Sugars,18.551851970000001,18.704054150591858,-0.15220218059185697,-0.068822373845773152,-0.032192267247710397,-0.036630106598062762,selection-conditioned OOF predictions
48,1,Total Nitrogen,2.5381643779999998,2.4758457254778357,0.062318652522164175,0.88609593835531175,0.69030218901308038,0.19579374934223134,selection-conditioned OOF predictions
48,1,K,1.826070069,1.8929033756299898,-0.066833306629989764,-1.6624506079638537,-1.4468850509534144,-0.21556555701043925,selection-conditioned OOF predictions
48,1,cl,6.4152129819999999,6.0771662789798215,0.33804670302017836,1.0616373646067094,0.83869549773063412,0.22294186687607537,selection-conditioned OOF predictions
48,1,pH,4.8899999999999997,4.9162815166874294,-0.026281516687429729,-0.38844525451184703,-0.1573247937585486,-0.23112046075329845,selection-conditioned OOF predictions
48,1,Starch,4.1236782410000004,4.0618504278957381,0.061827813104262219,-0.095418206974211189,-0.17166397592669061,0.076245768952479434,selection-conditioned OOF predictions
48,1,Neochlorogenic Acid,1.394749783,1.5024716689750912,-0.10772188597509125,-0.49779918244724597,-0.1800397752972642,-0.31775940714998174,selection-conditioned OOF predictions
48,1,Chlorogenic Acid,10.29379673,10.584503552393329,-0.29070682239332868,-0.11836339984630292,-0.0020222158441638802,-0.11634118400213905,selection-conditioned OOF predictions
48,1,Cryptochlorogenic Acid,2.271189036,2.3116486939550143,-0.040459657955014272,-0.32376570838632113,-0.24877474974792826,-0.074990958638392849,selection-conditioned OOF predictions
48,1,Scopoletin,0.39862609700000001,0.39367244327469708,0.0049536537253029311,0.52077398122199481,0.48070819798687525,0.040065783235119543,selection-conditioned OOF predictions
48,1,Rutin,9.0341629109999992,9.2639480719953138,-0.22978516099531454,0.037584637134490666,0.14595479311676457,-0.10837015598227391,selection-conditioned OOF predictions
49,1,Total Alkaloids,4.1432212699999997,4.0515758985016905,0.091645371498309203,2.1188519011867917,1.9412345955328356,0.17761730565395589,selection-conditioned OOF predictions
49,1,Reducing Sugars,13.24467475,13.791721087135137,-0.54704633713513751,-0.88089926748435654,-0.72150967398068155,-0.15938959350367504,selection-conditioned OOF predictions
49,1,Total Sugars,15.5989144,15.272034291406314,0.3268801085936861,-0.7794982494863586,-0.85816764289460035,0.07866939340824175,selection-conditioned OOF predictions
49,1,Total Nitrogen,2.8710263280000001,2.824797863644374,0.046228464355626109,1.9318869907322433,1.7866456545319367,0.14524133620030663,selection-conditioned OOF predictions
49,1,K,1.996895468,2.0646595955525324,-0.067764127552532472,-1.1114667625761763,-0.89289891612709271,-0.21856784644908347,selection-conditioned OOF predictions
49,1,cl,6.3202450529999998,6.2134079111267839,0.10683714187321591,0.99900599682392477,0.92854688082569203,0.070459115998232735,selection-conditioned OOF predictions
49,1,pH,4.9050000000000002,4.9208037241408613,-0.015803724140861064,-0.25653479620265218,-0.11755636324178616,-0.13897843296086604,selection-conditioned OOF predictions
49,1,Starch,3.1425286780000001,2.9766180866951721,0.16591059130482799,-1.3053672433758741,-1.5099674059283663,0.20460016255249222,selection-conditioned OOF predictions
49,1,Neochlorogenic Acid,1.5829712979999999,1.5520325290163699,0.030938768983630016,0.057419067566508677,-0.033844511799914399,0.091263579366423084,selection-conditioned OOF predictions
49,1,Chlorogenic Acid,9.7539057669999991,9.5924344389024441,0.16147132809755504,-0.33442834579549241,-0.39904934553195587,0.064620999736463444,selection-conditioned OOF predictions
49,1,Cryptochlorogenic Acid,2.4564027770000001,2.3544892685917844,0.10191350840821567,0.019523303251793054,-0.1693708219094118,0.18889412516120485,selection-conditioned OOF predictions
49,1,Scopoletin,0.45963244800000003,0.44395273866678198,0.01567970933321805,1.0142011302870306,0.88738164104306294,0.12681948924396763,selection-conditioned OOF predictions
49,1,Rutin,9.7616343319999999,10.753864211874058,-0.99222987987405808,0.38067115771283228,0.84862177030446573,-0.46795061259163351,selection-conditioned OOF predictions
50,1,Total Alkaloids,3.8287021750000001,3.7482707695357167,0.080431405464283401,1.5092844640396663,1.3534008739034156,0.15588359013625092,selection-conditioned OOF predictions
50,1,Reducing Sugars,15.8995949,15.751899928920587,0.14769497107941376,-0.10735118797554394,-0.15038418135261034,0.043032993377066391,selection-conditioned OOF predictions
50,1,Total Sugars,18.44611544,17.697533340214605,0.74858209978539492,-0.094269712051757673,-0.2744290370096007,0.18015932495784304,selection-conditioned OOF predictions
50,1,Total Nitrogen,2.5980164650000002,2.6363558909168425,-0.038339425916842362,1.0741401922890701,1.1945956200635632,-0.12045542777449314,selection-conditioned OOF predictions
50,1,K,1.9260899380000001,1.7793187284218188,0.14677120957818124,-1.33984441263577,-1.8132433680544959,0.47339895541872579,selection-conditioned OOF predictions
50,1,cl,5.2077786399999999,4.7393594405868003,0.46841919941319965,0.2653341794823228,-0.043588374309133093,0.30892255379145589,selection-conditioned OOF predictions
50,1,pH,4.9249999999999998,4.8881958866390534,0.036804113360946467,-0.08065418512373615,-0.40431068253079122,0.3236564974070551,selection-conditioned OOF predictions
50,1,Starch,4.2641671859999999,3.9306492541845337,0.33351793181546618,0.077832100662969722,-0.33346064759950772,0.41129274826247741,selection-conditioned OOF predictions
50,1,Neochlorogenic Acid,1.5135579079999999,1.7302825714881624,-0.21672466348816255,-0.14733744458526246,0.49195976007658243,-0.63929720466184492,selection-conditioned OOF predictions
50,1,Chlorogenic Acid,9.4704325689999997,9.8714203193007961,-0.40098775030079636,-0.44787462551014956,-0.28739889516341205,-0.16047573034673754,selection-conditioned OOF predictions
50,1,Cryptochlorogenic Acid,2.401590525,2.4850494005882382,-0.083458875588238168,-0.082069827544799717,0.072619099736867795,-0.1546889272816675,selection-conditioned OOF predictions
50,1,Scopoletin,0.32282180399999999,0.32072641692342574,0.0020953870765742511,-0.092340810414709512,-0.10928856838472402,0.016947757970014504,selection-conditioned OOF predictions
50,1,Rutin,9.5687684320000006,11.156943174866425,-1.5881747428664248,0.28971268338781808,1.0387199032885481,-0.74900721990073005,selection-conditioned OOF predictions
51,1,Total Alkaloids,3.067416964,3.0151730543689546,0.052243909631045415,0.033842488069085089,-0.067411097505241949,0.10125358557432704,selection-conditioned OOF predictions
51,1,Reducing Sugars,14.28462253,15.182784065941497,-0.89816153594149739,-0.57789595192006238,-0.31620403956020082,-0.26169191235986156,selection-conditioned OOF predictions
51,1,Total Sugars,15.63627926,15.25447333625003,0.38180592374997069,-0.77050574491448298,-0.862393992719794,0.091888247805310991,selection-conditioned OOF predictions
51,1,Total Nitrogen,2.4572329490000002,2.4323211948918271,0.024911754108173145,0.63182426715865359,0.55355611561612461,0.07826815154252903,selection-conditioned OOF predictions
51,1,K,2.1222633320000002,2.0482961800314197,0.073967151968580502,-0.70710260947526915,-0.94567782172472636,0.23857521224945721,selection-conditioned OOF predictions
51,1,cl,7.1575947810000002,5.5915225084692084,1.5660722725307918,1.5512383065037825,0.51841333592558425,1.0328249705781982,selection-conditioned OOF predictions
51,1,pH,4.625,4.651963084910431,-0.026963084910430979,-2.7188633513075318,-2.4817491587765614,-0.2371141925309701,selection-conditioned OOF predictions
51,1,Starch,4.3848271370000003,3.5355582354563815,0.84926890154361878,0.22662938595995383,-0.82068503767048306,1.0473144236304368,selection-conditioned OOF predictions
51,1,Neochlorogenic Acid,1.3232469010000001,1.3448389425539888,-0.02159204155398875,-0.70871930502186198,-0.64502682265166167,-0.063692482370200393,selection-conditioned OOF predictions
51,1,Chlorogenic Acid,8.6917876710000002,8.3853809409029623,0.30640673009703789,-0.75948915386813154,-0.88211345787390949,0.12262430400577798,selection-conditioned OOF predictions
51,1,Cryptochlorogenic Acid,2.2842354440000001,2.187589331677966,0.096646112322034128,-0.2995845192177074,-0.47871565818486023,0.1791311389671528,selection-conditioned OOF predictions
51,1,Scopoletin,0.475489198,0.52936981936436889,-0.053880621364368886,1.1424525470278384,1.5782458858176505,-0.43579333878981208,selection-conditioned OOF predictions
51,1,Rutin,6.6289996120000003,6.4849735392358507,0.14402607276414958,-1.0967267376578318,-1.1646516110628793,0.067924873405047603,selection-conditioned OOF predictions
52,1,Total Alkaloids,3.7628897050000001,3.6808238017748298,0.082065903225170267,1.3817337387960302,1.2226823390515056,0.15905139974452454,selection-conditioned OOF predictions
52,1,Reducing Sugars,12.365370199999999,12.196798346411107,0.16857185358889204,-1.1370969335255974,-1.1862126983077992,0.049115764782201886,selection-conditioned OOF predictions
52,1,Total Sugars,14.011755559999999,13.796969820397479,0.21478573960252056,-1.1614756776098036,-1.2131676080853715,0.051691930475567756,selection-conditioned OOF predictions
52,1,Total Nitrogen,2.57039879,2.6193679658796878,-0.048969175879687743,0.98737053477052761,1.1412226827172955,-0.15385214794676788,selection-conditioned OOF predictions
52,1,K,1.7658444230000001,1.867109990096159,-0.10126556709615886,-1.8567036769939278,-1.5300795807492851,-0.32662409624464267,selection-conditioned OOF predictions
52,1,cl,5.4150182539999996,5.3793801792848628,0.035638074715136803,0.40200874552025662,0.37850542826297401,0.023503317257282639,selection-conditioned OOF predictions
52,1,pH,4.8200000000000003,4.7804482319472346,0.039551768052765723,-1.004027393288061,-1.3518468500066678,0.34781945671860665,selection-conditioned OOF predictions
52,1,Starch,3.0109000140000002,2.8022976537777318,0.20860236022226841,-1.4676910940665544,-1.7249385456888164,0.2572474516222622,selection-conditioned OOF predictions
52,1,Neochlorogenic Acid,1.468310459,1.5645116664263528,-0.096201207426352742,-0.28080895261858457,0.0029666085146355121,-0.28377556113322006,selection-conditioned OOF predictions
52,1,Chlorogenic Acid,9.4946128569999999,9.9675924656758781,-0.47297960867587818,-0.43819764816138101,-0.2489106984118217,-0.18928694974955929,selection-conditioned OOF predictions
52,1,Cryptochlorogenic Acid,2.6055474460000001,2.4475222464824213,0.15802519951757876,0.29595919691533967,0.0030634632434768275,0.29289573367186283,selection-conditioned OOF predictions
52,1,Scopoletin,0.39350434400000001,0.40593316667253598,-0.012428822672535977,0.47934858960981175,0.57987449284805503,-0.10052590323824324,selection-conditioned OOF predictions
52,1,Rutin,7.7522304589999997,8.5884635439556103,-0.83623308495561055,-0.56699408840301924,-0.17261392276636411,-0.39438016563665518,selection-conditioned OOF predictions
53,1,Total Alkaloids,3.6195117720000001,3.6378589835186919,-0.018347211518691786,1.1038538880916959,1.1394125008501523,-0.035558612758456454,selection-conditioned OOF predictions
53,1,Reducing Sugars,13.65642794,13.617293870678971,0.039134069321029585,-0.76092922267674623,-0.7723314805437661,0.011402257867019906,selection-conditioned OOF predictions
53,1,Total Sugars,15.3720877,14.905708875581254,0.46637882441874545,-0.83408804687281823,-0.94633023674885364,0.11224218987603542,selection-conditioned OOF predictions
53,1,Total Nitrogen,2.6149666749999998,2.5518655972144515,0.063101077785548298,1.1273946359222626,0.9291426502463177,0.19825198567594499,selection-conditioned OOF predictions
53,1,K,1.851611922,1.8030329819887267,0.048578940011273275,-1.5800673765085196,-1.7367549143627039,0.15668753785418443,selection-conditioned OOF predictions
53,1,cl,5.366639138,5.0299493188363344,0.33668981916366558,0.37010270903922549,0.14805570733237766,0.22204700170684782,selection-conditioned OOF predictions
53,1,pH,4.7450000000000001,4.7230674570688524,0.021932542931147658,-1.6635796848340119,-1.8564551374962566,0.19287545266224465,selection-conditioned OOF predictions
53,1,Starch,4.0131256860000004,3.9474058314321674,0.065719854567833025,-0.23175109895960133,-0.31279651517899071,0.081045416219389349,selection-conditioned OOF predictions
53,1,Neochlorogenic Acid,1.202399325,1.2900499312164291,-0.087650606216429061,-1.0651970417201575,-0.80664415420285918,-0.25855288751729832,selection-conditioned OOF predictions
53,1,Chlorogenic Acid,8.2390676999999997,8.3121223956773633,-0.073054695677363668,-0.94066817475912112,-0.91143160672109669,-0.029236568038024432,selection-conditioned OOF predictions
53,1,Cryptochlorogenic Acid,2.0088656779999998,1.9391264429072486,0.069739235092751262,-0.80997545616853994,-0.93923537478002495,0.12925991861148498,selection-conditioned OOF predictions
53,1,Scopoletin,0.35944348500000001,0.42780434199645578,-0.068360856996455777,0.20386001709912083,0.75677134882921837,-0.55291133173009754,selection-conditioned OOF predictions
53,1,Rutin,7.4582473509999998,8.0112505482138925,-0.55300319721389268,-0.70564096678331334,-0.4448362982782495,-0.26080466850506384,selection-conditioned OOF predictions
54,1,Total Alkaloids,2.9250295089999998,2.8430605331138974,0.081968975886102413,-0.24211772358754519,-0.40098126907900733,0.15886354549146214,selection-conditioned OOF predictions
54,1,Reducing Sugars,16.58992005,15.268923487157487,1.3209965628425131,0.09378468950805291,-0.29110611567287437,0.38489080518092728,selection-conditioned OOF predictions
54,1,Total Sugars,18.42212293,17.24759869634228,1.1745242336577206,-0.10004392760791825,-0.38271364832801724,0.28266972072009899,selection-conditioned OOF predictions
54,1,Total Nitrogen,2.3188472849999999,2.330207165755084,-0.011359880755084095,0.19704195218260831,0.23273260907425916,-0.035690656891650845,selection-conditioned OOF predictions
54,1,K,2.140286149,2.1366656489153026,0.0036205000846973867,-0.6489714353436149,-0.66064907268894302,0.01167763734532813,selection-conditioned OOF predictions
54,1,cl,4.7082659570000001,4.9283029531625049,-0.22003699616250483,-0.064094532826845546,0.081019909254680944,-0.14511444208152649,selection-conditioned OOF predictions
54,1,pH,4.9100000000000001,4.8767976144491447,0.033202385550855418,-0.21256464343292319,-0.50454743643104061,0.29198279299811741,selection-conditioned OOF predictions
54,1,Starch,3.8625979369999999,3.722653385784529,0.13994455121547089,-0.41738121257589,-0.58996017635291631,0.17257896377702625,selection-conditioned OOF predictions
54,1,Neochlorogenic Acid,1.6586271800000001,1.7379418498889634,-0.079314669888963296,0.28058976304883559,0.51455319818625256,-0.23396343513741694,selection-conditioned OOF predictions
54,1,Chlorogenic Acid,9.0418696230000002,10.467985169517874,-1.4261155465178739,-0.61938597893007175,-0.048652998397329332,-0.57073298053274235,selection-conditioned OOF predictions
54,1,Cryptochlorogenic Acid,2.8161470639999999,2.6740596544999882,0.14208740950001175,0.68630029323056552,0.42294485259142311,0.26335544063914246,selection-conditioned OOF predictions
54,1,Scopoletin,0.32913042599999998,0.33596381911624962,-0.006833393116249642,-0.04131587092949171,0.013953484285536645,-0.055269355215028355,selection-conditioned OOF predictions
54,1,Rutin,7.984526668,8.1296375114939661,-0.14511084349396608,-0.4574396842179107,-0.38900321653633968,-0.068436467681571037,selection-conditioned OOF predictions
55,1,Total Alkaloids,3.3365471630000001,3.2415733634282482,0.094973799571751893,0.55544199751485035,0.37137388679782823,0.18406811071702212,selection-conditioned OOF predictions
55,1,Reducing Sugars,9.4386545809999998,9.009868018352627,0.4287865626473728,-1.9898364203782979,-2.1147693762922679,0.12493295591396988,selection-conditioned OOF predictions
55,1,Total Sugars,10.56012522,9.0991506402179283,1.4609745797820715,-1.9921706571406816,-2.3437796445177019,0.35160898737702045,selection-conditioned OOF predictions
55,1,Total Nitrogen,2.7202288659999998,2.7476759787602667,-0.027447112760266901,1.4581090882692236,1.5443428705872921,-0.086233782318068511,selection-conditioned OOF predictions
55,1,K,2.4629751639999999,2.4865766027542318,-0.023601438754231818,0.39183652055679513,0.46796109897202487,-0.076124578415229738,selection-conditioned OOF predictions
55,1,cl,5.8268920819999996,5.8336945399369755,-0.0068024579369758698,0.67363961578564269,0.67812583812789951,-0.0044862223422568095,selection-conditioned OOF predictions
55,1,pH,4.7549999999999999,4.6953947764043438,0.05960522359565612,-1.5756393792945538,-2.0998095367695364,0.52417015747498241,selection-conditioned OOF predictions
55,1,Starch,2.9975265539999998,2.8213939864372755,0.17613256756272433,-1.4841831821747937,-1.7013890378751739,0.21720585570038015,selection-conditioned OOF predictions
55,1,Neochlorogenic Acid,1.2009371369999999,1.1765773700388387,0.024359766961161267,-1.0695102227215492,-1.1413669771575063,0.071856754435957224,selection-conditioned OOF predictions
55,1,Chlorogenic Acid,6.61712495,6.6757643519284642,-0.058639401928464174,-1.5897714134281278,-1.5663038615028952,-0.023467551925232689,selection-conditioned OOF predictions
55,1,Cryptochlorogenic Acid,2.036425189,1.9040376186410839,0.13238757035891613,-0.75889459552969674,-1.004271628228818,0.24537703269912137,selection-conditioned OOF predictions
55,1,Scopoletin,0.64207437999999994,0.62444524245373112,0.017629137546268825,2.489814749214625,2.3472280359078281,0.14258671330679659,selection-conditioned OOF predictions
55,1,Rutin,6.028298006,5.1412342281974457,0.8870637778025543,-1.3800266968851809,-1.798379385763329,0.41835268887814797,selection-conditioned OOF predictions
56,1,Total Alkaloids,3.2929056480000001,3.2180709098036804,0.074834738196319694,0.47086065770218216,0.32582393243783303,0.1450367252643491,selection-conditioned OOF predictions
56,1,Reducing Sugars,12.44939877,12.757907936677135,-0.30850916667713513,-1.1126140356322756,-1.0227255795165757,-0.089888456115699747,selection-conditioned OOF predictions
56,1,Total Sugars,13.674671699999999,12.957970004532328,0.71670169546767148,-1.2426007815752791,-1.41508753177758,0.17248675020230089,selection-conditioned OOF predictions
56,1,Total Nitrogen,2.7226526369999999,2.6650764528892434,0.05757618411075649,1.4657241311565552,1.2848303456907308,0.18089378546582432,selection-conditioned OOF predictions
56,1,K,2.137468771,2.1107999841695655,0.026668786830434499,-0.6580586657756109,-0.74407673337958036,0.086018067603969448,selection-conditioned OOF predictions
56,1,cl,6.6624057260000003,5.9852258432619054,0.67717988273809482,1.2246610277077523,0.77806076236056754,0.44660026534718489,selection-conditioned OOF predictions
56,1,pH,4.7400000000000002,4.7367749391960219,0.0032250608039783302,-1.7075498376037408,-1.73591112085226,0.028361283248519054,selection-conditioned OOF predictions
56,1,Starch,3.6425141499999998,3.4316725437163065,0.21084160628369331,-0.68878750581630077,-0.94879638517237652,0.26000887935607575,selection-conditioned OOF predictions
56,1,Neochlorogenic Acid,1.192846428,1.2846389249023149,-0.091792496902314946,-1.0933763003713359,-0.82260561034423518,-0.27077069002710086,selection-conditioned OOF predictions
56,1,Chlorogenic Acid,7.9581000690000003,8.2508843255284461,-0.29278425652844575,-1.0531117238568055,-0.93593914847218629,-0.11717257538461913,selection-conditioned OOF predictions
56,1,Cryptochlorogenic Acid,2.0496503229999998,2.0391089297611025,0.010541393238897356,-0.73438214221425102,-0.75392034951318887,0.019538207298937776,selection-conditioned OOF predictions
56,1,Scopoletin,0.60365542699999997,0.57229056548049473,0.031364861519505238,2.1790773564986829,1.9253943555208157,0.25368300097786722,selection-conditioned OOF predictions
56,1,Rutin,6.3766111509999996,6.446907228292444,-0.070296077292444359,-1.215756951655218,-1.1826042588175829,-0.033152692837635035,selection-conditioned OOF predictions
57,1,Total Alkaloids,3.5571965460000001,3.5288135906334759,0.028382955366524243,0.98308114897369769,0.92807232554619346,0.05500882342750428,selection-conditioned OOF predictions
57,1,Reducing Sugars,10.79053094,10.795117139008774,-0.0045861990087736615,-1.595948355142959,-1.5946121019846551,-0.0013362531583038704,selection-conditioned OOF predictions
57,1,Total Sugars,11.78382008,10.937823196472394,0.84599688352760616,-1.6976671684850162,-1.9012710584210257,0.20360388993600959,selection-conditioned OOF predictions
57,1,Total Nitrogen,2.547667744,2.7143129397709629,-0.16664519577096293,0.91595376719475485,1.4395223356624784,-0.52356856846772348,selection-conditioned OOF predictions
57,1,K,2.0509076099999999,2.1049020052111782,-0.053994395211178325,-0.93725486041761452,-0.7631001991260753,-0.1741546612915392,selection-conditioned OOF predictions
57,1,cl,6.2062303009999997,5.4779792116236665,0.7282510893763332,0.92381324554075217,0.44353150940915015,0.48028173613160208,selection-conditioned OOF predictions
57,1,pH,4.7000000000000002,4.6339625589072702,0.06603744109273002,-2.0593110597615807,-2.640046334435457,0.58073527467387631,selection-conditioned OOF predictions
57,1,Starch,3.5800124219999998,3.4369359389443765,0.14307648305562326,-0.76586434345541488,-0.94230559087906607,0.17644124742365111,selection-conditioned OOF predictions
57,1,Neochlorogenic Acid,1.152393198,1.1278092061337333,0.024583991866266697,-1.2127057594292121,-1.2852239353791879,0.07251817594997563,selection-conditioned OOF predictions
57,1,Chlorogenic Acid,6.3951667990000001,6.0208171575020373,0.37434964149796279,-1.6785993049570271,-1.8284144354176486,0.14981513046062156,selection-conditioned OOF predictions
57,1,Cryptochlorogenic Acid,1.973533209,1.7233139748675796,0.25021923413242031,-0.8754632990049106,-1.3392383575636835,0.46377505855877293,selection-conditioned OOF predictions
57,1,Scopoletin,0.73362214199999998,0.56198647216834063,0.17163566983165934,3.2302647264136284,1.8420535343870243,1.3882111920266043,selection-conditioned OOF predictions
57,1,Rutin,5.0646999079999997,6.0607253958006577,-0.99602548780065803,-1.8344741282691934,-1.3647334495946524,-0.46974067867454122,selection-conditioned OOF predictions
58,1,Total Alkaloids,3.2760185270000002,3.2227243337855089,0.053294193214491248,0.43813183699651614,0.33484270355747592,0.10328913343904024,selection-conditioned OOF predictions
58,1,Reducing Sugars,16.036152789999999,15.755974275404334,0.28017851459566501,-0.067563138775165996,-0.149197063578934,0.081633924803767993,selection-conditioned OOF predictions
58,1,Total Sugars,17.639718909999999,17.504505317971521,0.13521359202847805,-0.28834308694917543,-0.32088459371504569,0.032541506765870254,selection-conditioned OOF predictions
58,1,Total Nitrogen,2.3384419250000001,2.2750315013684119,0.06341042363158822,0.25860470871439972,0.059380815261436307,0.19922389345296343,selection-conditioned OOF predictions
58,1,K,1.9670883939999999,2.061591419419889,-0.094503025419889086,-1.2076071278170328,-0.90279507614654375,-0.30481205167048925,selection-conditioned OOF predictions
58,1,cl,4.3789440549999998,4.1815975466636575,0.19734650833634237,-0.28128239172064312,-0.41143245263501604,0.13015006091437289,selection-conditioned OOF predictions
58,1,pH,4.7649999999999997,4.7412797212963849,0.023720278703614817,-1.4876990737550959,-1.6962959294227988,0.20859685566770308,selection-conditioned OOF predictions
58,1,Starch,4.5242828140000002,4.5064505072724224,0.017832306727577851,0.39860547234882526,0.37661475538220951,0.021990716966615729,selection-conditioned OOF predictions
58,1,Neochlorogenic Acid,1.345049779,1.3454273161935859,-0.00037753719358590843,-0.64440489458677785,-0.64329123050890735,-0.0011136640778705465,selection-conditioned OOF predictions
58,1,Chlorogenic Acid,8.8979134020000004,8.5469990055963478,0.35091439640365252,-0.67699741390683099,-0.81743373399346198,0.14043632008663101,selection-conditioned OOF predictions
58,1,Cryptochlorogenic Acid,2.2293869669999999,2.0371028911445883,0.19228407585541163,-0.40124479214090208,-0.75763849164591013,0.3563936995050081,selection-conditioned OOF predictions
58,1,Scopoletin,0.35560217999999999,0.36828490992196061,-0.012682729921960623,0.17279105224922717,0.27537058971008682,-0.10257953746085964,selection-conditioned OOF predictions
58,1,Rutin,6.864384405,8.1093955250610446,-1.2450111200610445,-0.9857157105628952,-0.39854964337097548,-0.58716606719191966,selection-conditioned OOF predictions
59,1,Total Alkaloids,4.3551658389999997,4.0615525399049073,0.29361329909509237,2.5296203085630817,1.9605702601337234,0.56905004842935836,selection-conditioned OOF predictions
59,1,Reducing Sugars,10.56178577,9.6624816751141296,0.8993040948858706,-1.6625964563863869,-1.9246212692582074,0.26202481287182067,selection-conditioned OOF predictions
59,1,Total Sugars,11.650022,10.562972456134943,1.0870495438650565,-1.7298680076185806,-1.9914854201570373,0.26161741253845661,selection-conditioned OOF predictions
59,1,Total Nitrogen,2.8977605940000002,2.8835090397854977,0.014251554214502526,2.0158811395818335,1.9711053762962087,0.044775763285624805,selection-conditioned OOF predictions
59,1,K,2.1784986489999998,2.3707190801665572,-0.1922204311665574,-0.52572003177524684,0.094271801677032724,-0.61999183345227948,selection-conditioned OOF predictions
59,1,cl,5.8766709170000002,5.4685948367034216,0.4080760802965786,0.70646876722142471,0.43734251231054649,0.26912625491087822,selection-conditioned OOF predictions
59,1,pH,4.7699999999999996,4.7640528028279663,0.0059471971720332917,-1.4437289209853668,-1.4960287546265687,0.052299833641201957,selection-conditioned OOF predictions
59,1,Starch,3.3812147829999999,2.6835102797968382,0.69770450320316169,-1.0110206588814816,-1.8714265777941379,0.86040591891265639,selection-conditioned OOF predictions
59,1,Neochlorogenic Acid,1.247188966,1.2786739750546925,-0.031485009054692537,-0.93307598162368399,-0.84020109625782335,-0.09287488536586061,selection-conditioned OOF predictions
59,1,Chlorogenic Acid,7.7043714410000002,7.0008710638277307,0.70350037717226943,-1.1546541945622872,-1.4361958046020917,0.28154161003980438,selection-conditioned OOF predictions
59,1,Cryptochlorogenic Acid,2.1448707050000002,1.958542099421237,0.18632860557876318,-0.5578935585481839,-0.90324894364912833,0.34535538510094443,selection-conditioned OOF predictions
59,1,Scopoletin,0.54398113299999995,0.53768482859684996,0.0062963044031499882,1.6964240543713558,1.6454987411807351,0.050925313190620589,selection-conditioned OOF predictions
59,1,Rutin,8.0477781589999999,8.6032833901981558,-0.55550523119815587,-0.42760932478090097,-0.1656246592213142,-0.26198466555958677,selection-conditioned OOF predictions
60,1,Total Alkaloids,3.1338249340000002,3.081693497970539,0.052131436029461131,0.16254734803646909,0.061511746826698466,0.10103560120977061,selection-conditioned OOF predictions
60,1,Reducing Sugars,14.734510179999999,14.126295097142112,0.60821508285788717,-0.44681489938737806,-0.62402686159008758,0.17721196220270952,selection-conditioned OOF predictions
60,1,Total Sugars,16.039479100000001,15.525250894897724,0.51422820510227751,-0.67346867841458258,-0.79722665543816973,0.12375797702358722,selection-conditioned OOF predictions
60,1,Total Nitrogen,2.5127431150000001,2.3988200351956301,0.11392307980437,0.80622700354458787,0.44830163082285396,0.35792537272173391,selection-conditioned OOF predictions
60,1,K,2.317263225,2.25710430161873,0.060158923381270046,-0.078145841194425844,-0.27218370168257749,0.19403786048815166,selection-conditioned OOF predictions
60,1,cl,4.9305819770000001,5.3601156380929327,-0.42953366109293256,0.082522925922043425,0.36580045957235025,-0.28327753365030678,selection-conditioned OOF predictions
60,1,pH,4.8150000000000004,4.7878795823064859,0.027120417693514476,-1.0479975460577902,-1.2864953278903337,0.23849778183254375,selection-conditioned OOF predictions
60,1,Starch,3.4670195229999998,3.1310583401753043,0.33596118282469556,-0.90520665620868512,-1.3195124101491811,0.41430575394049601,selection-conditioned OOF predictions
60,1,Neochlorogenic Acid,1.4575409580000001,1.6289796796796701,-0.17143872167967,-0.31257696542382291,0.19313518462226265,-0.5057121500460855,selection-conditioned OOF predictions
60,1,Chlorogenic Acid,8.7911740970000007,8.7789627343134384,0.01221136268656231,-0.71971459894235623,-0.72460159946590097,0.0048870005235446563,selection-conditioned OOF predictions
60,1,Cryptochlorogenic Acid,2.555501418,2.5489748830619696,0.0065265349380303483,0.20320014245331988,0.19110337405913225,0.012096768394187652,selection-conditioned OOF predictions
60,1,Scopoletin,0.38752836099999999,0.38440260441222096,0.0031257565877790272,0.43101407678915266,0.40573255877508457,0.025281518014068062,selection-conditioned OOF predictions
60,1,Rutin,7.3063690279999998,7.7366597619321151,-0.43029073393211537,-0.7772690801155393,-0.57433746454920043,-0.2029316155663389,selection-conditioned OOF predictions
61,1,Total Alkaloids,3.5849508280000002,3.3820997702179731,0.20285105778202706,1.0368715445889423,0.64372721287587475,0.3931443317130674,selection-conditioned OOF predictions
61,1,Reducing Sugars,14.60193525,14.916649248751732,-0.31471399875173134,-0.48544245754294607,-0.39374613691012378,-0.091696320632822265,selection-conditioned OOF predictions
61,1,Total Sugars,16.53958506,17.316385276836243,-0.7768002168362429,-0.55310946572859454,-0.36615895925449615,-0.18695050647409836,selection-conditioned OOF predictions
61,1,Total Nitrogen,2.4318349650000002,2.3286947207163902,0.10314024428361002,0.55202847068623473,0.22798078481595052,0.32404768587028415,selection-conditioned OOF predictions
61,1,K,2.1885191260000001,2.1731137566643124,0.015405369335687702,-0.49339977388386058,-0.54308857710564973,0.049688803221789188,selection-conditioned OOF predictions
61,1,cl,4.1661686380000003,3.9354343400303735,0.23073429796962674,-0.4216078209217195,-0.57377713564098987,0.15216931471927034,selection-conditioned OOF predictions
61,1,pH,4.7999999999999998,4.8147452768583241,-0.014745276858324274,-1.179908004366985,-1.0502375891484885,-0.1296704152184964,selection-conditioned OOF predictions
61,1,Starch,4.2986564679999999,3.9080705755144329,0.39058589248556697,0.12036412136171942,-0.36130456817016915,0.48166868953188857,selection-conditioned OOF predictions
61,1,Neochlorogenic Acid,1.467147164,1.6237638536287609,-0.15661668962876085,-0.28424045519760566,0.17774947373601269,-0.46198992893361834,selection-conditioned OOF predictions
61,1,Chlorogenic Acid,9.1844606869999996,8.9815586464029593,0.20290204059704031,-0.56232088125775292,-0.643522496841342,0.081201615583588987,selection-conditioned OOF predictions
61,1,Cryptochlorogenic Acid,2.4836122380000001,2.4166866572792536,0.066925580720746503,0.06995535501784321,-0.054089525966078411,0.12404488098392162,selection-conditioned OOF predictions
61,1,Scopoletin,0.28368375299999998,0.28463856643334895,-0.00095481343334896662,-0.40889435948523123,-0.40117170663706497,-0.0077226528481662352,selection-conditioned OOF predictions
61,1,Rutin,7.9464885719999998,9.5548301970674441,-1.6083416250674443,-0.47537902537873,0.28313920106539114,-0.75851822644412115,selection-conditioned OOF predictions
62,1,Total Alkaloids,2.1091642880000001,2.1716656718725194,-0.062501383872519245,-1.8233408662474311,-1.7022073357528191,-0.12113353049461197,selection-conditioned OOF predictions
62,1,Reducing Sugars,23.194387630000001,20.891925941248026,2.3024616887519755,2.0180885947261498,1.3472342123535921,0.67085438237255757,selection-conditioned OOF predictions
62,1,Total Sugars,25.259172899999999,23.875814636853633,1.3833582631463663,1.5454112704944194,1.2124820020350855,0.33292926845933379,selection-conditioned OOF predictions
62,1,Total Nitrogen,2.0882233640000001,1.765469802010788,0.32275356198921212,-0.52753600887867835,-1.5415683644876661,1.0140323556089876,selection-conditioned OOF predictions
62,1,K,2.1118264949999999,2.1591634311138161,-0.047336936113816286,-0.74076580369350464,-0.58808425140945975,-0.15268155228404487,selection-conditioned OOF predictions
62,1,cl,2.1300239859999999,3.5741341081207354,-1.4441101221207355,-1.7644456178622228,-0.81205470937578128,-0.95239090848644159,selection-conditioned OOF predictions
62,1,pH,4.9249999999999998,4.9021982471076893,0.022801752892310567,-0.08065418512373615,-0.28117349674224162,0.20051931161850547,selection-conditioned OOF predictions
62,1,Starch,4.6296966739999998,5.5095983139865616,-0.87990163998656179,0.52860134977692264,1.6136919226909148,-1.0850905729139921,selection-conditioned OOF predictions
62,1,Neochlorogenic Acid,1.409185068,1.6986326463037953,-0.28944757830379531,-0.45521779276844215,0.39859840298660998,-0.85381619575505219,selection-conditioned OOF predictions
62,1,Chlorogenic Acid,10.059386290000001,11.699205204823514,-1.6398189148235129,-0.21217471086935022,0.44408258825087987,-0.65625729912023012,selection-conditioned OOF predictions
62,1,Cryptochlorogenic Acid,2.317516044,2.6126594651974386,-0.29514342119743864,-0.23789976397741788,0.30914114566200401,-0.54704090963942187,selection-conditioned OOF predictions
62,1,Scopoletin,0.20053939100000001,0.20507697381688461,-0.0045375828168846,-1.0813765655180305,-1.0446760168656146,-0.036700548652415906,selection-conditioned OOF predictions
62,1,Rutin,7.0433654189999997,8.2484360753439017,-1.205070656343902,-0.90130555839714666,-0.33297601774281027,-0.56832954065433638,selection-conditioned OOF predictions
63,1,Total Alkaloids,3.7561614699999999,3.7700044474280539,-0.01384297742805396,1.3686937897733049,1.3955227753816488,-0.026828985608343948,selection-conditioned OOF predictions
63,1,Reducing Sugars,13.294439519999999,12.74906781537991,0.54537170462008966,-0.8663996064453241,-1.02530127236824,0.15890166592291588,selection-conditioned OOF predictions
63,1,Total Sugars,15.18759526,14.823621601110816,0.36397365888918465,-0.87848936699489166,-0.96608596956755599,0.087596602572664259,selection-conditioned OOF predictions
63,1,Total Nitrogen,2.623000641,2.6184434058096322,0.0045572351903677699,1.1526358801014205,1.1383178849515878,0.014317995149832813,selection-conditioned OOF predictions
63,1,K,1.9283074840000001,2.0200571193083388,-0.091749635308338684,-1.3326918929896485,-1.036760683865966,-0.29593120912368243,selection-conditioned OOF predictions
63,1,cl,4.7648871740000001,4.8525974957087827,-0.087710321708782679,-0.026752829121420321,0.031092145230806847,-0.057844974352227171,selection-conditioned OOF predictions
63,1,pH,4.8849999999999998,4.851463472931548,0.033536527068451782,-0.43241540728157607,-0.72733665099477773,0.29492124371320172,selection-conditioned OOF predictions
63,1,Starch,3.1352548910000002,3.4392613299472892,-0.30400643894728896,-1.3143372433672422,-0.93943792960770167,-0.37489931375954061,selection-conditioned OOF predictions
63,1,Neochlorogenic Acid,1.3651327820000001,1.5004322917898509,-0.13529950978985084,-0.58516379358575232,-0.18605555639384652,-0.39910823719190586,selection-conditioned OOF predictions
63,1,Chlorogenic Acid,9.5452100699999995,9.7425668108944024,-0.1973567408944028,-0.41794858892305375,-0.33896620826398494,-0.078982380659068818,selection-conditioned OOF predictions
63,1,Cryptochlorogenic Acid,2.2389693930000001,2.2686122909560638,-0.029642897956063674,-0.38348400650548092,-0.3285416405315299,-0.054942365973950968,selection-conditioned OOF predictions
63,1,Scopoletin,0.479500973,0.3861219413926712,0.0933790316073288,1.174900294983463,0.41963877559742246,0.75526151938604069,selection-conditioned OOF predictions
63,1,Rutin,8.4351325670000001,9.523327556015003,-1.0881949890150029,-0.24492712966632027,0.26828207926553638,-0.51320920893185662,selection-conditioned OOF predictions
64,1,Total Alkaloids,3.7253911720000001,3.9477483784545431,-0.22235720645454293,1.3090580729271999,1.7400071460500577,-0.43094907312285785,selection-conditioned OOF predictions
64,1,Reducing Sugars,10.87534041,10.363254067135962,0.51208634286403765,-1.5712379311241198,-1.7204414418455882,0.14920351072146842,selection-conditioned OOF predictions
64,1,Total Sugars,12.627883819999999,12.051907582372237,0.57597623762776173,-1.4945285232203394,-1.6331472401152851,0.13861871689494584,selection-conditioned OOF predictions
64,1,Total Nitrogen,2.6534175339999999,2.709779987474878,-0.056362453474878116,1.2482001659577837,1.4252806329022289,-0.17708046694444524,selection-conditioned OOF predictions
64,1,K,1.984696475,2.0982333020222281,-0.11353682702222812,-1.1508136519283698,-0.78460957506376472,-0.3662040768646051,selection-conditioned OOF predictions
64,1,cl,4.6120039669999997,4.7541019293665032,-0.14209796236650352,-0.1275793340926788,-0.033865700070389262,-0.093713634022289535,selection-conditioned OOF predictions
64,1,pH,4.7750000000000004,4.7659693478997367,0.0090306521002636586,-1.3997587682156301,-1.4791745987074052,0.079415830491775141,selection-conditioned OOF predictions
64,1,Starch,3.1803945260000002,3.2027087322248953,-0.022314206224895106,-1.2586712573326821,-1.2311534829402373,-0.027517774392444808,selection-conditioned OOF predictions
64,1,Neochlorogenic Acid,1.233710842,1.2994293589153072,-0.065718516915307168,-0.97283392545251968,-0.77897659753112769,-0.1938573279213919,selection-conditioned OOF predictions
64,1,Chlorogenic Acid,8.2173695989999995,8.4106800807411588,-0.19331048174115928,-0.94935177819214445,-0.87198871481222406,-0.07736306337992041,selection-conditioned OOF predictions
64,1,Cryptochlorogenic Acid,2.0172859409999999,1.9811909070313831,0.036095033968616796,-0.79436871043036594,-0.86126994826093606,0.066901237830570087,selection-conditioned OOF predictions
64,1,Scopoletin,0.54225715799999996,0.45367381375819671,0.088583344241803252,1.682480324655258,0.96600693643573288,0.71647338821952522,selection-conditioned OOF predictions
64,1,Rutin,7.6827190740000004,8.5240237351892443,-0.84130466118924385,-0.59977670849199627,-0.20300471082783245,-0.39677199766416388,selection-conditioned OOF predictions
65,1,Total Alkaloids,3.8324814599999999,3.849446524064648,-0.01696506406464815,1.5166090720152121,1.5494889536736673,-0.032879881658455026,selection-conditioned OOF predictions
65,1,Reducing Sugars,11.5513248,10.539373707309899,1.0119510926901008,-1.3742804344316351,-1.6691265239862574,0.29484608955462244,selection-conditioned OOF predictions
65,1,Total Sugars,13.44956861,12.729234467954555,0.72033414204544499,-1.2967757621845546,-1.4701367239443917,0.17336096175983709,selection-conditioned OOF predictions
65,1,Total Nitrogen,2.545869669,2.6784877796028983,-0.1326181106028983,0.91030454610924894,1.3269662686391002,-0.41666172252985118,selection-conditioned OOF predictions
65,1,K,1.902084825,1.990423038396008,-0.088338213396008003,-1.4172710104785522,-1.1323430735526752,-0.28492793692587687,selection-conditioned OOF predictions
65,1,cl,3.5143792739999999,4.1291727644344762,-0.61479349043447629,-0.85146303418630831,-0.44600660678686915,-0.40545642739943921,selection-conditioned OOF predictions
65,1,pH,4.8399999999999999,4.7946716657750637,0.045328334224936206,-0.82814678220914495,-1.2267655383427096,0.39861875613356473,selection-conditioned OOF predictions
65,1,Starch,3.0343847620000002,2.9733536360858217,0.061031125914178475,-1.4387298130505877,-1.5139931110992346,0.075263298048647037,selection-conditioned OOF predictions
65,1,Neochlorogenic Acid,1.561282732,1.6501582731585858,-0.088875541158585758,-0.006558143858167032,0.25560807253370199,-0.26216621639186899,selection-conditioned OOF predictions
65,1,Chlorogenic Acid,8.8493141640000008,9.0607159594391362,-0.2114017954391354,-0.69644688139429045,-0.61184365475143532,-0.084603226642855106,selection-conditioned OOF predictions
65,1,Cryptochlorogenic Acid,2.6203053129999998,2.4364273867672388,0.183877926232761,0.32331253230483775,-0.017500580252024622,0.34081311255686236,selection-conditioned OOF predictions
65,1,Scopoletin,0.38548871699999998,0.34096233568741641,0.044526381312583574,0.41451717593324655,0.054382123940859846,0.36013505199238671,selection-conditioned OOF predictions
65,1,Rutin,8.0208746130000002,9.4957902507720728,-1.4749156377720727,-0.44029744382160657,0.25529506978423799,-0.69559251360584462,selection-conditioned OOF predictions
66,1,Total Alkaloids,3.7977759760000001,3.6509513107990994,0.14682466520090065,1.4493465964671681,1.1647866562304781,0.2845599402366899,selection-conditioned OOF predictions
66,1,Reducing Sugars,12.821099800000001,12.765705956453338,0.055393843546662325,-1.004313747238311,-1.0204535175030145,0.016139770264703542,selection-conditioned OOF predictions
66,1,Total Sugars,14.994852310000001,14.469697589411581,0.52515472058841972,-0.92487631609818721,-1.0512639494476326,0.12638763334944531,selection-conditioned OOF predictions
66,1,Total Nitrogen,2.553046471,2.5346221966008216,0.018424274399178486,0.93285273858448048,0.87496705560630228,0.057885682978178227,selection-conditioned OOF predictions
66,1,K,2.1020318279999999,2.1901079366900174,-0.088076108690017474,-0.77235772924757162,-0.48827519036932854,-0.28408253887824303,selection-conditioned OOF predictions
66,1,cl,4.3095571039999996,4.2013125998505858,0.10824450414941378,-0.32704309950028815,-0.39843037119542107,0.071387271695132953,selection-conditioned OOF predictions
66,1,pH,4.7450000000000001,4.7539526883304895,-0.0089526883304893445,-1.6635796848340119,-1.584849470115733,-0.078730214718279012,selection-conditioned OOF predictions
66,1,Starch,3.610478955,3.4311697210906296,0.17930923390937048,-0.72829315794406824,-0.94941646367453525,0.22112330573046704,selection-conditioned OOF predictions
66,1,Neochlorogenic Acid,1.4582047069999999,1.4819218541855061,-0.023717147185506215,-0.31061903007180797,-0.24065788372966204,-0.069961146342145897,selection-conditioned OOF predictions
66,1,Chlorogenic Acid,8.9179002280000006,8.3326909779545986,0.58520925004540203,-0.66899866457531854,-0.90320003789970438,0.2342013733243859,selection-conditioned OOF predictions
66,1,Cryptochlorogenic Acid,2.3514594049999999,2.237788166990029,0.11367123800997092,-0.17498659788913243,-0.38567337921235906,0.21068678132322663,selection-conditioned OOF predictions
66,1,Scopoletin,0.34170718100000003,0.39174095269097331,-0.050033771690973283,0.060406527844030361,0.46508605575822792,-0.40467952791419759,selection-conditioned OOF predictions
66,1,Rutin,8.1439166350000001,9.1138221001541506,-0.96990546515415055,-0.38226896600886279,0.075153115084347799,-0.45742208109321059,selection-conditioned OOF predictions
67,1,Total Alkaloids,3.3612756020000001,3.2621959608740987,0.099079641125901396,0.60336802625367469,0.41134241040172559,0.19202561585194908,selection-conditioned OOF predictions
67,1,Reducing Sugars,12.59055637,12.366187682084792,0.22436868791520759,-1.071485796657528,-1.1368587486985604,0.065372952041032537,selection-conditioned OOF predictions
67,1,Total Sugars,14.451461610000001,14.031501362751371,0.41996024724863013,-1.0556527556208997,-1.1567235061439649,0.10107075052306536,selection-conditioned OOF predictions
67,1,Total Nitrogen,2.5471305580000001,2.4880151217616486,0.059115436238351471,0.91426602754093733,0.72853619487178745,0.18572983266914986,selection-conditioned OOF predictions
67,1,K,2.2021129959999999,2.1737390044132976,0.028373991586702285,-0.44955381883182483,-0.5410718898268696,0.091518070995044706,selection-conditioned OOF predictions
67,1,cl,4.3718870030000003,4.3652891125770141,0.0065978904229861968,-0.28593651889734722,-0.29028782892404648,0.0043513100266992372,selection-conditioned OOF predictions
67,1,pH,4.8399999999999999,4.7660805385175671,0.07391946148243278,-0.82814678220914495,-1.4781967850168927,0.65005000280774761,selection-conditioned OOF predictions
67,1,Starch,3.3265740780000002,3.52535960209838,-0.1987855240983798,-1.0784033198500185,-0.83326194446377266,-0.24514137538624589,selection-conditioned OOF predictions
67,1,Neochlorogenic Acid,1.582465148,1.555213618116567,0.027251529883433045,0.055926019775216641,-0.024460894186650244,0.080386913961866896,selection-conditioned OOF predictions
67,1,Chlorogenic Acid,8.8974975660000002,8.2766731296837719,0.6208244363162283,-0.67716383192272911,-0.92561844122242498,0.24845460929969593,selection-conditioned OOF predictions
67,1,Cryptochlorogenic Acid,2.5927668659999998,2.3311468164607128,0.26162004953928708,0.2722707132603287,-0.2126354699750517,0.48490618323538037,selection-conditioned OOF predictions
67,1,Scopoletin,0.35510413600000001,0.37603836403711599,-0.020934228037115976,0.16876280884504563,0.33808151565036615,-0.16931870680532055,selection-conditioned OOF predictions
67,1,Rutin,7.8624981490000003,7.8478913310059664,0.01460681799403396,-0.51499017869298902,-0.52187897489532709,0.0068887962023379858,selection-conditioned OOF predictions
68,1,Total Alkaloids,3.0009044020000002,2.9594144794485793,0.041489922551420921,-0.095065080981465475,-0.17547643329412041,0.080411352312654949,selection-conditioned OOF predictions
68,1,Reducing Sugars,14.93547897,14.454156608598915,0.48132236140108553,-0.38825983454080987,-0.52849982943725005,0.14023999489644021,selection-conditioned OOF predictions
68,1,Total Sugars,16.536015840000001,15.528559711727596,1.0074561282724055,-0.5539684607085843,-0.79643033101810978,0.24246187030952551,selection-conditioned OOF predictions
68,1,Total Nitrogen,2.4618917159999998,2.4178769811749099,0.044014734825089885,0.64646125658838105,0.50817505159312015,0.13828620499526093,selection-conditioned OOF predictions
68,1,K,2.264714085,2.2776978675350872,-0.012983782535087141,-0.24763894584109156,-0.20576077976779186,-0.041878166073299687,selection-conditioned OOF predictions
68,1,cl,6.1492479739999997,6.016800282166554,0.13244769183344562,0.88623338971957377,0.79888411100463563,0.087349278714938167,selection-conditioned OOF predictions
68,1,pH,4.8449999999999998,4.811088461340157,0.033911538659842755,-0.78417662943941602,-1.0823957365453938,0.29821910710597782,selection-conditioned OOF predictions
68,1,Starch,3.2381342320000002,3.1363589727767796,0.10177525922322062,-1.1874669228750463,-1.3129756949017481,0.12550877202670191,selection-conditioned OOF predictions
68,1,Neochlorogenic Acid,1.5185412819999999,1.5411649303506474,-0.022623648350647452,-0.1326374237537222,-0.065901894363402255,-0.066735529390319959,selection-conditioned OOF predictions
68,1,Chlorogenic Acid,9.4485541909999995,9.356029131699259,0.092525059300740509,-0.45663037599309658,-0.49365900456223233,0.037028628569135733,selection-conditioned OOF predictions
68,1,Cryptochlorogenic Acid,2.6989064950000001,2.4861922916970194,0.21271420330298074,0.4689978466701884,0.074737419668343505,0.39426042700184488,selection-conditioned OOF predictions
68,1,Scopoletin,0.49466366299999998,0.44961913160157574,0.045044531398424237,1.2975380659076234,0.93321214992397516,0.36432591598364822,selection-conditioned OOF predictions
68,1,Rutin,6.98377815,7.1000146050853896,-0.1162364550853896,-0.92940781534061989,-0.87458894577624835,-0.054818869564371465,selection-conditioned OOF predictions
69,1,Total Alkaloids,3.380789885,3.3280642565006122,0.052725628499387778,0.64118853275129661,0.53900133093341251,0.10218720181788411,selection-conditioned OOF predictions
69,1,Reducing Sugars,13.94699022,13.958315745970204,-0.011325525970203643,-0.67626984274334156,-0.67296999251482215,-0.0032998502285193805,selection-conditioned OOF predictions
69,1,Total Sugars,15.12228281,14.511102324937312,0.61118048506268785,-0.89420794603480758,-1.0412991784432066,0.14709123240839908,selection-conditioned OOF predictions
69,1,Total Nitrogen,2.670186728,2.6253777171487069,0.044809010851293074,1.3008858905976022,1.1601042163505364,0.14078167424706575,selection-conditioned OOF predictions
69,1,K,1.983362337,2.0083103196111463,-0.02494798261114628,-1.1551168087763619,-1.0746490594005547,-0.080467749375807349,selection-conditioned OOF predictions
69,1,cl,6.63501092,6.6076180184156259,0.02739290158437413,1.2065941477832249,1.188528523821176,0.018065623962048926,selection-conditioned OOF predictions
69,1,pH,4.7999999999999998,4.7839757828771283,0.016024217122871498,-1.179908004366985,-1.3208254593485813,0.14091745498159647,selection-conditioned OOF predictions
69,1,Starch,3.3007514229999999,3.3009254726946473,-0.00017404969464740461,-1.1102476968062185,-1.1100330595396222,-0.00021463726659645959,selection-conditioned OOF predictions
69,1,Neochlorogenic Acid,1.327595426,1.385462885804154,-0.057867459804153976,-0.69589196994998659,-0.52519379144895995,-0.17069817850102667,selection-conditioned OOF predictions
69,1,Chlorogenic Acid,7.8067089940000001,8.4274380766056964,-0.62072908260569637,-1.1136985954267684,-0.86528214678491655,-0.24841644864185189,selection-conditioned OOF predictions
69,1,Cryptochlorogenic Acid,2.2663074060000001,2.1768449488042307,0.089462457195769396,-0.33281368683994417,-0.49863010166767963,0.16581641482773546,selection-conditioned OOF predictions
69,1,Scopoletin,0.49857910100000002,0.50179247743632482,-0.0032133764363247996,1.3292066279181742,1.3551968264443655,-0.025990198526191312,selection-conditioned OOF predictions
69,1,Rutin,6.8566164939999998,7.1753435199103119,-0.3187270259103121,-0.98937917483134552,-0.83906269066824901,-0.15031648416309651,selection-conditioned OOF predictions
70,1,Total Alkaloids,3.418007056,3.2295765290199938,0.18843052698000617,0.71331889273575588,0.34812289911417715,0.36519599362157873,selection-conditioned OOF predictions
70,1,Reducing Sugars,11.485441959999999,11.534181288297482,-0.048739328297482842,-1.3934763203623612,-1.3792754360905435,-0.014200884271817881,selection-conditioned OOF predictions
70,1,Total Sugars,12.76332416,12.735088273791447,0.02823588620855233,-1.4619324456044624,-1.4687279035781136,0.0067954579736512503,selection-conditioned OOF predictions
70,1,Total Nitrogen,2.5640348390000001,2.612404092399558,-0.048369253399557888,0.96737617069988158,1.1193434725059608,-0.15196730180607929,selection-conditioned OOF predictions
70,1,K,2.3776462880000002,2.4074331021787625,-0.029786814178762278,0.1166149639480606,0.21268998273412906,-0.096075018786068458,selection-conditioned OOF predictions
70,1,cl,5.8610474479999999,5.5682598971594475,0.29278755084055241,0.69616508635478225,0.50307163920889997,0.19309344714588231,selection-conditioned OOF predictions
70,1,pH,4.8499999999999996,4.8223276397715225,0.027672360228477189,-0.74020647666968697,-0.98355805801871521,0.24335158134902823,selection-conditioned OOF predictions
70,1,Starch,3.0877167019999998,2.6654633915040797,0.42225331049592008,-1.3729611149378098,-1.8936819157398692,0.52072080080205929,selection-conditioned OOF predictions
70,1,Neochlorogenic Acid,1.6242463110000001,1.5876676372253691,0.036578673774630976,0.17917263270572806,0.071272389521655086,0.10790024318407296,selection-conditioned OOF predictions
70,1,Chlorogenic Acid,8.0867303249999996,8.870981756719118,-0.78425143171911849,-1.0016337566101667,-0.68777548740819572,-0.31385826920197107,selection-conditioned OOF predictions
70,1,Cryptochlorogenic Acid,2.7286639350000002,2.5049677489082995,0.22369618609170061,0.52415251344235025,0.10953725748984761,0.41461525595250259,selection-conditioned OOF predictions
70,1,Scopoletin,0.525417358,0.46472720836348425,0.060690149636515756,1.5462778741132583,1.0554082020118016,0.49086967210145677,selection-conditioned OOF predictions
70,1,Rutin,7.6984748889999999,7.5439864397235379,0.15448844927646199,-0.59234602793028412,-0.66520511627625079,0.072859088345966674,selection-conditioned OOF predictions
71,2,Total Alkaloids,3.3731402400000001,3.3763287472376562,-0.0031885072376560686,0.62636280492788654,0.63254243031814494,-0.0061796253902583285,selection-conditioned OOF predictions
71,2,Reducing Sugars,14.292774229999999,14.410063592719805,-0.11728936271980572,-0.5755208402317763,-0.54134694566898944,-0.034173894562786841,selection-conditioned OOF predictions
71,2,Total Sugars,16.21337055,15.986457818199387,0.22691273180061344,-0.63161867123845372,-0.68622917367667435,0.054610502438220597,selection-conditioned OOF predictions
71,2,Total Nitrogen,2.5781153639999999,2.6153301382277436,-0.037214774227743774,1.011614591636157,1.1285365705634631,-0.11692197892730617,selection-conditioned OOF predictions
71,2,K,2.19713738,2.2386389095575665,-0.041501529557566474,-0.46560227563567735,-0.33174236675234825,-0.1338599088833291,selection-conditioned OOF predictions
71,2,cl,5.8994693329999999,6.3397487575666194,-0.4402794245666195,0.7215043270403706,1.0118686938070161,-0.29036436676664551,selection-conditioned OOF predictions
71,2,pH,4.915,4.9280320918033693,-0.013032091803369283,-0.16859449066319418,-0.053989877162535595,-0.11460461350065858,selection-conditioned OOF predictions
71,2,Starch,3.2186692749999999,3.1340031350512039,0.084666139948796015,-1.2114710164953277,-1.3158809029286094,0.10440988643328179,selection-conditioned OOF predictions
71,2,Neochlorogenic Acid,1.6312035229999999,1.7266410839785102,-0.095437560978510305,0.19969510630081427,0.48121805330328371,-0.28152294700246944,selection-conditioned OOF predictions
71,2,Chlorogenic Acid,10.239977659999999,10.556843919589166,-0.31686625958916714,-0.13990184973249944,-0.013091630737863137,-0.12681021899463629,selection-conditioned OOF predictions
71,2,Cryptochlorogenic Acid,2.6706275860000002,2.7715593364431754,-0.10093175044317526,0.41658359992801952,0.60365806138788713,-0.18707446145986764,selection-conditioned OOF predictions
71,2,Scopoletin,0.50848030200000005,0.42908605255034055,0.079394249449659504,1.4092888046369538,0.76713798728838356,0.64215081734857027,selection-conditioned OOF predictions
71,2,Rutin,9.0141365130000004,9.0856947214167363,-0.07155820841673588,0.028139885064241775,0.061887818021896329,-0.033747932957654554,selection-conditioned OOF predictions
72,2,Total Alkaloids,3.2254184050000001,3.2338746604828601,-0.0084562554828599978,0.34006406566812686,0.35645308008567217,-0.016389014417545301,selection-conditioned OOF predictions
72,2,Reducing Sugars,15.596195460000001,15.155313574309478,0.44088188569052278,-0.19575085383217958,-0.32420795110726247,0.12845709727508289,selection-conditioned OOF predictions
72,2,Total Sugars,18.636355139999999,17.688140739651335,0.94821440034866455,-0.048485213675416527,-0.27668952998366803,0.22820431630825147,selection-conditioned OOF predictions
72,2,Total Nitrogen,2.385344817,2.4264359545002594,-0.041091137500259389,0.40596497258415531,0.5350657722693144,-0.12910079968515906,selection-conditioned OOF predictions
72,2,K,1.8595137020000001,2.0628134857569491,-0.20329978375694902,-1.5545808086134989,-0.89885339760427829,-0.65572741100922061,selection-conditioned OOF predictions
72,2,cl,5.5709150689999998,5.9932896142643788,-0.42237454526437901,0.50482272555797814,0.7833788209166519,-0.27855609535867371,selection-conditioned OOF predictions
72,2,pH,5.0650000000000004,5.0036577662024815,0.061342233797518908,1.1505100924287075,0.61106461416602786,0.53944547826267963,selection-conditioned OOF predictions
72,2,Starch,3.7215533220000001,3.9137939950398835,-0.19224067303988335,-0.5913167698492241,-0.35424647407229581,-0.23707029577692829,selection-conditioned OOF predictions
72,2,Neochlorogenic Acid,1.8017722199999999,1.7869232323649751,0.014848987635024846,0.70284084633731536,0.65903911129552495,0.043801735041790406,selection-conditioned OOF predictions
72,2,Chlorogenic Acid,9.5744337450000003,10.012265739690402,-0.43783199469040213,-0.40625324265493734,-0.2310324059475681,-0.17522083670736927,selection-conditioned OOF predictions
72,2,Cryptochlorogenic Acid,2.7926042510000002,2.7137588587218957,0.078845392278104498,0.64266428133255604,0.49652632935754643,0.14613795197500967,selection-conditioned OOF predictions
72,2,Scopoletin,0.26516168099999998,0.26639488419727336,-0.0012332031972733803,-0.55870324055955289,-0.54872893578842352,-0.0099743047711293338,selection-conditioned OOF predictions
72,2,Rutin,8.8953503030000007,9.1734010001216078,-0.27805069712160702,-0.02788148746688348,0.10325142506554488,-0.13113291253242837,selection-conditioned OOF predictions
73,2,Total Alkaloids,3.5883370929999998,3.6835845385642174,-0.095247445564217603,1.04343444302775,1.2280329052845187,-0.18459846225676854,selection-conditioned OOF predictions
73,2,Reducing Sugars,13.7919357,13.756236632391246,0.03569906760875341,-0.72144714352399253,-0.73184856564925171,0.010401422125259192,selection-conditioned OOF predictions
73,2,Total Sugars,16.295486189999998,15.987724880017442,0.30776130998255624,-0.61185611176084664,-0.68592423317397444,0.074068121413127838,selection-conditioned OOF predictions
73,2,Total Nitrogen,2.6864520230000002,2.7299026171553389,-0.043450594155338695,1.3519884572180025,1.4885022359425295,-0.136513778724527,selection-conditioned OOF predictions
73,2,K,1.949707224,1.9662886382123346,-0.016581414212334611,-1.2636687201797525,-1.2101866770049081,-0.053482043174844354,selection-conditioned OOF predictions
73,2,cl,6.1460761970000002,6.3364873431171507,-0.19041114611715049,0.88414160216662063,1.009717790338575,-0.1255761881719544,selection-conditioned OOF predictions
73,2,pH,4.8949999999999996,4.9295466512271569,-0.034546651227157277,-0.34447510174211804,-0.040670795313981212,-0.30380430642813683,selection-conditioned OOF predictions
73,2,Starch,3.3676326680000002,3.6872117651668805,-0.31957909716688038,-1.0277700593564694,-0.63366661656547441,-0.39410344279099496,selection-conditioned OOF predictions
73,2,Neochlorogenic Acid,1.377320927,1.5715249193473131,-0.19420399234731311,-0.54921104643134855,0.023654392340408302,-0.57286543877175689,selection-conditioned OOF predictions
73,2,Chlorogenic Acid,9.8803479710000008,10.40504258705641,-0.52469461605640966,-0.28382603932021866,-0.073842687815113675,-0.20998335150510497,selection-conditioned OOF predictions
73,2,Cryptochlorogenic Acid,2.2811050050000001,2.3835746602484065,-0.10246965524840634,-0.30538670918752936,-0.11546177984266129,-0.18992492934486807,selection-conditioned OOF predictions
73,2,Scopoletin,0.43612967800000002,0.39023542818468621,0.045894249815313815,0.82410772843398006,0.45290918150156584,0.37119854693241422,selection-conditioned OOF predictions
73,2,Rutin,10.055135440000001,9.18575184037784,0.86938359962216083,0.51909071760590508,0.10907626805924597,0.41001444954665911,selection-conditioned OOF predictions
74,2,Total Alkaloids,3.6726516679999999,3.6564531886052536,0.016198479394746279,1.2068439790907326,1.1754498102554956,0.03139416883523722,selection-conditioned OOF predictions
74,2,Reducing Sugars,13.76459135,13.505473133275192,0.25911821672480784,-0.72941430194414947,-0.80491201471461571,0.07549771277046631,selection-conditioned OOF predictions
74,2,Total Sugars,17.114648200000001,16.026351347911902,1.0882968520880993,-0.41471050168678947,-0.67662810068113677,0.2619175989943473,selection-conditioned OOF predictions
74,2,Total Nitrogen,2.657132297,2.6134510600891647,0.043681236910835253,1.2598712683685607,1.1226328525084468,0.13723841586011387,selection-conditioned OOF predictions
74,2,K,2.1899349520000002,2.1817895596285424,0.008145392371457838,-0.48883313883751178,-0.51510545921428019,0.026272320376768413,selection-conditioned OOF predictions
74,2,cl,5.6083030620000001,5.8759154445012118,-0.26761238250121178,0.52948011426699371,0.70597053296045231,-0.17649041869345855,selection-conditioned OOF predictions
74,2,pH,5.0049999999999999,4.98312376919238,0.021876230807619912,0.62286825919194366,0.43048801706455964,0.19238024212738408,selection-conditioned OOF predictions
74,2,Starch,3.4089816449999999,3.247487177870811,0.16149446712918891,-0.97677869497735259,-1.1759329139220154,0.19915421894466268,selection-conditioned OOF predictions
74,2,Neochlorogenic Acid,1.696184929,1.7199909277422538,-0.023805998742253864,0.39137809494721487,0.46160133675622822,-0.070223241809013376,selection-conditioned OOF predictions
74,2,Chlorogenic Acid,9.9153566439999992,10.847477491293485,-0.93212084729348632,-0.26981553061033775,0.10322023825949486,-0.37303576886983264,selection-conditioned OOF predictions
74,2,Cryptochlorogenic Acid,2.5377306229999999,2.6495114418914554,-0.11178081889145552,0.17026242077761777,0.37744535780034538,-0.20718293702272764,selection-conditioned OOF predictions
74,2,Scopoletin,0.32611636500000002,0.33951251484540784,-0.013396149845407823,-0.065693980781334663,0.04265578802663092,-0.10834976880796558,selection-conditioned OOF predictions
74,2,Rutin,9.5903803120000006,9.9408643976465285,-0.35048408564652789,0.29990517273972167,0.46519876640042523,-0.16529359366070356,selection-conditioned OOF predictions
75,2,Total Alkaloids,3.1992492019999998,3.2520319183747248,-0.052782716374724981,0.28934570147821009,0.39164354494047982,-0.10229784346226971,selection-conditioned OOF predictions
75,2,Reducing Sugars,12.32507425,12.508457486163156,-0.18338323616315577,-1.148837721561909,-1.0954064535261752,-0.053431268035733635,selection-conditioned OOF predictions
75,2,Total Sugars,14.45242438,14.228178595732718,0.22424578426728203,-1.0554210482459314,-1.1093897032936777,0.053968655047746374,selection-conditioned OOF predictions
75,2,Total Nitrogen,2.5901794800000002,2.5520774746800075,0.038102005319992749,1.0495178261982261,0.92980833029078869,0.11970949590743739,selection-conditioned OOF predictions
75,2,K,2.3193680269999999,2.4005392308993563,-0.081171203899356392,-0.071356968424167638,0.19045434488770491,-0.26181131331187252,selection-conditioned OOF predictions
75,2,cl,5.2054078319999997,5.194675598255353,0.010732233744646713,0.26377063114180477,0.25669272088441902,0.0070779102573857401,selection-conditioned OOF predictions
75,2,pH,4.8449999999999998,4.8416605651187092,0.003339434881290515,-0.78417662943941602,-0.81354372181839774,0.029367092378981791,selection-conditioned OOF predictions
75,2,Starch,3.0062554449999999,3.1212202985216368,-0.11496485352163699,-1.4734187547596584,-1.3316446369449997,-0.14177411781465876,selection-conditioned OOF predictions
75,2,Neochlorogenic Acid,1.505970655,1.6107637892056044,-0.10479313420560432,-0.16971842123966635,0.13940171620632211,-0.30912013744598843,selection-conditioned OOF predictions
75,2,Chlorogenic Acid,8.9209904909999995,9.6009436495287126,-0.67995315852871308,-0.66776193798824368,-0.39564395025766053,-0.27211798773058316,selection-conditioned OOF predictions
75,2,Cryptochlorogenic Acid,2.476625308,2.563136859824489,-0.086511551824488997,0.057005255953191697,0.21735224187746124,-0.16034698592426955,selection-conditioned OOF predictions
75,2,Scopoletin,0.44228364999999997,0.44792538115712127,-0.0056417311571212991,0.87388183899151906,0.91951288026867639,-0.045631041277157315,selection-conditioned OOF predictions
75,2,Rutin,8.1482704350000006,7.9255175526927886,0.22275288230721202,-0.38021564810499126,-0.48526927513892271,0.10505362703393145,selection-conditioned OOF predictions
76,2,Total Alkaloids,3.595583167,3.6611313006354806,-0.065548133635480621,1.0574780124891163,1.1845164291231118,-0.12703841663399559,selection-conditioned OOF predictions
76,2,Reducing Sugars,15.270967239999999,14.176755872576575,1.0942113674234246,-0.29051063972746183,-0.60932440964332979,0.31881376991586796,selection-conditioned OOF predictions
76,2,Total Sugars,17.648846079999998,17.089033941495035,0.55981213850496303,-0.28614647446479097,-0.42087501927660798,0.13472854481181704,selection-conditioned OOF predictions
76,2,Total Nitrogen,2.5396599129999999,2.4777362483968548,0.061923664603145134,0.89079463438084616,0.69624186446419079,0.19455276991665538,selection-conditioned OOF predictions
76,2,K,2.0409825499999998,2.020865873431775,0.020116676568224801,-0.969267358304439,-1.0341521112560812,0.064884752951642116,selection-conditioned OOF predictions
76,2,cl,5.4836272270000004,5.7954070541856684,-0.31177982718566799,0.44725637665647094,0.65287523377315737,-0.2056188571166864,selection-conditioned OOF predictions
76,2,pH,4.8899999999999997,4.8729346280065453,0.01706537199345437,-0.38844525451184703,-0.53851865723673897,0.15007340272489192,selection-conditioned OOF predictions
76,2,Starch,3.7794960519999998,3.8695157712307253,-0.090019719230725492,-0.51986206714761229,-0.4088501718690486,-0.11101189527856369,selection-conditioned OOF predictions
76,2,Neochlorogenic Acid,1.399877695,1.4090644250983289,-0.0091867300983288214,-0.48267280156106207,-0.45557366675416811,-0.027099134806893979,selection-conditioned OOF predictions
76,2,Chlorogenic Acid,10.152352710000001,9.5227222653394641,0.62963044466053653,-0.17496944927213107,-0.42694823261313442,0.25197878334100332,selection-conditioned OOF predictions
76,2,Cryptochlorogenic Acid,2.3406498290000002,2.1362915152026289,0.20435831379737124,-0.19502187519216468,-0.5737948711089802,0.37877299591681551,selection-conditioned OOF predictions
76,2,Scopoletin,0.28933465000000003,0.32276902800766444,-0.033434378007664411,-0.3631891837016446,-0.092767669373004027,-0.27042151432864059,selection-conditioned OOF predictions
76,2,Rutin,8.2300737480000006,8.5719219793413188,-0.34184823134131825,-0.34163596893302972,-0.18041517472570268,-0.16122079420732702,selection-conditioned OOF predictions
77,2,Total Alkaloids,3.8808820540000002,3.8409139913951607,0.039968062604839538,1.610413952259379,1.5329521069308214,0.077461845328557599,selection-conditioned OOF predictions
77,2,Reducing Sugars,12.284578870000001,11.508341674627172,0.77623719537282909,-1.160636616315101,-1.3868041685572876,0.22616755224218657,selection-conditioned OOF predictions
77,2,Total Sugars,13.694205820000001,13.333992772443938,0.36021304755606209,-1.237899555251734,-1.3245911011854561,0.086691545933721914,selection-conditioned OOF predictions
77,2,Total Nitrogen,2.6899864820000001,2.6996510677049481,-0.0096645857049479922,1.3630930776085071,1.3934574291216932,-0.030364351513186175,selection-conditioned OOF predictions
77,2,K,2.118933674,2.2018149435998295,-0.082881269599829555,-0.71784215862548628,-0.45051516333055996,-0.26732699529492632,selection-conditioned OOF predictions
77,2,cl,5.5598591539999997,5.6083217667501888,-0.048462612750189038,0.4975313474492673,0.52949245005340806,-0.031961102604140812,selection-conditioned OOF predictions
77,2,pH,4.8600000000000003,4.7975516740765132,0.062448325923487147,-0.65226617113022112,-1.2014386573441445,0.54917248621392345,selection-conditioned OOF predictions
77,2,Starch,3.0351267659999999,3.1086926939048158,-0.073565927904815975,-1.4378147772001302,-1.3470936201644355,-0.090721157035694749,selection-conditioned OOF predictions
77,2,Neochlorogenic Acid,1.498760447,1.430851850630253,0.067908596369746999,-0.19098718569518144,-0.39130483820850515,0.20031765251332373,selection-conditioned OOF predictions
77,2,Chlorogenic Acid,9.0159956799999996,7.8804493083687781,1.1355463716312215,-0.62974075883733882,-1.0841876420486394,0.4544468832113005,selection-conditioned OOF predictions
77,2,Cryptochlorogenic Acid,2.5200021239999999,2.2094412871801055,0.31056083681989444,0.13740309367435885,-0.43821360814155641,0.57561670181591529,selection-conditioned OOF predictions
77,2,Scopoletin,0.49807575700000001,0.42404711506133602,0.074028641938663986,1.3251355174379063,0.72638241809335935,0.59875309934454701,selection-conditioned OOF predictions
77,2,Rutin,8.3085374610000002,8.3016114854829155,0.006925975517084737,-0.30463129561153651,-0.30789769037725939,0.0032663947657228733,selection-conditioned OOF predictions
78,2,Total Alkaloids,3.2680350040000001,3.2552359630758034,0.012799040924196703,0.42265902236656444,0.3978532833887648,0.02480573897779963,selection-conditioned OOF predictions
78,2,Reducing Sugars,14.78701755,14.953339781575377,-0.16632223157537673,-0.43151614351950041,-0.3830558375420296,-0.048460305977470787,selection-conditioned OOF predictions
78,2,Total Sugars,17.945626099999998,17.13828932020397,0.80733677979602803,-0.21472119181442653,-0.40902085420735429,0.19429966239292776,selection-conditioned OOF predictions
78,2,Total Nitrogen,2.5285558940000001,2.5571591929282493,-0.028603298928249199,0.85590784808513642,0.94577415478563387,-0.0898663067004975,selection-conditioned OOF predictions
78,2,K,2.0637172650000002,2.2007410226426614,-0.13702375764266117,-0.89593832896909342,-0.45397901063948937,-0.44195931832960411,selection-conditioned OOF predictions
78,2,cl,5.209959832,5.4384723186659958,-0.22851248666599577,0.26677267603368882,0.41747670576288992,-0.15070402972920111,selection-conditioned OOF predictions
78,2,pH,5.0350000000000001,5.0133078789447119,0.021692121055288283,0.88668917581032558,0.69592800047022529,0.19076117534010029,selection-conditioned OOF predictions
78,2,Starch,3.6034961050000001,3.7885697127137963,-0.18507360771379622,-0.73690437579244972,-0.50867247133948201,-0.22823190445296773,selection-conditioned OOF predictions
78,2,Neochlorogenic Acid,1.748288566,1.8430954897099312,-0.094806923709931157,0.54507407467881974,0.82473675974123428,-0.27966268506241454,selection-conditioned OOF predictions
78,2,Chlorogenic Acid,9.8633385390000008,11.15554871667808,-1.2922101776780792,-0.29063323236024441,0.22651067507538733,-0.51714390743563177,selection-conditioned OOF predictions
78,2,Cryptochlorogenic Acid,2.8337658700000001,2.8194607942991894,0.014305075700810743,0.71895630711661807,0.69244220901447073,0.026514098102147405,selection-conditioned OOF predictions
78,2,Scopoletin,0.32537558500000002,0.33900526292395278,-0.013629677923952754,-0.071685503917743781,0.038553069779126918,-0.11023857369687069,selection-conditioned OOF predictions
78,2,Rutin,9.3673162300000001,10.024784107484159,-0.65746787748415869,0.19470477922573098,0.50477657031821865,-0.31007179109248773,selection-conditioned OOF predictions
79,2,Total Alkaloids,3.4623606009999999,3.3506155192231462,0.11174508177685372,0.79928021331643362,0.58270778831784109,0.21657242499859256,selection-conditioned OOF predictions
79,2,Reducing Sugars,14.6044076,14.688348809552526,-0.08394120955252582,-0.48472210382745923,-0.4602646596210852,-0.024457444206374013,selection-conditioned OOF predictions
79,2,Total Sugars,17.230677499999999,17.213248092547904,0.017429407452095091,-0.38678602904801901,-0.3909807196262266,0.0041946905782075912,selection-conditioned OOF predictions
79,2,Total Nitrogen,2.5722954609999999,2.5402520626923066,0.032043398307693316,0.9933295263617945,0.89265505985117133,0.10067446651062326,selection-conditioned OOF predictions
79,2,K,2.1104656799999999,2.1812862417719585,-0.070820561771958612,-0.74515500510003096,-0.51672887124607569,-0.22842613385395527,selection-conditioned OOF predictions
79,2,cl,4.1291294230000002,4.1542112204328792,-0.025081797432878972,-0.44603519047139811,-0.42949374015008018,-0.016541450321317919,selection-conditioned OOF predictions
79,2,pH,4.9349999999999996,4.9335962226883741,0.0014037773116255536,0.0072861204157218832,-0.005058740153649397,0.01234486056937128,selection-conditioned OOF predictions
79,2,Starch,4.210936695,4.0809734255530135,0.12996326944698655,0.012188508980875448,-0.14808158496298846,0.16027009394386391,selection-conditioned OOF predictions
79,2,Neochlorogenic Acid,1.745728897,1.7721722229233077,-0.02644332592330767,0.53752353008356202,0.61552639359086214,-0.07800286350730011,selection-conditioned OOF predictions
79,2,Chlorogenic Acid,9.4026630240000006,10.687640491384496,-1.2849774673844951,-0.47499607054427573,0.039253298427578499,-0.51424936897185425,selection-conditioned OOF predictions
79,2,Cryptochlorogenic Acid,2.6272009710000002,2.6302793249123866,-0.0030783539123864223,0.33609346101257642,0.34179911258221596,-0.0057056515696395135,selection-conditioned OOF predictions
79,2,Scopoletin,0.31264034499999999,0.31846284116902773,-0.0058224961690277466,-0.17468974958814984,-0.12759665783569521,-0.047093091752454637,selection-conditioned OOF predictions
79,2,Rutin,9.6449459260000001,10.253904928439148,-0.60895900243914802,0.32563914126421256,0.61283341349350595,-0.28719427222929345,selection-conditioned OOF predictions
80,2,Total Alkaloids,3.9670236760000002,3.7410247369643117,0.22599893903568846,1.7773644763737781,1.3393573847345435,0.43800709163923462,selection-conditioned OOF predictions
80,2,Reducing Sugars,15.82463065,15.415098630369595,0.40953201963040442,-0.12919306959270635,-0.2485159453795599,0.11932287578685356,selection-conditioned OOF predictions
80,2,Total Sugars,18.694909630000001,18.089334720667569,0.6055749093324323,-0.034393055454327026,-0.18013520839655608,0.14574215294222906,selection-conditioned OOF predictions
80,2,Total Nitrogen,2.5928621870000002,2.6562912418824136,-0.06342905488241346,1.0579463983938433,1.2572288278116643,-0.19928242941782101,selection-conditioned OOF predictions
80,2,K,1.850602428,1.9338420745946237,-0.083239646594623684,-1.5833234197507531,-1.3148405077370833,-0.26848291201366997,selection-conditioned OOF predictions
80,2,cl,3.7423566519999998,4.2863048832398452,-0.54394823123984537,-0.70111190872717666,-0.34237794364747104,-0.35873396507970556,selection-conditioned OOF predictions
80,2,pH,4.9325000000000001,4.8916297388397787,0.040870261160221411,-0.014698955969138719,-0.37411328135987787,0.3594143253907392,selection-conditioned OOF predictions
80,2,Starch,4.322876902,4.4270384492442805,-0.10416154724428051,0.1502326469001955,0.27868417811524171,-0.12845153121504621,selection-conditioned OOF predictions
80,2,Neochlorogenic Acid,1.765103616,1.6407188570485545,0.12438475895144552,0.59467532581577809,0.22776356127385361,0.36691176454192442,selection-conditioned OOF predictions
80,2,Chlorogenic Acid,10.345976650000001,10.336866227724453,0.0091104222755475917,-0.09748093955879282,-0.10112694038385289,0.0036460008250600736,selection-conditioned OOF predictions
80,2,Cryptochlorogenic Acid,2.603999349,2.3601535295288016,0.24384581947119832,0.29308983805362337,-0.15887225669372934,0.45196209474735272,selection-conditioned OOF predictions
80,2,Scopoletin,0.33975604500000001,0.3095817806382663,0.030174264361733705,0.044625490982504797,-0.19942780830669493,0.24405329928919972,selection-conditioned OOF predictions
80,2,Rutin,10.37037739,10.970281961615605,-0.59990457161560506,0.66776358727982055,0.95068765304135139,-0.28292406576153084,selection-conditioned OOF predictions
81,2,Total Alkaloids,3.2696785340000001,3.1974002333556144,0.072278300644385673,0.4258443372994285,0.28576222722866274,0.14008211007076574,selection-conditioned OOF predictions
81,2,Reducing Sugars,12.10457982,12.752389757205645,-0.64780993720564517,-1.2130818544292912,-1.0243333782040642,-0.18874847622522703,selection-conditioned OOF predictions
81,2,Total Sugars,13.934642889999999,14.326360994130741,-0.39171810413074226,-1.1800341851895062,-1.0857603984743387,-0.094273786715167548,selection-conditioned OOF predictions
81,2,Total Nitrogen,2.5910597339999999,2.557872996528626,0.033186737471373906,1.0522834224372035,0.94801679446982834,0.10426662796737518,selection-conditioned OOF predictions
81,2,K,2.4713628430000001,2.4848958077466974,-0.013532964746697296,0.41889031733614612,0.4625398272994225,-0.04364950996327633,selection-conditioned OOF predictions
81,2,cl,6.241300023,6.0242171614851632,0.2170828615148368,0.94694173407104365,0.80377554436846455,0.14316618970257902,selection-conditioned OOF predictions
81,2,pH,4.9249999999999998,4.9585607585076827,-0.03356075850768292,-0.08065418512373615,0.21448015060643028,-0.29513433573016645,selection-conditioned OOF predictions
81,2,Starch,2.699593573,2.9371415825315399,-0.23754800953153987,-1.8515927360974351,-1.5586496455934855,-0.29294309050394962,selection-conditioned OOF predictions
81,2,Neochlorogenic Acid,1.905702614,1.7135438599041102,0.19215875409588978,1.0094160616091723,0.44258369298253919,0.56683236862663311,selection-conditioned OOF predictions
81,2,Chlorogenic Acid,10.054841720000001,10.283178361591023,-0.22833664159102263,-0.21399345268706119,-0.12261288234107515,-0.091380570345986026,selection-conditioned OOF predictions
81,2,Cryptochlorogenic Acid,3.1020591990000002,2.7673542197539618,0.33470497924603837,1.2162312460290035,0.59586398334449253,0.62036726268451092,selection-conditioned OOF predictions
81,2,Scopoletin,0.40846264599999998,0.44263064923124568,-0.034168003231245692,0.60033324431754553,0.87668841303823308,-0.27635516872068755,selection-conditioned OOF predictions
81,2,Rutin,9.764388039,8.3771276590297603,1.3872603799702397,0.38196984756654989,-0.27228312122488968,0.65425296879143957,selection-conditioned OOF predictions
82,2,Total Alkaloids,3.5607902779999998,3.4270024488289281,0.13378782917107168,0.99004613787217277,0.73075280577960888,0.25929333209256383,selection-conditioned OOF predictions
82,2,Reducing Sugars,13.952177839999999,14.772427280396943,-0.82024944039694425,-0.67475835717635724,-0.43576722241954191,-0.23899113475681533,selection-conditioned OOF predictions
82,2,Total Sugars,17.561914640000001,17.159557323893413,0.40235731610658831,-0.30706804011871536,-0.40390233856426133,0.096834298445545988,selection-conditioned OOF predictions
82,2,Total Nitrogen,2.5668544199999999,2.5980927615718055,-0.031238341571805606,0.97623477584009588,1.0743799020910496,-0.098145126250953604,selection-conditioned OOF predictions
82,2,K,1.9377756340000001,2.0218320388510462,-0.084056404851046151,-1.3021531222550498,-1.0310358209321191,-0.2711173013229306,selection-conditioned OOF predictions
82,2,cl,4.8774452510000001,5.0801925517532229,-0.20274730075322278,0.047479244713842551,0.18119112928533776,-0.13371188457149522,selection-conditioned OOF predictions
82,2,pH,4.9800000000000004,4.9654647480787357,0.014535251921264702,0.40301749534329862,0.27519404583839469,0.12782344950490396,selection-conditioned OOF predictions
82,2,Starch,3.9029815320000001,4.2711451271683689,-0.36816359516836883,-0.36758035274848239,0.086437264963221877,-0.45401761771170424,selection-conditioned OOF predictions
82,2,Neochlorogenic Acid,1.660142148,1.7295992184753644,-0.069457070475364313,0.28505863517425023,0.48994399655503501,-0.20488536138078481,selection-conditioned OOF predictions
82,2,Chlorogenic Acid,9.4267883860000001,9.9929693537696913,-0.56618096776969118,-0.46534107463997404,-0.23875484041434605,-0.22658623422562796,selection-conditioned OOF predictions
82,2,Cryptochlorogenic Acid,2.6296342899999998,2.5361617394037097,0.093472550596290116,0.34060355659187869,0.16735453448236878,0.17324902210950988,selection-conditioned OOF predictions
82,2,Scopoletin,0.25875893,0.3055960435122011,-0.046837113512201101,-0.61048950740418506,-0.23166495861645567,-0.37882454878772948,selection-conditioned OOF predictions
82,2,Rutin,9.4581818569999996,9.965699078960121,-0.50751722196012139,0.23755838269065555,0.47691117757644086,-0.23935279488578534,selection-conditioned OOF predictions
83,2,Total Alkaloids,3.5492038460000002,3.3814360369071594,0.16776780909284073,0.96759054845901094,0.64244083561085719,0.32514971284815375,selection-conditioned OOF predictions
83,2,Reducing Sugars,14.10380138,15.195976699296704,-1.0921753192967039,-0.63058072035540491,-0.31236018150835548,-0.31822053884704943,selection-conditioned OOF predictions
83,2,Total Sugars,17.19292416,17.621505890078272,-0.42858173007827105,-0.39587202810043226,-0.29272636752118331,-0.10314566057924894,selection-conditioned OOF predictions
83,2,Total Nitrogen,2.5101844400000002,2.5520599196332472,-0.041875479633247004,0.79818811709048731,0.92975317556125014,-0.13156505847076277,selection-conditioned OOF predictions
83,2,K,1.975625266,2.0439342811236982,-0.068309015123698247,-1.1800721207883507,-0.95974678247317258,-0.22032533831517812,selection-conditioned OOF predictions
83,2,cl,5.5249372750000001,5.4896111319282372,0.03532614307176285,0.47450036140644347,0.45120276312908342,0.023297598277360033,selection-conditioned OOF predictions
83,2,pH,5.0300000000000002,4.9963357708105995,0.033664229189400707,0.84271902304059654,0.54667476297396633,0.29604426006663026,selection-conditioned OOF predictions
83,2,Starch,3.8197424889999998,4.0506098673826774,-0.23086737838267757,-0.47023034992210078,-0.18552578239767048,-0.2847045675244303,selection-conditioned OOF predictions
83,2,Neochlorogenic Acid,1.700236509,1.794035292894236,-0.093798783894236015,0.4033294978322185,0.68001835907731101,-0.27668886124509245,selection-conditioned OOF predictions
83,2,Chlorogenic Acid,9.7233375300000002,10.472725967715146,-0.74938843771514563,-0.34666178722682595,-0.046755725843334865,-0.29990606138349107,selection-conditioned OOF predictions
83,2,Cryptochlorogenic Acid,2.6842784160000002,2.6836175199011976,0.00066089609880259914,0.44188507007509636,0.44066011577457592,0.0012249543005204435,selection-conditioned OOF predictions
83,2,Scopoletin,0.28037571,0.29447335900799637,-0.014097649007996371,-0.43565023325441532,-0.32162664973382127,-0.11402358352059407,selection-conditioned OOF predictions
83,2,Rutin,9.5990419849999995,10.052464921200233,-0.45342293620023355,0.30399014867990637,0.51783126056511586,-0.21384111188520952,selection-conditioned OOF predictions
84,2,Total Alkaloids,3.504542023,3.3695716834306482,0.13497033956935178,0.88103175626730412,0.61944660836979082,0.26158514789751341,selection-conditioned OOF predictions
84,2,Reducing Sugars,15.64981296,16.823462456347112,-1.173649496347112,-0.18012864607837445,0.16183053258686469,-0.34195917866523912,selection-conditioned OOF predictions
84,2,Total Sugars,19.867381399999999,19.440705397790783,0.42667600220921642,0.24778270412619643,0.14509569016238305,0.10268701396381337,selection-conditioned OOF predictions
84,2,Total Nitrogen,2.4760511759999999,2.5196659173921385,-0.043614741392138612,0.69094767678296676,0.82797717594810816,-0.13702949916514134,selection-conditioned OOF predictions
84,2,K,1.9705671360000001,1.9937732094881127,-0.023206073488112544,-1.1963867199883838,-1.1215373610424737,-0.074849358945909952,selection-conditioned OOF predictions
84,2,cl,5.1639266299999997,5.2443473852204452,-0.08042075522044545,0.23641377029529753,0.28945127412020477,-0.053037503824907246,selection-conditioned OOF predictions
84,2,pH,5.0549999999999997,5.0430105152816616,0.011989484718338161,1.0625697868892416,0.95713389195010734,0.10543589493913433,selection-conditioned OOF predictions
84,2,Starch,4.4042006000000002,4.4005637748653488,0.0036368251346514668,0.25052064960883064,0.24603573392097347,0.0044849156878571522,selection-conditioned OOF predictions
84,2,Neochlorogenic Acid,1.747928353,1.872819497729262,-0.12489114472926199,0.5440115137303958,0.91241702156405347,-0.36840550783365766,selection-conditioned OOF predictions
84,2,Chlorogenic Acid,10.444004230000001,11.272286854712004,-0.82828262471200276,-0.058250196268448427,0.27322940388009354,-0.33147960014854194,selection-conditioned OOF predictions
84,2,Cryptochlorogenic Acid,2.6668228979999999,2.7772293678878555,-0.11040646988785552,0.40953170639107367,0.61416732209441993,-0.20463561570334629,selection-conditioned OOF predictions
84,2,Scopoletin,0.23122524699999999,0.25587256787833973,-0.024647320878339735,-0.83318544779816872,-0.63383477243831465,-0.19935067535985401,selection-conditioned OOF predictions
84,2,Rutin,10.41119084,11.153070976559924,-0.74188013655992435,0.68701182734683219,1.0368937160245306,-0.34988188867769848,selection-conditioned OOF predictions
85,2,Total Alkaloids,3.6599328600000001,3.6251513731435865,0.034781486856413579,1.1821937390278003,1.1147839628320801,0.067409776195720222,selection-conditioned OOF predictions
85,2,Reducing Sugars,15.10388129,14.916870456096429,0.18701083390357098,-0.33919346573840781,-0.39368168505959861,0.054488219321190828,selection-conditioned OOF predictions
85,2,Total Sugars,18.47227672,17.757595022673062,0.71468169732693809,-0.087973544208331617,-0.25997414666337143,0.17200060245503981,selection-conditioned OOF predictions
85,2,Total Nitrogen,2.7095323470000001,2.5095488804494503,0.19998346655054977,1.4245025920572669,0.7961913058261848,0.62831128623108223,selection-conditioned OOF predictions
85,2,K,1.6822545879999999,1.931215382434432,-0.24896079443443209,-2.1263160940773007,-1.3233126960389647,-0.80300339803833576,selection-conditioned OOF predictions
85,2,cl,4.8573866089999997,5.2921401924626625,-0.4347535834626628,0.034250566384706443,0.3209706398606017,-0.28672007347589529,selection-conditioned OOF predictions
85,2,pH,4.96,4.9341300199514517,0.025869980048548236,0.22713688426437476,-0.00036451071253159267,0.22750139497690636,selection-conditioned OOF predictions
85,2,Starch,4.098639661,4.1226505526671122,-0.024010891667112233,-0.12629566632019917,-0.096685547403225103,-0.029610118916974085,selection-conditioned OOF predictions
85,2,Neochlorogenic Acid,1.864067793,1.6727541288897516,0.19131366411024842,0.8866011301957476,0.32226161889699195,0.5643395112987557,selection-conditioned OOF predictions
85,2,Chlorogenic Acid,10.45112185,9.3419106606559659,1.109211189344034,-0.05540171706434914,-0.49930923190796089,0.44390751484361174,selection-conditioned OOF predictions
85,2,Cryptochlorogenic Acid,2.785018354,2.4484696397072341,0.33654871429276589,0.62860401199477178,0.0048194327629230756,0.62378457923184871,selection-conditioned OOF predictions
85,2,Scopoletin,0.23364381300000001,0.24465614047353917,-0.011012327473539169,-0.81362377746968706,-0.7245546680938616,-0.089069109375825462,selection-conditioned OOF predictions
85,2,Rutin,9.8398719319999994,9.9185101701504337,-0.078638238150434248,0.41756919272498688,0.45465617474602144,-0.03708698202103456,selection-conditioned OOF predictions
86,2,Total Alkaloids,3.4368982030000002,3.4099110976442675,0.026987105355732677,0.74993170335559978,0.69762816786528736,0.052303535490312407,selection-conditioned OOF predictions
86,2,Reducing Sugars,14.319076880000001,13.909733849548847,0.40934303045115428,-0.56785719566096171,-0.68712500680993649,0.11926781114897475,selection-conditioned OOF predictions
86,2,Total Sugars,16.41866198,16.296112267270562,0.12254971272943749,-0.58221171178933906,-0.61170543535745869,0.02949372356811971,selection-conditioned OOF predictions
86,2,Total Nitrogen,2.5593393400000002,2.5229705317224354,0.036368808277564835,0.95262377607909443,0.83835966664186568,0.11426410943722873,selection-conditioned OOF predictions
86,2,K,1.9427848350000001,2.1127076390040442,-0.16992280400404414,-1.2859963396837426,-0.73792374323568788,-0.54807259644805462,selection-conditioned OOF predictions
86,2,cl,5.9290038850000002,5.5634353592846626,0.3655685257153376,0.74098236987114341,0.49988985553519655,0.24109251433594689,selection-conditioned OOF predictions
86,2,pH,4.96,4.948331334827734,0.011668665172265946,0.22713688426437476,0.12452228621570258,0.10261459804867218,selection-conditioned OOF predictions
86,2,Starch,3.9521599059999999,4.0340910062344211,-0.081931100234421184,-0.30693381273356279,-0.20589676444007451,-0.10103704829348831,selection-conditioned OOF predictions
86,2,Neochlorogenic Acid,1.705054439,1.5996938733071584,0.10536056569284158,0.41754148982095984,0.10674753566306906,0.31079395415789079,selection-conditioned OOF predictions
86,2,Chlorogenic Acid,9.3601131350000006,9.185091693685461,0.17502144131453967,-0.49202458203452826,-0.56206835170135849,0.070043769666830236,selection-conditioned OOF predictions
86,2,Cryptochlorogenic Acid,2.4889086269999998,2.3901858940663203,0.098722732933679502,0.079772078848613884,-0.10320802420441133,0.18298010305302523,selection-conditioned OOF predictions
86,2,Scopoletin,0.29657148900000002,0.31789491505135609,-0.021323426051356065,-0.3046567067139182,-0.13219011672200517,-0.17246658999191303,selection-conditioned OOF predictions
86,2,Rutin,9.2504362980000003,8.8841977543052124,0.36623854369478792,0.13958243621988381,-0.033141198043576292,0.1727236342634601,selection-conditioned OOF predictions
87,2,Total Alkaloids,3.6364866660000001,3.6625057604612636,-0.026019094461263492,1.1367528210846964,1.1871802608801765,-0.050427439795480027,selection-conditioned OOF predictions
87,2,Reducing Sugars,11.87829361,11.852136158242896,0.026157451757104155,-1.2790135033208134,-1.2866348423548903,0.0076213390340769127,selection-conditioned OOF predictions
87,2,Total Sugars,12.42479129,12.428596341931996,-0.0038050519319963172,-1.5434062790727299,-1.5424905270293741,-0.0009157520433557228,selection-conditioned OOF predictions
87,2,Total Nitrogen,2.856128182,2.7833556843726579,0.072772497627342059,1.8850797549283151,1.6564419461376265,0.2286378087906886,selection-conditioned OOF predictions
87,2,K,2.1877327559999999,2.1761066443079655,0.011626111692034424,-0.49593614826983579,-0.53343525416675086,0.037499105896915054,selection-conditioned OOF predictions
87,2,cl,6.3398563499999998,6.5431213895055382,-0.20326503950553843,1.0119396510379113,1.1459929844180003,-0.13405333338008912,selection-conditioned OOF predictions
87,2,pH,4.6399999999999997,4.6767819884049366,-0.036781988404936961,-2.5869528929983447,-2.2634909631304416,-0.32346192986790279,selection-conditioned OOF predictions
87,2,Starch,3.156974875,3.2989364405837467,-0.14196156558374673,-1.2875522610337595,-1.1124859246039427,-0.17506633642981687,selection-conditioned OOF predictions
87,2,Neochlorogenic Acid,1.3178199390000001,1.1614790620207902,0.15634087697920984,-0.72472782745103903,-1.1859041606774112,0.46117633322637219,selection-conditioned OOF predictions
87,2,Chlorogenic Acid,7.9316027760000001,6.4447013368276735,1.4869014391723265,-1.0637159691066835,-1.6587755294693194,0.59505956036263574,selection-conditioned OOF predictions
87,2,Cryptochlorogenic Acid,2.0825113719999999,1.8970739379436665,0.18543743405633339,-0.67347501420261147,-1.0171786352957497,0.34370362109313818,selection-conditioned OOF predictions
87,2,Scopoletin,0.68476649199999995,0.58011386022741163,0.10465263177258832,2.8351139970212214,1.9886701613998901,0.84644383562133096,selection-conditioned OOF predictions
87,2,Rutin,6.6160239460000003,6.3014787128581489,0.31454523314185145,-1.1028462579188574,-1.2511905453890053,0.14834428747014788,selection-conditioned OOF predictions
88,2,Total Alkaloids,2.8237023529999998,3.0396479055010404,-0.21594555250104053,-0.43849923357607862,-0.019976545783849723,-0.4185226877922289,selection-conditioned OOF predictions
88,2,Reducing Sugars,14.36936875,15.698895311599589,-1.3295265615995895,-0.55320395667243472,-0.16582781717486175,-0.38737613949757294,selection-conditioned OOF predictions
88,2,Total Sugars,16.553189840000002,17.629035863900445,-1.0758460239004428,-0.54983523838372095,-0.29091414812515204,-0.25892109025856885,selection-conditioned OOF predictions
88,2,Total Nitrogen,2.4883726400000001,2.431399227481982,0.056973412518018129,0.72965945144926525,0.55065946351215445,0.1789999879371108,selection-conditioned OOF predictions
88,2,K,2.334992572,2.23066195416351,0.10433061783649,-0.020961231391334094,-0.35747140694913559,0.33651017555780149,selection-conditioned OOF predictions
88,2,cl,7.5336397450000003,7.2069711569669526,0.32666858803304777,1.799240033941137,1.5838020361284144,0.21543799781272252,selection-conditioned OOF predictions
88,2,pH,4.9500000000000002,5.0092812489448537,-0.059281248944853537,0.13919657872491673,0.66051769322203724,-0.52132111449712049,selection-conditioned OOF predictions
88,2,Starch,2.8169109429999999,3.0879286431431456,-0.27101770014314575,-1.7069175060023909,-1.3726997501147558,-0.33421775588763519,selection-conditioned OOF predictions
88,2,Neochlorogenic Acid,1.879192642,1.8303480779021815,0.048844564097818566,0.93121660464616995,0.78713428015167475,0.14408232449449521,selection-conditioned OOF predictions
88,2,Chlorogenic Acid,11.398852850000001,11.795182876993518,-0.39633002699351749,0.32388125176239718,0.48249295621575539,-0.15861170445335823,selection-conditioned OOF predictions
88,2,Cryptochlorogenic Acid,2.9487518000000001,3.0020158394502019,-0.05326403945020175,0.93207983698468211,1.0308033947509132,-0.098723557766231138,selection-conditioned OOF predictions
88,2,Scopoletin,0.42101735499999998,0.38476418675073071,0.036253168249269274,0.70187733223080462,0.40865708285362085,0.29322024937718383,selection-conditioned OOF predictions
88,2,Rutin,9.6966571300000002,8.5477261941702736,1.1489309358297266,0.35002692687768588,-0.19182627282160292,0.5418531996992888,selection-conditioned OOF predictions
89,2,Total Alkaloids,3.7144874269999999,3.6017803343401327,0.11270709265986723,1.2879255948022836,1.0694887026925093,0.21843689210977443,selection-conditioned OOF predictions
89,2,Reducing Sugars,13.49960344,13.97420044804775,-0.47459700804775018,-0.80662223186006587,-0.66834176262788736,-0.13828046923217843,selection-conditioned OOF predictions
89,2,Total Sugars,15.10013992,15.599149761553992,-0.49900984155399186,-0.89953701831179544,-0.77944160562765508,-0.12009541268414042,selection-conditioned OOF predictions
89,2,Total Nitrogen,2.4967347520000001,2.5226810037642333,-0.025946251764233264,0.7559316700328963,0.83745002302504301,-0.081518352992146742,selection-conditioned OOF predictions
89,2,K,2.2449128909999998,2.2753522759924052,-0.030439384992405394,-0.31150613466227817,-0.21332630020831919,-0.098179834453958975,selection-conditioned OOF predictions
89,2,cl,5.2199491919999996,4.7536959245692092,0.46625326743079043,0.27336066091092681,-0.034133460313754124,0.30749412122468095,selection-conditioned OOF predictions
89,2,pH,4.7000000000000002,4.7420484646452952,-0.042048464645294992,-2.0593110597615807,-1.689535576924339,-0.36977548283724188,selection-conditioned OOF predictions
89,2,Starch,4.4607036610000002,3.9494301712001221,0.51127348979987808,0.32019995925623679,-0.31030010887769538,0.63050006813393211,selection-conditioned OOF predictions
89,2,Neochlorogenic Acid,1.3642757569999999,1.2835704975392197,0.080705259460780221,-0.5876918569727575,-0.82575727114562936,0.23806541417287189,selection-conditioned OOF predictions
89,2,Chlorogenic Acid,8.4298215929999998,7.1958082413486686,1.2340133516513312,-0.8643282609520393,-1.3581817358158563,0.49385347486381692,selection-conditioned OOF predictions
89,2,Cryptochlorogenic Acid,2.144484652,1.9906195146681682,0.15386513733183182,-0.55860909807616088,-0.84379426109388334,0.28518516301772245,selection-conditioned OOF predictions
89,2,Scopoletin,0.45028993,0.4296044012961901,0.020685528703809908,0.93863765293974932,0.77133045806713862,0.16730719487261064,selection-conditioned OOF predictions
89,2,Rutin,8.5108455339999995,8.3090780205246304,0.20176751347536914,-0.20921974974617827,-0.30437635956715431,0.095156609820976026,selection-conditioned OOF predictions
90,2,Total Alkaloids,2.8836161539999998,3.0222647021467126,-0.13864854814671279,-0.32238068082075894,-0.053666820512971926,-0.26871386030778704,selection-conditioned OOF predictions
90,2,Reducing Sugars,14.23118852,14.937138541425259,-0.70595002142525942,-0.59346469729869633,-0.38777629521898999,-0.2056884020797064,selection-conditioned OOF predictions
90,2,Total Sugars,16.0988562,16.414094921208363,-0.31523872120836316,-0.65917854476455151,-0.58331085406001293,-0.075867690704538596,selection-conditioned OOF predictions
90,2,Total Nitrogen,2.4973322609999999,2.3772180970080004,0.12011416399199959,0.75780893346271927,0.38043231241435832,0.37737662104836101,selection-conditioned OOF predictions
90,2,K,2.5393254280000002,2.3005958766613204,0.23872955133867979,0.6380982726226252,-0.13190505811310924,0.77000333073573446,selection-conditioned OOF predictions
90,2,cl,8.7225307099999991,7.0959627824159757,1.6265679275840235,2.5833138583007762,1.510591991361919,1.0727218669388572,selection-conditioned OOF predictions
90,2,pH,4.8099999999999996,4.8889683182717061,-0.078968318271706472,-1.0919676988275269,-0.39751789515240876,-0.6944498036751181,selection-conditioned OOF predictions
90,2,Starch,3.603885402,3.5326750813282377,0.071210320671762251,-0.73642429655908215,-0.82424052981021212,0.08781623325112986,selection-conditioned OOF predictions
90,2,Neochlorogenic Acid,1.657190355,1.4443851938047114,0.21280516119528858,0.27635139815162357,-0.35138400814740189,0.62773540629902547,selection-conditioned OOF predictions
90,2,Chlorogenic Acid,10.06632821,9.0672197474706131,0.9991084625293869,-0.20939654699483576,-0.60924083176347954,0.3998442847686437,selection-conditioned OOF predictions
90,2,Cryptochlorogenic Acid,2.6482741550000002,2.4099538696233012,0.23832028537669903,0.37515207765931935,-0.066568578586592139,0.44172065624591145,selection-conditioned OOF predictions
90,2,Scopoletin,0.40673343899999997,0.44503956690906826,-0.038306127909068288,0.58634719751803599,0.89617204650617099,-0.309824848988135,selection-conditioned OOF predictions
90,2,Rutin,8.4378019319999993,6.7177121081036759,1.7200898238963234,-0.24366821677494593,-1.0548885832761907,0.81122036650124485,selection-conditioned OOF predictions
91,2,Total Alkaloids,3.4978851519999998,3.4946852546943377,0.0031998973056621693,0.86813011735444545,0.86192841694656885,0.0062017004078766076,selection-conditioned OOF predictions
91,2,Reducing Sugars,11.748400050000001,13.265076348855633,-1.5166762988556322,-1.3168598068635253,-0.87495497661229993,-0.4419048302512254,selection-conditioned OOF predictions
91,2,Total Sugars,13.15948176,14.198924285334972,-1.0394425253349713,-1.3665902168584367,-1.1164302627925973,-0.25015995406583952,selection-conditioned OOF predictions
91,2,Total Nitrogen,2.7862662469999999,2.6376929003398852,0.14857334666011468,1.6655863988245647,1.1987962578702025,0.46679014095436222,selection-conditioned OOF predictions
91,2,K,2.7128710649999999,2.4693571017109419,0.24351396328905794,1.1978560310371913,0.41242095707258192,0.78543507396460943,selection-conditioned OOF predictions
91,2,cl,7.3353426720000003,6.7022123881276148,0.63313028387238557,1.6684630754448355,1.2509135291803251,0.41754954626451046,selection-conditioned OOF predictions
91,2,pH,4.7800000000000002,4.9110852372807301,-0.13108523728072985,-1.3557886154459009,-0.20302103362790269,-1.1527675818179983,selection-conditioned OOF predictions
91,2,Starch,3.0451339119999998,2.9176608001338753,0.12747311186612453,-1.4254740117180476,-1.5826732550198954,0.15719924330184787,selection-conditioned OOF predictions
91,2,Neochlorogenic Acid,1.7144748540000001,1.5255466539354146,0.18892820006458555,0.44532995136162584,-0.11197288736065167,0.55730283872227748,selection-conditioned OOF predictions
91,2,Chlorogenic Acid,9.1494418910000004,8.86150967472636,0.28793221627364041,-0.57633544120315716,-0.69156622484232377,0.11523078363916661,selection-conditioned OOF predictions
91,2,Cryptochlorogenic Acid,2.6064437009999999,2.5301075608580987,0.076336140141901154,0.29762038302099497,0.15613326678385897,0.14148711623713603,selection-conditioned OOF predictions
91,2,Scopoletin,0.52454347800000001,0.4955622143439144,0.02898126365608561,1.539209821198162,1.3048056637994601,0.23440415739870188,selection-conditioned OOF predictions
91,2,Rutin,9.2608330139999993,8.5079657239050519,0.75286729009494735,0.14448568467049311,-0.21057791172599022,0.35506359639648333,selection-conditioned OOF predictions
92,2,Total Alkaloids,3.1028235319999999,3.1482503919578364,-0.045426859957836463,0.10246373001287047,0.19050523541698516,-0.088041505404114692,selection-conditioned OOF predictions
92,2,Reducing Sugars,13.34665787,13.799269398963698,-0.45261152896369872,-0.85118506059255361,-0.7193103678665157,-0.13187469272603788,selection-conditioned OOF predictions
92,2,Total Sugars,15.4190881,15.106187835336247,0.31290026466375309,-0.82277658171866064,-0.89808148211250249,0.075304900393841898,selection-conditioned OOF predictions
92,2,Total Nitrogen,2.6599620270000002,2.5749930425547514,0.084968984445248807,1.2687617598009482,1.0018048316738499,0.26695692812709837,selection-conditioned OOF predictions
92,2,K,2.3846667949999998,2.3534621178703516,0.03120467712964814,0.13925905531898647,0.038610831462214147,0.10064822385677233,selection-conditioned OOF predictions
92,2,cl,7.0329012449999997,6.076048758335455,0.9568524866645447,1.4690028950802909,0.83795849264671596,0.63104440243357485,selection-conditioned OOF predictions
92,2,pH,4.8899999999999997,4.898178966565693,-0.0081789665656932797,-0.38844525451184703,-0.31651917263343765,-0.071926081878409404,selection-conditioned OOF predictions
92,2,Starch,2.921065611,3.1190325947953159,-0.19796698379531597,-1.5784744582391059,-1.3343425029130593,-0.24413195532604656,selection-conditioned OOF predictions
92,2,Neochlorogenic Acid,1.7359299909999999,1.7051540329214028,0.030775958078597121,0.50861859091457629,0.41783527325349284,0.090783317661083385,selection-conditioned OOF predictions
92,2,Chlorogenic Acid,10.421899290000001,10.109006423695671,0.31289286630432933,-0.067096617108261786,-0.19231667982290984,0.12522006271464806,selection-conditioned OOF predictions
92,2,Cryptochlorogenic Acid,2.7151440189999998,2.7615899043099148,-0.046445885309915003,0.4990936891023654,0.5851799696159582,-0.086086280513592781,selection-conditioned OOF predictions
92,2,Scopoletin,0.46744414899999998,0.46275339530214205,0.0046907536978579301,1.077383164462103,1.0394437501853777,0.037939414276725252,selection-conditioned OOF predictions
92,2,Rutin,8.6696455819999994,8.1916658363863135,0.47797974561368584,-0.13432724625634904,-0.35974972072840139,0.22542247447205238,selection-conditioned OOF predictions
93,2,Total Alkaloids,3.1700521629999998,3.2013660445252214,-0.031313881525221632,0.2327591077913794,0.29344834037504203,-0.060689232583662628,selection-conditioned OOF predictions
93,2,Reducing Sugars,13.51910045,13.431575375609679,0.087525074390320867,-0.80094150558976185,-0.82644315888939079,0.025501653299628863,selection-conditioned OOF predictions
93,2,Total Sugars,15.727236319999999,15.749891025120053,-0.022654705120054075,-0.7486153436686509,-0.74316309416559967,-0.0054522495030511859,selection-conditioned OOF predictions
93,2,Total Nitrogen,2.4010864590000001,2.4098267169701688,-0.0087402579701687522,0.45542231774878272,0.4828826014509861,-0.027460283702203377,selection-conditioned OOF predictions
93,2,K,2.1300721720000002,2.2268743219330687,-0.09680214993306846,-0.6819158122167589,-0.36968811584289246,-0.31222769637386638,selection-conditioned OOF predictions
93,2,cl,5.7532770319999997,6.1481613488379114,-0.3948843168379117,0.62509047588707678,0.88551676021227166,-0.26042628432519488,selection-conditioned OOF predictions
93,2,pH,4.8700000000000001,4.9064339824668384,-0.036433982466838266,-0.56432586559076314,-0.24392431057545488,-0.3204015550153082,selection-conditioned OOF predictions
93,2,Starch,3.0883797579999999,3.2480511024522105,-0.15967134445221065,-1.3721434373904364,-1.1752374847748206,-0.19690595261561589,selection-conditioned OOF predictions
93,2,Neochlorogenic Acid,1.629540918,1.6437871999046259,-0.014246281904625846,0.19479073265062832,0.23681459856356069,-0.042023865912932341,selection-conditioned OOF predictions
93,2,Chlorogenic Acid,9.0081759659999996,9.6607178641681593,-0.65254189816815966,-0.63287021681781652,-0.37172224506099977,-0.26114797175681675,selection-conditioned OOF predictions
93,2,Cryptochlorogenic Acid,2.5124075430000001,2.6028915540363258,-0.09048401103632564,0.12332672876093961,0.29103656794459082,-0.1677098391836512,selection-conditioned OOF predictions
93,2,Scopoletin,0.36422348900000001,0.3510409854398639,0.013182503560136116,0.24252129920464244,0.13589952880539913,0.1066217703992433,selection-conditioned OOF predictions
93,2,Rutin,7.459115154,7.6090647074790709,-0.14994955347907091,-0.70523169776844508,-0.63451322130281029,-0.070718476465634728,selection-conditioned OOF predictions
94,2,Total Alkaloids,3.1868012710000002,3.2845241627987627,-0.097722891798762479,0.26522044638851822,0.45461655508702986,-0.18939610869851167,selection-conditioned OOF predictions
94,2,Reducing Sugars,13.48180958,13.469112908660637,0.012696671339362808,-0.81180672158193112,-0.81550607417101706,0.0036993525890858456,selection-conditioned OOF predictions
94,2,Total Sugars,15.398225910000001,16.607652724036431,-1.2094268140364299,-0.82779743122684357,-0.53672779642635482,-0.29106963480048881,selection-conditioned OOF predictions
94,2,Total Nitrogen,2.4517528199999998,2.456790599069183,-0.0050377790691831237,0.61460670932703076,0.63043448499920807,-0.015827775672177288,selection-conditioned OOF predictions
94,2,K,2.0376342589999998,2.1443033890549272,-0.1066691300549274,-0.98006700672590674,-0.63601414452933025,-0.34405286219657649,selection-conditioned OOF predictions
94,2,cl,3.8206194770000002,4.1556197978864109,-0.33500032088641074,-0.64949756030546113,-0.42856478304349016,-0.22093277726197097,selection-conditioned OOF predictions
94,2,pH,4.9199999999999999,4.9197931627567613,0.0002068372432386667,-0.12462433789346515,-0.12644327093019994,0.0018189330367347936,selection-conditioned OOF predictions
94,2,Starch,3.1043192240000002,3.4573110984018616,-0.35299187440186142,-1.3524869627256688,-0.91717903985993843,-0.43530792286573028,selection-conditioned OOF predictions
94,2,Neochlorogenic Acid,1.773542299,1.9231357567062819,-0.14959345770628185,0.61956786165410049,1.0608405705746957,-0.44127270892059522,selection-conditioned OOF predictions
94,2,Chlorogenic Acid,9.3791939180000004,11.222488214398961,-1.8432942963989607,-0.48438843208926025,0.25329993429276754,-0.73768836638202773,selection-conditioned OOF predictions
94,2,Cryptochlorogenic Acid,2.6549212180000001,2.873424651423953,-0.21850343342395284,0.38747224178562062,0.79246286124318677,-0.40499061945756615,selection-conditioned OOF predictions
94,2,Scopoletin,0.33824489000000002,0.26054046624440524,0.077704423755594776,0.032403076574448048,-0.59608021500063013,0.6284832915750781,selection-conditioned OOF predictions
94,2,Rutin,8.6629222099999996,9.6338536550402054,-0.97093144504020579,-0.13749809014030934,0.32040785857866477,-0.45790594871897411,selection-conditioned OOF predictions
95,2,Total Alkaloids,3.4796052,3.5934294616906031,-0.11382426169060311,0.83270185983700473,1.0533039300671276,-0.22060207023012296,selection-conditioned OOF predictions
95,2,Reducing Sugars,14.688613950000001,14.419375222708393,0.26923872729160792,-0.46018740724724483,-0.53863387217230863,0.078446464925063825,selection-conditioned OOF predictions
95,2,Total Sugars,17.222158090000001,17.543938376666777,-0.32178028666677605,-0.38883637349932071,-0.31139434109265879,-0.077442032406661934,selection-conditioned OOF predictions
95,2,Total Nitrogen,2.4247886059999999,2.4755200303003124,-0.050731424300312522,0.52989010613589793,0.68927891464226054,-0.15938880850636256,selection-conditioned OOF predictions
95,2,K,1.9242449669999999,1.9962669728974034,-0.072022005897403485,-1.3457952210176596,-1.1134939239377952,-0.23230129707986438,selection-conditioned OOF predictions
95,2,cl,5.9361782160000001,6.1821747393976612,-0.24599652339766109,0.74571384257132656,0.90794859795074845,-0.16223475537942189,selection-conditioned OOF predictions
95,2,pH,5.0149999999999997,4.9748573379432388,0.040142662056760869,0.71080856473140175,0.35779276808751825,0.35301579664388349,selection-conditioned OOF predictions
95,2,Starch,3.584035117,3.8047267291537583,-0.22069161215375832,-0.76090357486055793,-0.48874771449315207,-0.27215586036740591,selection-conditioned OOF predictions
95,2,Neochlorogenic Acid,1.44754717,1.5804281718039714,-0.13288100180397144,-0.34205677002728968,0.049917321147545532,-0.39197409117483523,selection-conditioned OOF predictions
95,2,Chlorogenic Acid,9.8773505440000005,10.4745101935039,-0.5971596495038991,-0.28502561283992156,-0.046041676757448947,-0.23898393608247265,selection-conditioned OOF predictions
95,2,Cryptochlorogenic Acid,2.234665122,2.3861779763781144,-0.15151285437811435,-0.39146186457062643,-0.11063659885811988,-0.28082526571250654,selection-conditioned OOF predictions
95,2,Scopoletin,0.31298115799999998,0.27710933073909566,0.035871827260904321,-0.17193321056888775,-0.46206912538702605,0.29013591481813827,selection-conditioned OOF predictions
95,2,Rutin,7.9041029969999999,9.1578573552978142,-1.2537543582978143,-0.49536870336425504,0.095920807166672284,-0.59128951053092726,selection-conditioned OOF predictions
96,2,Total Alkaloids,3.3363802630000001,3.3743877835052261,-0.038007520505225934,0.55511852969722919,0.6287806609795521,-0.073662131282322948,selection-conditioned OOF predictions
96,2,Reducing Sugars,14.283089500000001,15.07157708168798,-0.7884875816879795,-0.57834262162963113,-0.3486057481755333,-0.22973687345409782,selection-conditioned OOF predictions
96,2,Total Sugars,17.906786409999999,18.489075633348282,-0.58228922334828326,-0.22406863992195919,-0.083930593021388444,-0.14013804690057075,selection-conditioned OOF predictions
96,2,Total Nitrogen,2.3219765049999999,2.3519171116484077,-0.029940606648407808,0.20687338613568967,0.30094126783752473,-0.09406788170183504,selection-conditioned OOF predictions
96,2,K,1.9874643860000001,2.0320702987150852,-0.044605912715085072,-1.1418859734016484,-0.99801312159707189,-0.14387285180457665,selection-conditioned OOF predictions
96,2,cl,5.2648898769999999,5.5597416751674391,-0.29485179816743923,0.30299905147375877,0.49745387013617565,-0.1944548186624169,selection-conditioned OOF predictions
96,2,pH,4.9900000000000002,4.9882998336336115,0.0017001663663887001,0.49095780088275665,0.4760064859099431,0.014951314972813561,selection-conditioned OOF predictions
96,2,Starch,3.4621643120000001,3.7657125704017336,-0.3035482584017335,-0.91119407962761234,-0.53685979196653699,-0.37433428766107529,selection-conditioned OOF predictions
96,2,Neochlorogenic Acid,1.6720544559999999,1.7638206828504099,-0.091766226850410026,0.32019771479213971,0.59089091308166519,-0.27069319828952548,selection-conditioned OOF predictions
96,2,Chlorogenic Acid,10.62435846,11.112530408005679,-0.48817194800567876,0.013927761184522262,0.2092947015268026,-0.19536694034228033,selection-conditioned OOF predictions
96,2,Cryptochlorogenic Acid,2.5142598920000001,2.6648111885107681,-0.15055129651076804,0.12676001105406515,0.40580305343836753,-0.27904304238430239,selection-conditioned OOF predictions
96,2,Scopoletin,0.24180437699999999,0.22154431136052616,0.020260065639473829,-0.74762009484846703,-0.91148609018321602,0.16386599533474899,selection-conditioned OOF predictions
96,2,Rutin,8.2673045920000003,9.4799755870450113,-1.212670995045011,-0.32407734002002542,0.24783663527312605,-0.57191397529315147,selection-conditioned OOF predictions
97,2,Total Alkaloids,3.6449362910000001,3.6983453449840753,-0.05340905398407525,1.1531289850060134,1.2566407293645721,-0.1035117443585587,selection-conditioned OOF predictions
97,2,Reducing Sugars,14.164041599999999,13.762720264353458,0.40132133564654104,-0.61302889059879717,-0.72995946888955787,0.11693057829076077,selection-conditioned OOF predictions
97,2,Total Sugars,16.171672940000001,16.957372474148858,-0.78569953414885774,-0.64165392758790285,-0.45256164534854648,-0.1890922822393564,selection-conditioned OOF predictions
97,2,Total Nitrogen,2.4322042399999999,2.5245018891577469,-0.092297649157746964,0.55318866484740636,0.84317091017342494,-0.28998224532601857,selection-conditioned OOF predictions
97,2,K,1.8988808829999999,2.0058102678296037,-0.10692938482960379,-1.4276050725904699,-1.0827127791537432,-0.34489229343672656,selection-conditioned OOF predictions
97,2,cl,6.4924122430000004,6.6326216781980154,-0.14020943519801499,1.1125502923620385,1.2050184423466863,-0.09246814998464789,selection-conditioned OOF predictions
97,2,pH,5.0049999999999999,4.9657867763995469,0.039213223600452984,0.62286825919194366,0.27802597273084417,0.34484228646109955,selection-conditioned OOF predictions
97,2,Starch,3.243047475,3.404415111250545,-0.16136763625054495,-1.1814079346660722,-0.98241012296571595,-0.1989978117003563,selection-conditioned OOF predictions
97,2,Neochlorogenic Acid,1.4802254989999999,1.5419247336234072,-0.061699234623407317,-0.24566181411189567,-0.063660616880026194,-0.18200119723186947,selection-conditioned OOF predictions
97,2,Chlorogenic Acid,9.896366789,11.123689427856885,-1.2273226388568848,-0.27741529107189183,0.21376055331213203,-0.4911758443840239,selection-conditioned OOF predictions
97,2,Cryptochlorogenic Acid,2.2189308520000002,2.3770084956939996,-0.15807764369399946,-0.42062493836841319,-0.12763200073429343,-0.29299293763411982,selection-conditioned OOF predictions
97,2,Scopoletin,0.32428675600000001,0.31298543186037059,0.011301324139629421,-0.080492091764463869,-0.17189864304102215,0.091406551276558265,selection-conditioned OOF predictions
97,2,Rutin,9.0627532710000001,8.8926580131786821,0.17009525782131796,0.051068283160060741,-0.029151212050585986,0.080219495210646724,selection-conditioned OOF predictions
98,2,Total Alkaloids,3.511101601,3.4614929433047181,0.049608657695281888,0.8937448322419973,0.79759861151214928,0.096146220729847964,selection-conditioned OOF predictions
98,2,Reducing Sugars,15.252630849999999,14.470647790416205,0.78198305958379422,-0.29585320314490571,-0.52369489320457441,0.22784169005966876,selection-conditioned OOF predictions
98,2,Total Sugars,17.306382660000001,17.83148520860583,-0.52510254860582961,-0.36856626327304803,-0.24219118602021239,-0.12637507725283567,selection-conditioned OOF predictions
98,2,Total Nitrogen,2.272335693,2.4873723246074237,-0.2150366316074237,0.050911080974870973,0.72651664438732466,-0.6756055634124537,selection-conditioned OOF predictions
98,2,K,1.861733775,1.9423808502248092,-0.080647075224809184,-1.547420138328272,-1.287299360699445,-0.26012077762882713,selection-conditioned OOF predictions
98,2,cl,4.8096153839999998,5.8054827946031171,-0.99586741060311734,0.0027454341372805118,0.65952018655262779,-0.65677475241534733,selection-conditioned OOF predictions
98,2,pH,5.0049999999999999,5.0041800466837252,0.00081995331627471302,0.62286825919194366,0.61565756467581456,0.0072106945161291664,selection-conditioned OOF predictions
98,2,Starch,3.775358803,4.0654118971211961,-0.29005309412119606,-0.52496410319764863,-0.16727198879239369,-0.357692114405255,selection-conditioned OOF predictions
98,2,Neochlorogenic Acid,1.5477182739999999,1.6634199020022162,-0.11570162800221628,-0.046570756832539847,0.29472739616093152,-0.34129815299347138,selection-conditioned OOF predictions
98,2,Chlorogenic Acid,9.9046416900000001,11.223065688088152,-1.3184239980881518,-0.27410366676285541,0.25353103988629105,-0.52763470664914647,selection-conditioned OOF predictions
98,2,Cryptochlorogenic Acid,2.333392474,2.4549643023424323,-0.1215718283424323,-0.20847320019432514,0.016857126645258739,-0.22533032683958387,selection-conditioned OOF predictions
98,2,Scopoletin,0.28992413900000003,0.25764694561453688,0.032277193385463143,-0.35842132147242856,-0.61948337896231032,0.26106205748988176,selection-conditioned OOF predictions
98,2,Rutin,8.4077227259999994,9.3058711433529666,-0.89814841735296724,-0.25785402508355731,0.16572634739209691,-0.42358037247565422,selection-conditioned OOF predictions
99,2,Total Alkaloids,3.6167799989999998,3.6755021051832686,-0.058722106183268785,1.0985594563927943,1.2123683930807767,-0.11380893668798246,selection-conditioned OOF predictions
99,2,Reducing Sugars,11.369112360000001,11.469142083653647,-0.10002972365364649,-1.4273705746471943,-1.3982255170732121,-0.029145057573982204,selection-conditioned OOF predictions
99,2,Total Sugars,13.375549530000001,13.79904256718763,-0.42349303718762954,-1.3145897434307312,-1.2126687654565813,-0.10192097797414983,selection-conditioned OOF predictions
99,2,Total Nitrogen,2.3579700290000001,2.7437125526777062,-0.38574252367770612,0.31995842136640479,1.5318905144862143,-1.2119320931198097,selection-conditioned OOF predictions
99,2,K,2.15696756,2.2930963537062055,-0.13612879370620545,-0.59516686042046607,-0.15609417765020089,-0.43907268277026518,selection-conditioned OOF predictions
99,2,cl,5.1123790610000004,5.3348472306214578,-0.22246816962145743,0.20241813843996426,0.34913593989401537,-0.14671780145405114,selection-conditioned OOF predictions
99,2,pH,5.0350000000000001,4.9702192327763699,0.064780767223630242,0.88668917581032558,0.3170051295376583,0.56968404627266733,selection-conditioned OOF predictions
99,2,Starch,3.0837756889999999,3.4275523988379906,-0.34377670983799069,-1.3778211536736131,-0.95387732849982476,-0.42394382517378831,selection-conditioned OOF predictions
99,2,Neochlorogenic Acid,1.478745974,1.5813527430918555,-0.10260676909185551,-0.25002613601925872,0.052644633444824285,-0.302670769464083,selection-conditioned OOF predictions
99,2,Chlorogenic Acid,9.4357728200000004,10.400901898647515,-0.9651290786475144,-0.46174549445873264,-0.07549979578426573,-0.3862456986744669,selection-conditioned OOF predictions
99,2,Cryptochlorogenic Acid,2.1473936619999998,2.3769397954478109,-0.22954613344781105,-0.55321732118988054,-0.12775933491309735,-0.42545798627678316,selection-conditioned OOF predictions
99,2,Scopoletin,0.40771405599999999,0.40522726422820349,0.0024867917717965038,0.59427855290486631,0.57416506383098387,0.020113489073882447,selection-conditioned OOF predictions
99,2,Rutin,8.7672122679999998,9.3926649327910425,-0.62545266479104278,-0.08831332205560756,0.20665961070185743,-0.294972932757465,selection-conditioned OOF predictions
100,2,Total Alkaloids,3.3656996430000001,3.3962952120183432,-0.030595569018343038,0.61194223169008499,0.6712393074195232,-0.059297075729438209,selection-conditioned OOF predictions
100,2,Reducing Sugars,16.370526999999999,15.211703890499312,1.1588231095006876,0.029861459091845687,-0.30777784461553215,0.33763930370737782,selection-conditioned OOF predictions
100,2,Total Sugars,17.921179939999998,18.156598604681978,-0.23541866468197981,-0.22060458614709097,-0.16394698276098102,-0.05665760338610995,selection-conditioned OOF predictions
100,2,Total Nitrogen,2.1863393539999998,2.4816710177431029,-0.29533166374310316,-0.21927360629074635,0.70860418636813127,-0.9278777926588776,selection-conditioned OOF predictions
100,2,K,2.011626878,2.0020279069640181,0.0095989710359818403,-1.0639517620124574,-1.0949124856760983,0.030960723663640992,selection-conditioned OOF predictions
100,2,cl,3.0552324519999998,3.4002861586254287,-0.34505370662542889,-1.154270453257001,-0.92670746613036448,-0.22756298712663642,selection-conditioned OOF predictions
100,2,pH,4.8399999999999999,4.8226048295722581,0.017395170427741746,-0.82814678220914495,-0.98112044244180363,0.15297366023265865,selection-conditioned OOF predictions
100,2,Starch,4.5223993399999998,4.7689272103569795,-0.24652787035697976,0.3962827810514658,0.70029979378144214,-0.30401701272997628,selection-conditioned OOF predictions
100,2,Neochlorogenic Acid,1.5635890560000001,1.5558266044384794,0.0077624515615206668,0.00024508039196594755,-0.022652699236489614,0.022897779628455562,selection-conditioned OOF predictions
100,2,Chlorogenic Acid,9.1434713930000004,9.828037483043456,-0.68456609004345559,-0.57872484094508192,-0.30476075304482408,-0.27396408790025789,selection-conditioned OOF predictions
100,2,Cryptochlorogenic Acid,2.2252779309999999,2.2097224622163765,0.015555468783623461,-0.40886078704284312,-0.43769245728213513,0.028831670239291982,selection-conditioned OOF predictions
100,2,Scopoletin,0.29917965499999999,0.29888505648752933,0.00029459851247065627,-0.28356152739941792,-0.28594427774826597,0.002382750348848045,selection-conditioned OOF predictions
100,2,Rutin,8.9934876080000006,9.6256114189064945,-0.63212381090649394,0.018401549281285078,0.31652069540596883,-0.29811914612468376,selection-conditioned OOF predictions
101,2,Total Alkaloids,3.0756492359999998,3.0746929124271731,0.00095632357282671165,0.049797401537655155,0.047943956965803766,0.001853444571851389,selection-conditioned OOF predictions
101,2,Reducing Sugars,15.55222021,15.822802462132277,-0.27058225213227693,-0.20856365732964843,-0.12972573767090009,-0.07883791965874834,selection-conditioned OOF predictions
101,2,Total Sugars,18.107480689999999,19.347359689714171,-1.2398789997141719,-0.17576806471709394,0.12263041913918411,-0.29839848385627804,selection-conditioned OOF predictions
101,2,Total Nitrogen,2.3160276899999999,2.2640740435986575,0.051953646401342368,0.1881833030569669,0.024954497406820413,0.16322880565014647,selection-conditioned OOF predictions
101,2,K,2.1811513690000002,2.0672626825420664,0.11388868645793382,-0.51716389272980534,-0.88450286444058657,0.36733897171078117,selection-conditioned OOF predictions
101,2,cl,3.6621415110000002,3.7263735156763662,-0.064232004676366028,-0.75401380993341338,-0.71165279026422568,-0.042361019669187754,selection-conditioned OOF predictions
101,2,pH,4.9000000000000004,4.8859985479408916,0.014001452059108743,-0.30050494897238123,-0.4236341461797935,0.12312919720741229,selection-conditioned OOF predictions
101,2,Starch,4.1314854539999999,4.3875460592497735,-0.25606060524977359,-0.085790388543096049,0.22998234811804241,-0.31577273666113848,selection-conditioned OOF predictions
101,2,Neochlorogenic Acid,1.6409643300000001,1.7427799411385294,-0.10181561113852933,0.22848766054872846,0.52882466208872358,-0.3003370015399951,selection-conditioned OOF predictions
101,2,Chlorogenic Acid,9.7576712990000001,11.249103609001775,-1.491432310001775,-0.33292137582598369,0.26395144393152647,-0.59687281975751016,selection-conditioned OOF predictions
101,2,Cryptochlorogenic Acid,2.4418450140000001,2.5711408190943317,-0.12929580509433158,-0.007459144405435064,0.23218737911998369,-0.23964652352541874,selection-conditioned OOF predictions
101,2,Scopoletin,0.29894549999999998,0.23317903549680147,0.065766464503198507,-0.28545540290902399,-0.81738295720415144,0.5319275542951275,selection-conditioned OOF predictions
101,2,Rutin,9.2302763179999996,9.2689884771777784,-0.038712159177778815,0.13007468485884552,0.14833192440527582,-0.018257239546430284,selection-conditioned OOF predictions
102,2,Total Alkaloids,1.5282288690000001,1.9968425327945938,-0.46861366379459368,-2.949248069140221,-2.0410309383126148,-0.90821713082760624,selection-conditioned OOF predictions
102,2,Reducing Sugars,20.990402769999999,18.250884424194812,2.7395183458051875,1.3759268123013562,0.57772986646222735,0.7981969458391287,selection-conditioned OOF predictions
102,2,Total Sugars,22.91053896,20.566237038797386,2.3443019212026144,0.98017159227504647,0.41597448985659813,0.56419710241844834,selection-conditioned OOF predictions
102,2,Total Nitrogen,1.8185682240000001,1.4502568104725664,0.36831141352743368,-1.3747428844000427,-2.5319096340248941,1.1571667496248514,selection-conditioned OOF predictions
102,2,K,3.2731007509999999,3.058951869093478,0.21414888190652182,3.0048326779502843,2.3141123569146105,0.69072032103567371,selection-conditioned OOF predictions
102,2,cl,5.5227035280000001,4.5465551906421329,0.97614833735786721,0.47302720482228028,-0.17074281492422122,0.6437700197465015,selection-conditioned OOF predictions
102,2,pH,4.9400000000000004,4.9111578807842857,0.028842119215714668,0.051256273185458709,-0.20238220443808885,0.25363847762354752,selection-conditioned OOF predictions
102,2,Starch,3.905219684,4.3483462672129622,-0.44312658321296228,-0.36482027420608354,0.18164134854906505,-0.54646162275514854,selection-conditioned OOF predictions
102,2,Neochlorogenic Acid,1.3667846829999999,1.3738721250468746,-0.0070874420468747257,-0.58029099473267831,-0.55938436686742243,-0.020906627865255944,selection-conditioned OOF predictions
102,2,Chlorogenic Acid,7.2386146599999996,7.8026415943580467,-0.56402693435804707,-1.3410505608823389,-1.1153263731523098,-0.22572418773002911,selection-conditioned OOF predictions
102,2,Cryptochlorogenic Acid,1.893697427,2.4193385529422216,-0.52564112594222157,-1.0234369134255379,-0.049174304038199543,-0.97426260938733833,selection-conditioned OOF predictions
102,2,Scopoletin,0.25813381000000002,0.28429576136248408,-0.026161951362484059,-0.61554555770661223,-0.40394435777959753,-0.2116011999270147,selection-conditioned OOF predictions
102,2,Rutin,4.7159339859999996,5.9369143788593206,-1.220980392859321,-1.9989574099777643,-1.4231245970479478,-0.57583281292981636,selection-conditioned OOF predictions
103,2,Total Alkaloids,3.6048187020000002,3.5781044474769517,0.026714254523048542,1.0753773435317442,1.0236026184871145,0.051774725044629523,selection-conditioned OOF predictions
103,2,Reducing Sugars,15.971057269999999,16.605000110929755,-0.63394284092975539,-0.086529628023675934,0.098178475954356276,-0.1847081039780322,selection-conditioned OOF predictions
103,2,Total Sugars,19.789833770000001,20.251647453388632,-0.46181368338863038,0.22911951584412898,0.34026302499221395,-0.11114350914808498,selection-conditioned OOF predictions
103,2,Total Nitrogen,2.2769597290000001,2.3925509389099875,-0.11559120990998739,0.06543895198767033,0.42860528282629101,-0.36316633083862071,selection-conditioned OOF predictions
103,2,K,1.741449612,1.8167318524753298,-0.07528224047532972,-1.9353872149863409,-1.6925702885262597,-0.24281692646008127,selection-conditioned OOF predictions
103,2,cl,5.4095215469999998,5.6035909164863913,-0.19406936948639153,0.39838366617677429,0.52637245337750727,-0.12798878720073298,selection-conditioned OOF predictions
103,2,pH,5.1100000000000003,5.0112638888921026,0.098736111107897706,1.5462414673562763,0.67795308949561794,0.86828837786065849,selection-conditioned OOF predictions
103,2,Starch,4.1909469650000002,4.6290465598606705,-0.43809959486067029,-0.01246273224016272,0.52779963207139002,-0.54026236431155283,selection-conditioned OOF predictions
103,2,Neochlorogenic Acid,1.492848585,1.6294527732289428,-0.13660418822894282,-0.2084260723918635,0.19453072206929678,-0.40295679446116028,selection-conditioned OOF predictions
103,2,Chlorogenic Acid,10.88492565,10.806175898317516,0.078749751682483549,0.11820703178139276,0.086691296185003708,0.031515735596389045,selection-conditioned OOF predictions
103,2,Cryptochlorogenic Acid,2.2808339160000002,2.3556217625982541,-0.074787846598253882,-0.30588916583234138,-0.16727177274562943,-0.13861739308671198,selection-conditioned OOF predictions
103,2,Scopoletin,0.28598463099999999,0.1843396259334093,0.10164500506659069,-0.39028456471343009,-1.2124023318735893,0.82211776716015916,selection-conditioned OOF predictions
103,2,Rutin,9.8517241650000003,10.298595462887853,-0.44687129788785285,0.42315888499834708,0.63391014520307054,-0.21075126020472343,selection-conditioned OOF predictions
104,2,Total Alkaloids,3.683958982,3.7560207336472247,-0.072061751647224614,1.2287586117015061,1.3684210295522612,-0.13966241785075523,selection-conditioned OOF predictions
104,2,Reducing Sugars,16.313058210000001,16.836854758133125,-0.52379654813312371,0.013117124187387771,0.1657325668257372,-0.15261544263834945,selection-conditioned OOF predictions
104,2,Total Sugars,17.697617650000002,19.464071638672724,-1.7664539886727226,-0.27440874639080454,0.15071918314371366,-0.42512792953451817,selection-conditioned OOF predictions
104,2,Total Nitrogen,2.4079032580000002,2.5315354668431591,-0.12363220884315895,0.47683944698224451,0.86526911818308827,-0.38842967120084371,selection-conditioned OOF predictions
104,2,K,1.6012387669999999,1.693793346840168,-0.092554579840168127,-2.3876262321078858,-2.0890987379114478,-0.29852749419643776,selection-conditioned OOF predictions
104,2,cl,6.9197853089999999,6.6815768933909485,0.23820841560905137,1.3944029131252256,1.2373044163583338,0.15709849676689192,selection-conditioned OOF predictions
104,2,pH,4.875,4.9055198758925087,-0.030519875892508708,-0.5203557128210341,-0.25196299171967285,-0.2683927211013612,selection-conditioned OOF predictions
104,2,Starch,4.9899977419999999,4.7399638326845253,0.25003390931547465,0.97292293588467693,0.66458229236547961,0.30834064351919732,selection-conditioned OOF predictions
104,2,Neochlorogenic Acid,1.356953289,1.3582195300107465,-0.0012662410107464606,-0.60929176742264246,-0.60555659337475365,-0.0037351740478887225,selection-conditioned OOF predictions
104,2,Chlorogenic Acid,10.102697239999999,8.8607870107417845,1.2419102292582149,-0.19484162194569335,-0.69185543574872443,0.497013813803031,selection-conditioned OOF predictions
104,2,Cryptochlorogenic Acid,2.0203622540000001,1.9949866632916482,0.025375590708351936,-0.78866684164051437,-0.8356998609347116,0.047033019294197211,selection-conditioned OOF predictions
104,2,Scopoletin,0.38329860399999999,0.2909491588975201,0.092349445102479888,0.39680326261100457,-0.35013082978627169,0.74693409239727626,selection-conditioned OOF predictions
104,2,Rutin,9.4209537329999993,9.2273604886118576,0.19359324438814163,0.22000103657077388,0.12869953563579764,0.091301500934976257,selection-conditioned OOF predictions
105,2,Total Alkaloids,2.943910619,3.0711487443533501,-0.12723812535335011,-0.20552436561291074,0.041075027594189628,-0.24659939320710036,selection-conditioned OOF predictions
105,2,Reducing Sugars,15.60554043,15.052812560664993,0.55272786933500662,-0.19302806625735677,-0.35407305354825219,0.16104498729089542,selection-conditioned OOF predictions
105,2,Total Sugars,17.373659350000001,17.656785968528641,-0.28312661852864096,-0.35237495565392013,-0.28423560195264974,-0.068139353701270361,selection-conditioned OOF predictions
105,2,Total Nitrogen,2.3402835500000001,2.2530962260708338,0.087187323929166283,0.26439075589351896,-0.0095357870646388104,0.27392654295815777,selection-conditioned OOF predictions
105,2,K,2.1265628859999999,2.1180272811586902,0.008535604841309663,-0.69323473730731477,-0.72076565721562702,0.027530919908312208,selection-conditioned OOF predictions
105,2,cl,3.955813418,4.5841925084692523,-0.62837909046925233,-0.56033712972710159,-0.14592099644286974,-0.41441613328423182,selection-conditioned OOF predictions
105,2,pH,4.835,4.7538194612109681,0.081180538789031864,-0.87211693497887399,-1.5860210734754179,0.71390413849654377,selection-conditioned OOF predictions
105,2,Starch,3.474691473,3.9892276685304626,-0.51453619553046259,-0.89574564347435848,-0.26122202194586308,-0.6345236215284954,selection-conditioned OOF predictions
105,2,Neochlorogenic Acid,1.434928896,1.5272984431785908,-0.092369547178590805,-0.37927831724772348,-0.10680543688088472,-0.27247288036683875,selection-conditioned OOF predictions
105,2,Chlorogenic Acid,8.7762761319999996,8.7910793209830125,-0.014803188983012916,-0.72567678061065388,-0.71975252840662074,-0.0059242522040331234,selection-conditioned OOF predictions
105,2,Cryptochlorogenic Acid,2.2707796899999999,2.3570632067096824,-0.086283516709682484,-0.32452442090408212,-0.16460009233103315,-0.15992432857304897,selection-conditioned OOF predictions
105,2,Scopoletin,0.37448873700000002,0.31915453076768835,0.055334206232311667,0.32554793449849179,-0.12200218412745707,0.44755011862594885,selection-conditioned OOF predictions
105,2,Rutin,6.8690945250000004,7.3277186682457014,-0.458624143245701,-0.98349434675992242,-0.76720026699649158,-0.21629407976343079,selection-conditioned OOF predictions
106,2,Total Alkaloids,3.1523295120000001,3.1925055008151291,-0.04017598881512896,0.19841095176122558,0.27627577754196159,-0.077864825780735988,selection-conditioned OOF predictions
106,2,Reducing Sugars,15.345457769999999,16.311060659670996,-0.96560288967099694,-0.26880678305098371,0.012535109989814299,-0.28134189304079799,selection-conditioned OOF predictions
106,2,Total Sugars,16.15248553,17.918784167293953,-1.7662986372939535,-0.64627171210917378,-0.22118117059066397,-0.42509054151850989,selection-conditioned OOF predictions
106,2,Total Nitrogen,2.3084667620000001,2.3203384925836157,-0.01187173058361557,0.16442825730882435,0.20172705226143073,-0.037298794952606386,selection-conditioned OOF predictions
106,2,K,2.1418446819999999,2.0838202747050771,0.058024407294922753,-0.64394451012915355,-0.83109765740614217,0.18715314727698867,selection-conditioned OOF predictions
106,2,cl,8.6108441469999999,7.5110475562154679,1.099796590784532,2.5096565481192719,1.7843404810111982,0.7253160671080735,selection-conditioned OOF predictions
106,2,pH,4.7999999999999998,4.8347349328592539,-0.034734932859254108,-1.179908004366985,-0.87444794351344168,-0.30546006085354316,selection-conditioned OOF predictions
106,2,Starch,3.5459399189999998,3.6233266141919263,-0.077386695191926425,-0.80788239424737429,-0.71244948492467952,-0.095432909322694728,selection-conditioned OOF predictions
106,2,Neochlorogenic Acid,1.5185650209999999,1.4069314983450454,0.11163352265495452,-0.13256739814566643,-0.46186540157186717,0.32929800342620075,selection-conditioned OOF predictions
106,2,Chlorogenic Acid,8.716588088,8.2406927574498177,0.47589533055018229,-0.74956400022442748,-0.94001782501422415,0.19045382478979661,selection-conditioned OOF predictions
106,2,Cryptochlorogenic Acid,2.337052484,2.3511754361384192,-0.014122952138419187,-0.20168946369236879,-0.17551292703351304,-0.026176536658855734,selection-conditioned OOF predictions
106,2,Scopoletin,0.36793850900000002,0.39418951362303084,-0.026251004623030816,0.27256885486519317,0.48489032892344597,-0.21232147405825283,selection-conditioned OOF predictions
106,2,Rutin,7.4228063090000003,6.8284124297494841,0.59439387925051612,-0.7223554980136071,-1.0026806379411621,0.28032513992755503,selection-conditioned OOF predictions
107,2,Total Alkaloids,3.229030179,3.396542703124203,-0.16751252412420303,0.34706402165087746,0.67171896834159117,-0.32465494669071371,selection-conditioned OOF predictions
107,2,Reducing Sugars,12.63167829,12.263806438406217,0.36787185159378311,-1.059504350721493,-1.1666889544865897,0.10718460376509696,selection-conditioned OOF predictions
107,2,Total Sugars,13.53918391,14.755533470091169,-1.2163495600911691,-1.2752082788603833,-0.98247256460590549,-0.29273571425447781,selection-conditioned OOF predictions
107,2,Total Nitrogen,2.3885042190000001,2.5170286697396196,-0.12852445073961949,0.41589123283247109,0.81969142866486844,-0.40380019583239735,selection-conditioned OOF predictions
107,2,K,2.0194569429999998,2.0243244372632048,-0.0048674942632049856,-1.0386965051912198,-1.0229967865179848,-0.015699718673235143,selection-conditioned OOF predictions
107,2,cl,5.0001050359999999,4.865165059783644,0.13493997621635589,0.12837339695435607,0.039380456200569569,0.088992940753786498,selection-conditioned OOF predictions
107,2,pH,4.7199999999999998,4.7144737828595886,0.0055262171404111271,-1.8834304486826647,-1.9320281710631801,0.04859772238051549,selection-conditioned OOF predictions
107,2,Starch,3.916724447,4.0098521740310265,-0.093127727031026453,-0.35063265446815417,-0.23578797855663108,-0.11484467591152311,selection-conditioned OOF predictions
107,2,Neochlorogenic Acid,1.1597707079999999,1.291049669235047,-0.13127896123504712,-1.1909434853785599,-0.80369511411480499,-0.38724837126375489,selection-conditioned OOF predictions
107,2,Chlorogenic Acid,6.9950656599999999,8.0507828708096376,-1.0557172108096378,-1.4385191334781335,-1.0160199665654008,-0.42249916691273259,selection-conditioned OOF predictions
107,2,Cryptochlorogenic Acid,1.794301712,1.9136307444023615,-0.11932903240236148,-1.2076643718159694,-0.98649101085492086,-0.2211733609610485,selection-conditioned OOF predictions
107,2,Scopoletin,0.46859694400000002,0.39697474730810506,0.071622196691894957,1.0867071174765432,0.50741765426218122,0.57928946321436203,selection-conditioned OOF predictions
107,2,Rutin,6.4649480659999998,6.4903208587699126,-0.025372792769912778,-1.1740959270003748,-1.1621297343260035,-0.011966192674371285,selection-conditioned OOF predictions
108,2,Total Alkaloids,3.8682821870000001,3.8413370049477877,0.026945182052212413,1.5859942309843174,1.5337719467791886,0.052222284205128637,selection-conditioned OOF predictions
108,2,Reducing Sugars,13.89841539,12.272110204622638,1.6263051853773618,-0.69042279813786323,-1.1642695361815221,0.47384673804365884,selection-conditioned OOF predictions
108,2,Total Sugars,15.40277111,15.895485430086584,-0.49271432008658422,-0.82670354965522574,-0.70812326389991642,-0.11858028575530934,selection-conditioned OOF predictions
108,2,Total Nitrogen,2.4266120940000002,2.5613005272025897,-0.1346884332025895,0.53561917019538885,0.95878546571801015,-0.42316629552262136,selection-conditioned OOF predictions
108,2,K,1.8022929409999999,1.8941917373246766,-0.091898796324676679,-1.7391418581784372,-1.4427295419662014,-0.29641231621223568,selection-conditioned OOF predictions
108,2,cl,3.7480890069999999,4.011624414530937,-0.26353540753093707,-0.697331419481523,-0.52352976657977179,-0.17380165290175131,selection-conditioned OOF predictions
108,2,pH,4.8849999999999998,4.8572113992370838,0.027788600762916005,-0.43241540728157607,-0.67678921144206627,0.2443738041604902,selection-conditioned OOF predictions
108,2,Starch,4.2860854030000004,4.4252492547257578,-0.1391638517257574,0.10486154300171453,0.27647775183197215,-0.17161620883025763,selection-conditioned OOF predictions
108,2,Neochlorogenic Acid,1.479356197,1.4556685345362617,0.023687662463738324,-0.24822609235167822,-0.31810026428166877,0.069874171929990569,selection-conditioned OOF predictions
108,2,Chlorogenic Acid,8.937540061,8.5542240077118201,0.38331605328817986,-0.66113878221682099,-0.81454228035088216,0.15340349813406123,selection-conditioned OOF predictions
108,2,Cryptochlorogenic Acid,2.1754645720000001,1.9608297843985412,0.21463478760145893,-0.50118859536395732,-0.89900877706884152,0.3978201817048842,selection-conditioned OOF predictions
108,2,Scopoletin,0.31112690300000001,0.22731777933838665,0.083809123661613361,-0.18693066154394397,-0.86478954469512448,0.67785888315118048,selection-conditioned OOF predictions
108,2,Rutin,8.4578683009999995,9.2441777418167206,-0.78630944081672105,-0.23420461377678611,0.13663080650250758,-0.37083542027929367,selection-conditioned OOF predictions
109,2,Total Alkaloids,3.1267203029999999,3.227224453707477,-0.10050415070747709,0.14877790834459226,0.34356435706372423,-0.19478644871913198,selection-conditioned OOF predictions
109,2,Reducing Sugars,15.82107487,13.557488970612891,2.2635858993871096,-0.13022909577607583,-0.78975647375545743,0.65952737797938166,selection-conditioned OOF predictions
109,2,Total Sugars,17.332969110000001,16.769196212273162,0.56377289772683881,-0.36216777086132917,-0.49784954138872006,0.13568177052739086,selection-conditioned OOF predictions
109,2,Total Nitrogen,2.3133089450000002,2.4772936649272981,-0.16398471992729791,0.17964150609070448,0.69485134856896047,-0.51520984247825596,selection-conditioned OOF predictions
109,2,K,1.886923678,2.0150760173411597,-0.12815233934115966,-1.4661720938270992,-1.0528268352240813,-0.41334525860301791,selection-conditioned OOF predictions
109,2,cl,2.9712885660000001,4.0074895033273865,-1.0362009373273864,-1.2096314625213194,-0.52625674132867595,-0.68337472119264331,selection-conditioned OOF predictions
109,2,pH,4.9199999999999999,4.8631067258550331,0.05689327414496681,-0.12462433789346515,-0.62494552903832867,0.50032119114486351,selection-conditioned OOF predictions
109,2,Starch,3.90008081,4.3032058680121157,-0.40312505801211573,-0.37115750950533583,0.12597442010560747,-0.49713192961094332,selection-conditioned OOF predictions
109,2,Neochlorogenic Acid,1.7389848189999999,1.6373122690042194,0.10167254999578046,0.51762976190771715,0.21771476396981815,0.29991499793789894,selection-conditioned OOF predictions
109,2,Chlorogenic Acid,9.5951977129999992,10.589660687768099,-0.99446297476809953,-0.39794348025646864,4.1675297504043275e-05,-0.39798515555397268,selection-conditioned OOF predictions
109,2,Cryptochlorogenic Acid,2.5715040299999998,2.3586527611500046,0.21285126884999528,0.23286058140049376,-0.16165389314615103,0.39451447454664479,selection-conditioned OOF predictions
109,2,Scopoletin,0.32587957099999998,0.29884809554426689,0.027031475455733089,-0.067609200859580706,-0.28624322257223589,0.2186340217126552,selection-conditioned OOF predictions
109,2,Rutin,8.1251560220000005,8.5149257705672383,-0.38976974856723778,-0.3911167547360665,-0.20729544849312537,-0.1838213062429411,selection-conditioned OOF predictions
110,2,Total Alkaloids,2.9045964030000002,3.1692346956110513,-0.2646382926110511,-0.28171899503777403,0.23117477949731288,-0.51289377453508689,selection-conditioned OOF predictions
110,2,Reducing Sugars,16.0772069,13.78232822720101,2.2948786727989905,-0.055601450230053133,-0.72424641495691755,0.66864496472686441,selection-conditioned OOF predictions
110,2,Total Sugars,17.245088630000001,16.202946879428726,1.0421417505712753,-0.38331773952650289,-0.63412730917441573,0.25080956964791279,selection-conditioned OOF predictions
110,2,Total Nitrogen,2.323909403,2.5024816388154849,-0.17857223581548487,0.21294619630085709,0.7739873318790671,-0.56104113557821,selection-conditioned OOF predictions
110,2,K,1.882262428,1.9212798290088684,-0.039017401008868413,-1.4812065879032017,-1.3553590396419541,-0.12584754826124755,selection-conditioned OOF predictions
110,2,cl,4.7677985339999998,5.621876048527449,-0.85407751452744929,-0.024832786630991064,0.53843150154123287,-0.56326428817222385,selection-conditioned OOF predictions
110,2,pH,4.8600000000000003,4.8150446959705731,0.044955304029427268,-0.65226617113022112,-1.0476044883269358,0.39533831719671469,selection-conditioned OOF predictions
110,2,Starch,3.876777417,4.0514365054128394,-0.17465908841283939,-0.39989514438643009,-0.18450637625841756,-0.21538876812801253,selection-conditioned OOF predictions
110,2,Neochlorogenic Acid,1.4770112849999999,1.529037611830681,-0.052026326830681091,-0.25514314398138327,-0.10167521478330827,-0.153467929198075,selection-conditioned OOF predictions
110,2,Chlorogenic Acid,9.1104633350000004,9.3411608290536741,-0.23069749405367368,-0.59193470137324722,-0.4996093153242861,-0.092325386048961053,selection-conditioned OOF predictions
110,2,Cryptochlorogenic Acid,2.3123193020000001,2.2993841272195468,0.012935174780453362,-0.24753179459936958,-0.27150681579257624,0.023975021193206679,selection-conditioned OOF predictions
110,2,Scopoletin,0.29370663499999999,0.36349421747669702,-0.06978758247669703,-0.32782801131641076,0.23662285809581904,-0.56445086941222977,selection-conditioned OOF predictions
110,2,Rutin,7.1749827540000002,6.9953641191914997,0.17961863480850049,-0.83923283332586984,-0.92394369710491597,0.0847108637790462,selection-conditioned OOF predictions
111,2,Total Alkaloids,3.147705996,3.4081420905986719,-0.2604360945986719,0.18945014510899738,0.69419966667657929,-0.5047495215675819,selection-conditioned OOF predictions
111,2,Reducing Sugars,14.345779050000001,11.999116291998977,2.346662758001024,-0.56007714535616515,-1.2438101268194854,0.68373298146332018,selection-conditioned OOF predictions
111,2,Total Sugars,15.40434894,14.774156117215473,0.63019282278452771,-0.82632381737498584,-0.97799070011060907,0.15166688273562326,selection-conditioned OOF predictions
111,2,Total Nitrogen,2.3404660719999999,2.6035913015417829,-0.26312522954178297,0.26496420646202556,1.0916553038056021,-0.82669109734357638,selection-conditioned OOF predictions
111,2,K,2.2099939179999999,2.134524516549662,0.07546940145033787,-0.42413452676999069,-0.66755512618690493,0.24342059941691421,selection-conditioned OOF predictions
111,2,cl,4.7509030269999997,5.4408937308594236,-0.68999070385942396,-0.035975376807866652,0.41907362757888844,-0.45504900438675511,selection-conditioned OOF predictions
111,2,pH,4.9950000000000001,4.9590139368927169,0.03598606310728325,0.53492795365248569,0.2184654151708082,0.31646253848167749,selection-conditioned OOF predictions
111,2,Starch,3.3483733510000002,3.4384187636128889,-0.090045412612888676,-1.0515205586938514,-0.94047697845698708,-0.11104358023686423,selection-conditioned OOF predictions
111,2,Neochlorogenic Acid,1.7252965490000001,1.7211874043965949,0.0041091446034051682,0.47725192670053745,0.46513071900674069,0.012121207693796758,selection-conditioned OOF predictions
111,2,Chlorogenic Acid,9.5580443810000002,10.658323019372116,-1.1002786383721155,-0.41281228381229346,0.027520414493898419,-0.44033269830619187,selection-conditioned OOF predictions
111,2,Cryptochlorogenic Acid,2.5553324480000001,2.5769208054960799,-0.021588357496079791,0.20288696080716745,0.24290043857456214,-0.040013477767394702,selection-conditioned OOF predictions
111,2,Scopoletin,0.31562524400000003,0.33254900833424167,-0.016923764334241642,-0.15054750571230982,-0.013665940924188274,-0.13688156478812155,selection-conditioned OOF predictions
111,2,Rutin,9.0565788420000004,8.6310895353401023,0.42548930665989815,0.048156329094214509,-0.15251086077912529,0.20066718987333981,selection-conditioned OOF predictions
112,2,Total Alkaloids,3.4364723260000001,3.3912411251862893,0.045231200813710792,0.74910631387827742,0.66144401420422849,0.087662299674048982,selection-conditioned OOF predictions
112,2,Reducing Sugars,14.417344659999999,12.821044764957723,1.5962998950422769,-0.53922550498785671,-1.0043297824668129,0.46510427747895627,selection-conditioned OOF predictions
112,2,Total Sugars,15.916187069999999,15.608135208847191,0.30805186115280847,-0.70314105356735512,-0.77727910118191545,0.074138047614560332,selection-conditioned OOF predictions
112,2,Total Nitrogen,2.4019783779999999,2.5245450867293679,-0.12256670872936803,0.45822456327322558,0.84330662900186337,-0.38508206572863779,selection-conditioned OOF predictions
112,2,K,1.9897134379999999,2.0951743505957423,-0.10546091259574242,-1.1346318336385286,-0.79447598152138565,-0.34015585211714289,selection-conditioned OOF predictions
112,2,cl,3.7984367450000001,4.5320888225927636,-0.73365207759276352,-0.66412707640577484,-0.18028338748720901,-0.48384368891856588,selection-conditioned OOF predictions
112,2,pH,4.8799999999999999,4.8454285525419767,0.034571447458023208,-0.47638556005130506,-0.78040792529129965,0.30402236523999454,selection-conditioned OOF predictions
112,2,Starch,3.5514967300000002,3.6264085725223243,-0.074911842522324079,-0.80102976100116585,-0.70864882837575016,-0.09238093262541576,selection-conditioned OOF predictions
112,2,Neochlorogenic Acid,1.7625040199999999,1.675518910893814,0.086985109106185954,0.58700700404149642,0.33041720847433137,0.25658979556716505,selection-conditioned OOF predictions
112,2,Chlorogenic Acid,10.39744185,9.9277710677465159,0.46967078225348402,-0.076884510986484966,-0.26484726483149112,0.18796275384500619,selection-conditioned OOF predictions
112,2,Cryptochlorogenic Acid,2.587200159,2.4957987038486422,0.09140145515135778,0.26195296181385841,0.092542663032651837,0.16941029878120659,selection-conditioned OOF predictions
112,2,Scopoletin,0.24433580999999999,0.32330131489947228,-0.078965504899472294,-0.72714554182628821,-0.088462465091741035,-0.63868307673454716,selection-conditioned OOF predictions
112,2,Rutin,9.4266762530000001,8.5550113731374822,0.87166487986251795,0.22269986351993629,-0.18839047227810624,0.41109033579804249,selection-conditioned OOF predictions
113,2,Total Alkaloids,3.2304255890000002,3.3130555837223299,-0.08262999472232968,0.34976845680598179,0.50991311865670674,-0.16014466185072496,selection-conditioned OOF predictions
113,2,Reducing Sugars,13.92205487,11.970230459711249,1.9518244102887508,-0.68353510535562012,-1.2522264176413338,0.56869131228571357,selection-conditioned OOF predictions
113,2,Total Sugars,15.20624825,14.726140387413597,0.48010786258640259,-0.87400019995789102,-0.98954652207181282,0.11554632211392175,selection-conditioned OOF predictions
113,2,Total Nitrogen,2.3835255420000001,2.4729438953280503,-0.089418353328050149,0.4002491449961329,0.68118517216521546,-0.2809360271690825,selection-conditioned OOF predictions
113,2,K,2.1001928319999998,2.2861531654255187,-0.18596033342551888,-0.77828926573842194,-0.17848888359286599,-0.59980038214555598,selection-conditioned OOF predictions
113,2,cl,4.0803130230000004,4.3395582624843403,-0.25924523948433986,-0.4782296158361074,-0.30725732960166946,-0.17097228623443794,selection-conditioned OOF predictions
113,2,pH,4.8300000000000001,4.8391673037200293,-0.009167303720029274,-0.91608708774860304,-0.83546953873736285,-0.080617549011240172,selection-conditioned OOF predictions
113,2,Starch,3.2977362600000002,3.665488315814871,-0.3677520558148708,-1.1139659816671819,-0.66045587235479208,-0.45351010931238972,selection-conditioned OOF predictions
113,2,Neochlorogenic Acid,1.548991102,1.517484857147787,0.031506244852212983,-0.042816152398883367,-0.13575367939387414,0.092937526994990777,selection-conditioned OOF predictions
113,2,Chlorogenic Acid,9.0472193959999991,9.5794421671069152,-0.53222277110691607,-0.61724499400292598,-0.40424886672353044,-0.21299612727939549,selection-conditioned OOF predictions
113,2,Cryptochlorogenic Acid,2.3040824190000002,2.2806707402855437,0.023411678714456485,-0.26279865011873815,-0.3061916079159398,0.043392957797201655,selection-conditioned OOF predictions
113,2,Scopoletin,0.309170367,0.36250164560384385,-0.053331278603843846,-0.20275537429431179,0.22859481017234815,-0.4313501844666599,selection-conditioned OOF predictions
113,2,Rutin,8.4770229439999998,7.8302771785762175,0.64674576542378226,-0.22517099454435394,-0.53018607548458729,0.30501508094023333,selection-conditioned OOF predictions
114,2,Total Alkaloids,3.5669939409999998,3.575749236473746,-0.0087552954737462052,1.0020694172722182,1.0190379991746852,-0.016968581902467018,selection-conditioned OOF predictions
114,2,Reducing Sugars,15.511088000000001,13.15376649904778,2.3573215009522208,-0.22054810140095216,-0.90738665654409711,0.68683855514314496,selection-conditioned OOF predictions
114,2,Total Sugars,16.618117659999999,16.262141413007644,0.35597624699235553,-0.53420922725476483,-0.61988111331449669,0.085671886059731861,selection-conditioned OOF predictions
114,2,Total Nitrogen,2.468678497,2.550547915265525,-0.081869418265525074,0.66778407478445889,0.92500273581012005,-0.25721866102566115,selection-conditioned OOF predictions
114,2,K,1.924615583,1.9730922785152401,-0.048476695515240031,-1.3445998283533507,-1.1882420720534543,-0.15635775629989623,selection-conditioned OOF predictions
114,2,cl,3.4182475010000002,4.0564699411180616,-0.6382224401180614,-0.91486195731512754,-0.49395413300887592,-0.42090782430625157,selection-conditioned OOF predictions
114,2,pH,4.79,4.8111751713188617,-0.021175171318861707,-1.267848309906443,-1.0816332063433323,-0.18621510356311066,selection-conditioned OOF predictions
114,2,Starch,3.2952463920000001,4.1671714998261553,-0.87192510782615518,-1.1170364751994379,-0.041782524310533239,-1.0752539508889047,selection-conditioned OOF predictions
114,2,Neochlorogenic Acid,1.5784263039999999,1.5240526945086472,0.054373609491352726,0.044012185707104891,-0.11637978812606793,0.16039197383317283,selection-conditioned OOF predictions
114,2,Chlorogenic Acid,9.5405345950000005,9.5479752443862331,-0.0074406493862326784,-0.41981971906301424,-0.416841963149987,-0.0029777559130272566,selection-conditioned OOF predictions
114,2,Cryptochlorogenic Acid,2.3416621219999998,2.1765011337265747,0.16516098827342507,-0.19314561557135154,-0.4992673542686884,0.30612173869733689,selection-conditioned OOF predictions
114,2,Scopoletin,0.277190679,0.30620017040696873,-0.029009491406968735,-0.46141117027577172,-0.22677870322709948,-0.23463246704867224,selection-conditioned OOF predictions
114,2,Rutin,8.8360485739999994,8.8468311332135059,-0.01078255921350646,-0.055849079429358892,-0.050763861485804973,-0.0050852179435539194,selection-conditioned OOF predictions
115,2,Total Alkaloids,3.2573191110000002,3.3247570629544243,-0.067437951954424147,0.4018906189958476,0.5325916803711811,-0.13070106137533344,selection-conditioned OOF predictions
115,2,Reducing Sugars,14.51086153,12.177662408839748,2.3331991211602521,-0.51197805832164511,-1.1917882210812152,0.67981016275956996,selection-conditioned OOF predictions
115,2,Total Sugars,15.55997636,14.309780609484907,1.2501957505150934,-0.78886936723495626,-1.0897507569215836,0.30088138968662737,selection-conditioned OOF predictions
115,2,Total Nitrogen,2.413135729,2.553170290151932,-0.14003456115193202,0.49327890890819176,0.93324175559649802,-0.43996284668830621,selection-conditioned OOF predictions
115,2,K,2.2944779639999999,2.2016998826112668,0.092778081388733113,-0.15163790266440633,-0.45088628347020848,0.29924838080580218,selection-conditioned OOF predictions
115,2,cl,4.63578709,5.2112612949112052,-0.57547420491120516,-0.11189435981429664,0.26763099107862726,-0.37952535089292389,selection-conditioned OOF predictions
115,2,pH,4.8399999999999999,4.8280272400752757,0.01197275992472413,-0.82814678220914495,-0.93343559880222904,0.10528881659308409,selection-conditioned OOF predictions
115,2,Starch,3.6879577829999999,3.3734149639281998,0.31454281907180004,-0.63274663087485117,-1.020639359155042,0.38789272828019083,selection-conditioned OOF predictions
115,2,Neochlorogenic Acid,1.592753657,1.5918416742351624,0.00091198276483761553,0.086275196181701139,0.083585017671896633,0.0026901785098045064,selection-conditioned OOF predictions
115,2,Chlorogenic Acid,8.7693296969999999,9.0418855531154598,-0.27255585611545996,-0.72845675139304034,-0.61937960368067579,-0.10907714771236462,selection-conditioned OOF predictions
115,2,Cryptochlorogenic Acid,2.4102801,2.4454503398960412,-0.035170239896041178,-0.065963918786630063,-0.00077676351510331068,-0.065187155271526756,selection-conditioned OOF predictions
115,2,Scopoletin,0.37599125,0.39083405320013193,-0.014842803200131927,0.33770045130814569,0.457750936989128,-0.12005048568098237,selection-conditioned OOF predictions
115,2,Rutin,7.5388272560000003,7.6196322658987938,-0.080805009898793578,-0.66763826532051118,-0.6295294009841409,-0.038108864336370285,selection-conditioned OOF predictions
116,2,Total Alkaloids,3.2646887009999999,3.356908387734022,-0.092219686734022144,0.41617357402318833,0.59490395634534488,-0.17873038232215654,selection-conditioned OOF predictions
116,2,Reducing Sugars,14.06049436,13.476581778346375,0.58391258165362458,-0.6431988257060498,-0.81332991463510629,0.17013108892905646,selection-conditioned OOF predictions
116,2,Total Sugars,15.388176619999999,15.926848716416817,-0.53867209641681768,-0.83021596795544672,-0.70057514259787868,-0.12964082535756813,selection-conditioned OOF predictions
116,2,Total Nitrogen,2.3620640540000002,2.5370431946283811,-0.17497914062838094,0.33282109525630899,0.88257338632401872,-0.54975229106770973,selection-conditioned OOF predictions
116,2,K,2.0823518839999999,2.1309712763364117,-0.048619392336411771,-0.83583383576106562,-0.67901582212406342,-0.15681801363700221,selection-conditioned OOF predictions
116,2,cl,5.8822828139999999,5.517105076663265,0.36517773733673486,0.7101698143924764,0.46933502506878605,0.24083478932369032,selection-conditioned OOF predictions
116,2,pH,4.8550000000000004,4.9197821503219821,-0.064782150321981646,-0.69623632389995016,-0.12654011461812148,-0.56969620928182862,selection-conditioned OOF predictions
116,2,Starch,3.2721192879999998,3.6990903841691694,-0.42697109616916951,-1.1455567113130847,-0.61901795936008785,-0.52653875195299682,selection-conditioned OOF predictions
116,2,Neochlorogenic Acid,1.629259639,1.6396069415571155,-0.010347302557115468,0.19396101223239878,0.22448361863116514,-0.030522606398766368,selection-conditioned OOF predictions
116,2,Chlorogenic Acid,10.067331920000001,10.013941535882733,0.053390384117268042,-0.20899486116980584,-0.23036175050316918,0.021366889333363333,selection-conditioned OOF predictions
116,2,Cryptochlorogenic Acid,2.449317985,2.4908631579119742,-0.041545172911974237,0.0063918194309373596,0.083394752746161427,-0.077002933315224065,selection-conditioned OOF predictions
116,2,Scopoletin,0.31103819199999999,0.34696790772290748,-0.035929715722907485,-0.18764816742822016,0.10295595665504825,-0.29060412408326841,selection-conditioned OOF predictions
116,2,Rutin,9.8848688449999997,8.5681924545715233,1.3166763904284764,0.438790417191393,-0.1821740749927688,0.62096449218416183,selection-conditioned OOF predictions
117,2,Total Alkaloids,2.7927827390000002,2.9778535781080167,-0.18507083910801647,-0.49842433880238668,-0.13973973465858527,-0.35868460414380138,selection-conditioned OOF predictions
117,2,Reducing Sugars,12.14102308,14.183425957316896,-2.0424028773168956,-1.2024636014531931,-0.60738098726166745,-0.59508261419152564,selection-conditioned OOF predictions
117,2,Total Sugars,14.040392130000001,15.305652178635317,-1.2652600486353158,-1.1545837881005738,-0.85007691260406526,-0.30450687549650851,selection-conditioned OOF predictions
117,2,Total Nitrogen,2.5928815959999998,2.6162972541966201,-0.023415658196620281,1.0580073779036225,1.1315750711396384,-0.073567693236015794,selection-conditioned OOF predictions
117,2,K,1.9001265839999999,2.1401976929908542,-0.24007110899085427,-1.4235871623078,-0.64925674322143712,-0.77433041908636291,selection-conditioned OOF predictions
117,2,cl,8.2673986270000004,6.7375441540637357,1.5298544729362646,2.2831541603872019,1.2742148357378309,1.0089393246493708,selection-conditioned OOF predictions
117,2,pH,4.7450000000000001,4.8186581530978501,-0.073658153097849954,-1.6635796848340119,-1.0158276359442879,-0.64775204888972393,selection-conditioned OOF predictions
117,2,Starch,2.5890355359999999,2.7543818849018908,-0.16534634890189093,-1.9879323884594977,-1.7840280469902288,-0.20390434146926897,selection-conditioned OOF predictions
117,2,Neochlorogenic Acid,1.510806101,1.8027567842828685,-0.29195068328286844,-0.15545476032844696,0.70574512674415568,-0.86119988707260264,selection-conditioned OOF predictions
117,2,Chlorogenic Acid,10.94665837,10.983068120339777,-0.036409750339776892,0.14291253293662595,0.15748375430968561,-0.014571221373059655,selection-conditioned OOF predictions
117,2,Cryptochlorogenic Acid,2.4401330259999998,2.9749464712499503,-0.53481344524995045,-0.010632271114518739,0.98063100146648308,-0.99126327258100189,selection-conditioned OOF predictions
117,2,Scopoletin,0.45470746699999998,0.50502956425591505,-0.050322097255915077,0.97436725571175076,1.3813787975749845,-0.40701154186323368,selection-conditioned OOF predictions
117,2,Rutin,8.2404547869999991,7.1343113612460698,1.1061434257539293,-0.3367401139926367,-0.85841407704791173,0.52167396305527503,selection-conditioned OOF predictions
118,2,Total Alkaloids,3.3919158820000002,3.53878063931367,-0.14686475731366988,0.66275175604938197,0.94738939855222692,-0.28463764250284501,selection-conditioned OOF predictions
118,2,Reducing Sugars,13.77940718,13.68786366150059,0.091543518499410226,-0.72509750287099128,-0.75176998600638734,0.026672483135396077,selection-conditioned OOF predictions
118,2,Total Sugars,15.129299290000001,15.797813504239915,-0.66851421423991475,-0.89251930787375255,-0.73162971460574144,-0.16088959326801111,selection-conditioned OOF predictions
118,2,Total Nitrogen,2.4808179529999999,2.5352604336751479,-0.054442480675148008,0.70592401377575342,0.87697227915806508,-0.17104826538231163,selection-conditioned OOF predictions
118,2,K,1.8724227819999999,1.9853366097672747,-0.11291382776727477,-1.5129435896726724,-1.1487489477467665,-0.36419464192590578,selection-conditioned OOF predictions
118,2,cl,5.6299251720000001,6.5059810573923844,-0.87605588539238433,0.54373990004846351,1.1214989281123848,-0.57775902806392132,selection-conditioned OOF predictions
118,2,pH,4.8200000000000003,4.8196908518899928,0.00030914811000748443,-1.004027393288061,-1.0067460512131616,0.0027186579251004743,selection-conditioned OOF predictions
118,2,Starch,3.5480161099999998,3.5926136322137143,-0.044597522213714491,-0.80532204525006668,-0.75032459015933295,-0.054997455090733803,selection-conditioned OOF predictions
118,2,Neochlorogenic Acid,1.4597391989999999,1.4263809333815214,0.033358265618478544,-0.30609256579964378,-0.40449320751260454,0.098400641712960715,selection-conditioned OOF predictions
118,2,Chlorogenic Acid,8.4488084130000001,8.3033255443911962,0.14548286860880388,-0.85672971510075968,-0.91495211609785543,0.058222400997095733,selection-conditioned OOF predictions
118,2,Cryptochlorogenic Acid,2.2932137770000001,2.2186492569238538,0.074564520076146223,-0.28294340476752283,-0.42114686776118132,0.13820346299365846,selection-conditioned OOF predictions
118,2,Scopoletin,0.40570122199999997,0.3756693261496637,0.030031895850336277,0.57799849474893472,0.33509669014092747,0.24290180460800717,selection-conditioned OOF predictions
118,2,Rutin,7.839750123,7.4442088839822205,0.39554123901777949,-0.52571849167556295,-0.71226172007251187,0.18654322839694895,selection-conditioned OOF predictions
119,2,Total Alkaloids,3.3149218880000002,3.3352402420553404,-0.020318354055340215,0.51353019098573727,0.5529090624293348,-0.03937887144359755,selection-conditioned OOF predictions
119,2,Reducing Sugars,14.5575037,14.69611069085283,-0.13860699085283024,-0.49838821042071157,-0.45800312705739371,-0.040385083363317864,selection-conditioned OOF predictions
119,2,Total Sugars,16.70263319,17.204764296876267,-0.50213110687626639,-0.51386909243505752,-0.39302249286889507,-0.12084659956616246,selection-conditioned OOF predictions
119,2,Total Nitrogen,2.3512214569999998,2.4648741651453778,-0.11365270814537798,0.29875564882384859,0.65583156349911564,-0.35707591467526706,selection-conditioned OOF predictions
119,2,K,2.2528128120000002,2.1088414172914027,0.14397139470859743,-0.28602556282507108,-0.75039393630312834,0.46436837347805732,selection-conditioned OOF predictions
119,2,cl,5.1667457219999999,5.1400211618071214,0.026724560192878499,0.23827296202164883,0.22064810933824094,0.017624852683407893,selection-conditioned OOF predictions
119,2,pH,4.9100000000000001,4.8869546197908562,0.023045380209143929,-0.21256464343292319,-0.41522642111943714,0.20266177768651394,selection-conditioned OOF predictions
119,2,Starch,3.9493986489999999,3.7474184598079194,0.20198018919208049,-0.31033898190694736,-0.5594200032936768,0.2490810213867295,selection-conditioned OOF predictions
119,2,Neochlorogenic Acid,1.7282316230000001,1.6890752013609038,0.039156421639096273,0.48590984580155466,0.37040572875489419,0.11550411704666043,selection-conditioned OOF predictions
119,2,Chlorogenic Acid,10.091548749999999,10.139246010883181,-0.047697260883181158,-0.19930325967320814,-0.1802147644011565,-0.019088495272051632,selection-conditioned OOF predictions
119,2,Cryptochlorogenic Acid,2.5268944879999999,2.5821061689047795,-0.05521168090477957,0.15017791703592648,0.25251137926365991,-0.10233346222773347,selection-conditioned OOF predictions
119,2,Scopoletin,0.24476614199999999,0.32417506624624232,-0.079408924246242324,-0.72366496171567873,-0.081395452740379876,-0.64226950897529889,selection-conditioned OOF predictions
119,2,Rutin,8.4309941679999998,9.0282796696838332,-0.59728550168383343,-0.24687886120200489,0.034810011582724641,-0.28168887278472954,selection-conditioned OOF predictions
120,2,Total Alkaloids,3.3290127030000001,3.2866442964098312,0.042368406590168828,0.54083950899984445,0.45872557241619566,0.082113936583648781,selection-conditioned OOF predictions
120,2,Reducing Sugars,14.365346499999999,14.207114596573437,0.15823190342656268,-0.55437589540769361,-0.60047897124319149,0.046103075835497893,selection-conditioned OOF predictions
120,2,Total Sugars,16.316608479999999,16.99177983718619,-0.67517135718619059,-0.60677266465590662,-0.44428091394959612,-0.16249175070631047,selection-conditioned OOF predictions
120,2,Total Nitrogen,2.4206724020000001,2.3986173148957124,0.022055087104287718,0.51695774990546095,0.44766472090933229,0.069293028996128658,selection-conditioned OOF predictions
120,2,K,2.3659873949999999,2.1027192800411298,0.26326811495887004,0.079010124528931469,-0.77014040693274766,0.84915053146167918,selection-conditioned OOF predictions
120,2,cl,4.346420352,4.3849369038079349,-0.038516551807934896,-0.30273178022158692,-0.27733010675761732,-0.025401673463969616,selection-conditioned OOF predictions
120,2,pH,4.8600000000000003,4.8184819468235851,0.041518053176415215,-0.65226617113022112,-1.0173771993039709,0.3651110281737498,selection-conditioned OOF predictions
120,2,Starch,3.7208263929999998,3.8702242531475282,-0.14939786014752832,-0.5922132152804318,-0.4079764752942649,-0.18423673998616685,selection-conditioned OOF predictions
120,2,Neochlorogenic Acid,1.573942526,1.6339577191155144,-0.060015193115514398,0.030785879593214723,0.20781946948772517,-0.17703358989451046,selection-conditioned OOF predictions
120,2,Chlorogenic Acid,9.849234804,9.5867495138659926,0.26248529013400734,-0.29627756232554681,-0.4013244586657278,0.10504689634018098,selection-conditioned OOF predictions
120,2,Cryptochlorogenic Acid,2.3554032380000001,2.4579415237544993,-0.10253828575449919,-0.16767680259356729,0.022375331668590567,-0.19005213426215786,selection-conditioned OOF predictions
120,2,Scopoletin,0.24221838200000001,0.30566171307019169,-0.063443331070191678,-0.74427156959658491,-0.23113381485439624,-0.5131377547421887,selection-conditioned OOF predictions
120,2,Rutin,8.4413212269999995,8.4922356277063571,-0.050914400706357554,-0.24200846404571968,-0.21799646291217184,-0.024012001133547838,selection-conditioned OOF predictions
121,2,Total Alkaloids,3.625008003,3.7323200268262497,-0.10731202382624971,1.1145060980779882,1.3224868419461413,-0.20798074386815318,selection-conditioned OOF predictions
121,2,Reducing Sugars,14.355917420000001,13.308533754780154,1.0473836652198472,-0.5571231896061779,-0.86229305422139568,0.30516986461521778,selection-conditioned OOF predictions
121,2,Total Sugars,17.116008770000001,16.743948782310941,0.37205998768905957,-0.41438305681089943,-0.50392577529842497,0.089542718487525527,selection-conditioned OOF predictions
121,2,Total Nitrogen,2.4344315810000001,2.551234238976654,-0.1168026579766539,0.56018656078712703,0.92715903873429872,-0.36697247794717175,selection-conditioned OOF predictions
121,2,K,1.942419788,1.7478382006678586,0.19458158733214148,-1.2871737699779768,-1.9147813263338178,0.62760755635584109,selection-conditioned OOF predictions
121,2,cl,4.9851923249999999,5.9387812045748749,-0.95358887957487504,0.11853846112797431,0.74743051404646599,-0.62889205291849171,selection-conditioned OOF predictions
121,2,pH,4.9649999999999999,4.8692754393128048,0.095724560687195037,0.27110703703410377,-0.57069767441214658,0.84180471144625035,selection-conditioned OOF predictions
121,2,Starch,4.1325934689999997,4.3900688583401166,-0.25747538934011693,-0.084423989645185771,0.23309345211635879,-0.31751744176154456,selection-conditioned OOF predictions
121,2,Neochlorogenic Acid,1.396276361,1.3072847525160878,0.088991608483912188,-0.49329606299424666,-0.75580465627778781,0.26250859328354115,selection-conditioned OOF predictions
121,2,Chlorogenic Acid,9.1375805159999999,9.2433530532727382,-0.10577253727273828,-0.58108237627689385,-0.5387520927289865,-0.042330283547907382,selection-conditioned OOF predictions
121,2,Cryptochlorogenic Acid,2.1736808029999999,1.8444393856997294,0.32924141730027046,-0.50449476635156665,-1.1147354543539849,0.61024068800241815,selection-conditioned OOF predictions
121,2,Scopoletin,0.32698822700000002,0.28762015034828331,0.03936807665171671,-0.058642249707661027,-0.37705627559211968,0.31841402588445866,selection-conditioned OOF predictions
121,2,Rutin,8.760513542,7.8553193095187694,0.90519423248123054,-0.091472542513351962,-0.51837582792718206,0.4269032854138301,selection-conditioned OOF predictions
122,2,Total Alkaloids,3.6909440920000001,3.65561936464877,0.035324727351230045,1.242296408511238,1.1738337814029847,0.068462627108253238,selection-conditioned OOF predictions
122,2,Reducing Sugars,11.39641737,11.443576494403981,-0.047159124403981068,-1.4194148784856853,-1.4056744086964086,-0.013740469789276609,selection-conditioned OOF predictions
122,2,Total Sugars,13.46899979,13.982323755359733,-0.51332396535973324,-1.2920993101655471,-1.1685589541906913,-0.12354035597485584,selection-conditioned OOF predictions
122,2,Total Nitrogen,2.5657322759999999,2.6717686565977448,-0.10603638059774489,0.97270920569103425,1.3058560194243445,-0.33314681373331012,selection-conditioned OOF predictions
122,2,K,2.0665007950000001,2.1295221963235931,-0.063021401323593018,-0.88696027259029997,-0.68368971536482936,-0.20327055722547066,selection-conditioned OOF predictions
122,2,cl,4.4476660680000002,5.1939165742112525,-0.74625050621125233,-0.23596021068228087,0.25619214437861748,-0.49215235506089833,selection-conditioned OOF predictions
122,2,pH,4.9400000000000004,4.8844094183060918,0.055590581693908625,0.051256273185458709,-0.43760900074240439,0.48886527392786311,selection-conditioned OOF predictions
122,2,Starch,3.267731801,3.5311284842711519,-0.26339668327115184,-1.1509673396903146,-0.82614778604258587,-0.32481955364772874,selection-conditioned OOF predictions
122,2,Neochlorogenic Acid,1.5986162189999999,1.5418429986275992,0.056773220372400734,0.10356865710319614,-0.063901719823743305,0.16747037692693945,selection-conditioned OOF predictions
122,2,Chlorogenic Acid,9.1881965220000001,9.2909010413164275,-0.10270451931642732,-0.5608257960596883,-0.51972333660836878,-0.041102459451319441,selection-conditioned OOF predictions
122,2,Cryptochlorogenic Acid,2.3841145269999999,2.2796234713697316,0.10449105563026828,-0.11446115039384089,-0.30813269451722203,0.19367154412338114,selection-conditioned OOF predictions
122,2,Scopoletin,0.323930573,0.36370971724790174,-0.039779144247901743,-0.083372945304375418,0.23836584773520447,-0.32173879303957992,selection-conditioned OOF predictions
122,2,Rutin,8.0014279510000001,8.5408091707261988,-0.53938121972619868,-0.44946878362939136,-0.19508844565435043,-0.25438033797504095,selection-conditioned OOF predictions
123,2,Total Alkaloids,3.1717142310000002,3.3389845485053713,-0.16727031750537114,0.23598035110293242,0.56016587870193268,-0.32418552759900032,selection-conditioned OOF predictions
123,2,Reducing Sugars,14.714326270000001,14.732077788197881,-0.01775151819787979,-0.4526957635698573,-0.4475236107236274,-0.0051721528462299127,selection-conditioned OOF predictions
123,2,Total Sugars,17.49166842,17.560468300029331,-0.068799880029331462,-0.32397401687085581,-0.30741612703242882,-0.016557889838427008,selection-conditioned OOF predictions
123,2,Total Nitrogen,2.4881905120000001,2.4565827886689138,0.031607723331086301,0.72908723875632342,0.62978158292616437,0.099305655830159045,selection-conditioned OOF predictions
123,2,K,2.3387658290000002,2.0540291156745254,0.28473671332547479,-0.0087908886690783693,-0.92718669016882427,0.91839580149974587,selection-conditioned OOF predictions
123,2,cl,5.7807142770000004,5.9537816960246719,-0.17306741902467149,0.64318534434041974,0.75732334109668786,-0.11413799675626816,selection-conditioned OOF predictions
123,2,pH,5.0049999999999999,4.9595157348602363,0.045484265139763558,0.62286825919194366,0.22287824182908247,0.39999001736286122,selection-conditioned OOF predictions
123,2,Starch,3.2988612509999999,3.6339452784167339,-0.33508402741673393,-1.1125786480457427,-0.69935459803771594,-0.4132240500080267,selection-conditioned OOF predictions
123,2,Neochlorogenic Acid,1.656594608,1.7170645479154487,-0.060469939915448689,0.27459405597535363,0.45296906383931818,-0.17837500786396454,selection-conditioned OOF predictions
123,2,Chlorogenic Acid,10.231456079999999,11.052169630049999,-0.8207135500499998,-0.14331219524350902,0.18513825305806814,-0.32845044830157716,selection-conditioned OOF predictions
123,2,Cryptochlorogenic Acid,2.4723758459999998,2.6407697689511593,-0.16839392295115951,0.049128984991342307,0.36124288681986955,-0.31211390182852722,selection-conditioned OOF predictions
123,2,Scopoletin,0.3380996,0.30356726100853287,0.034532338991467126,0.031227952520762735,-0.24807401030450102,0.27930196282526376,selection-conditioned OOF predictions
123,2,Rutin,8.9910050500000001,8.9695596324891724,0.021445417510827625,0.017230737395392305,0.007116754270081762,0.010113983125310543,selection-conditioned OOF predictions
124,2,Total Alkaloids,3.548583287,3.565306556911557,-0.016723269911556926,0.96638784704837433,0.99879910901231772,-0.032411261963943387,selection-conditioned OOF predictions
124,2,Reducing Sugars,14.66900609,15.924746743898229,-1.2557406538982292,-0.4659004312138143,-0.10002284684122383,-0.36587758437259049,selection-conditioned OOF predictions
124,2,Total Sugars,17.721053130000001,18.789244366465727,-1.0681912364657258,-0.26876858980935087,-0.01168975751731598,-0.25707883229203488,selection-conditioned OOF predictions
124,2,Total Nitrogen,2.45004073,2.5434521665947147,-0.093411436594714736,0.60922763730373752,0.90270919799407079,-0.29348156069033321,selection-conditioned OOF predictions
124,2,K,1.922532235,1.8231176655261279,0.099414569473872172,-1.3513195029394509,-1.6719733524075533,0.32065384946810233,selection-conditioned OOF predictions
124,2,cl,7.1681463560000003,6.8426945536311425,0.32545180236885773,1.5581970722836769,1.3435615448548952,0.21463552742878159,selection-conditioned OOF predictions
124,2,pH,4.96,4.9511291581537193,0.0088708418462806193,0.22713688426437476,0.14912643002896034,0.078010454235414431,selection-conditioned OOF predictions
124,2,Starch,4.2311418559999998,4.1421495189655833,0.088992337034416558,0.037105418700061878,-0.072639513675680625,0.10974493237574251,selection-conditioned OOF predictions
124,2,Neochlorogenic Acid,1.5335449219999999,1.4900394080445452,0.043505513955454767,-0.088379493173170023,-0.21671261876880973,0.1283331255956397,selection-conditioned OOF predictions
124,2,Chlorogenic Acid,10.68877152,11.169550839271107,-0.4807793192711074,0.039705937299912807,0.2321143396457763,-0.19240840234586348,selection-conditioned OOF predictions
124,2,Cryptochlorogenic Acid,2.2683005380000001,2.27345031313466,-0.0051497751346598619,-0.32911946679638765,-0.319574488078335,-0.0095449787180526702,selection-conditioned OOF predictions
124,2,Scopoletin,0.30998049599999999,0.33354348274709061,-0.02356298674709062,-0.19620294759950904,-0.0056225050145371621,-0.19058044258497189,selection-conditioned OOF predictions
124,2,Rutin,9.5213460019999996,8.9346754788325953,0.58667052316740431,0.26734754843350583,-0.0093351399980166096,0.27668268843152249,selection-conditioned OOF predictions
125,2,Total Alkaloids,3.029862901,3.1573710722049158,-0.12750817120491575,-0.038940800135949596,0.2081819672009507,-0.24712276733690028,selection-conditioned OOF predictions
125,2,Reducing Sugars,15.230776069999999,14.643897748983864,0.58687832101613502,-0.30222089864681656,-0.4732160971756264,0.17099519852880982,selection-conditioned OOF predictions
125,2,Total Sugars,17.689091220000002,17.594788414084807,0.094302805915194909,-0.276460780327417,-0.29915639362111268,0.022695613293695637,selection-conditioned OOF predictions
125,2,Total Nitrogen,2.2832871419999998,2.3466048237273252,-0.063317681727325326,0.085318520379591326,0.28425103581936179,-0.19893251543977047,selection-conditioned OOF predictions
125,2,K,2.2428194370000001,2.0914216272189647,0.15139780978103534,-0.31825840535395711,-0.80658009466215541,0.4883216893081983,selection-conditioned OOF predictions
125,2,cl,5.376170965,5.9543181435814549,-0.57814717858145492,0.37638895081331825,0.75767712836549372,-0.38128817755217548,selection-conditioned OOF predictions
125,2,pH,4.9950000000000001,4.9285459565543839,0.066454043445616229,0.53492795365248569,-0.049470934841517718,0.58439888849400334,selection-conditioned OOF predictions
125,2,Starch,3.4044231809999999,3.7723273959946813,-0.3679042149946814,-0.98240017138856073,-0.52870242008973578,-0.45369775129882506,selection-conditioned OOF predictions
125,2,Neochlorogenic Acid,1.6715759370000001,1.6081083488545111,0.063467588145488918,0.31878617328064857,0.13156866404568104,0.18721750923496755,selection-conditioned OOF predictions
125,2,Chlorogenic Acid,10.653943659999999,10.708879597693208,-0.054935937693208814,0.025767790147733245,0.047753211689881149,-0.021985421542147904,selection-conditioned OOF predictions
125,2,Cryptochlorogenic Acid,2.6230487650000001,2.4930382797308042,0.1300104852691959,0.32839745160116951,0.087426286342681306,0.24097116525848825,selection-conditioned OOF predictions
125,2,Scopoletin,0.30129686300000003,0.30925856845946037,-0.0079617054594603442,-0.26643727901718467,-0.20204198963891901,-0.064395289378265677,selection-conditioned OOF predictions
125,2,Rutin,9.3398767039999999,7.8671500717814595,1.4727266322185404,0.18176388391369508,-0.51279626157814762,0.69456014549184264,selection-conditioned OOF predictions
126,2,Total Alkaloids,3.4815302909999999,3.5302494738043095,-0.048719182804309646,0.83643286633486136,0.93085520149363876,-0.094422335158777404,selection-conditioned OOF predictions
126,2,Reducing Sugars,14.23788182,13.025382173281915,1.2124996467180846,-0.59151451082676931,-0.94479322360609264,0.35327871277932332,selection-conditioned OOF predictions
126,2,Total Sugars,16.23732304,15.909554069926106,0.32776897007389394,-0.62585408719256685,-0.70473740060277124,0.078883313410204367,selection-conditioned OOF predictions
126,2,Total Nitrogen,2.3995109499999998,2.5589118594323383,-0.15940090943233853,0.450472358117952,0.95128071072504672,-0.50080835260709478,selection-conditioned OOF predictions
126,2,K,2.0092110590000001,1.9555793371326629,0.053631721867337223,-1.0717437955752214,-1.244728682613172,0.17298488703795073,selection-conditioned OOF predictions
126,2,cl,5.5126821499999998,6.6222106819667292,-1.1095285319667294,0.46641810406776846,1.1981523882923029,-0.73173428422453424,selection-conditioned OOF predictions
126,2,pH,4.9900000000000002,4.9448011801689571,0.045198819831043124,0.49095780088275665,0.093477998286263478,0.39747980259649318,selection-conditioned OOF predictions
126,2,Starch,3.0620611339999999,3.4950395436062696,-0.43297840960626965,-1.4045994409897751,-0.8706524982994176,-0.53394694269035758,selection-conditioned OOF predictions
126,2,Neochlorogenic Acid,1.6927667959999999,1.5851851349046715,0.10758166109532841,0.38129524218421224,0.063949472191227721,0.31734576999298453,selection-conditioned OOF predictions
126,2,Chlorogenic Acid,10.08281261,10.287061582663281,-0.20424897266328124,-0.20279947232773357,-0.12105881307785975,-0.081740659249873823,selection-conditioned OOF predictions
126,2,Cryptochlorogenic Acid,2.5555921189999999,2.4083913223180389,0.14720079668196107,0.20336825447609136,-0.069464720725750634,0.27283297520184197,selection-conditioned OOF predictions
126,2,Scopoletin,0.38891772600000002,0.32026937303936415,0.068648352960635872,0.44225143814126433,-0.11298519762108208,0.55523663576234639,selection-conditioned OOF predictions
126,2,Rutin,8.9943667989999998,8.0896415628797982,0.90472523612020161,0.018816189049124875,-0.40786591059022059,0.42668209963934545,selection-conditioned OOF predictions
127,2,Total Alkaloids,3.7708110700000002,3.6753308634751911,0.095480206524809041,1.3970860854055642,1.2120365106266271,0.1850495747789371,selection-conditioned OOF predictions
127,2,Reducing Sugars,13.181509070000001,13.368818339999169,-0.18730926999916875,-0.8993034708856783,-0.84472829803836891,-0.054575172847309401,selection-conditioned OOF predictions
127,2,Total Sugars,16.648982019999998,16.987546057174146,-0.33856403717414807,-0.52678118126695694,-0.44529984687520102,-0.081481334391755963,selection-conditioned OOF predictions
127,2,Total Nitrogen,2.3345231590000002,2.492452886643171,-0.15792972764317081,0.24629266638225905,0.74247883627507394,-0.49618616989281489,selection-conditioned OOF predictions
127,2,K,2.1671726850000002,2.1247632361125723,0.042409448887427814,-0.5622510349748483,-0.69903936601669259,0.13678833104184435,selection-conditioned OOF predictions
127,2,cl,4.2836534720000001,4.4362609151066383,-0.15260744310663821,-0.34412654987964592,-0.24348191125009083,-0.1006446386295551,selection-conditioned OOF predictions
127,2,pH,5.0449999999999999,5.005841724150299,0.039158275849700885,0.97462948134978367,0.63027040708766868,0.34435907426211498,selection-conditioned OOF predictions
127,2,Starch,3.19225307,3.7977873518486422,-0.60553428184864222,-1.2440473565259031,-0.49730532201822697,-0.74674203450767618,selection-conditioned OOF predictions
127,2,Neochlorogenic Acid,1.698676289,1.7647111752920193,-0.066034886292019257,0.39872714077417198,0.59351769915912711,-0.19479055838495518,selection-conditioned OOF predictions
127,2,Chlorogenic Acid,10.96781586,10.929275188622352,0.038540671377647939,0.15137978326411577,0.13595576499238013,0.015424018271735652,selection-conditioned OOF predictions
127,2,Cryptochlorogenic Acid,2.4203662370000001,2.5581523588062964,-0.13778612180629635,-0.047269517478810093,0.20811359457836853,-0.25538311205717862,selection-conditioned OOF predictions
127,2,Scopoletin,0.22326143400000001,0.21245847599156215,0.010802958008437863,-0.89759778323316397,-0.98497348566737108,0.087375702434207059,selection-conditioned OOF predictions
127,2,Rutin,10.48072417,10.661878223934401,-0.1811540539344012,0.71980479702958999,0.80523978768197868,-0.085434990652388645,selection-conditioned OOF predictions
128,2,Total Alkaloids,3.4176888110000001,3.4234281615337125,-0.0057393505337124395,0.71270210414606838,0.72382550253853828,-0.011123398392469877,selection-conditioned OOF predictions
128,2,Reducing Sugars,12.31651922,14.005842883769166,-1.6893236637691658,-1.1513303490809099,-0.65912229688113699,-0.49220805219977293,selection-conditioned OOF predictions
128,2,Total Sugars,13.434797550000001,14.670000449676156,-1.235202899676155,-1.3003306751316777,-1.003057576221855,-0.29727309890982262,selection-conditioned OOF predictions
128,2,Total Nitrogen,2.7633453239999999,2.6829818520579951,0.080363471942004772,1.5935730726224542,1.3410858180867731,0.25248725453568099,selection-conditioned OOF predictions
128,2,K,2.4812158210000002,2.3635908625397533,0.1176249584602469,0.45067032041964677,0.071280298178324916,0.37939002224132184,selection-conditioned OOF predictions
128,2,cl,8.8325207149999994,8.0341481283038636,0.79837258669613576,2.6558522881488709,2.1293254107957931,0.52652687735307802,selection-conditioned OOF predictions
128,2,pH,4.8650000000000002,4.9729225064926421,-0.1079225064926419,-0.60829601836049207,0.34077780119423523,-0.94907381955472736,selection-conditioned OOF predictions
128,2,Starch,2.8995476230000001,2.8502107930975615,0.049336829902438595,-1.6050103400533879,-1.6658522871435364,0.060841947090148493,selection-conditioned OOF predictions
128,2,Neochlorogenic Acid,1.654572653,1.5707126304155352,0.083860022584464788,0.26862966706526237,0.021258291983829766,0.24737137508143262,selection-conditioned OOF predictions
128,2,Chlorogenic Acid,9.3397953190000003,9.4636526932735272,-0.12385737427352694,-0.5001557939211877,-0.45058793909154859,-0.04956785482963913,selection-conditioned OOF predictions
128,2,Cryptochlorogenic Acid,2.6661524050000001,2.6509791136752341,0.01517329132476597,0.40828896447550361,0.38016565054613333,0.028123313929370279,selection-conditioned OOF predictions
128,2,Scopoletin,0.45779229199999999,0.51487114999522077,-0.057078857995220778,0.99931771382249002,1.4609787984605436,-0.46166108463805355,selection-conditioned OOF predictions
128,2,Rutin,9.8497458889999994,8.2659950985348516,1.5837507904651478,0.42222590012775113,-0.32469491693605101,0.7469208170638022,selection-conditioned OOF predictions
129,2,Total Alkaloids,3.476859809,3.2337913550270216,0.24306845397297838,0.8273810351798031,0.35629162631697225,0.47108940886283085,selection-conditioned OOF predictions
129,2,Reducing Sugars,14.66267874,14.397633141714483,0.26504559828551777,-0.46774399304028941,-0.54496873124419598,0.077224738203906615,selection-conditioned OOF predictions
129,2,Total Sugars,17.16632779,16.985460463945788,0.18086732605421219,-0.40227290793298864,-0.44580178122317082,0.043528873290182173,selection-conditioned OOF predictions
129,2,Total Nitrogen,2.4836640910000001,2.4365863294231747,0.047077761576825417,0.71486605612763587,0.56695638419613859,0.14790967193149737,selection-conditioned OOF predictions
129,2,K,2.2945547780000002,2.2625139908137455,0.032040787186254693,-0.15139014516846305,-0.25473517603902368,0.10334503087056064,selection-conditioned OOF predictions
129,2,cl,4.2397267359999997,3.8982799162926174,0.34144681970738233,-0.37309624087831261,-0.5982804853757917,0.22518424449747906,selection-conditioned OOF predictions
129,2,pH,4.8200000000000003,4.8697933411487062,-0.049793341148705927,-1.004027393288061,-0.56614322984328502,-0.43788416344477604,selection-conditioned OOF predictions
129,2,Starch,3.872159071,3.8744223125338682,-0.0022632415338681433,-0.40559046699900253,-0.40279944816118651,-0.0027910188378160454,selection-conditioned OOF predictions
129,2,Neochlorogenic Acid,1.6543135120000001,1.7222733999617059,-0.067959887961705823,0.2678652496046614,0.46833420271679183,-0.20046895311213039,selection-conditioned OOF predictions
129,2,Chlorogenic Acid,10.088703600000001,10.398514647799654,-0.30981104779965385,-0.20044189177319957,-0.076455176149486104,-0.12398671562371348,selection-conditioned OOF predictions
129,2,Cryptochlorogenic Acid,2.6517319580000001,2.6025156186782468,0.049216339321753289,0.38156102857138618,0.29033978121150084,0.091221247359885307,selection-conditioned OOF predictions
129,2,Scopoletin,0.253188513,0.32914665205384502,-0.07595813905384502,-0.65554375068146953,-0.041184632536142511,-0.61435911814532707,selection-conditioned OOF predictions
129,2,Rutin,8.7254476329999999,9.4204831144206551,-0.69503548142065519,-0.10801015534931623,0.21977908573360594,-0.32778924108292218,selection-conditioned OOF predictions
130,2,Total Alkaloids,3.2784370709999999,3.187085043508104,0.091352027491895971,0.44281920158310001,0.26577042406315704,0.17704877751994297,selection-conditioned OOF predictions
130,2,Reducing Sugars,15.493307939999999,14.489201584017668,1.0041063559823318,-0.22572857030000837,-0.51828898621034181,0.29256041591033338,selection-conditioned OOF predictions
130,2,Total Sugars,17.4182299,16.657457305518722,0.76077259448127776,-0.34164827623785915,-0.52474145614086054,0.18309317990300142,selection-conditioned OOF predictions
130,2,Total Nitrogen,2.4868510709999998,2.4330994795281025,0.053751591471897342,0.7248789613819131,0.55600134286069014,0.16887761852122291,selection-conditioned OOF predictions
130,2,K,2.081437309,2.2702110952091785,-0.18877378620917851,-0.83878372525844302,-0.22990877315647526,-0.60887495210196774,selection-conditioned OOF predictions
130,2,cl,4.5334934970000003,4.6849373387860656,-0.15144384178606529,-0.17935700444041533,-0.079479761109765151,-0.099877243330650178,selection-conditioned OOF predictions
130,2,pH,4.8550000000000004,4.88388007620172,-0.028880076201719618,-0.69623632389995016,-0.44226405138173935,-0.25397227251821075,selection-conditioned OOF predictions
130,2,Starch,4.0987210779999996,4.2140231297274386,-0.11530205172743901,-0.12619526325790248,0.015994685801626888,-0.14218994905952936,selection-conditioned OOF predictions
130,2,Neochlorogenic Acid,1.524445332,1.539910532669488,-0.015465200669487977,-0.11522158099529081,-0.069602132805084385,-0.045619448190206434,selection-conditioned OOF predictions
130,2,Chlorogenic Acid,8.9616752080000008,9.1512920476985862,-0.18961683969858534,-0.65147987034496035,-0.57559500649601525,-0.075884863848945133,selection-conditioned OOF predictions
130,2,Cryptochlorogenic Acid,2.4015052589999999,2.3365426887683043,0.064962570231695604,-0.08222786593173767,-0.20263435633522425,0.12040649040348658,selection-conditioned OOF predictions
130,2,Scopoletin,0.31668096099999998,0.36091084987021355,-0.044229888870213563,-0.14200873194546923,0.21572825135144733,-0.35773698329691656,selection-conditioned OOF predictions
130,2,Rutin,8.2418412760000006,8.5536144946778805,-0.31177321867787988,-0.3360862248183008,-0.18904926127866489,-0.14703696353963591,selection-conditioned OOF predictions
131,2,Total Alkaloids,3.6542213590000001,3.5682131593083413,0.086008199691658849,1.1711243156376776,1.0044323764417993,0.16669193919587838,selection-conditioned OOF predictions
131,2,Reducing Sugars,14.55632771,14.721728973032089,-0.16540126303208957,-0.49873085153781699,-0.45053888261294939,-0.048191968924867601,selection-conditioned OOF predictions
131,2,Total Sugars,16.370355119999999,17.051299428167955,-0.68094430816795537,-0.59383759930512126,-0.42995648736216407,-0.16388111194295724,selection-conditioned OOF predictions
131,2,Total Nitrogen,2.6448649789999998,2.5583641684129215,0.086500810587078369,1.2213296104798697,0.94955996623150107,0.27176964424836852,selection-conditioned OOF predictions
131,2,K,2.262349441,2.1569301364507836,0.10541930454921644,-0.25526591847935193,-0.59528756712553466,0.34002164864618273,selection-conditioned OOF predictions
131,2,cl,5.1902841239999997,5.562678380380996,-0.37239425638099632,0.2537965427525819,0.49939062779991183,-0.24559408504732991,selection-conditioned OOF predictions
131,2,pH,4.9299999999999997,4.9416125662955999,-0.011612566295600146,-0.036684032354007128,0.065437230459223963,-0.10212126281323108,selection-conditioned OOF predictions
131,2,Starch,3.4605398530000002,3.1573556495000208,0.30318420349997943,-0.91319735484256936,-1.2870826917073688,0.37388533686479941,selection-conditioned OOF predictions
131,2,Neochlorogenic Acid,2.01950662,1.8453898870523435,0.17411673294765651,1.3451165847713351,0.83150480258315052,0.5136117821881846,selection-conditioned OOF predictions
131,2,Chlorogenic Acid,10.9933932,10.850934078226114,0.14245912177388576,0.16161586233074021,0.10460356807968131,0.057012294251058908,selection-conditioned OOF predictions
131,2,Cryptochlorogenic Acid,3.1428611329999998,2.8738131320945968,0.26904800090540304,1.2918566047100499,0.79318290039765649,0.49867370431239338,selection-conditioned OOF predictions
131,2,Scopoletin,0.34901413399999998,0.32486926450443371,0.024144869495566268,0.11950609580773605,-0.07578068867384373,0.19528678448157977,selection-conditioned OOF predictions
131,2,Rutin,10.661738740000001,10.33013332558199,0.33160541441801072,0.80517400494969704,0.64878387806165505,0.15639012688804202,selection-conditioned OOF predictions
132,2,Total Alkaloids,3.4147508210000002,3.3211253071670428,0.093625513832957363,0.70700800460446878,0.52555299781469467,0.18145500678977405,selection-conditioned OOF predictions
132,2,Reducing Sugars,13.924487879999999,14.28522382040379,-0.36073594040379042,-0.68282621389878106,-0.57772075755985597,-0.10510545633892511,selection-conditioned OOF predictions
132,2,Total Sugars,17.235066580000002,15.987419627972049,1.2476469520279529,-0.3857297204744996,-0.685997697397145,0.3002679769226454,selection-conditioned OOF predictions
132,2,Total Nitrogen,2.6897444620000002,2.60060166093746,0.089142801062540133,1.3623326952623236,1.0822624026529664,0.28007029260935717,selection-conditioned OOF predictions
132,2,K,2.2303333589999998,2.3424527440597287,-0.11211938505972885,-0.35853126472102703,0.0031009649376967873,-0.36163222965872382,selection-conditioned OOF predictions
132,2,cl,5.68246042,5.5925106561503615,0.089949763849638487,0.57838690639781531,0.51906501951491468,0.059321886882900618,selection-conditioned OOF predictions
132,2,pH,5.0300000000000002,5.0149077903036154,0.015092209696384806,0.84271902304059654,0.70999766984402868,0.13272135319656791,selection-conditioned OOF predictions
132,2,Starch,3.5163024049999998,3.6466506237180045,-0.13034821871800473,-0.8444312374186379,-0.68368642584038208,-0.16074481157825576,selection-conditioned OOF predictions
132,2,Neochlorogenic Acid,1.8859969759999999,1.7724352639743408,0.11356171202565912,0.9512881167471593,0.61630231547224956,0.33498580127490968,selection-conditioned OOF predictions
132,2,Chlorogenic Acid,10.521523569999999,10.254296615471443,0.2672269545285566,-0.027226872755036557,-0.13417138830229711,0.10694451554726055,selection-conditioned OOF predictions
132,2,Cryptochlorogenic Acid,2.7675914719999999,2.7447461359926919,0.022845336007307981,0.59630372441668078,0.55396046858616776,0.042343255830512995,selection-conditioned OOF predictions
132,2,Scopoletin,0.360086193,0.38081111633080916,-0.020724923330809164,0.209058321389133,0.37668414503022585,-0.16762582364109285,selection-conditioned OOF predictions
132,2,Rutin,10.75307456,9.9362858935670388,0.81678866643296111,0.84824935854213657,0.46303947465542916,0.3852098838867074,selection-conditioned OOF predictions
133,2,Total Alkaloids,3.4408569689999999,3.3201000615909266,0.1207569074090733,0.75760416230403038,0.52356597595111098,0.23403818635291945,selection-conditioned OOF predictions
133,2,Reducing Sugars,15.92327555,15.903437905388262,0.019837644611737204,-0.10045149973858516,-0.10623147466227079,0.0057799749236856169,selection-conditioned OOF predictions
133,2,Total Sugars,20.629797180000001,19.05936927418853,1.5704279058114707,0.4312713452537163,0.05332050794801016,0.37795083730570617,selection-conditioned OOF predictions
133,2,Total Nitrogen,2.4866711420000001,2.5031662355024547,-0.016495093502454594,0.72431365754270027,0.77613820881083972,-0.051824551268139424,selection-conditioned OOF predictions
133,2,K,2.0699512580000001,2.1520269931462663,-0.082075735146266204,-0.87583107644477864,-0.61110226896861219,-0.26472880747616645,selection-conditioned OOF predictions
133,2,cl,4.0039177170000002,4.1610755975979803,-0.15715788059798008,-0.52861233511141548,-0.42496668206474275,-0.10364565304667274,selection-conditioned OOF predictions
133,2,pH,5.1349999999999998,5.1124000129331417,0.022599987066858063,1.7660922312049214,1.5673472544201874,0.19874497678473402,selection-conditioned OOF predictions
133,2,Starch,3.9575276119999998,4.22204907202938,-0.26452146002938015,-0.30031438288585538,0.025892240181365461,-0.32620662306722081,selection-conditioned OOF predictions
133,2,Neochlorogenic Acid,2.1634137089999999,2.0644157776738723,0.098997931326127553,1.7696155700183382,1.4775901966922633,0.29202537332607492,selection-conditioned OOF predictions
133,2,Chlorogenic Acid,11.750596180000001,12.602474947130982,-0.85187876713098198,0.46464931196872755,0.80557211377420501,-0.34092280180547746,selection-conditioned OOF predictions
133,2,Cryptochlorogenic Acid,2.9938288740000001,3.0213228963688934,-0.027494022368893312,1.0156290601548901,1.0665885392627257,-0.050959479107835645,selection-conditioned OOF predictions
133,2,Scopoletin,0.23786602400000001,0.21045699227201248,0.027409031727987532,-0.77947399630213232,-1.0011617413071401,0.22168774500500768,selection-conditioned OOF predictions
133,2,Rutin,11.70973813,12.177653620821367,-0.46791549082136719,1.2994263616801807,1.5201023814335528,-0.22067601975337209,selection-conditioned OOF predictions
134,2,Total Alkaloids,3.220436581,3.1507953306006002,0.069641250399399723,0.33040882458332682,0.1954375646485895,0.13497125993473733,selection-conditioned OOF predictions
134,2,Reducing Sugars,15.546520409999999,14.431946470170825,1.1145739398291745,-0.21022437369566968,-0.53497106358215407,0.32474668988648442,selection-conditioned OOF predictions
134,2,Total Sugars,17.082453149999999,16.606578545511386,0.47587460448861307,-0.42245880140788516,-0.53698631620396065,0.11452751479607549,selection-conditioned OOF predictions
134,2,Total Nitrogen,2.4746060660000002,2.4032682478656748,0.071337818134325381,0.68640740683712254,0.46227709725691901,0.22413030958020355,selection-conditioned OOF predictions
134,2,K,1.9764795930000001,2.1795578204088328,-0.20307822740883275,-1.1773165564610661,-0.52230375797064987,-0.65501279849041616,selection-conditioned OOF predictions
134,2,cl,5.4202001150000001,5.9231825461916774,-0.50298243119167729,0.40542618386505092,0.73714319578646625,-0.33171701192141534,selection-conditioned OOF predictions
134,2,pH,4.9299999999999997,4.8805944570152899,0.049405542984709783,-0.036684032354007128,-0.47115788689583693,0.4344738545418298,selection-conditioned OOF predictions
134,2,Starch,4.1660808180000002,4.0601134613485943,0.10596735665140589,-0.043127548019805582,-0.17380599492076992,0.13067844690096433,selection-conditioned OOF predictions
134,2,Neochlorogenic Acid,1.4452585410000001,1.4331801634646535,0.012078377535346574,-0.34880779733843792,-0.38443675101135127,0.03562895367291339,selection-conditioned OOF predictions
134,2,Chlorogenic Acid,9.5645355389999995,9.0532539803666019,0.51128155863339764,-0.410214515376563,-0.61482994682793579,0.20461543145137281,selection-conditioned OOF predictions
134,2,Cryptochlorogenic Acid,2.3196127070000001,2.2334425405237894,0.086170166476210674,-0.23401365182870729,-0.39372788859427266,0.1597142367655654,selection-conditioned OOF predictions
134,2,Scopoletin,0.38609792900000001,0.3793238193276644,0.0067741096723356042,0.41944456030239557,0.36465469714414117,0.054789863158254459,selection-conditioned OOF predictions
134,2,Rutin,7.7307903680000001,7.3280357345817677,0.40275463341823237,-0.57710555946529329,-0.76705073371876642,0.1899451742534731,selection-conditioned OOF predictions
135,2,Total Alkaloids,3.8848398070000001,3.711791364980725,0.17304844201927505,1.6180844479190186,1.2827003743256731,0.33538407359334571,selection-conditioned OOF predictions
135,2,Reducing Sugars,15.91854631,16.528438345672473,-0.6098920356724733,-0.10182942988821168,0.075871135946946042,-0.17770056583515773,selection-conditioned OOF predictions
135,2,Total Sugars,20.203734239999999,19.293244033688641,0.91049020631135846,0.32873187539201415,0.1096065436524401,0.21912533173957405,selection-conditioned OOF predictions
135,2,Total Nitrogen,2.6257548430000002,2.6318310457419574,-0.0060762027419571929,1.1612890764431438,1.1803793883876812,-0.019090311944537381,selection-conditioned OOF predictions
135,2,K,1.8497813599999999,1.9404651928740591,-0.090683832874059123,-1.5859717097978603,-1.2934781623281271,-0.29249354746973305,selection-conditioned OOF predictions
135,2,cl,5.4124175149999996,5.742025483094503,-0.32960796809450343,0.40029355764018781,0.61767007717935984,-0.21737651953917203,selection-conditioned OOF predictions
135,2,pH,5.0999999999999996,5.091475155070091,0.0085248449299086815,1.4583011618168105,1.3833334150355421,0.07496774678126851,selection-conditioned OOF predictions
135,2,Starch,4.011701639,3.9830073648632141,0.028694274136785936,-0.23350722703672427,-0.26889287123544597,0.035385644198721714,selection-conditioned OOF predictions
135,2,Neochlorogenic Acid,1.9488935860000001,1.9452571313057145,0.0036364546942855291,1.1368213472920186,1.1260944863823319,0.010726860909686733,selection-conditioned OOF predictions
135,2,Chlorogenic Acid,11.05019388,11.89923290547544,-0.84903902547543986,0.1843475557561722,0.52413388988694554,-0.33978633413077336,selection-conditioned OOF predictions
135,2,Cryptochlorogenic Acid,2.7591386529999999,2.8928830833449481,-0.13374443034494821,0.58063663695114631,0.82852857551535819,-0.24789193856421188,selection-conditioned OOF predictions
135,2,Scopoletin,0.25068573100000002,0.24000505774685771,0.010680673253142314,-0.67578657076082949,-0.76217321849514807,0.086386647734318547,selection-conditioned OOF predictions
135,2,Rutin,11.843505589999999,12.268002160170063,-0.42449657017006359,1.3625131182085892,1.5627121185444206,-0.20019900033583149,selection-conditioned OOF predictions
136,2,Total Alkaloids,2.450632583,2.422672592768548,0.027959990231452014,-1.1615433577363863,-1.2157324351532752,0.054189077416889032,selection-conditioned OOF predictions
136,2,Reducing Sugars,16.769071140000001,17.855713583364651,-1.0866424433646493,0.14598286262878177,0.46259132076922266,-0.31660845814044086,selection-conditioned OOF predictions
136,2,Total Sugars,19.208594649999998,20.599243308439728,-1.39064865843973,0.089234194610410808,0.4239180237186097,-0.33468382910819888,selection-conditioned OOF predictions
136,2,Total Nitrogen,2.082211075,2.099350995570521,-0.017139920570520939,-0.54642551559611574,-0.49257503622741022,-0.053850479368705538,selection-conditioned OOF predictions
136,2,K,2.291235693,2.3312044700771835,-0.039968777077183493,-0.16209559194144957,-0.033179455240785832,-0.12891613670066371,selection-conditioned OOF predictions
136,2,cl,5.421989634,5.1152425148866119,0.30674711911338814,0.40660637199617539,0.20430658683922762,0.2022997851569478,selection-conditioned OOF predictions
136,2,pH,5.0300000000000002,5.0484728929447193,-0.018472892944719099,0.84271902304059654,1.0051702080162297,-0.16245118497563307,selection-conditioned OOF predictions
136,2,Starch,6.5974252079999998,5.8997214468758603,0.69770376112413945,2.9551949430447779,2.0947899392604894,0.86040500378428886,selection-conditioned OOF predictions
136,2,Neochlorogenic Acid,1.3066111520000001,1.3287725512806876,-0.022161399280687499,-0.75779165175888652,-0.69241967063080245,-0.065371981128084095,selection-conditioned OOF predictions
136,2,Chlorogenic Acid,10.42586829,10.710821437171713,-0.28495314717171283,-0.065508219025606232,0.048530337944474825,-0.11403855697008106,selection-conditioned OOF predictions
136,2,Cryptochlorogenic Acid,1.8921337499999999,1.9982644615564027,-0.10613071155640275,-1.026335149425486,-0.82962454427310006,-0.19671060515238586,selection-conditioned OOF predictions
136,2,Scopoletin,0.335626229,0.33191751590257618,0.0037087130974238214,0.01122301236116956,-0.018773532266815055,0.029996544627984616,selection-conditioned OOF predictions
136,2,Rutin,6.7651567330000004,7.4679835182669265,-0.7028267852669261,-1.0325129808732141,-0.70104924310187045,-0.33146373777134358,selection-conditioned OOF predictions
137,2,Total Alkaloids,3.6218086569999999,3.4794544723789103,0.14235418462108962,1.1083054661520728,0.83240973560303755,0.27589573054903516,selection-conditioned OOF predictions
137,2,Reducing Sugars,11.39019227,12.899995768292253,-1.5098034982922535,-1.4212286483460519,-0.98132630456382586,-0.43990234378222609,selection-conditioned OOF predictions
137,2,Total Sugars,15.907841700000001,15.872306405647439,0.035535294352561309,-0.70514951226033518,-0.7137016999823913,0.0085521877220561919,selection-conditioned OOF predictions
137,2,Total Nitrogen,2.731724249,2.6862718004045898,0.0454524485954102,1.4942254683031868,1.3514222309559851,0.14280323734720168,selection-conditioned OOF predictions
137,2,K,1.7964843020000001,2.0767556218254284,-0.2802713198254283,-1.7578771649385796,-0.8538841378285178,-0.90399302711006191,selection-conditioned OOF predictions
137,2,cl,4.4738127800000003,5.0004125295460913,-0.52659974954609101,-0.21871644899529544,0.12857618900825127,-0.34729263800354671,selection-conditioned OOF predictions
137,2,pH,5.1500000000000004,5.1408117108220122,0.0091882891779881959,1.8980026895141164,1.8172005937443969,0.080802095769719487,selection-conditioned OOF predictions
137,2,Starch,3.3151583279999999,3.9269339546229265,-0.61177562662292662,-1.0924811691741003,-0.33804233758239377,-0.75443883159170644,selection-conditioned OOF predictions
137,2,Neochlorogenic Acid,1.9982919130000001,2.0308224989080532,-0.032530585908053133,1.282537168730111,1.3784963101693422,-0.095959141439231177,selection-conditioned OOF predictions
137,2,Chlorogenic Acid,10.178324849999999,11.361768858745048,-1.1834440087450488,-0.16457537081950754,0.30904019844756037,-0.47361556926706794,selection-conditioned OOF predictions
137,2,Cryptochlorogenic Acid,2.8889940209999998,2.9076197747967072,-0.018625753796707389,0.82132029625169212,0.85584266255866348,-0.034522366306971405,selection-conditioned OOF predictions
137,2,Scopoletin,0.23799610299999999,0.22385738687567674,0.014138716124323242,-0.77842190075681417,-0.89277764035292051,0.11435573959610643,selection-conditioned OOF predictions
137,2,Rutin,10.690753640000001,11.170298914629278,-0.47954527462927743,0.81885787045776692,1.0450186720823629,-0.22616080162459595,selection-conditioned OOF predictions
138,2,Total Alkaloids,3.1761937659999999,3.2925707941176925,-0.11637702811769257,0.24466210910417779,0.47021167954441084,-0.22554957044023308,selection-conditioned OOF predictions
138,2,Reducing Sugars,15.71377549,16.162146972950513,-0.44837148295051321,-0.16149226929618593,-0.030852973216833897,-0.13063929607935204,selection-conditioned OOF predictions
138,2,Total Sugars,17.887312319999999,18.015626651197127,-0.12831433119712798,-0.22875541898009316,-0.19787433954001715,-0.030881079440075999,selection-conditioned OOF predictions
138,2,Total Nitrogen,2.6222915160000002,2.478313217511626,0.14397829848837418,1.15040793971948,0.69805459535075076,0.45235334436872909,selection-conditioned OOF predictions
138,2,K,2.3133378050000002,2.198606587611367,0.11473121738863323,-0.090806973666662086,-0.46086346241397491,0.37005648874731284,selection-conditioned OOF predictions
138,2,cl,6.2989832239999997,6.388209561054035,-0.089226337054035376,0.98498381643254562,1.0438286032020032,-0.058844786769457695,selection-conditioned OOF predictions
138,2,pH,4.9199999999999999,4.9187751821040724,0.0012248178959275435,-0.12462433789346515,-0.1353954238932718,0.010771085999806657,selection-conditioned OOF predictions
138,2,Starch,3.3757354350000002,3.4677589320760251,-0.092023497076024974,-1.0177777651196354,-0.90429482040629428,-0.11348294471334096,selection-conditioned OOF predictions
138,2,Neochlorogenic Acid,1.6573279249999999,1.650105645875442,0.0072222791245579732,0.2767572039100904,0.25545283189582862,0.021304372014261764,selection-conditioned OOF predictions
138,2,Chlorogenic Acid,9.9736689920000003,10.92582423625387,-0.95215524425386988,-0.2464788660201758,0.13457469013084508,-0.38105355615102088,selection-conditioned OOF predictions
138,2,Cryptochlorogenic Acid,2.5722681079999998,2.679928278717739,-0.10766017071773915,0.23427678076031572,0.43382220000911376,-0.19954541924879804,selection-conditioned OOF predictions
138,2,Scopoletin,0.35010960899999999,0.40713610605990674,-0.057026497059906756,0.12836643735024245,0.5896040200641377,-0.46123758271389526,selection-conditioned OOF predictions
138,2,Rutin,8.5955453990000006,9.0673544918446183,-0.47180909284461769,-0.16927401285886542,0.053238288474939777,-0.2225123013338052,selection-conditioned OOF predictions
139,2,Total Alkaloids,3.7693665479999998,3.6185708667001877,0.15079568129981213,1.3942864665988179,1.1020303255757069,0.29225614102311098,selection-conditioned OOF predictions
139,2,Reducing Sugars,12.89571308,14.982375364414214,-2.0866622844142135,-0.98257412563430413,-0.37459591480484239,-0.6079782108294618,selection-conditioned OOF predictions
139,2,Total Sugars,14.95694875,17.344630610346105,-2.3876818603461043,-0.93399846821090382,-0.35936122762318323,-0.57463724058772059,selection-conditioned OOF predictions
139,2,Total Nitrogen,2.5910712220000001,2.5452546981828195,0.045816523817180599,1.0523195156212093,0.90837242086008685,0.14394709476112247,selection-conditioned OOF predictions
139,2,K,2.2338778979999998,2.1235242716182241,0.1103536263817757,-0.34709863386063278,-0.70303554823193093,0.35593691437129821,selection-conditioned OOF predictions
139,2,cl,6.4597813999999998,6.0300299525473608,0.42975144745263893,1.0910302450101019,0.80760908121289743,0.28342116379720456,selection-conditioned OOF predictions
139,2,pH,4.8700000000000001,4.9073743952225151,-0.037374395222514956,-0.56432586559076314,-0.23565429206871355,-0.32867157352204956,selection-conditioned OOF predictions
139,2,Starch,3.729932276,3.604992332084338,0.12493994391566199,-0.58098388310017934,-0.73505923557407438,0.15407535247389495,selection-conditioned OOF predictions
139,2,Neochlorogenic Acid,1.4806308779999999,1.5270752173154953,-0.046444339315495409,-0.24446602191474781,-0.10746391140791023,-0.13700211050683758,selection-conditioned OOF predictions
139,2,Chlorogenic Acid,9.8555284860000008,10.451369771553427,-0.5958412855534263,-0.29375882399809761,-0.055302498591153666,-0.23845632540694395,selection-conditioned OOF predictions
139,2,Cryptochlorogenic Acid,2.3240368029999998,2.3962595799346218,-0.072222776934621979,-0.22581370113913055,-0.091950600173817426,-0.13386310096531312,selection-conditioned OOF predictions
139,2,Scopoletin,0.39321856999999999,0.37603873965619322,0.017179830343806768,0.47703721304351099,0.33808455370537804,0.13895265933813292,selection-conditioned OOF predictions
139,2,Rutin,8.4650990920000009,9.3606662194741617,-0.89556712747416078,-0.23079446342090065,0.19156853372211655,-0.42236299714301717,selection-conditioned OOF predictions
140,2,Total Alkaloids,4.0010139169999999,3.7853918298647415,0.21562208713525832,1.8432407440591565,1.4253449624139956,0.41789578164516106,selection-conditioned OOF predictions
140,2,Reducing Sugars,16.00430519,15.579193830275106,0.42511135972489456,-0.0768423820009798,-0.20070451619457208,0.12386213419359227,selection-conditioned OOF predictions
140,2,Total Sugars,20.28800537,18.512585279515012,1.7754200904849888,0.34901319109350809,-0.078272587059704343,0.42728577815321245,selection-conditioned OOF predictions
140,2,Total Nitrogen,2.750013005,2.6889337965869902,0.061079208413009844,1.5516853773853301,1.3597857335702548,0.19189964381507543,selection-conditioned OOF predictions
140,2,K,1.950785172,1.9536370453139695,-0.0028518733139695218,-1.2601918839619253,-1.2509933916165954,-0.0091984923453299061,selection-conditioned OOF predictions
140,2,cl,3.8339062610000001,4.2780417844283907,-0.44413552342839058,-0.64073492365415108,-0.34782745893263323,-0.29290746472151785,selection-conditioned OOF predictions
140,2,pH,5.0350000000000001,5.0093019721578651,0.025698027842135041,0.88668917581032558,0.66069993379043535,0.22598924201989029,selection-conditioned OOF predictions
140,2,Starch,4.4143302990000004,4.4599881726953345,-0.045657873695334139,0.26301254687535275,0.31931762243682282,-0.056305075561470096,selection-conditioned OOF predictions
140,2,Neochlorogenic Acid,1.946691352,1.8049159278814617,0.14177542411853827,1.1303251690649927,0.71211419634993034,0.41821097271506236,selection-conditioned OOF predictions
140,2,Chlorogenic Acid,10.828622879999999,11.321327739573771,-0.49270485957377197,0.095674602475218806,0.29285561891818118,-0.19718101644296238,selection-conditioned OOF predictions
140,2,Cryptochlorogenic Acid,2.659607856,2.5685364679720308,0.091071388027969213,0.39615880747042909,0.22736027980269669,0.16879852766773237,selection-conditioned OOF predictions
140,2,Scopoletin,0.28448283099999999,0.25951120179962722,0.024971629200372769,-0.40243131468813143,-0.6044050371264581,0.20197372243832665,selection-conditioned OOF predictions
140,2,Rutin,11.55929473,12.234424150214188,-0.67512942021418887,1.2284749797289498,1.5468762213927909,-0.31840124166384115,selection-conditioned OOF predictions
141,3,Total Alkaloids,3.496538004,3.6725551906378908,-0.17601718663789079,0.8655192184714452,1.2066569969351228,-0.34113777846367771,selection-conditioned OOF predictions
141,3,Reducing Sugars,15.32066113,14.395787934824789,0.92487319517521094,-0.27603163056674473,-0.54550635805222614,0.26947472748548146,selection-conditioned OOF predictions
141,3,Total Sugars,17.59290588,16.825069360722729,0.76783651927727092,-0.29960945824826063,-0.48440269472910957,0.18479323648084897,selection-conditioned OOF predictions
141,3,Total Nitrogen,2.605313663,2.648800314910404,-0.043486651910404017,1.0970666468622727,1.2336937124242291,-0.13662706556195647,selection-conditioned OOF predictions
141,3,K,1.998379892,1.9166259004264514,0.081753991573548568,-1.1066788700935966,-1.3703699190633436,0.2636910489697471,selection-conditioned OOF predictions
141,3,cl,7.1104217849999998,7.0318114484149188,0.078610336585080987,1.5201277063990686,1.4682841740189037,0.051843532380164897,selection-conditioned OOF predictions
141,3,pH,5.0149999999999997,4.9903805591618182,0.024619440838181461,0.71080856473140175,0.49430444977936827,0.21650411495203345,selection-conditioned OOF predictions
141,3,Starch,3.8720643830000001,3.606752868437658,0.26531151456234214,-0.40570723579621665,-0.73288815040563549,0.32718091460941878,selection-conditioned OOF predictions
141,3,Neochlorogenic Acid,1.6126668820000001,1.5569360007876454,0.055730881212354699,0.145015483850888,-0.01938018759213497,0.16439567144302297,selection-conditioned OOF predictions
141,3,Chlorogenic Acid,11.112195699999999,10.640825207692011,0.47137049230798844,0.2091607510217709,0.02051777137892008,0.18864297964285082,selection-conditioned OOF predictions
141,3,Cryptochlorogenic Acid,2.4896373999999999,2.4083387669056879,0.081298633094311956,0.081122841278700369,-0.069562130861007224,0.15068497213970758,selection-conditioned OOF predictions
141,3,Scopoletin,0.35487900700000002,0.38013546477124144,-0.025256457771241414,0.16694193677482694,0.37121938902803769,-0.20427745225321073,selection-conditioned OOF predictions
141,3,Rutin,9.8246288140000004,9.0882662408793351,0.73636257312066533,0.4103803078197959,0.063100585478533658,0.34727972234126225,selection-conditioned OOF predictions
142,3,Total Alkaloids,3.1522710229999999,3.2284304846411671,-0.076159461641167159,0.19829759460613333,0.34590175786722593,-0.14760416326109263,selection-conditioned OOF predictions
142,3,Reducing Sugars,15.047791889999999,14.889635320134907,0.15815656986509197,-0.35553589609391301,-0.40161702244373682,0.046081126349823823,selection-conditioned OOF predictions
142,3,Total Sugars,16.439885700000001,16.754169330680678,-0.31428363068067711,-0.5771038537876706,-0.5014660222592876,-0.075637831528382923,selection-conditioned OOF predictions
142,3,Total Nitrogen,2.461166779,2.5436625795750163,-0.082495800575016265,0.6441836378093746,0.90337027689510863,-0.25918663908573408,selection-conditioned OOF predictions
142,3,K,2.0295973190000001,1.8914168519566896,0.13818046704331044,-1.0059895225360407,-1.4516797157665475,0.4456901932305069,selection-conditioned OOF predictions
142,3,cl,7.802359579,7.0160292269776701,0.78633035202232993,1.9764608171150315,1.4578757958887911,0.51858502122624039,selection-conditioned OOF predictions
142,3,pH,4.875,4.8991743105994114,-0.024174310599411442,-0.5203557128210341,-0.30776608678922945,-0.21258962603180462,selection-conditioned OOF predictions
142,3,Starch,3.9602061649999998,3.6097346105574584,0.35047155444254141,-0.29701120389712787,-0.72921108001728452,0.43219987612015665,selection-conditioned OOF predictions
142,3,Neochlorogenic Acid,1.551161638,1.5728520034509201,-0.021690365450920179,-0.036413477340658355,0.027569042127526294,-0.063982519468184645,selection-conditioned OOF predictions
142,3,Chlorogenic Acid,10.402483569999999,10.297388907919377,0.10509466208062257,-0.074866809202336307,-0.11692580636691378,0.042058997164577464,selection-conditioned OOF predictions
142,3,Cryptochlorogenic Acid,2.5106451910000001,2.464210403060564,0.046434787939436006,0.12006025364428788,0.033994541827828198,0.086065711816459681,selection-conditioned OOF predictions
142,3,Scopoletin,0.40655796399999999,0.42541423123410943,-0.018856267234109436,0.58492793333384996,0.73743982809272624,-0.15251189475887625,selection-conditioned OOF predictions
142,3,Rutin,8.4791251400000007,7.7741949529893759,0.70493018701062482,-0.22417956712824652,-0.55663530096265468,0.33245573383440818,selection-conditioned OOF predictions
143,3,Total Alkaloids,3.7763044350000001,3.7674711030061627,0.0088333319938374011,1.4077327408156712,1.3906129168350219,0.017119823980649491,selection-conditioned OOF predictions
143,3,Reducing Sugars,16.70454659,16.516578892769438,0.18796769723056173,0.12718273346720546,0.07241571864666746,0.054767014820537994,selection-conditioned OOF predictions
143,3,Total Sugars,20.58037646,19.661470129206567,0.91890633079343331,0.41937738792200457,0.19822656919057424,0.22115081873143033,selection-conditioned OOF predictions
143,3,Total Nitrogen,2.7154658770000002,2.7211212157103875,-0.0056553387103872588,1.4431446524760387,1.4609126870065217,-0.017768034530482937,selection-conditioned OOF predictions
143,3,K,1.7786251200000001,1.760903683730076,0.017721436269924062,-1.8154805472894584,-1.8726396416568916,0.057159094367433161,selection-conditioned OOF predictions
143,3,cl,4.5777908460000001,4.9283072235984289,-0.3505163775984288,-0.15014289409563403,0.081022725608009535,-0.23116561970364355,selection-conditioned OOF predictions
143,3,pH,4.9900000000000002,5.0155935671553724,-0.025593567155372199,0.49095780088275665,0.71602841243156834,-0.22507061154881167,selection-conditioned OOF predictions
143,3,Starch,4.7977400860000001,4.9196564882187115,-0.12191640221871136,0.73583169680103677,0.88617843184421119,-0.15034673504317439,selection-conditioned OOF predictions
143,3,Neochlorogenic Acid,1.717477572,1.8398773219586189,-0.12239974995861891,0.45418740760537524,0.81524376704518497,-0.36105635943980974,selection-conditioned OOF predictions
143,3,Chlorogenic Acid,9.7888191869999996,10.627857825309711,-0.83903863830971126,-0.32045595743899119,0.015328210957376097,-0.33578416839636727,selection-conditioned OOF predictions
143,3,Cryptochlorogenic Acid,2.3907159309999999,2.5323337049133858,-0.14161777391338592,-0.10222561407591788,0.16025936881266886,-0.26248498288858674,selection-conditioned OOF predictions
143,3,Scopoletin,0.27228118800000001,0.16230883172505123,0.10997235627494878,-0.50111975975509404,-1.3905902057536157,0.88947044599852165,selection-conditioned OOF predictions
143,3,Rutin,10.5010739,11.123296191449384,-0.62222229144938446,0.72940203735940434,1.022851477209842,-0.29344943985043764,selection-conditioned OOF predictions
144,3,Total Alkaloids,3.4588561590000002,3.4855002230665186,-0.026644064066518425,0.79248827679324563,0.84412696616506722,-0.051638689371821644,selection-conditioned OOF predictions
144,3,Reducing Sugars,13.37982463,12.751012662784497,0.62881196721550303,-0.84152146166980257,-1.0247346139040461,0.18321315223424353,selection-conditioned OOF predictions
144,3,Total Sugars,14.90116738,14.833809413169107,0.067357966830893901,-0.94742322678755786,-0.96363409509213738,0.0162108683045795,selection-conditioned OOF predictions
144,3,Total Nitrogen,2.5047402160000001,2.573919945923179,-0.06917972992317889,0.7810833661679627,0.99843335933934529,-0.21734999317138259,selection-conditioned OOF predictions
144,3,K,2.0482406559999999,1.984379487682757,0.063861168317242978,-0.94585691010691175,-1.1518360695080512,0.20597915940113953,selection-conditioned OOF predictions
144,3,cl,4.852631079,5.4698523726935715,-0.61722129369357148,0.031114293417944694,0.43817185754244226,-0.40705756412449756,selection-conditioned OOF predictions
144,3,pH,4.8949999999999996,4.8778994916494511,0.017100508350548438,-0.34447510174211804,-0.49485749466484952,0.15038239292273151,selection-conditioned OOF predictions
144,3,Starch,3.37575213,3.2143036805150071,0.16144844948499282,-1.0177571769239877,-1.2168546471257959,0.19909747020180812,selection-conditioned OOF predictions
144,3,Neochlorogenic Acid,1.608687617,1.5834297940855797,0.025257822914420247,0.13327739668459859,0.05877154522706609,0.074505851457532496,selection-conditioned OOF predictions
144,3,Chlorogenic Acid,9.936306708,10.265019630612919,-0.32871292261291885,-0.2614312923918658,-0.12988002607226221,-0.13155126631960359,selection-conditioned OOF predictions
144,3,Cryptochlorogenic Acid,2.6165769390000002,2.4204489665994959,0.19612797240050428,0.31640208484793392,-0.047116180246427608,0.36351826509436153,selection-conditioned OOF predictions
144,3,Scopoletin,0.46236175800000001,0.40539698599599766,0.056964772004002351,1.0362761377270704,0.57553779513918746,0.46073834258788299,selection-conditioned OOF predictions
144,3,Rutin,7.9002689789999998,8.4099067226142381,-0.5096377436142383,-0.49717688421848921,-0.25682401926105497,-0.24035286495743424,selection-conditioned OOF predictions
145,3,Total Alkaloids,3.0287030509999999,2.8138131142760918,0.2148899367239081,-0.041188697968591967,-0.45766550360578451,0.41647680563719253,selection-conditioned OOF predictions
145,3,Reducing Sugars,19.881780379999999,19.748693709895655,0.13308667010434405,1.0529141896110012,1.0141375288261418,0.038776660784859474,selection-conditioned OOF predictions
145,3,Total Sugars,23.893459929999999,22.216662087990898,1.6767978420091012,1.2167286492670242,0.81317803351795459,0.40355061574906964,selection-conditioned OOF predictions
145,3,Total Nitrogen,1.863498594,1.8923690465861234,-0.028870452586123418,-1.233579922018837,-1.1428742676397761,-0.090705654379061015,selection-conditioned OOF predictions
145,3,K,2.2626359250000001,2.223968445352325,0.03866747964767514,-0.254341886942554,-0.37906079146404037,0.12471890452148636,selection-conditioned OOF predictions
145,3,cl,4.7503817709999998,3.8596055109636662,0.89077626003633359,-0.036319145241997447,-0.62378626326780007,0.58746711802580265,selection-conditioned OOF predictions
145,3,pH,4.7599999999999998,4.8201975867248938,-0.060197586724894059,-1.5316692265248248,-1.002289809592293,-0.52937941693253188,selection-conditioned OOF predictions
145,3,Starch,5.2648509289999996,4.98345725896265,0.28139367003734961,1.3118705961636385,0.96485724289853747,0.34701335326510108,selection-conditioned OOF predictions
145,3,Neochlorogenic Acid,1.2262164099999999,1.3570591848490117,-0.13084277484901174,-0.99494109752520832,-0.60897939448285399,-0.38596170304235428,selection-conditioned OOF predictions
145,3,Chlorogenic Acid,9.3970056399999997,9.1280460752716763,0.26895956472832339,-0.47726016172554264,-0.58489806974428193,0.10763790801873931,selection-conditioned OOF predictions
145,3,Cryptochlorogenic Acid,2.0460266570000001,2.0991190268231623,-0.053092369823162233,-0.74109851602609766,-0.64269314359685348,-0.098405372429244284,selection-conditioned OOF predictions
145,3,Scopoletin,0.259248021,0.28249643506583616,-0.023248414065836165,-0.60653367700607841,-0.41849753839505066,-0.18803613861102778,selection-conditioned OOF predictions
145,3,Rutin,7.0510003460000004,8.422940537988211,-1.3719401919882106,-0.89770481139364366,-0.25067707487611973,-0.64702773651752388,selection-conditioned OOF predictions
146,3,Total Alkaloids,2.907533119,2.7759185120334178,0.13161460696658223,-0.2760273646273888,-0.53110878872898681,0.25508142410159795,selection-conditioned OOF predictions
146,3,Reducing Sugars,18.77988135,17.598781342052071,1.1811000079479292,0.73186051179356404,0.38773052247694978,0.3441299893166142,selection-conditioned OOF predictions
146,3,Total Sugars,22.35797118,20.502194588443803,1.8557765915561966,0.84718652855686072,0.40056155835896373,0.44662497019789704,selection-conditioned OOF predictions
146,3,Total Nitrogen,2.0089812519999999,1.9745807689622008,0.034400483037799079,-0.77650015663137528,-0.88458015002916279,0.10807999339778744,selection-conditioned OOF predictions
146,3,K,2.681653447,2.4558678513525489,0.22578559564745104,1.097166067424207,0.36891244441946947,0.7282536230047375,selection-conditioned OOF predictions
146,3,cl,5.7072170179999997,5.2131424450830135,0.4940745729169862,0.59471388762943234,0.2688716099855129,0.32584227764391943,selection-conditioned OOF predictions
146,3,pH,4.9500000000000002,5.0324305457264122,-0.082430545726412063,0.13919657872491673,0.8640933164214265,-0.72489673769650975,selection-conditioned OOF predictions
146,3,Starch,4.3338277329999997,4.0655363869133847,0.26829134608661498,0.16373716029541485,-0.16711846856491699,0.33085562886033182,selection-conditioned OOF predictions
146,3,Neochlorogenic Acid,1.6955387930000001,1.7047698204423987,-0.009231027442398565,0.3894721146495278,0.4167019183326906,-0.027229803683162777,selection-conditioned OOF predictions
146,3,Chlorogenic Acid,10.45943187,10.50685130115513,-0.047419431155130809,-0.0520760380936185,-0.033098730578518226,-0.018977307515100277,selection-conditioned OOF predictions
146,3,Cryptochlorogenic Acid,2.6179659059999998,2.7084609368365324,-0.090495030836532653,0.31897650025606394,0.4867067643622997,-0.16773026410623573,selection-conditioned OOF predictions
146,3,Scopoletin,0.24408517499999999,0.22440390945770111,0.019681265542298876,-0.72917270967813885,-0.88835729599323343,0.15918458631509458,selection-conditioned OOF predictions
146,3,Rutin,8.1899779939999995,9.3066999853365076,-1.1167219913365081,-0.36054573271579898,0.1661172418025624,-0.52666297451836142,selection-conditioned OOF predictions
147,3,Total Alkaloids,2.7061762069999999,2.6760056988330736,0.030170508166926346,-0.6662759020006106,-0.7247491700250519,0.058473268024441319,selection-conditioned OOF predictions
147,3,Reducing Sugars,20.992148329999999,19.534809589184512,1.4573387408154872,1.376435405595835,0.95181940192747194,0.42461600366836311,selection-conditioned OOF predictions
147,3,Total Sugars,25.764289649999998,22.626429112456684,3.1378605375433146,1.6669764170975614,0.91179560738046583,0.75518080971709545,selection-conditioned OOF predictions
147,3,Total Nitrogen,1.89226089,1.9496451331927567,-0.057384243192756701,-1.1432140757494849,-0.96292333336091585,-0.18029074238856904,selection-conditioned OOF predictions
147,3,K,2.4273808780000001,2.4417718121025711,-0.014390934102570974,0.27702995965358501,0.32344678207561384,-0.046416822422028839,selection-conditioned OOF predictions
147,3,cl,2.6093089520000001,3.008555685222964,-0.39924673322296389,-1.4483570888778172,-1.1850537900919422,-0.26330329878587505,selection-conditioned OOF predictions
147,3,pH,4.9400000000000004,4.9777391771376651,-0.037739177137664726,0.051256273185458709,0.38313575001486228,-0.33187947682940355,selection-conditioned OOF predictions
147,3,Starch,4.1066893699999998,4.2912611908887097,-0.18457182088870994,-0.11636880295995576,0.11124430033528043,-0.22761310329523621,selection-conditioned OOF predictions
147,3,Neochlorogenic Acid,2.0297418540000001,1.8739753124104523,0.15576654158954772,1.3753086098964189,0.91582645860227241,0.45948215129414638,selection-conditioned OOF predictions
147,3,Chlorogenic Acid,14.39300798,13.496166589384863,0.8968413906151369,1.5221453655607546,1.1632284733210616,0.35891689223969292,selection-conditioned OOF predictions
147,3,Cryptochlorogenic Acid,3.3369189279999998,2.9463222967722817,0.39059663122771804,1.6515378480483707,0.92757681384335344,0.72396103420501734,selection-conditioned OOF predictions
147,3,Scopoletin,0.184918797,0.23602477010789819,-0.051105973107898189,-1.2077179224059782,-0.79436629265804293,-0.41335162974793532,selection-conditioned OOF predictions
147,3,Rutin,10.983203619999999,10.769675590900789,0.21352802909921031,0.9567817024943317,0.85607865570124142,0.10070304679309028,selection-conditioned OOF predictions
148,3,Total Alkaloids,3.4442600880000001,3.578287223830245,-0.13402713583024495,0.76419972537194769,1.0239568561630437,-0.25975713079109591,selection-conditioned OOF predictions
148,3,Reducing Sugars,15.88211186,16.172500634563526,-0.2903887745635263,-0.11244511594771886,-0.027836289247400489,-0.084608826700318371,selection-conditioned OOF predictions
148,3,Total Sugars,20.245956100000001,19.345476074340098,0.90048002565990259,0.33889330163804049,0.12217709428093479,0.2167162073571057,selection-conditioned OOF predictions
148,3,Total Nitrogen,2.2160996800000001,2.1886404384816096,0.02745924151839052,-0.12577213324277292,-0.21204402188907187,0.08627188864629895,selection-conditioned OOF predictions
148,3,K,2.4041645049999998,2.2974105347150537,0.10675397028494604,0.20214738044477046,-0.14217912721935883,0.34432650766412931,selection-conditioned OOF predictions
148,3,cl,6.4513905649999996,5.8212829586571129,0.63010760634288676,1.0854964876835664,0.66994039784200043,0.41555608984156583,selection-conditioned OOF predictions
148,3,pH,4.9400000000000004,5.0488249077532243,-0.10882490775322395,0.051256273185458709,1.008265836997664,-0.95700956381220537,selection-conditioned OOF predictions
148,3,Starch,3.5226211649999999,3.5781201930453701,-0.055499028045370213,-0.83663897224157691,-0.7681978313217348,-0.068441140919842144,selection-conditioned OOF predictions
148,3,Neochlorogenic Acid,1.519746526,1.5313944483964774,-0.011647922396477384,-0.12908217947402531,-0.094722987915779724,-0.034359191558245579,selection-conditioned OOF predictions
148,3,Chlorogenic Acid,11.16525712,10.116560626036751,1.0486964939632486,0.23039598856044283,-0.18929347989482617,0.419689468455269,selection-conditioned OOF predictions
148,3,Cryptochlorogenic Acid,2.4215447490000002,2.4479594400917382,-0.026414691091737996,-0.045085175121167831,0.0038737906048623492,-0.048958965726030181,selection-conditioned OOF predictions
148,3,Scopoletin,0.24818111700000001,0.25384933647844071,-0.0056682194784407058,-0.69604420828988578,-0.65019892609095709,-0.045845282198928777,selection-conditioned OOF predictions
148,3,Rutin,10.82387956,10.238395673090423,0.58548388690957687,0.88164206702291337,0.6055190141910004,0.27612305283191296,selection-conditioned OOF predictions
149,3,Total Alkaloids,2.6505273049999998,2.5414566150378204,0.10907068996217939,-0.77412868140718893,-0.98551788481346991,0.21138920340628103,selection-conditioned OOF predictions
149,3,Reducing Sugars,22.888888720000001,23.574724548567964,-0.68583582856796355,1.9290772189518026,2.1289050699126246,-0.19982785096082206,selection-conditioned OOF predictions
149,3,Total Sugars,26.218184170000001,26.010013028424563,0.2081711415754377,1.7762140415995464,1.7261140293862085,0.050100012213337923,selection-conditioned OOF predictions
149,3,Total Nitrogen,1.7701629640000001,1.8083155106601891,-0.038152546660189079,-1.5268233123251298,-1.406955024818495,-0.11986828750663478,selection-conditioned OOF predictions
149,3,K,2.427141379,2.2680795421534423,0.15906183684655772,0.27625747452690574,-0.23678392934620199,0.5130414038731077,selection-conditioned OOF predictions
149,3,cl,8.6641686910000004,7.7186661424156906,0.94550254858430982,2.5448240953352728,1.9212649792894321,0.62355911604584058,selection-conditioned OOF predictions
149,3,pH,4.8449999999999998,4.9798996874251884,-0.13489968742518865,-0.78417662943941602,0.40213534349545671,-1.1863119729348728,selection-conditioned OOF predictions
149,3,Starch,5.2310678990000001,5.1716619999955693,0.059405899004430829,1.2702095221167373,1.1969504462657443,0.073259075850992936,selection-conditioned OOF predictions
149,3,Neochlorogenic Acid,1.2385608239999999,1.3445427517260291,-0.10598192772602921,-0.95852738606121712,-0.64590053017213256,-0.31262685588908462,selection-conditioned OOF predictions
149,3,Chlorogenic Acid,9.6669527239999997,9.8785244185523098,-0.21157169455231006,-0.36922704742871904,-0.2845558269774458,-0.084671220451273219,selection-conditioned OOF predictions
149,3,Cryptochlorogenic Acid,2.0510945060000001,2.3350106693364001,-0.28391616333640002,-0.73170538533855756,-0.20547391582875432,-0.52623146950980326,selection-conditioned OOF predictions
149,3,Scopoletin,0.22274680599999999,0.32335969249560598,-0.10061288649560599,-0.90176016014485716,-0.087990299647367543,-0.81376986049748956,selection-conditioned OOF predictions
149,3,Rutin,7.2335302309999996,8.1674995791751712,-0.93396934817517163,-0.81162095800991807,-0.37114689299198655,-0.44047406501793152,selection-conditioned OOF predictions
150,3,Total Alkaloids,2.3028344820000002,2.2786032493992336,0.024231232600766539,-1.4479899076407154,-1.4949523038518744,0.046962396211158955,selection-conditioned OOF predictions
150,3,Reducing Sugars,16.39951031,16.605304507122817,-0.20579419712281677,0.038306151407096423,0.098267166038143949,-0.059961014631047527,selection-conditioned OOF predictions
150,3,Total Sugars,18.47972738,18.635460409823267,-0.15573302982326709,-0.086180413065501449,-0.048700546081448789,-0.037479866984052659,selection-conditioned OOF predictions
150,3,Total Nitrogen,1.9512401319999999,1.9135767742375247,0.037663357762475203,-0.95791214033880301,-1.0762434862630452,0.11833134592424212,selection-conditioned OOF predictions
150,3,K,2.9693625720000001,2.9717023939859057,-0.0023398219859056546,2.0251491482400996,2.0326960594304953,-0.0075469111903958153,selection-conditioned OOF predictions
150,3,cl,7.6848685410000002,6.9240006503437055,0.76086789065629468,1.8989754545337425,1.397182931567321,0.50179252296642152,selection-conditioned OOF predictions
150,3,pH,4.9900000000000002,5.0471110473623879,-0.057111047362387701,0.49095780088275665,0.99319409635545064,-0.50223629547269399,selection-conditioned OOF predictions
150,3,Starch,3.4448491400000001,3.4022619509873717,0.042587189012628368,-0.9325470684751741,-0.98506539009713978,0.05251832162196577,selection-conditioned OOF predictions
150,3,Neochlorogenic Acid,1.819816058,1.7403830317041638,0.079433026295836262,0.75606679214851413,0.52175422775718627,0.23431256439132783,selection-conditioned OOF predictions
150,3,Chlorogenic Acid,10.01530661,8.8605293801741496,1.1547772298258501,-0.22981544636848802,-0.69195853977988209,0.46214309341139403,selection-conditioned OOF predictions
150,3,Cryptochlorogenic Acid,2.808647567,3.0062980274050961,-0.19765046040509615,0.67240016412020442,1.0387403224472458,-0.36634015832704142,selection-conditioned OOF predictions
150,3,Scopoletin,0.34246827800000001,0.32186391084508365,0.02060436715491637,0.066562377468144834,-0.10008837244377243,0.16665074991191728,selection-conditioned OOF predictions
150,3,Rutin,8.0145695809999999,7.7925625014290176,0.22200707957098231,-0.44327099223680294,-0.5479728874247477,0.10470189518794482,selection-conditioned OOF predictions
151,3,Total Alkaloids,2.4096874270000002,2.3981839171033621,0.011503509896638064,-1.2408989014960081,-1.2631937801134423,0.022294878617434222,selection-conditioned OOF predictions
151,3,Reducing Sugars,22.8719064,23.625932773326447,-0.75402637332644673,1.9241291827475482,2.1438253016630897,-0.21969611891554167,selection-conditioned OOF predictions
151,3,Total Sugars,26.381335459999999,27.234181648375145,-0.85284618837514614,1.8154792421444532,2.0207315366283636,-0.20525229448391027,selection-conditioned OOF predictions
151,3,Total Nitrogen,1.777907648,1.7918632466104349,-0.013955598610434938,-1.5024909390073424,-1.4586450138201685,-0.043845925187173798,selection-conditioned OOF predictions
151,3,K,2.4022914860000002,2.4771783776989462,-0.074886891698946023,0.196106105452028,0.43764786562913044,-0.24154176017710244,selection-conditioned OOF predictions
151,3,cl,5.3435194130000001,4.7485294687437314,0.59498994425626872,0.35485524587182465,-0.037540738942932313,0.39239598481475696,selection-conditioned OOF predictions
151,3,pH,5.1399999999999997,5.1397762650657697,0.00022373493423000212,1.8100623839746506,1.8080948521270468,0.0019675318476037353,selection-conditioned OOF predictions
151,3,Starch,5.7399263840000003,5.4556772035837948,0.2842491804162055,1.8977314176654592,1.5471966624025144,0.35053475526294475,selection-conditioned OOF predictions
151,3,Neochlorogenic Acid,1.807997028,1.8263536150106225,-0.018356587010622594,0.72120286517682808,0.77535136204905386,-0.054148496872225782,selection-conditioned OOF predictions
151,3,Chlorogenic Acid,13.855089680000001,14.090690506047828,-0.23560082604782728,1.3068698814727213,1.4011575862765671,-0.094287704803845879,selection-conditioned OOF predictions
151,3,Cryptochlorogenic Acid,2.7063622710000002,2.9188830592676158,-0.21252078826761567,0.48281694000643915,0.8767188771037665,-0.39390193709732735,selection-conditioned OOF predictions
151,3,Scopoletin,0.20826520700000001,0.16498404541936146,0.04328116158063855,-1.0188891801787396,-1.3689527361347027,0.35006355595596317,selection-conditioned OOF predictions
151,3,Rutin,12.093994520000001,11.052570856471107,1.041423663528894,1.4806474846679034,0.98949633995774244,0.49115114471016103,selection-conditioned OOF predictions
152,3,Total Alkaloids,3.2049069110000001,3.2374238595798235,-0.032516948579823346,0.30031087093876191,0.36333176005090878,-0.063020889112146872,selection-conditioned OOF predictions
152,3,Reducing Sugars,17.25425263,17.425455760436883,-0.17120313043688284,0.28734726856118731,0.33722969261652003,-0.049882424055332678,selection-conditioned OOF predictions
152,3,Total Sugars,19.610576229999999,20.059212400755936,-0.44863617075593609,0.18597806561540692,0.29395017675489638,-0.10797211113948946,selection-conditioned OOF predictions
152,3,Total Nitrogen,2.2261726350000002,2.313951218400137,-0.087778583400136778,-0.094124760480594732,0.18165941103611127,-0.27578417151670603,selection-conditioned OOF predictions
152,3,K,2.6470447130000001,2.5036052168795759,0.14343949612042417,0.98553832673138886,0.52288555017968785,0.46265277655170106,selection-conditioned OOF predictions
152,3,cl,2.8983758800000001,3.2694163098981672,-0.3710404298981671,-1.2577173932242696,-1.0130161570076237,-0.24470123621664572,selection-conditioned OOF predictions
152,3,pH,4.9699999999999998,4.9203197095535582,0.049680290446441511,0.31507718980383281,-0.12181280231108493,0.43688999211491775,selection-conditioned OOF predictions
152,3,Starch,4.7668048479999996,4.5771261392547498,0.18967870874524984,0.69768250648339636,0.46377161305090686,0.23391089343248953,selection-conditioned OOF predictions
152,3,Neochlorogenic Acid,1.4447993100000001,1.5542839169109555,-0.10948460691095541,-0.35016244285902076,-0.027203338781335996,-0.32295910407768474,selection-conditioned OOF predictions
152,3,Chlorogenic Acid,10.85366037,11.405727393663319,-0.55206702366331939,0.1056946329893312,0.32663245155427123,-0.22093781856494002,selection-conditioned OOF predictions
152,3,Cryptochlorogenic Acid,2.1333713570000001,2.4201695460611052,-0.2867981890611051,-0.57920731090850552,-0.047634079188145613,-0.53157323172035986,selection-conditioned OOF predictions
152,3,Scopoletin,0.312032902,0.34385119627825339,-0.03181829427825339,-0.17960282605963893,0.077747596912403863,-0.2573504229720428,selection-conditioned OOF predictions
152,3,Rutin,11.623345029999999,10.377215723669309,1.2461293063306904,1.2586820695673269,0.67098864882510012,0.58769342074222675,selection-conditioned OOF predictions
153,3,Total Alkaloids,2.8170250339999998,2.8573475172822875,-0.040322483282287713,-0.45144050262635305,-0.3732917568600842,-0.078148745766268804,selection-conditioned OOF predictions
153,3,Reducing Sugars,19.845170450000001,20.740363139186975,-0.89519268918697392,1.0422473750017369,1.3030742723797666,-0.26082689737802961,selection-conditioned OOF predictions
153,3,Total Sugars,25.650424739999998,24.613156609410073,1.0372681305899256,1.6395728426227421,1.3899361945370639,0.24963664808567834,selection-conditioned OOF predictions
153,3,Total Nitrogen,1.851388407,1.9461837571639391,-0.09479535016393914,-1.2716279031930489,-0.97379834049179814,-0.29782956270125066,selection-conditioned OOF predictions
153,3,K,2.442875957,2.3348859527458341,0.10799000425416594,0.32700811431901505,-0.021305123382786055,0.34831323770180111,selection-conditioned OOF predictions
153,3,cl,3.3407477870000002,3.398937281587072,-0.058189494587071788,-0.96597303388282463,-0.92759705080144939,-0.038375983081375305,selection-conditioned OOF predictions
153,3,pH,5.0949999999999998,5.1108371294338601,-0.015837129433860397,1.4143310090470815,1.5536032091752472,-0.13927220012816569,selection-conditioned OOF predictions
153,3,Starch,4.459643249,4.5290807739476033,-0.069437524947603357,0.31889226415451766,0.40452229403862522,-0.085630029884107575,selection-conditioned OOF predictions
153,3,Neochlorogenic Acid,1.999937208,2.0390352154190139,-0.039098007419013925,1.2873904811192729,1.4027222871469192,-0.11533180602764627,selection-conditioned OOF predictions
153,3,Chlorogenic Acid,13.91588159,14.384778650566794,-0.46889706056679437,1.3311988694507952,1.5188519790419219,-0.18765310959112685,selection-conditioned OOF predictions
153,3,Cryptochlorogenic Acid,3.1156915619999999,3.1318663525023442,-0.016174790502344383,1.241498488055943,1.2714780555276854,-0.029979567471742588,selection-conditioned OOF predictions
153,3,Scopoletin,0.14333499699999999,0.10825722627368101,0.035077770726318985,-1.544053001376537,-1.8277664856504046,0.2837134842738675,selection-conditioned OOF predictions
153,3,Rutin,13.275753569999999,12.260070708185253,1.0156828618147458,2.0379829193288694,1.5589715258750043,0.47901139345386512,selection-conditioned OOF predictions
154,3,Total Alkaloids,3.2121630570000002,3.118818130923485,0.093344926076515122,0.31437396087861241,0.13346275941674493,0.18091120146186748,selection-conditioned OOF predictions
154,3,Reducing Sugars,17.847819980000001,18.675117880949138,-0.82729790094913724,0.46029140914169997,0.70133621135952817,-0.24104480221782823,selection-conditioned OOF predictions
154,3,Total Sugars,23.19560512,22.361765637081056,0.83383948291894328,1.0487777304242858,0.84809973076474232,0.20067799965954333,selection-conditioned OOF predictions
154,3,Total Nitrogen,2.0575946639999998,2.0560146108744197,0.001580053125580072,-0.62376575338969142,-0.6287299898276858,0.0049642364379943165,selection-conditioned OOF predictions
154,3,K,2.49048654,2.2751590546008327,0.21532748539916735,0.48057229304216376,-0.21394952056057948,0.69452181360274323,selection-conditioned OOF predictions
154,3,cl,3.6000740379999998,3.5529185748393584,0.047155463160641453,-0.79494732053793626,-0.82604635773165769,0.031099037193721354,selection-conditioned OOF predictions
154,3,pH,5.0599999999999996,5.0702625137297979,-0.01026251372979825,1.1065399396589706,1.1967887989591066,-0.090248859300136042,selection-conditioned OOF predictions
154,3,Starch,4.1293916919999996,4.4472815556753797,-0.31788986367538019,-0.088372406015140542,0.30364788196197612,-0.39202028797711663,selection-conditioned OOF predictions
154,3,Neochlorogenic Acid,1.91370262,1.8783140247278189,0.035388595272181078,1.033014582380932,0.92862484809648838,0.10438973428444359,selection-conditioned OOF predictions
154,3,Chlorogenic Acid,13.08135427,12.458807563735057,0.62254670626494324,0.99722013550980604,0.74807627191825965,0.24914386359154633,selection-conditioned OOF predictions
154,3,Cryptochlorogenic Acid,2.90321652,2.8208833736393633,0.082333146360636711,0.8476813405153254,0.69507892404991234,0.15260241646541312,selection-conditioned OOF predictions
154,3,Scopoletin,0.17953886299999999,0.12109798429018276,0.058440878709817234,-1.2512315148806052,-1.7239087968022966,0.47267728192169134,selection-conditioned OOF predictions
154,3,Rutin,11.28413947,11.53501374478671,-0.25087427478671032,1.0987075991183666,1.2170237000050117,-0.1183161008866452,selection-conditioned OOF predictions
155,3,Total Alkaloids,3.172119425,3.1481842878317603,0.023935137168239695,0.23676565499084831,0.1903771194349744,0.046388535555873911,selection-conditioned OOF predictions
155,3,Reducing Sugars,19.203573899999999,19.482039865388849,-0.27846596538885038,0.85530925595059271,0.93644420561569375,-0.081134949665101097,selection-conditioned OOF predictions
155,3,Total Sugars,25.71226231,23.593613764605909,2.1186485453940911,1.6544551312473665,1.144565445305717,0.50988968594164952,selection-conditioned OOF predictions
155,3,Total Nitrogen,1.959362512,2.0639962434175132,-0.1046337314175132,-0.93239311562598914,-0.60365316774896005,-0.32873994787702904,selection-conditioned OOF predictions
155,3,K,2.322704329,2.2472468528672902,0.075457476132709811,-0.060595989576199799,-0.30397812482207948,0.24338213524587968,selection-conditioned OOF predictions
155,3,cl,2.5582464059999999,2.7606904844088884,-0.20244407840888856,-1.4820328479696194,-1.3485209385936239,-0.13351190937599575,selection-conditioned OOF predictions
155,3,pH,5.0650000000000004,5.1163806049540801,-0.051380604954079701,1.1505100924287075,1.6023527022751132,-0.45184260984640562,selection-conditioned OOF predictions
155,3,Starch,4.6419650280000004,4.5700371034437008,0.071927924556299594,0.54373062635239944,0.45502944735868656,0.088701178993712895,selection-conditioned OOF predictions
155,3,Neochlorogenic Acid,2.0422273830000002,2.020972695020061,0.021254687979939124,1.4121385842055516,1.3494412317545834,0.06269735245096815,selection-conditioned OOF predictions
155,3,Chlorogenic Acid,15.032299419999999,14.369095259226661,0.6632041607733381,1.7779904896610796,1.5125754689048079,0.26541502075627177,selection-conditioned OOF predictions
155,3,Cryptochlorogenic Acid,3.301201501,3.0042246105111179,0.29697689048888209,1.5853364952389892,1.0348972963715102,0.55043919886747905,selection-conditioned OOF predictions
155,3,Scopoletin,0.14595476800000001,0.082669845652335205,0.063284922347664807,-1.5228639593416633,-2.0347204841289006,0.51185652478723742,selection-conditioned OOF predictions
155,3,Rutin,12.991860859999999,12.728030800141568,0.26383005985843155,1.9040948251992498,1.7796685801979293,0.12442624500132053,selection-conditioned OOF predictions
156,3,Total Alkaloids,3.697249056,3.6199232406841406,0.077325815315859359,1.2545160187284963,1.1046513529046285,0.1498646658238679,selection-conditioned OOF predictions
156,3,Reducing Sugars,16.662977860000002,15.994251540580443,0.66872631941955873,0.11507110319496587,-0.079771653226162781,0.19484275642112864,selection-conditioned OOF predictions
156,3,Total Sugars,20.512352490000001,19.110882987438664,1.4014695025613371,0.40300623435091909,0.065718180571863599,0.33728805377905552,selection-conditioned OOF predictions
156,3,Total Nitrogen,2.2251114900000002,2.261720388536574,-0.036608898536573786,-0.097458682985929163,0.017559745906059784,-0.11501842889198895,selection-conditioned OOF predictions
156,3,K,2.6618022890000002,2.4270370444176859,0.23476524458231429,1.0331377236634629,0.27592095156423796,0.757216772099225,selection-conditioned OOF predictions
156,3,cl,6.9097976250000004,6.201539388147145,0.70825823685285538,1.387816033570316,0.92071958759519312,0.46709644597512284,selection-conditioned OOF predictions
156,3,pH,5.0149999999999997,5.0822280515056608,-0.067228051505661135,0.71080856473140175,1.3020141037544404,-0.59120553902303874,selection-conditioned OOF predictions
156,3,Starch,3.9691389959999999,3.8093224922411846,0.15981650375881529,-0.28599527863111518,-0.48308024102238034,0.19708496239126516,selection-conditioned OOF predictions
156,3,Neochlorogenic Acid,1.5065954109999999,1.4055056952581935,0.10108971574180647,-0.16787550794144146,-0.46607125388766713,0.29819574594622572,selection-conditioned OOF predictions
156,3,Chlorogenic Acid,11.82602687,10.239611635797452,1.5864152342025477,0.49483675549843126,-0.14004833301330857,0.63488508851173986,selection-conditioned OOF predictions
156,3,Cryptochlorogenic Acid,2.3701125150000002,2.297720595876557,0.072391919123443227,-0.14041352754724507,-0.27459012930636134,0.13417660175911628,selection-conditioned OOF predictions
156,3,Scopoletin,0.221635254,0.3080993770459684,-0.0864641230459684,-0.91075053451419996,-0.21141767766163011,-0.69933285685256985,selection-conditioned OOF predictions
156,3,Rutin,11.458679200000001,10.078941392550206,1.3797378074497946,1.1810231746031985,0.53031796474404802,0.65070520985915048,selection-conditioned OOF predictions
157,3,Total Alkaloids,2.2991035549999999,2.4758522020837064,-0.17674864708370652,-1.4552207932871757,-1.1126653760332987,-0.34255541725387706,selection-conditioned OOF predictions
157,3,Reducing Sugars,21.322327900000001,20.592279107513001,0.7300487924870005,1.4726378364925032,1.2599279207626284,0.21270991572987488,selection-conditioned OOF predictions
157,3,Total Sugars,26.11474548,24.449624042699519,1.6651214373004812,1.751319718625131,1.3505792331087274,0.40074048551640362,selection-conditioned OOF predictions
157,3,Total Nitrogen,1.8209619909999999,1.9153919382806772,-0.094429947280677329,-1.3672221085646703,-1.0705405745456644,-0.29668153401900588,selection-conditioned OOF predictions
157,3,K,2.718369789,2.6097154678204912,0.10865432117950879,1.2155917314188751,0.86513579189273049,0.35045593952614473,selection-conditioned OOF predictions
157,3,cl,1.7998093049999999,2.415726553047838,-0.6159172480478381,-1.9822222646814442,-1.5760247189158128,-0.40619754576563172,selection-conditioned OOF predictions
157,3,pH,5.2199999999999998,5.1476926176672535,0.072307382332746251,2.5135848282903304,1.8777114987803054,0.63587332951002506,selection-conditioned OOF predictions
157,3,Starch,4.3961786170000003,4.3518434571347822,0.044335159865218188,0.24062797782166456,0.18595406674778844,0.054673911073876119,selection-conditioned OOF predictions
157,3,Neochlorogenic Acid,2.4568914369999999,2.2113904590624158,0.24550097793758408,2.6353199532721483,1.9111380054901912,0.7241819477819571,selection-conditioned OOF predictions
157,3,Chlorogenic Acid,18.47049071,17.054942755811489,1.4155479541885114,3.1539583538181661,2.5874545351383453,0.56650381867982069,selection-conditioned OOF predictions
157,3,Cryptochlorogenic Acid,3.9176920389999998,3.4751672480959588,0.44252479090404107,2.7279862054150237,1.9077776330131988,0.82020857240182476,selection-conditioned OOF predictions
157,3,Scopoletin,0.178654914,0.16236927330762746,0.016285640692372538,-1.2583810071521375,-1.3901013465236058,0.13172033937146829,selection-conditioned OOF predictions
157,3,Rutin,14.008530560000001,12.627734894370832,1.3807956656291687,2.3835716264610092,1.7323675146910069,0.65120411177000204,selection-conditioned OOF predictions
158,3,Total Alkaloids,3.6636607579999998,3.5615554360108441,0.10210532198915567,1.1894187541888217,0.99152908569663778,0.1978896684921839,selection-conditioned OOF predictions
158,3,Reducing Sugars,16.71687137,16.545681732388836,0.1711896376111639,0.13077373031860556,0.080895237586564125,0.049878492732041452,selection-conditioned OOF predictions
158,3,Total Sugars,18.644240719999999,18.503487089618378,0.14075363038162081,-0.046587411456917929,-0.080462224977289665,0.033874813520371728,selection-conditioned OOF predictions
158,3,Total Nitrogen,2.267010317,2.2714037742585704,-0.0043934572585704323,0.034179728618908091,0.047983163616550313,-0.013803434997642227,selection-conditioned OOF predictions
158,3,K,2.5645648890000001,2.1799997346080584,0.38456515439194172,0.7195061625423923,-0.52087839859056895,1.2403845611329614,selection-conditioned OOF predictions
158,3,cl,6.772012492,6.2706076290007982,0.50140486299920184,1.296946711360258,0.9662701059708767,0.33067660538938121,selection-conditioned OOF predictions
158,3,pH,4.79,4.8182413291026904,-0.028241329102690393,-1.267848309906443,-1.0194931988933396,-0.24835511101310342,selection-conditioned OOF predictions
158,3,Starch,4.4987196379999999,4.2156259285391453,0.28309370946085455,0.36708108367764919,0.017971249774035452,0.34910983390361372,selection-conditioned OOF predictions
158,3,Neochlorogenic Acid,1.0665679800000001,0.97764729663471917,0.088920683365280917,-1.4658740932671845,-1.7281734707219802,0.26229937745479559,selection-conditioned OOF predictions
158,3,Chlorogenic Acid,8.5329019939999995,7.6035080406977116,0.92939395330228791,-0.82307537324536795,-1.1950198361975324,0.37194446295216449,selection-conditioned OOF predictions
158,3,Cryptochlorogenic Acid,1.7539275299999999,1.6495616835969162,0.10436584640308366,-1.2824969029210851,-1.4759363748903371,0.19343947196925201,selection-conditioned OOF predictions
158,3,Scopoletin,0.31227379300000002,0.46634938652236207,-0.15407559352236205,-0.17765446892276582,1.0685285858913531,-1.2461830548141188,selection-conditioned OOF predictions
158,3,Rutin,9.1809375360000001,7.5866479641086073,1.5942895718913928,0.10680576932854989,-0.64508529638872625,0.75189106571727615,selection-conditioned OOF predictions
159,3,Total Alkaloids,2.1276893659999998,2.0671637340691293,0.06052563193087046,-1.7874375316043933,-1.9047418699556495,0.11730433835125638,selection-conditioned OOF predictions
159,3,Reducing Sugars,23.870444070000001,23.519685033004528,0.35075903699547339,2.2150670841927971,2.1128685380564058,0.10219854613639094,selection-conditioned OOF predictions
159,3,Total Sugars,26.506867159999999,26.049388825006211,0.45747833499378743,1.8456906329047906,1.7355905008832706,0.11010013202152012,selection-conditioned OOF predictions
159,3,Total Nitrogen,1.7584128670000001,1.7873294633455996,-0.02891659634559951,-1.563739956919566,-1.4728893273314638,-0.090850629588102277,selection-conditioned OOF predictions
159,3,K,2.338147604,2.2419006933666292,0.096246910633370764,-0.010784924625141929,-0.32122174044934371,0.31043681582420179,selection-conditioned OOF predictions
159,3,cl,3.2476340170000002,3.1888448125354554,0.058789204464544831,-1.0273815834418196,-1.0661530753048909,0.038771491863071314,selection-conditioned OOF predictions
159,3,pH,4.8449999999999998,4.8589088570592374,-0.013908857059237612,-0.78417662943941602,-0.66186171549001305,-0.12231491394940293,selection-conditioned OOF predictions
159,3,Starch,5.33394455,5.5061430327690228,-0.17219848276902283,1.3970765253135577,1.6094308861096267,-0.21235436079606906,selection-conditioned OOF predictions
159,3,Neochlorogenic Acid,1.5493655099999999,1.8252914609197908,-0.27592595091979089,-0.041711718856569754,0.77221820622700788,-0.81392992508357764,selection-conditioned OOF predictions
159,3,Chlorogenic Acid,10.64861389,12.554409668934319,-1.9057957789343192,0.023634810442771059,0.78633633757619747,-0.76270152713342643,selection-conditioned OOF predictions
159,3,Cryptochlorogenic Acid,2.486350356,2.8254502002817663,-0.33909984428176632,0.075030387879300803,0.70354342239613998,-0.62851303451683926,selection-conditioned OOF predictions
159,3,Scopoletin,0.219344237,0.23276776225841395,-0.013423525258413949,-0.92928057226009853,-0.82070938761963885,-0.10857118464045966,selection-conditioned OOF predictions
159,3,Rutin,8.2913053740000002,9.361075645182467,-1.0697702711824668,-0.31275820836778795,0.19176162507614489,-0.50451983344393281,selection-conditioned OOF predictions
160,3,Total Alkaloids,3.546432856,3.6947139944168366,-0.14828113841683654,0.96222011054438961,1.2496028321626407,-0.28738272161825112,selection-conditioned OOF predictions
160,3,Reducing Sugars,13.701150630000001,13.45423161902594,0.24691901097406088,-0.74789864209225354,-0.81984194582332814,0.071943303731074618,selection-conditioned OOF predictions
160,3,Total Sugars,16.485205990000001,16.057499365953404,0.42770662404659632,-0.56619673637779089,-0.66913178744342972,0.10293505106563881,selection-conditioned OOF predictions
160,3,Total Nitrogen,2.350288999,2.3407167504556479,0.0095722485443521244,0.29582603721423945,0.26575179208405392,0.030074245130185504,selection-conditioned OOF predictions
160,3,K,3.0933586320000002,2.6554975774788669,0.43786105452113322,2.4250886557820737,1.0128023741293228,1.4122862816527508,selection-conditioned OOF predictions
160,3,cl,5.9776623109999996,5.6893427935196481,0.28831951748035145,0.77307261135190031,0.58292583308250256,0.19014677826939774,selection-conditioned OOF predictions
160,3,pH,4.9800000000000004,5.0067598909722957,-0.026759890972295253,0.40301749534329862,0.63834479417392653,-0.23532729883062792,selection-conditioned OOF predictions
160,3,Starch,3.1577541120000001,3.2441270184860169,-0.086372906486016809,-1.2865913096224417,-1.1800766467055843,-0.10651466291685741,selection-conditioned OOF predictions
160,3,Neochlorogenic Acid,1.234285995,1.3169302239018363,-0.082644228901836314,-0.97113733172278494,-0.72735232051078968,-0.24378501121199525,selection-conditioned OOF predictions
160,3,Chlorogenic Acid,9.6141237200000003,9.0273090356860095,0.58681468431399075,-0.39036927183340753,-0.62521314168438857,0.23484386985098102,selection-conditioned OOF predictions
160,3,Cryptochlorogenic Acid,1.930189401,2.2140997991791824,-0.2839103981791824,-0.95579995722808286,-0.42957917329221429,-0.52622078393586857,selection-conditioned OOF predictions
160,3,Scopoletin,0.30548823000000003,0.39207544697162283,-0.086587216971622805,-0.2325369680561952,0.46779148816934613,-0.7003284562255413,selection-conditioned OOF predictions
160,3,Rutin,9.5815111690000005,9.4228307140076595,0.15868045499234107,0.29572235081085613,0.22088624919153163,0.074836101619324483,selection-conditioned OOF predictions
161,3,Total Alkaloids,2.473254678,2.3164513644570666,0.15680331354293342,-1.1176996207701178,-1.4215991152429195,0.30389949447280179,selection-conditioned OOF predictions
161,3,Reducing Sugars,22.409205109999998,22.577628913775406,-0.16842380377540778,1.7893146971722469,1.8383873255727794,-0.049072628400532406,selection-conditioned OOF predictions
161,3,Total Sugars,25.711409029999999,25.346970674517795,0.36443835548220349,1.6542497745485565,1.5665413346443122,0.087708439904244165,selection-conditioned OOF predictions
161,3,Total Nitrogen,1.7986607029999999,1.809688998553026,-0.011028295553026091,-1.4372886555126796,-1.402639778366094,-0.034648877146585787,selection-conditioned OOF predictions
161,3,K,2.2763815369999998,2.1699138829299027,0.10646765407009706,-0.21000650004281768,-0.55340951734791466,0.34340301730509704,selection-conditioned OOF predictions
161,3,cl,3.4474071469999998,3.8604894791708855,-0.41308233217088564,-0.89563116506481122,-0.62320328606194109,-0.27242787900287013,selection-conditioned OOF predictions
161,3,pH,4.835,4.9087908369987057,-0.0737908369987057,-0.87211693497887399,-0.22319805981100785,-0.64891887516786617,selection-conditioned OOF predictions
161,3,Starch,4.8800117170000004,4.7426740815650472,0.13733763543495314,0.83728868603647244,0.66792455856531308,0.16936412747115945,selection-conditioned OOF predictions
161,3,Neochlorogenic Acid,1.762447334,1.8753513567727587,-0.11290402277275868,0.58683979094834782,0.91988553199131096,-0.33304574104296308,selection-conditioned OOF predictions
161,3,Chlorogenic Acid,12.2068197,13.338027770881446,-1.1312080708814456,0.64723045694993875,1.099941147520038,-0.45271069057009922,selection-conditioned OOF predictions
161,3,Cryptochlorogenic Acid,2.9364992559999998,2.9637936496459236,-0.027294393645923787,0.909370054777904,0.95995952706749399,-0.05058947228958998,selection-conditioned OOF predictions
161,3,Scopoletin,0.19677924399999999,0.23674043477477574,-0.039961190774775751,-1.1117891141111345,-0.78857790553972518,-0.32321120857140928,selection-conditioned OOF predictions
161,3,Rutin,9.3799959479999995,9.8815923561057559,-0.50159640810575645,0.20068472593560227,0.43724517549255837,-0.23656044955695613,selection-conditioned OOF predictions
162,3,Total Alkaloids,2.856835088,2.6013893979279872,0.25544569007201279,-0.37428489275958554,-0.86936254337878194,0.4950776506191964,selection-conditioned OOF predictions
162,3,Reducing Sugars,20.426901869999998,19.948861381032835,0.47804048896716367,1.2117429520084249,1.072459176499017,0.13928377550940774,selection-conditioned OOF predictions
162,3,Total Sugars,25.040030640000001,22.97646185657376,2.0635687834262413,1.4926708674809701,0.99603708591882856,0.4966337815621415,selection-conditioned OOF predictions
162,3,Total Nitrogen,1.888637479,1.9473574480820517,-0.058719969082051682,-1.1545981669707377,-0.97011081940259525,-0.18448734756814247,selection-conditioned OOF predictions
162,3,K,2.4137967790000001,2.3168925502955044,0.096904228704495665,0.23321552019106154,-0.079341423205452899,0.31255694339651441,selection-conditioned OOF predictions
162,3,cl,2.6722912729999999,3.2659760017848694,-0.59368472878486944,-1.4068202358380466,-1.0152850408824112,-0.39153519495563527,selection-conditioned OOF predictions
162,3,pH,4.9199999999999999,4.961668987640703,-0.041668987640703037,-0.12462433789346515,0.24181401257087518,-0.36643835046434037,selection-conditioned OOF predictions
162,3,Starch,5.0012507719999997,4.8691149713913031,0.13213580060869656,0.98680011966842873,0.82385087049197603,0.16294924917645265,selection-conditioned OOF predictions
162,3,Neochlorogenic Acid,1.808004484,1.7864613461028802,0.021543137897119813,0.7212248589816922,0.65767663324860393,0.063548225733088284,selection-conditioned OOF predictions
162,3,Chlorogenic Acid,12.8610521,12.38255086727424,0.47850123272576006,0.90905496936395391,0.71755825971165399,0.19149670965230001,selection-conditioned OOF predictions
162,3,Cryptochlorogenic Acid,2.8710389969999999,2.7273705200327374,0.14366847696726248,0.78804111075703376,0.52175520132418729,0.26628590943284647,selection-conditioned OOF predictions
162,3,Scopoletin,0.210483898,0.20779818373876174,0.002685714261238259,-1.000944124346991,-1.0226665238907058,0.021722399543714761,selection-conditioned OOF predictions
162,3,Rutin,10.141834680000001,10.056911203266338,0.084923476733662184,0.55997938997120267,0.51992819440957261,0.040051195561630011,selection-conditioned OOF predictions
163,3,Total Alkaloids,2.5673724670000002,2.4557908874798078,0.11158157952019243,-0.93529053864210232,-1.151546080967607,0.21625554232550465,selection-conditioned OOF predictions
163,3,Reducing Sugars,20.589181880000002,21.141184688808103,-0.55200280880810126,1.2590255002531143,1.4198592310291518,-0.16083373077603744,selection-conditioned OOF predictions
163,3,Total Sugars,23.609497600000001,23.262765147297557,0.34673245270244379,1.1483881670394609,1.0649409611314413,0.083447205908019587,selection-conditioned OOF predictions
163,3,Total Nitrogen,1.9224434530000001,1.9888740062828092,-0.066430553282809113,-1.0483860116730619,-0.83967342608732365,-0.20871258558573821,selection-conditioned OOF predictions
163,3,K,2.541538922,2.3077944112079916,0.23374451079200842,0.64523772286247183,-0.10868675293777093,0.7539244758002428,selection-conditioned OOF predictions
163,3,cl,4.6251757189999996,3.8897539900137783,0.73542172898622127,-0.11889256106790724,-0.60390333542719032,0.48501077435928314,selection-conditioned OOF predictions
163,3,pH,4.79,4.8182142958455891,-0.028214295845589099,-1.267848309906443,-1.019730930182261,-0.24811737972418196,selection-conditioned OOF predictions
163,3,Starch,5.3618619399999998,5.5114362906454542,-0.14957435064545432,1.4315041196408349,1.6159585068807463,-0.18445438723991142,selection-conditioned OOF predictions
163,3,Neochlorogenic Acid,1.321474805,1.5079127558767893,-0.18643795087678927,-0.71394665663454249,-0.16398958705107153,-0.5499570695834709,selection-conditioned OOF predictions
163,3,Chlorogenic Acid,9.8372307150000005,9.9895188064206835,-0.152288091420683,-0.30108161169607528,-0.24013575318665059,-0.060945858509424661,selection-conditioned OOF predictions
163,3,Cryptochlorogenic Acid,2.1586176789999998,2.3339581875922466,-0.17534050859224681,-0.53241388791470368,-0.20742466427628781,-0.32498922363841592,selection-conditioned OOF predictions
163,3,Scopoletin,0.37119221800000002,0.31212302925163932,0.059069188748360701,0.29888526831134804,-0.17887386535144226,0.47775913366279033,selection-conditioned OOF predictions
163,3,Rutin,6.7647931290000001,8.3642527449969748,-1.5994596159969747,-1.0326844620168403,-0.27835512533493656,-0.75432933668190372,selection-conditioned OOF predictions
164,3,Total Alkaloids,2.5688150859999999,2.4590960728792122,0.10971901312078769,-0.93249460802743001,-1.1451403223817538,0.21264571435432378,selection-conditioned OOF predictions
164,3,Reducing Sugars,22.098444130000001,22.25327281705804,-0.15482868705803909,1.6987701437832214,1.7438816449809569,-0.045111501197735479,selection-conditioned OOF predictions
164,3,Total Sugars,26.62767581,25.642274196427813,0.98540161357218636,1.8747653393923063,1.6376112723041021,0.2371540670882043,selection-conditioned OOF predictions
164,3,Total Nitrogen,1.769659997,1.8523003185906621,-0.082640321590662147,-1.5284035421718905,-1.2687628446242538,-0.25964069754763663,selection-conditioned OOF predictions
164,3,K,2.4057980899999998,2.281551145673161,0.1242469443268388,0.20741637996320639,-0.19333233517879858,0.400748715142005,selection-conditioned OOF predictions
164,3,cl,2.9715162589999999,3.2287226806635854,-0.25720642166358543,-1.2094812989432071,-1.0398536134610268,-0.16962768548218013,selection-conditioned OOF predictions
164,3,pH,4.9950000000000001,5.0165770785051311,-0.02157707850513102,0.53492795365248569,0.72467744129149914,-0.18974948763901345,selection-conditioned OOF predictions
164,3,Starch,5.5084519619999996,5.1759201379345594,0.33253182406544024,1.6122782468010977,1.2022015619879927,0.41007668481310494,selection-conditioned OOF predictions
164,3,Neochlorogenic Acid,1.9035008369999999,1.910158523404371,-0.0066576864043710327,1.0029212314466347,1.0225601605806141,-0.019638929133979462,selection-conditioned OOF predictions
164,3,Chlorogenic Acid,13.01263728,13.977596429531197,-0.96495914953119666,0.96971952196436118,1.3558972148231196,-0.38617769285875858,selection-conditioned OOF predictions
164,3,Cryptochlorogenic Acid,2.9700326659999998,2.9310366939274832,0.038995972072516594,0.97152338699614171,0.89924533333574019,0.072278053660401562,selection-conditioned OOF predictions
164,3,Scopoletin,0.178144369,0.16179682166416703,0.016347547335832963,-1.2625103602389893,-1.3947314084397868,0.13222104820079761,selection-conditioned OOF predictions
164,3,Rutin,10.25487466,10.925814295331605,-0.67093963533160483,0.61329075355870122,0.92971602932774267,-0.31642527576904145,selection-conditioned OOF predictions
165,3,Total Alkaloids,2.6704303569999999,2.489824923806681,0.1806054331933189,-0.73555470420861524,-1.0855849338406121,0.35003022963199687,selection-conditioned OOF predictions
165,3,Reducing Sugars,18.38399609,18.793998677903524,-0.41000258790352362,0.61651381009376072,0.73597379252163664,-0.11945998242787594,selection-conditioned OOF predictions
165,3,Total Sugars,20.678899439999999,20.20150848624105,0.47739095375894891,0.44308865963785693,0.32819620897032215,0.1148924506675348,selection-conditioned OOF predictions
165,3,Total Nitrogen,2.0174242040000001,2.0932716726370213,-0.075847468637021187,-0.74997395362965602,-0.51167515124014695,-0.23829880238950901,selection-conditioned OOF predictions
165,3,K,2.6620053709999998,2.5089187279541942,0.15308664304580555,1.0337927486301473,0.54002386088489629,0.49376888774525107,selection-conditioned OOF predictions
165,3,cl,3.5341732850000001,3.7096185461862543,-0.17544526118625425,-0.83840888005352221,-0.72270269592579417,-0.11570618412772808,selection-conditioned OOF predictions
165,3,pH,4.7050000000000001,4.7220233897731267,-0.017023389773126674,-2.015340906991852,-1.8656366971952441,-0.14970420979660767,selection-conditioned OOF predictions
165,3,Starch,5.0235090710000003,4.8144621322009922,0.20904693879900815,1.0142489495335152,0.75645324569689498,0.25779570383662015,selection-conditioned OOF predictions
165,3,Neochlorogenic Acid,1.3500330979999999,1.4350377494475182,-0.085004651447518231,-0.62970503599494654,-0.37895721994575443,-0.25074781604919216,selection-conditioned OOF predictions
165,3,Chlorogenic Acid,8.6135773110000002,8.9137633496811262,-0.30018603868112592,-0.79078902433117282,-0.67065424774233284,-0.12013477658883989,selection-conditioned OOF predictions
165,3,Cryptochlorogenic Acid,2.19907998,2.3112278831388995,-0.11214790313889944,-0.45741803045889023,-0.24955471201406851,-0.2078633184448217,selection-conditioned OOF predictions
165,3,Scopoletin,0.43139385099999999,0.42857522175572377,0.0028186292442762273,0.78580375553982629,0.76300632265821433,0.022797432881611863,selection-conditioned OOF predictions
165,3,Rutin,6.5190600649999997,7.5191837144716942,-1.0001236494716945,-1.1485758901679608,-0.67690245649041103,-0.47167343367754966,selection-conditioned OOF predictions
166,3,Total Alkaloids,2.9302657249999999,2.8341382344054327,0.096127490594567266,-0.23196944700208427,-0.41827351887764025,0.18630407187555595,selection-conditioned OOF predictions
166,3,Reducing Sugars,12.2025986,14.227921577974847,-2.0253229779748469,-1.1845227133851446,-0.5944165665025305,-0.59010614688261409,selection-conditioned OOF predictions
166,3,Total Sugars,14.12254465,15.010093884182389,-0.88754923418238896,-1.1348123528084013,-0.92120816571524167,-0.21360418709315956,selection-conditioned OOF predictions
166,3,Total Nitrogen,2.330848472,2.4886070434482375,-0.15775857144823746,0.23474747539576746,0.73039590399006449,-0.49564842859429703,selection-conditioned OOF predictions
166,3,K,2.6318904490000001,2.5459883646716843,0.085902084328315809,0.93665944395623413,0.65958904911388405,0.27707039484235013,selection-conditioned OOF predictions
166,3,cl,3.723619856,3.8075873584625324,-0.083967502462532373,-0.71346882936031997,-0.65809224503433406,-0.055376584325985911,selection-conditioned OOF predictions
166,3,pH,4.6699999999999999,4.6656197107758608,0.0043802892241391334,-2.3231319763799627,-2.3616523736521624,0.038520397272199913,selection-conditioned OOF predictions
166,3,Starch,4.7554030340000004,4.6708240789846709,0.084578955015329527,0.6836218429691121,0.57931947258660854,0.10430237038250358,selection-conditioned OOF predictions
166,3,Neochlorogenic Acid,1.0727721290000001,1.183699953967762,-0.11092782496776188,-1.4475730146120449,-1.1203566873158117,-0.32721632729623307,selection-conditioned OOF predictions
166,3,Chlorogenic Acid,6.531731797,7.4609917155443028,-0.9292599185443029,-1.6239458454001923,-1.2520550233028005,-0.37189082209739183,selection-conditioned OOF predictions
166,3,Cryptochlorogenic Acid,1.6358510749999999,1.8625406295623055,-0.22668955456230555,-1.5013486431636314,-1.0811852540208238,-0.42016338914280765,selection-conditioned OOF predictions
166,3,Scopoletin,0.57223552499999997,0.56763664332753394,0.0045988816724660264,1.9249491810934238,1.8877528394775753,0.037196341615848394,selection-conditioned OOF predictions
166,3,Rutin,5.9162739880000004,6.1588665674992455,-0.24259257949924518,-1.4328589174334372,-1.31844858925297,-0.11441032818046701,selection-conditioned OOF predictions
167,3,Total Alkaloids,3.0740041140000001,2.8476111928539205,0.22639292114607956,0.04660900115982048,-0.39216166467611885,0.43877066583593932,selection-conditioned OOF predictions
167,3,Reducing Sugars,19.3453667,19.860367782948579,-0.51500108294857938,0.89662256932017859,1.0466753302892164,-0.15005276096903788,selection-conditioned OOF predictions
167,3,Total Sugars,22.971412390000001,22.426797848246583,0.54461454175341828,0.99482184381033256,0.86375086544650403,0.13107097836382858,selection-conditioned OOF predictions
167,3,Total Nitrogen,1.9877612440000001,2.0321911466185441,-0.044429902618543959,-0.84316952060573969,-0.70357893472936772,-0.13959058587637199,selection-conditioned OOF predictions
167,3,K,2.4209472839999999,2.3965206868234628,0.024426597176537168,0.25627890985341328,0.17749284805668805,0.07878606179672519,selection-conditioned OOF predictions
167,3,cl,6.2481500260000002,5.9772716612382535,0.27087836476174676,0.95145931239168069,0.77281497775748786,0.1786443346341928,selection-conditioned OOF predictions
167,3,pH,4.9349999999999996,4.9802477809627419,-0.04524778096274229,0.0072861204157218832,0.40519648870033331,-0.3979103682846114,selection-conditioned OOF predictions
167,3,Starch,4.6688778949999996,4.3633360441827929,0.30554185081720675,0.57691944763046088,0.2001266711588682,0.37679277647159271,selection-conditioned OOF predictions
167,3,Neochlorogenic Acid,1.5408136649999999,1.6259919821240962,-0.085178317124096292,-0.066938061420483599,0.18432203587900622,-0.25126009729948984,selection-conditioned OOF predictions
167,3,Chlorogenic Acid,9.7034917640000007,10.174393233301068,-0.47090146930106691,-0.35460408419413075,-0.16614880806473811,-0.18845527612939264,selection-conditioned OOF predictions
167,3,Cryptochlorogenic Acid,2.4042981750000001,2.6593381012837103,-0.25503992628371019,-0.077051266355206552,0.39565882388692253,-0.47271009024212907,selection-conditioned OOF predictions
167,3,Scopoletin,0.25341609399999998,0.27975386054869694,-0.026337766548696961,-0.65370304652246558,-0.44067983094177948,-0.2130232155806861,selection-conditioned OOF predictions
167,3,Rutin,7.9884153729999996,9.4028086276707938,-1.4143932546707942,-0.45560571214767942,0.21144353056680318,-0.66704924271448263,selection-conditioned OOF predictions
168,3,Total Alkaloids,2.9780310029999999,2.9363100904490715,0.041720912550928357,-0.13939586861543665,-0.22025490116196217,0.080859032546525531,selection-conditioned OOF predictions
168,3,Reducing Sugars,18.86182299,19.227195810703968,-0.3653728207039677,0.75573535347337972,0.86219182967296404,-0.10645647619958434,selection-conditioned OOF predictions
168,3,Total Sugars,24.515744940000001,23.180415321694451,1.3353296183055505,1.3664923790771881,1.0451220408081994,0.32137033826898864,selection-conditioned OOF predictions
168,3,Total Nitrogen,1.953761278,1.9606399746492795,-0.0068786966492795365,-0.94999116310323739,-0.92837956283522327,-0.021611600268014154,selection-conditioned OOF predictions
168,3,K,2.140011109,2.2453562109289447,-0.10534510192894464,-0.64985855516140867,-0.31007624121190763,-0.33978231394950098,selection-conditioned OOF predictions
168,3,cl,2.5481761110000001,2.8474838806757869,-0.29930776967578687,-1.4886742094952155,-1.2912806767499745,-0.19739353274524091,selection-conditioned OOF predictions
168,3,pH,5.04,5.0917455059747461,-0.051745505974746031,0.93065932858005462,1.3857108891513661,-0.45505156057131141,selection-conditioned OOF predictions
168,3,Starch,4.6608044819999996,4.5965685075057134,0.064235974494286197,0.56696335260866393,0.48774785033188883,0.079215502276775068,selection-conditioned OOF predictions
168,3,Neochlorogenic Acid,1.9627071149999999,1.9360027392636048,0.026704375736395169,1.1775686731112491,1.0987957615019088,0.07877291160934019,selection-conditioned OOF predictions
168,3,Chlorogenic Acid,14.775906470000001,14.006913841462456,0.76899262853754458,1.6753817544163248,1.3676300747122705,0.30775167970405409,selection-conditioned OOF predictions
168,3,Cryptochlorogenic Acid,3.184543857,2.8867472395824212,0.29779661741757879,1.3691144855081292,0.8171559433908131,0.5519585421173161,selection-conditioned OOF predictions
168,3,Scopoletin,0.166498328,0.10300184898267012,0.063496479017329882,-1.3567050254554767,-1.8702726475738514,0.51356762211837481,selection-conditioned OOF predictions
168,3,Rutin,12.67376878,11.749298717521015,0.924470062478985,1.7540777911270244,1.3180837328604293,0.4359940582665951,selection-conditioned OOF predictions
169,3,Total Alkaloids,2.1390437430000002,2.1030348629705631,0.03600888002943714,-1.7654316864957122,-1.835220265513728,0.069788579018015801,selection-conditioned OOF predictions
169,3,Reducing Sugars,21.04999106,21.130051635219509,-0.080060575219508934,1.3932886931438795,1.4166154603181851,-0.023326767174305395,selection-conditioned OOF predictions
169,3,Total Sugars,24.475320279999998,24.140065750854582,0.33525452914541631,1.3567634803240136,1.2760786367013661,0.080684843622647537,selection-conditioned OOF predictions
169,3,Total Nitrogen,1.817241332,1.8283096543194008,-0.011068322319400803,-1.378911735123505,-1.3441371012356327,-0.03477463388787224,selection-conditioned OOF predictions
169,3,K,2.6596565879999998,2.6984189834508054,-0.03876239545080562,1.0262169343958649,1.1512419823509568,-0.12502504795509187,selection-conditioned OOF predictions
169,3,cl,2.2856879289999998,2.4197675824156217,-0.13407965341562189,-1.6617852169541285,-1.5733596592559913,-0.088425557698137397,selection-conditioned OOF predictions
169,3,pH,5.0549999999999997,5.0102096127232123,0.044790387276787413,1.0625697868892416,0.66868175265409935,0.39388803423514224,selection-conditioned OOF predictions
169,3,Starch,3.9740489719999998,4.1583885789811941,-0.18433960698119423,-0.27994031927120844,-0.052613581076904066,-0.22732673819430438,selection-conditioned OOF predictions
169,3,Neochlorogenic Acid,2.3163121289999999,2.1823498201225475,0.13396230887745242,2.2206372992944421,1.8254735545825731,0.39516374471186899,selection-conditioned OOF predictions
169,3,Chlorogenic Acid,16.968096119999998,15.99065957513114,0.97743654486885845,2.5526984177767762,2.1615272578404467,0.39117115993632945,selection-conditioned OOF predictions
169,3,Cryptochlorogenic Acid,3.7562248170000001,3.5272214911884721,0.22900332581152805,2.4287107696236161,2.0042588636514753,0.42445190597214094,selection-conditioned OOF predictions
169,3,Scopoletin,0.28816013400000001,0.24886919158940507,0.039290942410594942,-0.37268881893488903,-0.6904789732376494,0.31779015430276042,selection-conditioned OOF predictions
169,3,Rutin,12.36553651,11.314853291957803,1.050683218042197,1.6087107925184789,1.1131927019072574,0.49551809061122148,selection-conditioned OOF predictions
170,3,Total Alkaloids,2.2582550179999998,2.2640252547771396,-0.0057702367771397256,-1.5343890803837017,-1.5232058215612982,-0.011183258822403624,selection-conditioned OOF predictions
170,3,Reducing Sugars,20.160614590000002,20.868769647359052,-0.70815505735905049,1.1341564324885729,1.3404873025957385,-0.20633087010716553,selection-conditioned OOF predictions
170,3,Total Sugars,23.74444549,23.801698243614169,-0.057252753614168483,1.1808657279828163,1.1946446006623304,-0.013778872679514135,selection-conditioned OOF predictions
170,3,Total Nitrogen,1.866171373,1.907236754214622,-0.041065381214621999,-1.2251825417740208,-1.0961626636032074,-0.1290198781708134,selection-conditioned OOF predictions
170,3,K,2.5283760279999998,2.5584810803822773,-0.030105052382277453,0.60278184689199943,0.69988331789271807,-0.09710147100071867,selection-conditioned OOF predictions
170,3,cl,2.3934123860000001,2.65100952957558,-0.25759714357557995,-1.5907409164559279,-1.4208555497962323,-0.16988536665969556,selection-conditioned OOF predictions
170,3,pH,5.0099999999999998,4.9816525722597458,0.028347427740254005,0.66683841196167271,0.41755026628810282,0.24928814567356986,selection-conditioned OOF predictions
170,3,Starch,4.3104941600000002,4.474022229187133,-0.16352806918713281,0.13496230757996067,0.33662435503846394,-0.20166204745850327,selection-conditioned OOF predictions
170,3,Neochlorogenic Acid,2.13933631,2.0455729699698728,0.093763340030127207,1.698591748232275,1.4220074397541933,0.27658430847808163,selection-conditioned OOF predictions
170,3,Chlorogenic Acid,15.22945796,14.993176163355137,0.23628179664486204,1.8568935501083446,1.7623333201367801,0.094560229971564422,selection-conditioned OOF predictions
170,3,Cryptochlorogenic Acid,3.441763307,3.2522792276088115,0.1894840793911885,1.845864268153032,1.4946602916869498,0.35120397646608209,selection-conditioned OOF predictions
170,3,Scopoletin,0.30059206900000002,0.25441393946992569,0.04617812953007433,-0.27213774279509767,-0.64563234507315415,0.37349460227805642,selection-conditioned OOF predictions
170,3,Rutin,11.280955629999999,10.877562305146796,0.40339332485320334,1.0972060520387896,0.906959661248389,0.19024639079040062,selection-conditioned OOF predictions
171,3,Total Alkaloids,3.5819704379999999,3.4511319104423674,0.13083852755763248,1.0310952698797735,0.77751796029413578,0.25357730958563779,selection-conditioned OOF predictions
171,3,Reducing Sugars,16.122033649999999,16.696277173483516,-0.57424352348351704,-0.042540550310663637,0.12477332342713908,-0.16731387373780271,selection-conditioned OOF predictions
171,3,Total Sugars,21.505393940000001,20.269728245027085,1.2356656949729157,0.64199896118535271,0.34461448252402122,0.29738447866133144,selection-conditioned OOF predictions
171,3,Total Nitrogen,2.1741949250000001,2.1336742331946708,0.040520691805329356,-0.25742916953378625,-0.38473773371823766,0.12730856418445141,selection-conditioned OOF predictions
171,3,K,2.2992553469999999,2.2051952223504667,0.094060124649533172,-0.13622883076035239,-0.43961234094342577,0.30338351018307336,selection-conditioned OOF predictions
171,3,cl,4.5449877540000001,4.6980213587471606,-0.15303360474716055,-0.17177653969681925,-0.070850847381840831,-0.1009256923149784,selection-conditioned OOF predictions
171,3,pH,5.0149999999999997,5.0706090150633614,-0.055609015063361689,0.71080856473140175,1.1998359422734473,-0.4890273775420455,selection-conditioned OOF predictions
171,3,Starch,4.375597935,4.2700204473287808,0.10557748767121922,0.21524797736765691,0.085050315063342055,0.13019766230431487,selection-conditioned OOF predictions
171,3,Neochlorogenic Acid,1.6334548929999999,1.5576130141287776,0.07584187887122229,0.20633622653371356,-0.017383124915748553,0.22371935144946212,selection-conditioned OOF predictions
171,3,Chlorogenic Acid,11.674683610000001,10.856198388661333,0.8184852213386673,0.4342690195430623,0.10671035079618586,0.32755866874687645,selection-conditioned OOF predictions
171,3,Cryptochlorogenic Acid,2.5457320929999998,2.3477351727469813,0.19799692025301852,0.18509294422108089,-0.18188936872215372,0.36698231294323458,selection-conditioned OOF predictions
171,3,Scopoletin,0.18227364900000001,0.18241565691323763,-0.00014200791323762396,-1.2291122168540281,-1.227963638736751,-0.0011485781172769329,selection-conditioned OOF predictions
171,3,Rutin,10.88979762,10.454187512635087,0.43561010736491212,0.91273002071542575,0.70728970821607695,0.20544031249934888,selection-conditioned OOF predictions
172,3,Total Alkaloids,3.2794580720000002,3.3522787154132163,-0.072820643413216146,0.44479799706098599,0.58593121816731941,-0.14113322110633345,selection-conditioned OOF predictions
172,3,Reducing Sugars,17.78920909,17.13991032690614,0.64929876309386003,0.44321430744513751,0.25403204099591764,0.18918226644921987,selection-conditioned OOF predictions
172,3,Total Sugars,19.943982330000001,20.019498360205262,-0.075516030205260876,0.26621805255878594,0.28439230095341916,-0.018174248394633229,selection-conditioned OOF predictions
172,3,Total Nitrogen,2.227754902,2.2123907237183795,0.015364178281620511,-0.089153568456179971,-0.13742499201192943,0.048271423555749454,selection-conditioned OOF predictions
172,3,K,2.5918781160000002,2.506938664073159,0.084939451926841159,0.80760282106333381,0.53363732107481787,0.27396549998851594,selection-conditioned OOF predictions
172,3,cl,4.9905883129999999,4.8959280111700618,0.09466030182993812,0.12209711627122269,0.059668628667367919,0.06242848760385477,selection-conditioned OOF predictions
172,3,pH,5.0300000000000002,5.0060390544800129,0.023960945519987398,0.84271902304059654,0.6320057360363921,0.21071328700420447,selection-conditioned OOF predictions
172,3,Starch,3.8989102340000001,3.952202626697618,-0.053292392697617874,-0.37260105833483748,-0.30688112976975512,-0.065719928565082339,selection-conditioned OOF predictions
172,3,Neochlorogenic Acid,1.5642151310000001,1.5725978354985428,-0.0083827044985427257,0.002091884493385297,0.026819294226875765,-0.024727409733490469,selection-conditioned OOF predictions
172,3,Chlorogenic Acid,11.126448610000001,10.660500002360088,0.46594860763991264,0.21486478098303732,0.028391645434707,0.18647313554833031,selection-conditioned OOF predictions
172,3,Cryptochlorogenic Acid,2.355030765,2.5376753477084453,-0.1826445827084453,-0.16836717193302098,0.17015996941465017,-0.33852714134767115,selection-conditioned OOF predictions
172,3,Scopoletin,0.29641230499999999,0.29884404205413367,-0.0024317370541336869,-0.30594420721196935,-0.28627600771751027,-0.019668199494459082,selection-conditioned OOF predictions
172,3,Rutin,10.423554709999999,10.412275545305107,0.01127916469489243,0.69284281536468706,0.68752339076807356,0.0053194245966134137,selection-conditioned OOF predictions
173,3,Total Alkaloids,2.6511343040000002,2.7225067224991135,-0.071372418499113355,-0.77295226054542499,-0.63462583483986768,-0.13832642570555737,selection-conditioned OOF predictions
173,3,Reducing Sugars,20.025607130000001,19.085910688675689,0.93969644132431185,1.0948201227308716,0.82102643537357489,0.27379368735729659,selection-conditioned OOF predictions
173,3,Total Sugars,22.087040729999998,21.866576256244006,0.22046447375599243,0.78198239530745761,0.7289237785165239,0.05305861679093362,selection-conditioned OOF predictions
173,3,Total Nitrogen,2.048045261,2.0998823822374604,-0.051837121237460426,-0.65376822201952811,-0.49090551701189872,-0.16286270500762939,selection-conditioned OOF predictions
173,3,K,2.5705139030000002,2.4544147491504713,0.11609915384952885,0.73869423778865673,0.36422557792462212,0.3744686598640346,selection-conditioned OOF predictions
173,3,cl,3.5716120849999999,3.1515197216240889,0.42009236337591105,-0.81371798411805207,-1.090768980074128,0.27705099595607596,selection-conditioned OOF predictions
173,3,pH,4.9699999999999998,4.947463809053513,0.022536190946486734,0.31507718980383281,0.11689323805086745,0.19818395175296533,selection-conditioned OOF predictions
173,3,Starch,4.9605767390000004,4.8711512160620227,0.089425522937977675,0.93664109306249366,0.82636195786348943,0.11027913519900417,selection-conditioned OOF predictions
173,3,Neochlorogenic Acid,1.596308861,1.7022311760142563,-0.10592231501425631,0.096762382746541448,0.40921339229038156,-0.31245100954384014,selection-conditioned OOF predictions
173,3,Chlorogenic Acid,12.52185864,12.479473162075955,0.042385477924044679,0.77330938067326394,0.75634666667301265,0.016962714000251299,selection-conditioned OOF predictions
173,3,Cryptochlorogenic Acid,2.559246012,2.6336919667050314,-0.074445954705031347,0.21014065327236342,0.34812435833205452,-0.13798370505969107,selection-conditioned OOF predictions
173,3,Scopoletin,0.25806889999999999,0.28691633812343148,-0.02884743812343149,-0.61607055806675226,-0.38274879864739564,-0.23332175941935654,selection-conditioned OOF predictions
173,3,Rutin,10.79744453,10.041004437089214,0.75644009291078618,0.86917490721116863,0.51242632299054003,0.35674858422062855,selection-conditioned OOF predictions
174,3,Total Alkaloids,3.0281427600000002,3.0464469023646115,-0.018304142364611309,-0.042274594355666523,-0.0067994536480021853,-0.035475140707664339,selection-conditioned OOF predictions
174,3,Reducing Sugars,18.43416277,20.171085745421586,-1.7369229754215851,0.63113057322666832,1.1372073499207243,-0.50607677669405593,selection-conditioned OOF predictions
174,3,Total Sugars,21.869851000000001,22.763389363007541,-0.89353836300753997,0.7297119026576957,0.94475747795200793,-0.21504557529431226,selection-conditioned OOF predictions
174,3,Total Nitrogen,2.0412873349999998,2.0401620772232922,0.0011252577767075778,-0.67500038311041144,-0.67853573617344054,0.0035353530630291116,selection-conditioned OOF predictions
174,3,K,2.4569823020000001,2.3457552065768379,0.11122709542316223,0.37250701704638572,0.013752797203725877,0.35875421984265982,selection-conditioned OOF predictions
174,3,cl,6.0615502189999999,5.0868830401188401,0.97466717888115983,0.82839670311425118,0.18560350767334505,0.64279319544090618,selection-conditioned OOF predictions
174,3,pH,4.8949999999999996,4.916283631280149,-0.021283631280149429,-0.34447510174211804,-0.15730619796556336,-0.18716890377655468,selection-conditioned OOF predictions
174,3,Starch,4.9825378090000001,4.8933735603726429,0.089164248627357168,0.96372338151972159,0.853766448574373,0.1099569329453486,selection-conditioned OOF predictions
174,3,Neochlorogenic Acid,1.247553192,1.3833635553407055,-0.13581036334070551,-0.93200158307615577,-0.53138642349804532,-0.40061515957811045,selection-conditioned OOF predictions
174,3,Chlorogenic Acid,9.8950298159999992,9.6405735710510569,0.25445624494894226,-0.27795034910912131,-0.37978401290268771,0.10183366379356641,selection-conditioned OOF predictions
174,3,Cryptochlorogenic Acid,1.9309327540000001,2.2296949789819838,-0.29876222498198368,-0.9544221711346188,-0.40067389967743239,-0.55374827145718641,selection-conditioned OOF predictions
174,3,Scopoletin,0.23176008300000001,0.30579494352640274,-0.074034860526402735,-0.82885962600467455,-0.23005622992923241,-0.59880339607544208,selection-conditioned OOF predictions
174,3,Rutin,9.8649647779999992,9.3096905775222751,0.55527420047772402,0.42940335827023113,0.16752765029128816,0.26187570797894294,selection-conditioned OOF predictions
175,3,Total Alkaloids,2.4230861579999998,2.4401906991598579,-0.017104541159858044,-1.2149309070354697,-1.1817807057149674,-0.033150201320502323,selection-conditioned OOF predictions
175,3,Reducing Sugars,19.85926924,21.320822115290945,-1.4615528752909448,1.0463552544526111,1.4721991050791143,-0.4258438506265031,selection-conditioned OOF predictions
175,3,Total Sugars,24.108691709999999,24.457727335332351,-0.34903562533235188,1.268527927135666,1.352529431665553,-0.084001504529886944,selection-conditioned OOF predictions
175,3,Total Nitrogen,1.7948182100000001,1.9388891393811527,-0.14407092938115262,-1.4493610621011193,-0.99671668849687256,-0.45264437360424664,selection-conditioned OOF predictions
175,3,K,2.5299866130000002,2.4897390313678311,0.040247581632169016,0.60797666172526599,0.47816126293174738,0.12981539879351869,selection-conditioned OOF predictions
175,3,cl,4.5385869750000003,4.0895799417842706,0.44900703321572966,-0.17599785470143844,-0.4721180810821925,0.29612022638075408,selection-conditioned OOF predictions
175,3,pH,5.0499999999999998,5.0544104850518945,-0.0044104850518946748,1.0185996341195127,1.0573855744235965,-0.038785940304083832,selection-conditioned OOF predictions
175,3,Starch,5.064546687,4.9617777388368776,0.10276894816312243,1.0648563449886981,0.93812216042484853,0.12673418456384963,selection-conditioned OOF predictions
175,3,Neochlorogenic Acid,1.9432098369999999,1.8962990579635579,0.04691077903644203,1.1200553512617692,0.98167733085642261,0.13837802040534675,selection-conditioned OOF predictions
175,3,Chlorogenic Acid,13.83277258,13.461331883707906,0.37144069629209397,1.2979385539719817,1.1492875865215773,0.14865096745040426,selection-conditioned OOF predictions
175,3,Cryptochlorogenic Acid,3.0378563160000001,2.99142645743615,0.046429858563850068,1.0972328168066947,1.0111762414639316,0.086056575342763106,selection-conditioned OOF predictions
175,3,Scopoletin,0.24720740799999999,0.20961384820140899,0.037593559798590998,-0.7039196908915083,-1.0079811981044982,0.30406150721298986,selection-conditioned OOF predictions
175,3,Rutin,11.14088707,10.614055012838804,0.52683205716119552,1.0311476014858318,0.7826856383036872,0.24846196318214456,selection-conditioned OOF predictions
176,3,Total Alkaloids,3.147469949,2.9914171756528325,0.15605277334716749,0.18899266393496478,-0.11345221340685192,0.30244487734181669,selection-conditioned OOF predictions
176,3,Reducing Sugars,16.27857427,17.207270600720257,-0.92869633072025692,0.003069746468363695,0.27365839791068136,-0.27058865144231764,selection-conditioned OOF predictions
176,3,Total Sugars,20.187605829999999,19.730998119758315,0.45660771024168412,0.32485029251810305,0.2149596915121863,0.10989060100591677,selection-conditioned OOF predictions
176,3,Total Nitrogen,2.1345651370000001,2.2071876569024891,-0.072622519902489024,-0.38193867774881268,-0.15377207139717475,-0.22816660635163794,selection-conditioned OOF predictions
176,3,K,2.800951542,2.6819154759057806,0.11903606609421935,1.4819526595545991,1.098011220984245,0.38394143857035412,selection-conditioned OOF predictions
176,3,cl,5.7588284270000001,4.5848500158629601,1.1739784111370399,0.62875162197727463,-0.14548737018789246,0.77423899216516712,selection-conditioned OOF predictions
176,3,pH,4.915,4.9814181905959627,-0.066418190595962656,-0.16859449066319418,0.41548910677550965,-0.58408359743870386,selection-conditioned OOF predictions
176,3,Starch,5.540805722,4.9608158987191526,0.57998982328084736,1.65217675179179,0.93693602370573781,0.7152407280860521,selection-conditioned OOF predictions
176,3,Neochlorogenic Acid,1.3626953180000001,1.3934289701769003,-0.030733652176900161,-0.59235385629750736,-0.50169533313032355,-0.090658523167183799,selection-conditioned OOF predictions
176,3,Chlorogenic Acid,10.693844670000001,9.4034745180587791,1.2903701519412216,0.041736217403975942,-0.4746713097463291,0.51640752715030502,selection-conditioned OOF predictions
176,3,Cryptochlorogenic Acid,2.105478739,2.2048293365827778,-0.099350597582777755,-0.63090557699568262,-0.44676174260356927,-0.18414383439211335,selection-conditioned OOF predictions
176,3,Scopoletin,0.25887700299999999,0.328769277745453,-0.069892274745453009,-0.60953451791839286,-0.044236884081563801,-0.56529763383682907,selection-conditioned OOF predictions
176,3,Rutin,9.2465857200000006,9.030956791374507,0.21562892862549354,0.13776644541928379,0.036072582646692358,0.10169386277259142,selection-conditioned OOF predictions
177,3,Total Alkaloids,3.6371025270000001,3.4348653679297407,0.20223715907025941,1.1379464173317189,0.74599187876745887,0.39195453856425994,selection-conditioned OOF predictions
177,3,Reducing Sugars,16.788656920000001,16.914824173062946,-0.12616725306294541,0.15168945327885539,0.18845004523253192,-0.036760591953676557,selection-conditioned OOF predictions
177,3,Total Sugars,21.413574400000002,19.943030775996114,1.4705436240038878,0.6199009891004178,0.26598904450869987,0.35391194459171799,selection-conditioned OOF predictions
177,3,Total Nitrogen,2.1274067140000001,2.239088228992502,-0.1116815149925019,-0.4044291267849045,-0.053546338604824051,-0.35088278818008045,selection-conditioned OOF predictions
177,3,K,2.4314224449999999,2.3666292643884628,0.06479318061153716,0.29006571510966811,0.081080423594305936,0.20898529151536221,selection-conditioned OOF predictions
177,3,cl,4.6080378120000001,4.1455790591523591,0.46245875284764093,-0.13019501409227643,-0.43518665220590236,0.3049916381136259,selection-conditioned OOF predictions
177,3,pH,4.9400000000000004,4.9784091361677802,-0.038409136167779856,0.051256273185458709,0.38902739019558674,-0.33777111701012807,selection-conditioned OOF predictions
177,3,Starch,4.8027376149999998,4.5476499630056306,0.25508765199436922,0.74199462610964317,0.42742173083684598,0.31457289527279714,selection-conditioned OOF predictions
177,3,Neochlorogenic Acid,1.5242561800000001,1.5450596487533352,-0.020803468753335164,-0.11577954400194579,-0.054413203839172274,-0.061366340162773515,selection-conditioned OOF predictions
177,3,Chlorogenic Acid,10.598615949999999,9.3056680230473816,1.2929479269526176,0.0036255809056747563,-0.51381357458567822,0.51743915549135289,selection-conditioned OOF predictions
177,3,Cryptochlorogenic Acid,2.3103791560000002,2.3206843053416879,-0.010305149341687692,-0.25112780642428928,-0.23202747124834178,-0.019100335175947496,selection-conditioned OOF predictions
177,3,Scopoletin,0.21530012300000001,0.2158497170088885,-0.00054959400888848764,-0.96198988217299575,-0.95754469572102996,-0.004445186451965801,selection-conditioned OOF predictions
177,3,Rutin,9.3154935020000007,10.322082935635478,-1.0065894336354777,0.1702643972077581,0.64498719245131064,-0.47472279524355254,selection-conditioned OOF predictions
178,3,Total Alkaloids,2.9957636769999998,2.7593984889720695,0.23636518802793027,-0.10502828707338305,-0.56312613927845812,0.45809785220507504,selection-conditioned OOF predictions
178,3,Reducing Sugars,18.85238184,18.106552651948853,0.74582918805114673,0.75298454251175617,0.53567678805496721,0.21730775445678902,selection-conditioned OOF predictions
178,3,Total Sugars,22.38603844,20.473215319286126,1.9128231207138739,0.85394140369542737,0.3935871923265466,0.46035421136888072,selection-conditioned OOF predictions
178,3,Total Nitrogen,2.0235186669999998,2.0917676180819198,-0.068248951081919973,-0.73082627131137967,-0.5164006141415447,-0.21442565716983497,selection-conditioned OOF predictions
178,3,K,2.4850379180000002,2.475576262457194,0.0094616555428062021,0.46299819270815068,0.43248036933278133,0.03051782337536935,selection-conditioned OOF predictions
178,3,cl,3.4704398740000002,3.6966967876939147,-0.22625691369391454,-0.88044107709545583,-0.73122459818328189,-0.14921647891217393,selection-conditioned OOF predictions
178,3,pH,4.8700000000000001,4.8870010409059272,-0.017001040905927134,-0.56432586559076314,-0.41481819241515427,-0.14950767317560884,selection-conditioned OOF predictions
178,3,Starch,4.2088225929999998,4.1758444547135039,0.032978138286495984,0.0095814083162899851,-0.031087077047002781,0.040668485363292768,selection-conditioned OOF predictions
178,3,Neochlorogenic Acid,1.6641236720000001,1.7290693677695379,-0.064945695769537792,0.29680338596784467,0.48838103611633321,-0.19157765014848854,selection-conditioned OOF predictions
178,3,Chlorogenic Acid,11.27873037,10.989882747871697,0.28884762212830317,0.27580810565107255,0.16021097560112288,0.11559713004994972,selection-conditioned OOF predictions
178,3,Cryptochlorogenic Acid,2.6355799449999999,2.7382164110867411,-0.10263646608674115,0.35162367862748534,0.54185778766665305,-0.19023410903916776,selection-conditioned OOF predictions
178,3,Scopoletin,0.27116216300000001,0.30777466150686045,-0.036612498506860436,-0.51017057670171817,-0.2140440183637507,-0.29612655833796747,selection-conditioned OOF predictions
178,3,Rutin,9.1540403789999996,9.5215215554324573,-0.3674811764324577,0.094120663436837407,0.2674303420863956,-0.17330967864955821,selection-conditioned OOF predictions
179,3,Total Alkaloids,3.5971218660000002,3.6378032796970277,-0.040681413697027491,1.060460155134449,1.1393045416312975,-0.078844386496848551,selection-conditioned OOF predictions
179,3,Reducing Sugars,13.03028205,12.928424963343637,0.10185708665636284,-0.94336557606456317,-0.97304306138079477,0.02967748531623151,selection-conditioned OOF predictions
179,3,Total Sugars,16.831053000000001,15.243044445506168,1.5880085544938325,-0.48296262768329923,-0.86514455440437255,0.38218192672107326,selection-conditioned OOF predictions
179,3,Total Nitrogen,2.3633439109999999,2.4073843230974958,-0.044040412097495985,0.33684217065685151,0.47520904892141147,-0.13836687826455993,selection-conditioned OOF predictions
179,3,K,2.7912303789999999,2.5680494487484946,0.22318093025150532,1.450597815352652,0.7307453350597567,0.71985248029289528,selection-conditioned OOF predictions
179,3,cl,5.1521585349999999,4.9619751769302862,0.19018335806971365,0.2286527093370477,0.10322674742700895,0.12542596191003877,selection-conditioned OOF predictions
179,3,pH,4.9199999999999999,4.928172680074864,-0.0081726800748640471,-0.12462433789346515,-0.052753539607485127,-0.071870798285980031,selection-conditioned OOF predictions
179,3,Starch,3.8471826650000001,3.3555643801625958,0.49161828483740422,-0.43639125365998244,-1.0426526152791746,0.6062613616191922,selection-conditioned OOF predictions
179,3,Neochlorogenic Acid,1.2707602410000001,1.3127268215687216,-0.04196658056872149,-0.86354513093377727,-0.7397515708701109,-0.12379356006366643,selection-conditioned OOF predictions
179,3,Chlorogenic Acid,10.260257810000001,8.9359302711356392,1.3243275388643614,-0.13178571181968213,-0.66178302185754379,0.52999731003786166,selection-conditioned OOF predictions
179,3,Cryptochlorogenic Acid,2.0301479320000002,2.1455963434496699,-0.11544841144966966,-0.77052933353398101,-0.55654860592831479,-0.21398072760566628,selection-conditioned OOF predictions
179,3,Scopoletin,0.31150478799999998,0.42134196648961569,-0.10983717848961572,-0.18387427945965207,0.70450283136735903,-0.8883771108270111,selection-conditioned OOF predictions
179,3,Rutin,9.9342309950000001,8.9756108231780161,0.958620171821984,0.46207035342378322,0.0099705872851816348,0.45209976613860159,selection-conditioned OOF predictions
180,3,Total Alkaloids,3.8881215779999998,3.9052185452784776,-0.017096967278477759,1.6244448272078298,1.6575803496374932,-0.033135522429663479,selection-conditioned OOF predictions
180,3,Reducing Sugars,14.87385095,14.80433105793437,0.069519892065629918,-0.40621601921737394,-0.42647161108330178,0.02025559186592785,selection-conditioned OOF predictions
180,3,Total Sugars,18.05537082,17.200269388465326,0.85510143153467411,-0.1883092128497198,-0.39410427089336897,0.20579505804364917,selection-conditioned OOF predictions
180,3,Total Nitrogen,2.269195152,2.4131385981231537,-0.14394344612315368,0.041044078521082092,0.49328792316567099,-0.45224384464458889,selection-conditioned OOF predictions
180,3,K,2.6188950210000002,2.3507885576570668,0.26810646334293331,0.89474371635475092,0.029987473953234128,0.86475624240151683,selection-conditioned OOF predictions
180,3,cl,9.4813633890000002,7.9783419957797062,1.503021393220294,3.0837641587811087,2.0925212554618873,0.99124290331922116,selection-conditioned OOF predictions
180,3,pH,4.9000000000000004,5.0010582845355342,-0.10105828453553389,-0.30050494897238123,0.58820469296247135,-0.88870964193485258,selection-conditioned OOF predictions
180,3,Starch,3.8933428989999999,3.6004102236842268,0.29293267531577305,-0.37946666972845494,-0.74070987014853273,0.36124320042007774,selection-conditioned OOF predictions
180,3,Neochlorogenic Acid,1.1448942689999999,1.0562574949830306,0.088636774016969344,-1.2348261968104406,-1.4962880948116672,0.26146189800122671,selection-conditioned OOF predictions
180,3,Chlorogenic Acid,9.818250248,7.7596825229221551,2.0585677250778449,-0.30867761506989994,-1.1325186398949247,0.82384102482502475,selection-conditioned OOF predictions
180,3,Cryptochlorogenic Acid,1.861532575,1.8480719949955091,0.013460580004490907,-1.0830536578039487,-1.1080025043682944,0.024948846564345588,selection-conditioned OOF predictions
180,3,Scopoletin,0.30888010999999999,0.43918729902259407,-0.13030718902259408,-0.20510300993647923,0.84883815730522827,-1.0539411672417074,selection-conditioned OOF predictions
180,3,Rutin,9.0545194000000002,8.4811175334248219,0.57340186657517833,0.047185065110893071,-0.22323992426666794,0.27042498937756104,selection-conditioned OOF predictions
181,3,Total Alkaloids,2.1729272210000001,2.1564822592132784,0.016444961786721723,-1.6997623354946516,-1.7316342102700586,0.031871874775407136,selection-conditioned OOF predictions
181,3,Reducing Sugars,22.224073709999999,22.691812550946203,-0.46773884094620399,1.7353740771777897,1.8716563236045285,-0.13628224642673867,selection-conditioned OOF predictions
181,3,Total Sugars,27.036036230000001,25.609151379417515,1.4268848505824856,1.9730443893826717,1.6296396892873717,0.34340470009529983,selection-conditioned OOF predictions
181,3,Total Nitrogen,1.780054698,1.7746620349121094,0.005392663087890659,-1.4957453026286396,-1.5126880586444575,0.016942756015817972,selection-conditioned OOF predictions
181,3,K,2.3978145890000002,2.355417270717366,0.042397318282634266,0.18166622743093497,0.044917022697679131,0.13674920473325583,selection-conditioned OOF predictions
181,3,cl,3.4659690599999999,3.913893719291698,-0.44792465929169811,-0.88338957980443289,-0.58798317923864962,-0.29540640056578327,selection-conditioned OOF predictions
181,3,pH,4.9500000000000002,4.9764258513053292,-0.02642585130532904,0.13919657872491673,0.37158632251801382,-0.2323897437930971,selection-conditioned OOF predictions
181,3,Starch,4.6509839709999996,4.7349566216628514,-0.083972650662851755,0.55485274453267375,0.65840742323318391,-0.10355467870051013,selection-conditioned OOF predictions
181,3,Neochlorogenic Acid,1.9267979399999999,2.0736834967867899,-0.14688555678678994,1.0716433260384786,1.5049282339378625,-0.43328490789938395,selection-conditioned OOF predictions
181,3,Chlorogenic Acid,12.264672559999999,13.051133478850154,-0.78646091885015501,0.67038323394670007,0.98512574228260685,-0.31474250833590678,selection-conditioned OOF predictions
181,3,Cryptochlorogenic Acid,2.9803656840000001,3.2628829860174751,-0.28251730201747494,0.99067537602949829,1.5143140912598414,-0.52363871523034311,selection-conditioned OOF predictions
181,3,Scopoletin,0.182334948,0.16098647754528833,0.021348470454711665,-1.2286164227225198,-1.401285575043522,0.17266915232100216,selection-conditioned OOF predictions
181,3,Rutin,9.2491156960000005,10.382810820815962,-1.1336951248159615,0.13895962035087561,0.67362738123015353,-0.53466776087927803,selection-conditioned OOF predictions
182,3,Total Alkaloids,2.2016816600000002,2.2396534787478797,-0.037971818747879471,-1.6440335420239931,-1.5704406040881895,-0.07359293793580346,selection-conditioned OOF predictions
182,3,Reducing Sugars,19.68939653,18.848661845827287,0.84073468417271258,0.99686046697982889,0.751900670234812,0.24495979674501692,selection-conditioned OOF predictions
182,3,Total Sugars,23.152106839999998,21.23324530583735,1.918861534162648,1.0383091114660257,0.57650165069262482,0.46180746077340079,selection-conditioned OOF predictions
182,3,Total Nitrogen,1.930354731,1.9923157114215693,-0.061960980421569278,-1.0235302306345071,-0.82886022127663561,-0.19467000935787143,selection-conditioned OOF predictions
182,3,K,2.7633944929999998,2.6777647579551012,0.08562973504489868,1.3608153614679515,1.0846234077493697,0.27619195371858174,selection-conditioned OOF predictions
182,3,cl,3.0830125939999999,3.6582674794334107,-0.57525488543341075,-1.1359494441649738,-0.75656873451062701,-0.37938070965434667,selection-conditioned OOF predictions
182,3,pH,4.9400000000000004,4.9572401371986006,-0.017240137198600181,0.051256273185458709,0.20286656646416953,-0.15161029327871081,selection-conditioned OOF predictions
182,3,Starch,3.6804170100000002,3.8320473217759652,-0.15163031177596498,-0.64204587674841151,-0.45505608789130481,-0.18698978885710668,selection-conditioned OOF predictions
182,3,Neochlorogenic Acid,2.0733878099999998,2.0859581833633718,-0.012570373363371967,1.5040560132445282,1.5411362625498792,-0.037080249305351198,selection-conditioned OOF predictions
182,3,Chlorogenic Acid,13.91185671,13.067128820670355,0.84472788932964527,1.3295881081318437,0.99152709533844696,0.33806101279339679,selection-conditioned OOF predictions
182,3,Cryptochlorogenic Acid,3.3989962720000002,3.3704137630679742,0.028582508932025963,1.7665966441820731,1.7136196826000878,0.052976961581985206,selection-conditioned OOF predictions
182,3,Scopoletin,0.279445257,0.28646424772767026,-0.0070189907276702601,-0.44317585581015562,-0.38640536343849652,-0.056770492371659084,selection-conditioned OOF predictions
182,3,Rutin,8.9098956240000007,9.9626262386997269,-1.0527306146997262,-0.021021694176687603,0.47546197965223591,-0.4964836738289235,selection-conditioned OOF predictions
183,3,Total Alkaloids,2.1156840560000001,2.1106309848954479,0.0050530711045522203,-1.8107049457779478,-1.8204982704182979,0.0097933246403500342,selection-conditioned OOF predictions
183,3,Reducing Sugars,22.998515340000001,22.437679046105025,0.56083629389497602,1.9610184663614629,1.7976109762863663,0.16340749007509647,selection-conditioned OOF predictions
183,3,Total Sugars,26.56876424,25.287262970079073,1.2815012699209269,1.8605872436477657,1.552171635275938,0.30841560837182769,selection-conditioned OOF predictions
183,3,Total Nitrogen,1.6921277450000001,1.7311497656919503,-0.039022020691950265,-1.7719956241513217,-1.6493956090840871,-0.12260001506723443,selection-conditioned OOF predictions
183,3,K,2.4456218340000002,2.3870870078586517,0.058534826141348528,0.33586472391734346,0.14706526092613234,0.18879946299121109,selection-conditioned OOF predictions
183,3,cl,3.865647944,3.8632602439486927,0.0023877000513072844,-0.61980127749643021,-0.62137596614809487,0.0015746886516647147,selection-conditioned OOF predictions
183,3,pH,4.9675000000000002,4.962808290792136,0.0046917092078642142,0.29309211341897218,0.25183307929478455,0.041259034124187639,selection-conditioned OOF predictions
183,3,Starch,4.6678179059999998,4.6593135327343074,0.008504373265692422,0.57561227417035699,0.5651247209714727,0.010487553198884324,selection-conditioned OOF predictions
183,3,Neochlorogenic Acid,1.9755619600000001,2.0048569091052761,-0.02929494910527608,1.2154880605154901,1.3019026788255881,-0.086414618310098057,selection-conditioned OOF predictions
183,3,Chlorogenic Acid,13.22324356,13.071997477900275,0.15124608209972479,1.0540043824700922,0.9934755372152706,0.060528845254821641,selection-conditioned OOF predictions
183,3,Cryptochlorogenic Acid,3.2674164220000002,3.1857615801532422,0.081654841846757975,1.5227167008576126,1.3713715047523189,0.15134519610529359,selection-conditioned OOF predictions
183,3,Scopoletin,0.19889516700000001,0.18874404521209903,0.01015112178790098,-1.0946752589728204,-1.176778826904886,0.08210356793206576,selection-conditioned OOF predictions
183,3,Rutin,8.3406321969999997,10.030133782084789,-1.6895015850847894,-0.28949493288269706,0.50729955774009372,-0.79679449062279084,selection-conditioned OOF predictions
184,3,Total Alkaloids,2.6398282000000002,2.4462947049294779,0.19353349507052231,-0.79486454806297258,-1.169950571352796,0.37508602328982343,selection-conditioned OOF predictions
184,3,Reducing Sugars,21.123462119999999,20.941657849425717,0.18180427057428261,1.4146955129921059,1.3617242986415588,0.052971214350547156,selection-conditioned OOF predictions
184,3,Total Sugars,24.803766920000001,23.710612184838769,1.0931547351612316,1.4358098868090685,1.1727231536136355,0.26308673319543296,selection-conditioned OOF predictions
184,3,Total Nitrogen,1.909986341,1.8962639251004814,0.013722415899518614,-1.0875239674173498,-1.1306372753959621,0.043113307978612445,selection-conditioned OOF predictions
184,3,K,2.4157792599999999,2.4509636860661299,-0.035184426066130037,0.23960985622763578,0.35309444625440789,-0.11348459002677211,selection-conditioned OOF predictions
184,3,cl,3.0686097710000002,3.2128764841507316,-0.14426671315073136,-1.1454481087554518,-1.0503041831660356,-0.095143925589416131,selection-conditioned OOF predictions
184,3,pH,4.9249999999999998,4.9306394200594781,-0.0056394200594782617,-0.08065418512373615,-0.031060952814148397,-0.049593232309587745,selection-conditioned OOF predictions
184,3,Starch,4.0330987489999996,4.2943171049712188,-0.26121835597121912,-0.20712041140474302,0.11501283923994292,-0.32213325064468595,selection-conditioned OOF predictions
184,3,Neochlorogenic Acid,1.9411874069999999,1.9914964447370394,-0.05030903773703943,1.1140895611905581,1.262491808894467,-0.14840224770390878,selection-conditioned OOF predictions
184,3,Chlorogenic Acid,12.96677068,13.099769712932392,-0.13299903293239268,0.95136365915308996,1.0045900156420979,-0.053226356489008003,selection-conditioned OOF predictions
184,3,Cryptochlorogenic Acid,3.047119066,3.1639726112837128,-0.11685354528371272,1.1144010910145514,1.330986198848723,-0.21658510783417165,selection-conditioned OOF predictions
184,3,Scopoletin,0.208555555,0.23090666159712675,-0.022351106597126746,-1.016540808516964,-0.8357622071764419,-0.18077860134052209,selection-conditioned OOF predictions
184,3,Rutin,9.6832850730000004,10.63714025768158,-0.95385518468157926,0.34372046262813682,0.79357298879083016,-0.44985252616269328,selection-conditioned OOF predictions
185,3,Total Alkaloids,3.0318220249999999,2.9346258557266212,0.097196169273378707,-0.035143834499464649,-0.2235191056558683,0.18837527115640362,selection-conditioned OOF predictions
185,3,Reducing Sugars,19.146778690000001,19.319869102372373,-0.17309041237237111,0.83876117799020755,0.88919348800602327,-0.050432310015815753,selection-conditioned OOF predictions
185,3,Total Sugars,25.270253919999998,23.444270171667032,1.8259837483329662,1.5480781110234896,1.108623307631893,0.43945480339159643,selection-conditioned OOF predictions
185,3,Total Nitrogen,1.9118782910000001,1.9453135690363048,-0.03343527803630475,-1.0815798083401569,-0.97653231161034926,-0.10504749672980772,selection-conditioned OOF predictions
185,3,K,2.2397098240000002,2.2560372256419026,-0.016327401641902384,-0.32828821671946407,-0.27562547104752533,-0.052662745671938731,selection-conditioned OOF predictions
185,3,cl,3.1806697549999998,3.1084028620357085,0.07226689296429134,-1.0715445273512818,-1.1192045574206504,0.047660030069368628,selection-conditioned OOF predictions
185,3,pH,5.0449999999999999,5.1343008009864031,-0.089300800986403139,0.97462948134978367,1.759943453716063,-0.78531397236627942,selection-conditioned OOF predictions
185,3,Starch,5.0742300739999999,4.9860457349861971,0.088184339013802848,1.0767978523914328,0.9680493393826487,0.10874851300878406,selection-conditioned OOF predictions
185,3,Neochlorogenic Acid,1.9613987289999999,1.8337142607253809,0.12768446827461899,1.1737091792310594,0.79706388961381913,0.37664528961724031,selection-conditioned OOF predictions
185,3,Chlorogenic Acid,14.465084600000001,13.76383795725922,0.70124664274078086,1.5509905066573288,1.2703508435688451,0.28063966308848376,selection-conditioned OOF predictions
185,3,Cryptochlorogenic Acid,3.1265898380000001,2.7028111031856543,0.4237787348143458,1.261698168578564,0.47623493975869369,0.78546322881987019,selection-conditioned OOF predictions
185,3,Scopoletin,0.13573189299999999,0.088922223644941234,0.046809669355058758,-1.6055478764062692,-1.9841504533501615,0.37860257694389243,selection-conditioned OOF predictions
185,3,Rutin,12.33236921,11.518538445237994,0.813830764762006,1.5930685923914469,1.2092536996524412,0.38381489273900588,selection-conditioned OOF predictions
186,3,Total Alkaloids,2.8550677470000001,3.0164139101034304,-0.16134616310343031,-0.37771016499602944,-0.065006202979096372,-0.31270396201693307,selection-conditioned OOF predictions
186,3,Reducing Sugars,21.184624599999999,21.203540053167295,-0.018915453167295482,1.4325160560852743,1.4380273376470194,-0.0055112815617450132,selection-conditioned OOF predictions
186,3,Total Sugars,25.251352069999999,24.565391039300511,0.68596103069948811,1.5435290514915685,1.3784405778643807,0.16508847362718779,selection-conditioned OOF predictions
186,3,Total Nitrogen,1.8822367609999999,1.9641801107548751,-0.081943349754875161,-1.1747080461960082,-0.91725710602263677,-0.25745094017337156,selection-conditioned OOF predictions
186,3,K,2.1733003759999998,2.3047356877564749,-0.13143531175647505,-0.54248665116370742,-0.11855242408011751,-0.42393422708358997,selection-conditioned OOF predictions
186,3,cl,5.8916638050000003,5.5154120296841196,0.37625177531588072,0.71635657979501577,0.46821846025431707,0.24813811954069873,selection-conditioned OOF predictions
186,3,pH,5.1449999999999996,5.0695041945767461,0.075495805423253515,1.8540325367443795,1.1901201171575266,0.66391241958685276,selection-conditioned OOF predictions
186,3,Starch,4.6225960800000001,4.7330110425752334,-0.11041496257523331,0.51984493058033265,0.65600814423324361,-0.13616321365291092,selection-conditioned OOF predictions
186,3,Neochlorogenic Acid,1.6321081420000001,1.72924220680772,-0.097134064807719911,0.20236356308222572,0.48889087893804001,-0.28652731585581431,selection-conditioned OOF predictions
186,3,Chlorogenic Acid,11.584549620000001,10.965805783452076,0.61874383654792453,0.39819729948810978,0.15057534846071105,0.24762195102739873,selection-conditioned OOF predictions
186,3,Cryptochlorogenic Acid,2.5494739929999999,2.726647015998326,-0.17717302299832616,0.19202846177886665,0.52041420478932843,-0.32838574301046175,selection-conditioned OOF predictions
186,3,Scopoletin,0.20079998900000001,0.15217735630170842,0.04862263269829159,-1.0792688156512658,-1.472534871382978,0.39326605573171225,selection-conditioned OOF predictions
186,3,Rutin,10.761537069999999,10.86665683744414,-0.10511976744414042,0.8522404062004324,0.90181647780313323,-0.049576071602700847,selection-conditioned OOF predictions
187,3,Total Alkaloids,3.2867588300000001,3.2787135237072973,0.0080453062927028363,0.45894754923139192,0.44335499279882773,0.015592556432564172,selection-conditioned OOF predictions
187,3,Reducing Sugars,20.2395326,19.104294203445541,1.1352383965544597,1.1571502973225705,0.82638272925112921,0.3307675680714412,selection-conditioned OOF predictions
187,3,Total Sugars,23.90204984,22.720319432772335,1.1817304072276649,1.2187959607716574,0.93439194882784049,0.28440401194381698,selection-conditioned OOF predictions
187,3,Total Nitrogen,2.039816069,2.0523793593973547,-0.012563290397354709,-0.67962283039964411,-0.64015128165108159,-0.039471548748562485,selection-conditioned OOF predictions
187,3,K,2.2406326550000002,2.3615923273654555,-0.12095967236545535,-0.32531169814553135,0.064834180669317454,-0.3901458788148488,selection-conditioned OOF predictions
187,3,cl,3.1462514659999998,3.501428428174469,-0.35517696217446915,-1.0942433956904363,-0.86000411954573508,-0.23423927614470122,selection-conditioned OOF predictions
187,3,pH,5.085,5.0466349273137698,0.038365072686230128,1.3263907035076234,0.98900708210055699,0.33738362140706651,selection-conditioned OOF predictions
187,3,Starch,4.1925286159999997,4.1472654027215636,0.045263213278436076,-0.010512247649901387,-0.066330629837456481,0.055818382187555103,selection-conditioned OOF predictions
187,3,Neochlorogenic Acid,1.8342513549999999,1.7680866089611391,0.0661647460388608,0.79864821722507218,0.60347459688575655,0.19517362033931565,selection-conditioned OOF predictions
187,3,Chlorogenic Acid,13.990215770000001,13.28131282046396,0.70890294953604105,1.3609474884953363,1.0772437631660325,0.28370372532930388,selection-conditioned OOF predictions
187,3,Cryptochlorogenic Acid,3.028009774,2.770554088535464,0.25745568546453601,1.0789824988066217,0.60179485966847734,0.47718763913814427,selection-conditioned OOF predictions
187,3,Scopoletin,0.23581913400000001,0.20344967143744902,0.032369462562550994,-0.79602950373036274,-1.0578378460947002,0.26180834236433742,selection-conditioned OOF predictions
187,3,Rutin,12.36078073,11.916653901189051,0.44412682881094945,1.6064678947691855,1.3970109676739819,0.20945692709520375,selection-conditioned OOF predictions
188,3,Total Alkaloids,2.2387656460000001,2.3960936538748503,-0.15732800787485024,-1.5721613070322835,-1.2672449058461004,-0.30491640118618324,selection-conditioned OOF predictions
188,3,Reducing Sugars,19.951145369999999,20.094194248107748,-0.14304887810774858,1.0731246485958594,1.1148039378717116,-0.04167928927585228,selection-conditioned OOF predictions
188,3,Total Sugars,22.279560700000001,22.798228021543185,-0.51866732154318385,0.82831568038874404,0.95314200812714556,-0.12482632773840156,selection-conditioned OOF predictions
188,3,Total Nitrogen,1.833123372,1.925508450578802,-0.092385078578802071,-1.329013285254145,-1.0387563527605064,-0.29025693249363843,selection-conditioned OOF predictions
188,3,K,2.6887078660000001,2.762802260917665,-0.074094394917664896,1.1199195392752868,1.3589051636168299,-0.23898562434154305,selection-conditioned OOF predictions
188,3,cl,5.9388503159999999,5.3789375947490381,0.55991272125096181,0.74747609304487717,0.37821354367488103,0.36926254936999614,selection-conditioned OOF predictions
188,3,pH,5.0899999999999999,5.0687407559057194,0.021259244094280483,1.3703608562773526,1.1834064141584542,0.18695444211889842,selection-conditioned OOF predictions
188,3,Starch,4.1003172970000001,3.9456472525674737,0.15467004443252641,-0.12422681347840984,-0.31496518638164239,0.19073837290323256,selection-conditioned OOF predictions
188,3,Neochlorogenic Acid,2.1646632800000001,1.8755674385683903,0.28909584143160982,1.7733015706537494,0.92052293285608666,0.85277863779766272,selection-conditioned OOF predictions
188,3,Chlorogenic Acid,14.221327909999999,13.287577399787814,0.93375051021218525,1.4534388162994307,1.0797508545710854,0.37368796172834523,selection-conditioned OOF predictions
188,3,Cryptochlorogenic Acid,3.351838211,3.1844050880734489,0.1674331229265511,1.6791903639349721,1.3688572807921908,0.31033308314278135,selection-conditioned OOF predictions
188,3,Scopoletin,0.27723843399999998,0.31478269519095853,-0.03754426119095855,-0.46102492174398207,-0.15736214795822104,-0.30366277378576106,selection-conditioned OOF predictions
188,3,Rutin,11.07362238,10.101521896778991,0.97210048322100917,0.99942455672600095,0.54096727192660221,0.45845728479939868,selection-conditioned OOF predictions
189,3,Total Alkaloids,2.4589278910000001,2.6776913330829095,-0.21876344208290943,-1.1454662746012394,-0.72148225311611225,-0.42398402148512726,selection-conditioned OOF predictions
189,3,Reducing Sugars,19.184593499999998,18.51679217840573,0.66780132159426842,0.84977905122172004,0.65520580584080224,0.19457324538091783,selection-conditioned OOF predictions
189,3,Total Sugars,22.603513159999999,21.613851966285594,0.98966119371440442,0.90628048415410767,0.66810127488945292,0.23817920926465475,selection-conditioned OOF predictions
189,3,Total Nitrogen,1.9255599349999999,1.9815679701680078,-0.056008035168007897,-1.0385945981741818,-0.86262764839240247,-0.17596694978177926,selection-conditioned OOF predictions
189,3,K,2.5625502610000002,2.720838331654873,-0.15828807065487283,0.71300813889389691,1.2235538209702388,-0.51054568207634188,selection-conditioned OOF predictions
189,3,cl,3.9746935350000001,4.3551690420743565,-0.3804755070743564,-0.54788568886637679,-0.29696201740339784,-0.25092367146297889,selection-conditioned OOF predictions
189,3,pH,5.0899999999999999,5.0843187812469592,0.0056812187530406177,1.3703608562773526,1.3204000449794624,0.04996081129789013,selection-conditioned OOF predictions
189,3,Starch,3.7305209760000002,3.7819684568001488,-0.051447480800148604,-0.5802579010230412,-0.51681310915145495,-0.06344479187158629,selection-conditioned OOF predictions
189,3,Neochlorogenic Acid,2.0281737230000001,1.9953970485448607,0.032776674455139432,1.3706829168686461,1.2739978602625879,0.09668505660605832,selection-conditioned OOF predictions
189,3,Chlorogenic Acid,14.534003159999999,12.6196616510883,1.9143415089116989,1.5785717887342723,0.81245025124283055,0.76612153749144174,selection-conditioned OOF predictions
189,3,Cryptochlorogenic Acid,3.2662714589999999,3.2301924537495825,0.036079005250417406,1.5205945407278612,1.4537230117234223,0.066871529004438809,selection-conditioned OOF predictions
189,3,Scopoletin,0.22933711800000001,0.2114167814747801,0.017920336525219904,-0.84845687600630737,-0.9933988438011897,0.14494196779488228,selection-conditioned OOF predictions
189,3,Rutin,12.893923620000001,10.979738306234907,1.9141853137650937,1.8579061421298082,0.95514740813161503,0.90275873399819306,selection-conditioned OOF predictions
190,3,Total Alkaloids,2.9290693769999998,3.0000085610788987,-0.070939184078898876,-0.23428808137401697,-0.096801304514626041,-0.13748677685939092,selection-conditioned OOF predictions
190,3,Reducing Sugars,17.780960759999999,17.191823309626336,0.58913745037366283,0.44081104125626347,0.26915761382521053,0.17165342743105294,selection-conditioned OOF predictions
190,3,Total Sugars,20.95668152,20.448885868131779,0.5077956518682214,0.50994175702361166,0.38773188601102204,0.12220987101258966,selection-conditioned OOF predictions
190,3,Total Nitrogen,1.963020921,2.0886491311000759,-0.12562821010007585,-0.92089906712289271,-0.52619832692477608,-0.39470074019811663,selection-conditioned OOF predictions
190,3,K,2.3801863239999999,2.5953195157326956,-0.21513319173269574,0.12480764964290235,0.81870278435530675,-0.69389513471240449,selection-conditioned OOF predictions
190,3,cl,2.392682395,2.7247331516300957,-0.33205075663009564,-1.5912223456634567,-1.3722348066064405,-0.21898753905701626,selection-conditioned OOF predictions
190,3,pH,5.04,5.0226984993569319,0.017301500643068124,0.93065932858005462,0.77850940329579732,0.15214992528425728,selection-conditioned OOF predictions
190,3,Starch,4.447668642,4.1667960285088324,0.28087261349116766,0.30412523500084054,-0.042245553776909694,0.34637078877775024,selection-conditioned OOF predictions
190,3,Neochlorogenic Acid,1.86657177,1.715268868960274,0.15130290103972599,0.89398739381186321,0.44767214692161805,0.44631524689024515,selection-conditioned OOF predictions
190,3,Chlorogenic Acid,13.996524859999999,13.515373482361845,0.48115137763815419,1.3634723931210102,1.1709150926151939,0.1925573005058164,selection-conditioned OOF predictions
190,3,Cryptochlorogenic Acid,3.0189528459999999,2.6977126060061511,0.32124023999384876,1.0621957105002529,0.46678500344111046,0.59541070705914245,selection-conditioned OOF predictions
190,3,Scopoletin,0.237168029,0.28040638676292878,-0.043238357762928781,-0.7851194689007418,-0.43540211568261539,-0.34971735321812641,selection-conditioned OOF predictions
190,3,Rutin,13.423404830000001,10.936728384049758,2.4866764459502431,2.1076174858425256,0.93486327857424512,1.1727542072682806,selection-conditioned OOF predictions
191,3,Total Alkaloids,2.1828912800000002,2.3992277954292036,-0.2163365154292034,-1.6804510567685926,-1.2611706462373364,-0.41928041053125614,selection-conditioned OOF predictions
191,3,Reducing Sugars,20.821775989999999,21.383365338649007,-0.561589348649008,1.3267950439418612,1.4904219470410165,-0.16362690309915537,selection-conditioned OOF predictions
191,3,Total Sugars,26.284219759999999,25.303168300757026,0.98105145924297332,1.7921066568798254,1.5559995302242577,0.23610712665556755,selection-conditioned OOF predictions
191,3,Total Nitrogen,1.713207044,1.7521408600624611,-0.038933816062461046,-1.7057683419865144,-1.5834454496492829,-0.12232289233723166,selection-conditioned OOF predictions
191,3,K,2.594758111,2.6414044125170317,-0.046646301517031752,0.8168920176879948,0.96734598257507354,-0.15045396488707874,selection-conditioned OOF predictions
191,3,cl,4.2740046530000004,4.3859831856002156,-0.11197853260021517,-0.35048994790066101,-0.27664008371060778,-0.073849864190053252,selection-conditioned OOF predictions
191,3,pH,5.1849999999999996,5.2153106178657547,-0.030310617865755063,2.2057937589022196,2.4723462585226508,-0.2665524996204312,selection-conditioned OOF predictions
191,3,Starch,4.4292979470000002,4.5502061393425119,-0.12090819234251171,0.28147058014341531,0.43057399549894859,-0.14910341535553323,selection-conditioned OOF predictions
191,3,Neochlorogenic Acid,2.2868713540000001,2.0359681578468147,0.25090319615318535,2.1337925218812508,1.3936750412041381,0.74011748067711292,selection-conditioned OOF predictions
191,3,Chlorogenic Acid,15.86334785,14.941090491053124,0.92225735894687588,2.1105769680702555,1.7414885778797002,0.36908839019055506,selection-conditioned OOF predictions
191,3,Cryptochlorogenic Acid,3.445643542,3.2685434610702107,0.17710008092978935,1.8530561861548049,1.524805639434206,0.32825054672059878,selection-conditioned OOF predictions
191,3,Scopoletin,0.183329093,0.12267774840968776,0.060651344590312239,-1.220575651146012,-1.7111314630836714,0.4905558119376594,selection-conditioned OOF predictions
191,3,Rutin,13.84117294,11.645735570761531,2.1954373692384692,2.3046432426364678,1.2692417871067205,1.0354014555297473,selection-conditioned OOF predictions
192,3,Total Alkaloids,2.80202917,2.591459868226615,0.21056930177338495,-0.4805038902921695,-0.88860690109303042,0.40810301080086092,selection-conditioned OOF predictions
192,3,Reducing Sugars,20.64298089,19.586418631465769,1.0565622585342318,1.2747005934814264,0.96685641746330842,0.30784417601811803,selection-conditioned OOF predictions
192,3,Total Sugars,24.69814972,22.595393306078439,2.1027564139215613,1.4103912674466863,0.90432629983460022,0.50606496761208608,selection-conditioned OOF predictions
192,3,Total Nitrogen,1.758405362,1.8336925553173453,-0.075287193317345347,-1.5637635362498206,-1.3272250159117285,-0.23653852033809217,selection-conditioned OOF predictions
192,3,K,2.2818621019999998,2.3504895809906241,-0.068627478990624269,-0.19232937008278669,0.029023148306567204,-0.22135251838935391,selection-conditioned OOF predictions
192,3,cl,2.0951359350000001,2.7277258679019152,-0.63258993290191512,-1.7874542943324188,-1.3702611096388058,-0.417193184693613,selection-conditioned OOF predictions
192,3,pH,4.875,4.9188533631914551,-0.043853363191455053,-0.5203557128210341,-0.13470789702208791,-0.38564781579894619,selection-conditioned OOF predictions
192,3,Starch,4.6758323300000004,4.604155104166912,0.071677225833088443,0.58549562423419954,0.49710360572938195,0.088392018504817621,selection-conditioned OOF predictions
192,3,Neochlorogenic Acid,1.7579806069999999,1.7551874221735857,0.0027931848264142189,0.57366378209394442,0.5654244095052865,0.0082393725886579765,selection-conditioned OOF predictions
192,3,Chlorogenic Acid,11.84221964,11.838277429081167,0.0039422109188329557,0.50131711952485714,0.49973944246139068,0.0015776770634665083,selection-conditioned OOF predictions
192,3,Cryptochlorogenic Acid,2.928330323,2.6906993349579711,0.23763098804202887,0.89422914287489386,0.45378608190601805,0.44044306096887581,selection-conditioned OOF predictions
192,3,Scopoletin,0.17120238600000001,0.19852624037253214,-0.027323854372532125,-1.3186580042858842,-1.0976591845973123,-0.22099881968857202,selection-conditioned OOF predictions
192,3,Rutin,9.014911025,9.8995294008858821,-0.8846183758858821,0.028505156633069524,0.44570455699597472,-0.41719940036290515,selection-conditioned OOF predictions
193,3,Total Alkaloids,2.4617645800000001,2.3819539778621359,0.079810602137864173,-1.1399685058768527,-1.2946489210750038,0.15468041519815126,selection-conditioned OOF predictions
193,3,Reducing Sugars,21.163731540000001,21.025397388665475,0.13833415133452576,1.4264285711422484,1.3861229833846265,0.040305587757621948,selection-conditioned OOF predictions
193,3,Total Sugars,23.767091730000001,23.402968416936783,0.36412331306321732,1.1863159402072376,1.0986833207501481,0.087632619457089597,selection-conditioned OOF predictions
193,3,Total Nitrogen,1.7908436109999999,1.8271818680136269,-0.036338257013627029,-1.4618485214547237,-1.3476803984721346,-0.11416812298258901,selection-conditioned OOF predictions
193,3,K,2.4421714630000002,2.4092284571085099,0.032943005891490351,0.32473582451056299,0.21848075839640585,0.10625506611415714,selection-conditioned OOF predictions
193,3,cl,5.2774524549999997,5.0366185676407351,0.24083388735926459,0.31128407412617343,0.15245407822560117,0.15882999590057226,selection-conditioned OOF predictions
193,3,pH,4.915,4.9120602883409887,0.0029397116590113015,-0.16859449066319418,-0.1944464048123308,0.025851914149136641,selection-conditioned OOF predictions
193,3,Starch,4.4458802100000003,4.5541974980536164,-0.10831728805361607,0.30191974905183488,0.43549612032940543,-0.13357637127757055,selection-conditioned OOF predictions
193,3,Neochlorogenic Acid,1.523598172,1.6212849148549728,-0.097686742854972808,-0.11772054447819355,0.17043706820217228,-0.28815761268036583,selection-conditioned OOF predictions
193,3,Chlorogenic Acid,11.28620733,11.155503298441324,0.13070403155867538,0.27880039311090959,0.22649249864803028,0.052307894462879326,selection-conditioned OOF predictions
193,3,Cryptochlorogenic Acid,2.5711326080000001,2.6763623731223607,-0.1052297651223606,0.23217216006311275,0.42721288365481458,-0.1950407235917018,selection-conditioned OOF predictions
193,3,Scopoletin,0.28600281500000002,0.30993780437806456,-0.023934989378064542,-0.39013749020181709,-0.19654824288361089,-0.19358924731820623,selection-conditioned OOF predictions
193,3,Rutin,8.0087749240000008,8.6768447019466919,-0.66806977794669109,-0.44600384008578342,-0.13093203244802973,-0.31507180763775366,selection-conditioned OOF predictions
194,3,Total Alkaloids,2.4652271950000002,2.2942373792201249,0.17098981577987526,-1.1332576339936138,-1.464651897299623,0.33139426330600924,selection-conditioned OOF predictions
194,3,Reducing Sugars,24.061896449999999,23.275649275029373,0.78624717497062591,2.270849410025229,2.0417653103705722,0.22908409965465701,selection-conditioned OOF predictions
194,3,Total Sugars,27.467140440000001,26.683784314194355,0.78335612580564629,2.0767971287045848,1.8882688285125342,0.18852830019205047,selection-conditioned OOF predictions
194,3,Total Nitrogen,1.647395655,1.6778713490176789,-0.030475694017678912,-1.9125356272250273,-1.8167865993813048,-0.095749027843722481,selection-conditioned OOF predictions
194,3,K,2.3410469969999999,2.4069166776955182,-0.065869680695518351,-0.0014331612820922312,0.21102429631222708,-0.21245745759431933,selection-conditioned OOF predictions
194,3,cl,2.7452871230000002,3.2745851543474966,-0.52929803134749642,-1.3586794584608015,-1.0096073030805475,-0.3490721553802541,selection-conditioned OOF predictions
194,3,pH,5.0250000000000004,5.0190559483150441,0.0059440516849562641,0.79874887027086761,0.74647669813912798,0.052272172131739535,selection-conditioned OOF predictions
194,3,Starch,5.1718291199999999,4.9879142081935921,0.18391491180640784,1.1971565378708877,0.97035353177296824,0.2268030060979194,selection-conditioned OOF predictions
194,3,Neochlorogenic Acid,1.968043362,1.9029394716267887,0.065103890373211293,1.193309603264644,1.0012653086360426,0.19204429462860137,selection-conditioned OOF predictions
194,3,Chlorogenic Acid,13.465782340000001,14.30795545894528,-0.84217311894527924,1.151068663931833,1.4881072548607419,-0.33703859092890887,selection-conditioned OOF predictions
194,3,Cryptochlorogenic Acid,3.2318798370000001,3.0207486274372588,0.21113120956274134,1.456850534147855,1.0655241462382616,0.39132638790959356,selection-conditioned OOF predictions
194,3,Scopoletin,0.191107312,0.17085348559798624,0.020253826402013758,-1.1576644236580165,-1.3214799552442902,0.16381553158627365,selection-conditioned OOF predictions
194,3,Rutin,10.54168799,10.949575723731641,-0.40788773373164133,0.74855625623634847,0.9409222782035177,-0.19236602196716915,selection-conditioned OOF predictions
195,3,Total Alkaloids,2.8044687100000001,2.9948854390284585,-0.19041672902845841,-0.47577583349289004,-0.10673039444310481,-0.36904543904978521,selection-conditioned OOF predictions
195,3,Reducing Sugars,19.992309949999999,20.701595191597157,-0.70928524159715778,1.0851185241189281,1.2917786891944862,-0.20666016507555809,selection-conditioned OOF predictions
195,3,Total Sugars,24.023164399999999,24.420641127740492,-0.39747672774049292,1.2479442898305828,1.3436039896506942,-0.095659699820111424,selection-conditioned OOF predictions
195,3,Total Nitrogen,1.969692564,1.9262425760839947,0.043449987916005295,-0.89993799135543651,-1.0364498653874312,0.13651187403199463,selection-conditioned OOF predictions
195,3,K,2.315425726,2.3300248192069812,-0.014599093206981273,-0.084072549229898097,-0.036984326041520445,-0.047088223188377652,selection-conditioned OOF predictions
195,3,cl,4.6335791229999996,4.6930623539144189,-0.059483230914419316,-0.11335051448340894,-0.074121312040663204,-0.039229202442745734,selection-conditioned OOF predictions
195,3,pH,5.1150000000000002,5.1091943262568922,0.0058056737431080307,1.5902116201260055,1.5391563478428714,0.051055272283134008,selection-conditioned OOF predictions
195,3,Starch,4.8084452679999998,4.9174402040734204,-0.10899493607342059,0.74903327700232569,0.88344532063760994,-0.13441204363528425,selection-conditioned OOF predictions
195,3,Neochlorogenic Acid,1.733495945,1.7035478630833345,0.029948081916665537,0.50143861066325957,0.41309737277108977,0.088341237892169841,selection-conditioned OOF predictions
195,3,Chlorogenic Acid,12.35945763,12.070847561671165,0.2886100683288344,0.70831632123629074,0.59281426047321528,0.1155020607630755,selection-conditioned OOF predictions
195,3,Cryptochlorogenic Acid,2.5856276309999999,2.639339096429909,-0.053711465429909122,0.25903832070797372,0.35859117127681045,-0.09955285056883674,selection-conditioned OOF predictions
195,3,Scopoletin,0.22891139399999999,0.13655056686950068,0.092360827130499312,-0.85190018602510476,-1.5989263377169323,0.74702615169182751,selection-conditioned OOF predictions
195,3,Rutin,12.080038289999999,11.094132599525096,0.98590569047490284,1.4740655155996072,1.0090974863422468,0.46496802925736036,selection-conditioned OOF predictions
196,3,Total Alkaloids,2.6438739789999999,2.6565847798794011,-0.012710800879401241,-0.78702344977832484,-0.76238872826437654,-0.024634721513948292,selection-conditioned OOF predictions
196,3,Reducing Sugars,21.321333710000001,20.942163465242068,0.37917024475793326,1.4723481653454571,1.3618716168739764,0.11047654847148064,selection-conditioned OOF predictions
196,3,Total Sugars,23.826430760000001,24.447180137395073,-0.62074937739507163,1.2005969116484703,1.3499910647167286,-0.14939415306825826,selection-conditioned OOF predictions
196,3,Total Nitrogen,1.888215703,1.9279895915438743,-0.039773888543874314,-1.1559233096219401,-1.0309610639900164,-0.12496224563192358,selection-conditioned OOF predictions
196,3,K,2.3780997300000002,2.3369683314220833,0.041131398577916922,0.11807750533993092,-0.014588575273959063,0.13266608061388999,selection-conditioned OOF predictions
196,3,cl,3.1195449960000001,3.1233722701929789,-0.0038272741929787912,-1.111856317888096,-1.10933222980794,-0.002524088080156145,selection-conditioned OOF predictions
196,3,pH,5.0449999999999999,5.0444053746855193,0.0005946253144806235,0.97462948134978367,0.96940032816609123,0.0052291531836923463,selection-conditioned OOF predictions
196,3,Starch,5.0182449900000003,4.8470891443217479,0.17115584567825248,1.0077573095494792,0.7966887239204874,0.21106858562899167,selection-conditioned OOF predictions
196,3,Neochlorogenic Acid,1.9049629640000001,1.8431990994308953,0.061763864569104765,1.0072342325094406,0.82504238903105342,0.18219184347838716,selection-conditioned OOF predictions
196,3,Chlorogenic Acid,14.59228718,14.888290948537069,-0.29600376853706933,1.6018971164282674,1.7203581439926758,-0.11846102756440866,selection-conditioned OOF predictions
196,3,Cryptochlorogenic Acid,3.136831521,2.8660258822501437,0.2708056387498563,1.2806808704860904,0.7787494286258112,0.50193144186027927,selection-conditioned OOF predictions
196,3,Scopoletin,0.25189383599999998,0.21318601908834217,0.038707816911657811,-0.6660152634108587,-0.97908902429274935,0.31307376088189059,selection-conditioned OOF predictions
196,3,Rutin,13.20283478,11.177868205935056,2.0249665740649441,2.0035933155262997,1.0485884643001429,0.95500485122615653,selection-conditioned OOF predictions
197,3,Total Alkaloids,2.9983855519999998,3.0541384972148795,-0.055752945214879723,-0.09994684798215675,0.0081075769106731914,-0.10805442489282993,selection-conditioned OOF predictions
197,3,Reducing Sugars,20.238331609999999,19.703468517098237,0.53486309290176237,1.1568003721061717,1.0009605370307924,0.15583983507537952,selection-conditioned OOF predictions
197,3,Total Sugars,23.222015620000001,22.939473613263807,0.28254200673619323,1.0551338774029047,0.98713522071525517,0.067998656687649581,selection-conditioned OOF predictions
197,3,Total Nitrogen,2.0046554109999999,2.0321237474402634,-0.027468336440263474,-0.7900911537754024,-0.70379069055662136,-0.086300463218781043,selection-conditioned OOF predictions
197,3,K,2.4797626949999998,2.3767034576366921,0.10305923736330769,0.4459833771664774,0.11357393900584012,0.33240943816063728,selection-conditioned OOF predictions
197,3,cl,3.3519181470000001,3.6351145075268843,-0.28319636052688413,-0.95860617927419034,-0.77183812401939622,-0.18676805525479412,selection-conditioned OOF predictions
197,3,pH,5.0099999999999998,4.9938746189476353,0.016125381052364496,0.66683841196167271,0.52503131829315763,0.14180709366851513,selection-conditioned OOF predictions
197,3,Starch,4.6050848029999996,4.5243632853560225,0.080721517643977059,0.49825010596712199,0.39870470924740714,0.099545396719714838,selection-conditioned OOF predictions
197,3,Neochlorogenic Acid,1.6051945809999999,1.7278556588574339,-0.12266107785743396,0.1229735940871374,0.4848008219298493,-0.36182722784271187,selection-conditioned OOF predictions
197,3,Chlorogenic Acid,11.49100571,12.146988299390792,-0.65598258939079201,0.36076092576976321,0.62328586586647405,-0.26252494009671079,selection-conditioned OOF predictions
197,3,Cryptochlorogenic Acid,2.6797154500000002,2.6941094386256896,-0.014393988625689413,0.43342772733248469,0.46010662330512841,-0.026678895972643699,selection-conditioned OOF predictions
197,3,Scopoletin,0.258899455,0.2148976019517142,0.044001853048285799,-0.60935292327833945,-0.96524552375848149,0.35589260048014199,selection-conditioned OOF predictions
197,3,Rutin,10.911077969999999,11.071982485713647,-0.16090451571364817,0.92276615550702079,0.99865115778745894,-0.075885002280438166,selection-conditioned OOF predictions
198,3,Total Alkaloids,2.8697745129999999,2.7574167683516433,0.11235774464835657,-0.34920707630647835,-0.56696689927980182,0.21775982297332347,selection-conditioned OOF predictions
198,3,Reducing Sugars,22.27563812,21.747276308904709,0.52836181109529079,1.7503980884748926,1.5964524926879307,0.15394559578696185,selection-conditioned OOF predictions
198,3,Total Sugars,26.517429409999998,25.451893216060281,1.0655361939397174,1.8482326223947629,1.5917927723457677,0.25643985004899544,selection-conditioned OOF predictions
198,3,Total Nitrogen,1.8260029840000001,1.8382009085461803,-0.012197924546180294,-1.3513842353127263,-1.3130605988983981,-0.038323636414328177,selection-conditioned OOF predictions
198,3,K,2.5220506089999999,2.3420475497847502,0.18000305921524973,0.58237970701871133,0.0017940427758656495,0.58058566424284563,selection-conditioned OOF predictions
198,3,cl,3.7175318179999999,3.8603881131101669,-0.14285629511016706,-0.71748389161416337,-0.62327013699884581,-0.09421375461531753,selection-conditioned OOF predictions
198,3,pH,5.1349999999999998,5.07771051537242,0.057289484627579768,1.7660922312049214,1.2622867529701658,0.50380547823475563,selection-conditioned OOF predictions
198,3,Starch,5.2117491459999998,5.1625918249161113,0.049157321083888483,1.2463857265830973,1.1857651489255217,0.060620577657575746,selection-conditioned OOF predictions
198,3,Neochlorogenic Acid,1.6994617409999999,1.7895847398599662,-0.09012299885996633,0.4010440772036219,0.66689006039540588,-0.26584598319178399,selection-conditioned OOF predictions
198,3,Chlorogenic Acid,12.0383973,12.590840721284657,-0.55244342128465718,0.57982763073772658,0.80091608403686898,-0.22108845329914237,selection-conditioned OOF predictions
198,3,Cryptochlorogenic Acid,2.7020012430000002,2.7452552535650643,-0.043254010565064061,0.47473388426898111,0.55490410520450761,-0.08017022093552649,selection-conditioned OOF predictions
198,3,Scopoletin,0.19235191500000001,0.1144995532325857,0.077852361767414308,-1.1475979158282368,-1.7772777489143858,0.62967983308614905,selection-conditioned OOF predictions
198,3,Rutin,10.329421010000001,11.194957340711795,-0.86553633071179448,0.6484479392638911,1.0566479586266504,-0.4082000193627594,selection-conditioned OOF predictions
199,3,Total Alkaloids,3.6612776660000002,3.756089110735402,-0.094811444735401817,1.1848000988956491,1.3685535507475159,-0.18375345185186687,selection-conditioned OOF predictions
199,3,Reducing Sugars,15.199818110000001,14.520142428247787,0.67967568175221338,-0.31124093282882748,-0.50927393894702178,0.19803300611819435,selection-conditioned OOF predictions
199,3,Total Sugars,17.530582219999999,16.97798253005665,0.5525996899433494,-0.31460873290059488,-0.44760147630261865,0.1329927434020238,selection-conditioned OOF predictions
199,3,Total Nitrogen,2.2106910549999998,2.2716998027443642,-0.061008747744364378,-0.1427650386519447,0.048913230695986236,-0.19167826934793095,selection-conditioned OOF predictions
199,3,K,2.740332118,2.5339224567474741,0.20640966125252591,1.2864294906568283,0.62067141517248747,0.66575807548434085,selection-conditioned OOF predictions
199,3,cl,6.7290213960000003,5.4699122107032476,1.2591091852967526,1.2685940751249138,0.43821132072154784,0.83038275440336595,selection-conditioned OOF predictions
199,3,pH,4.915,4.9221155276436139,-0.0071155276436138948,-0.16859449066319418,-0.10602032315780627,-0.062574167505387898,selection-conditioned OOF predictions
199,3,Starch,3.623102899,3.5820085521175908,0.041094346882409205,-0.71272536944943221,-0.7634027251625557,0.050677355713123512,selection-conditioned OOF predictions
199,3,Neochlorogenic Acid,1.2517416260000001,1.1702978233467731,0.081443802653226927,-0.91964648649871028,-1.1598904648961335,0.24024397839742312,selection-conditioned OOF predictions
199,3,Chlorogenic Acid,10.243819370000001,7.6720372588847781,2.5717821111152226,-0.13836439324519245,-1.1675943691342345,1.0292299758890422,selection-conditioned OOF predictions
199,3,Cryptochlorogenic Acid,2.0858383329999999,1.9546796849703458,0.13115864802965405,-0.6673085756474475,-0.91040783171123607,0.24309925606378852,selection-conditioned OOF predictions
199,3,Scopoletin,0.35137375399999998,0.38535276650070421,-0.033979012500704231,0.13859100336886593,0.41341759095263564,-0.27482658758376971,selection-conditioned OOF predictions
199,3,Rutin,9.3356838779999993,9.0354375484400293,0.30024632955996999,0.1797864837819439,0.038185775422091943,0.14160070835985197,selection-conditioned OOF predictions
200,3,Total Alkaloids,3.8951489810000002,3.863350344028174,0.031798636971826166,1.6380645918091181,1.5764358578090794,0.061628734000038751,selection-conditioned OOF predictions
200,3,Reducing Sugars,12.53106245,12.438541269170422,0.092521180829578498,-1.0888201814820397,-1.1157775201969566,0.026957338714916908,selection-conditioned OOF predictions
200,3,Total Sugars,14.18985575,14.384665071510103,-0.19480932151010322,-1.1186127638232435,-1.0717285064133786,-0.046884257409864877,selection-conditioned OOF predictions
200,3,Total Nitrogen,2.596582014,2.6205389538321446,-0.023956939832144641,1.0696334109616359,1.1449017115853308,-0.075268300623695064,selection-conditioned OOF predictions
200,3,K,2.228535071,2.1764752961373244,0.052059774862675656,-0.3643315007699674,-0.53224619677986107,0.16791469600989364,selection-conditioned OOF predictions
200,3,cl,4.0216961019999999,3.7407453306075862,0.28095077139241376,-0.51688748672055584,-0.70217457550118334,0.18528708878062747,selection-conditioned OOF predictions
200,3,pH,4.7350000000000003,4.7646987218590038,-0.029698721859003463,-1.7515199903734699,-1.4903485229322497,-0.26117146744122011,selection-conditioned OOF predictions
200,3,Starch,3.903906836,3.7202200023017067,0.18368683369829331,-0.36643927219828037,-0.59296101344367946,0.22652174124539914,selection-conditioned OOF predictions
200,3,Neochlorogenic Acid,1.350562112,1.3726361017031556,-0.022073989703155661,-0.62814454368187167,-0.56303040445178565,-0.065114139230086035,selection-conditioned OOF predictions
200,3,Chlorogenic Acid,8.488030448,7.3680446934953991,1.1199857545046008,-0.84103301437214939,-1.28925252181906,0.44821950744691058,selection-conditioned OOF predictions
200,3,Cryptochlorogenic Acid,2.205552585,2.0059746721127443,0.19957791288725568,-0.44542121984874289,-0.81533386288457255,0.36991264303582971,selection-conditioned OOF predictions
200,3,Scopoletin,0.32516012599999999,0.38302758768962725,-0.057867461689627253,-0.073428163794424781,0.39461124812095016,-0.46803941191537496,selection-conditioned OOF predictions
200,3,Rutin,8.0678280230000006,8.8462071185794571,-0.7783790955794565,-0.41815350579027538,-0.051058156221523224,-0.36709534956875217,selection-conditioned OOF predictions
201,3,Total Alkaloids,2.2488110799999999,2.3500216739808759,-0.10121059398087606,-1.5526923159415822,-1.3565367140533695,-0.19615560188821266,selection-conditioned OOF predictions
201,3,Reducing Sugars,21.122833069999999,19.49814654781931,1.6246865221806885,1.4145122304856941,0.94113711257989818,0.47337511790579584,selection-conditioned OOF predictions
201,3,Total Sugars,24.544685470000001,22.464186671336595,2.080498798663406,1.3734574218563527,0.872749137153503,0.50070828470284978,selection-conditioned OOF predictions
201,3,Total Nitrogen,1.807966398,1.7974689417589482,0.010497456241051806,-1.408051872614698,-1.441032950234445,0.032981077619747008,selection-conditioned OOF predictions
201,3,K,2.5786327199999999,2.5460996049342679,0.032533115065731977,0.76488084140173362,0.65994784580336363,0.10493299559836997,selection-conditioned OOF predictions
201,3,cl,3.243695341,3.2036208314993129,0.040074509500687139,-1.0299791410355337,-1.0564082879031276,0.026429146867593952,selection-conditioned OOF predictions
201,3,pH,4.9100000000000001,4.9811227898365491,-0.071122789836548961,-0.21256464343292319,0.4128913434715677,-0.62545598690449089,selection-conditioned OOF predictions
201,3,Starch,4.2004952930000004,4.2144708466786138,-0.013975553678613473,-0.00068777896237462303,0.016546808244609724,-0.017234587206984345,selection-conditioned OOF predictions
201,3,Neochlorogenic Acid,1.9123458820000001,1.8805145983390452,0.03183128366095489,1.0290124591481702,0.93511612848731673,0.093896330660853511,selection-conditioned OOF predictions
201,3,Chlorogenic Acid,14.021138240000001,13.127961465690014,0.89317677430998721,1.3733226943554973,1.0158723855153429,0.35745030884015438,selection-conditioned OOF predictions
201,3,Cryptochlorogenic Acid,3.293338764,2.9980504608834924,0.29528830311650767,1.5707631099225055,1.0234536652892279,0.54730944463327769,selection-conditioned OOF predictions
201,3,Scopoletin,0.204806557,0.23193368513910989,-0.027127128139109891,-1.0468631825758636,-0.8274555097582762,-0.21940767281758744,selection-conditioned OOF predictions
201,3,Rutin,9.5649028600000001,9.9711766372113004,-0.40627377721130031,0.28788962119012768,0.47949447686135166,-0.19160485567122398,selection-conditioned OOF predictions
202,3,Total Alkaloids,2.8436492090000001,2.7976119451242325,0.046037263875767565,-0.39984036012655749,-0.48906488544200005,0.089224525315442574,selection-conditioned OOF predictions
202,3,Reducing Sugars,20.096886640000001,19.465714140665902,0.6311724993340988,1.1155884038668706,0.9316874776191757,0.183900926247695,selection-conditioned OOF predictions
202,3,Total Sugars,23.222890670000002,22.554348243440639,0.66854242655936247,1.0553444734315165,0.89444809037728323,0.16089638305423318,selection-conditioned OOF predictions
202,3,Total Nitrogen,1.8499168960000001,1.9633773943067045,-0.11346049830670446,-1.27625112022724,-0.91977909352854581,-0.35647202669869421,selection-conditioned OOF predictions
202,3,K,2.5054694479999999,2.4321221619384072,0.073347286061592687,0.52889848056027244,0.29232259688289058,0.23657588367738189,selection-conditioned OOF predictions
202,3,cl,4.4750476539999999,3.7249236349082278,0.75012401909177218,-0.21790204935034393,-0.71260898691489138,0.49470693756454748,selection-conditioned OOF predictions
202,3,pH,4.9349999999999996,4.9881243691725814,-0.053124369172581787,0.0072861204157218832,0.4744634460785126,-0.46717732566279069,selection-conditioned OOF predictions
202,3,Starch,5.8872432430000003,5.4025843039610546,0.48465893903894575,2.0794018768029612,1.4817227477611186,0.59767912904184273,selection-conditioned OOF predictions
202,3,Neochlorogenic Acid,1.534682324,1.4678185123702803,0.066863811629719772,-0.085024370099156865,-0.28226010312522648,0.19723573302606962,selection-conditioned OOF predictions
202,3,Chlorogenic Acid,11.38157629,10.682778033696927,0.69879825630307302,0.31696715380853291,0.037307337614293341,0.27965981619423957,selection-conditioned OOF predictions
202,3,Cryptochlorogenic Acid,2.554189015,2.2292353715072029,0.3249536434927971,0.20076763649394347,-0.40152577057484612,0.60229340706878964,selection-conditioned OOF predictions
202,3,Scopoletin,0.210710816,0.22569103860678857,-0.014980222606788579,-0.99910878261656144,-0.87794683124485451,-0.12116195137170693,selection-conditioned OOF predictions
202,3,Rutin,9.0116928549999997,9.4760902973519023,-0.46439744235190261,0.02698741900646703,0.24600427391325944,-0.2190168549067924,selection-conditioned OOF predictions
203,3,Total Alkaloids,1.7755718519999999,1.9654931947237686,-0.1899213427237687,-2.4698742230351538,-2.1017888889994936,-0.36808533403566046,selection-conditioned OOF predictions
203,3,Reducing Sugars,23.981508739999999,22.434952682812387,1.5465560571876118,2.2474273275619914,1.7968166122490663,0.45061071531292501,selection-conditioned OOF predictions
203,3,Total Sugars,25.675039890000001,24.134168334584125,1.5408715554158761,1.6454969073432422,1.2746593207244203,0.37083758661882177,selection-conditioned OOF predictions
203,3,Total Nitrogen,2.0680824580000001,1.7423804634085254,0.32570199459147475,-0.59081503275498748,-1.6141108215499633,1.0232957887949758,selection-conditioned OOF predictions
203,3,K,1.9740572409999999,1.9758477339223344,-0.0017904929223344634,-1.1851296616998406,-1.1793545680588342,-0.0057750936410062952,selection-conditioned OOF predictions
203,3,cl,4.833235105,5.5201161778237999,-0.68688107282379995,0.018322644764646887,0.47132084687413078,-0.45299820210948394,selection-conditioned OOF predictions
203,3,pH,4.75,4.7562719565742011,-0.0062719565742010985,-1.6196095320642829,-1.5644537543177359,-0.055155777746546883,selection-conditioned OOF predictions
203,3,Starch,4.883527076,5.2911284952748385,-0.40760141927483851,0.84162381025713684,1.344275967568999,-0.5026521573118623,selection-conditioned OOF predictions
203,3,Neochlorogenic Acid,1.194203503,1.4575736648327307,-0.26337016183273065,-1.089373183051632,-0.31248048638723575,-0.7768926966643962,selection-conditioned OOF predictions
203,3,Chlorogenic Acid,8.2817182519999992,9.6572961853433483,-1.3755779333433491,-0.92359937782765078,-0.37309160461877083,-0.55050777320888,selection-conditioned OOF predictions
203,3,Cryptochlorogenic Acid,1.9904838359999999,2.326188940200554,-0.33570510420055411,-0.84404573809361561,-0.22182476895462344,-0.62222096913899216,selection-conditioned OOF predictions
203,3,Scopoletin,0.25695146499999999,0.34035599297573987,-0.083404527975739884,-0.62510851489055053,0.049477946741687338,-0.6745864616322379,selection-conditioned OOF predictions
203,3,Rutin,6.2864389359999997,6.2739456815582173,0.012493254441782398,-1.2582835315374428,-1.2641755392141691,0.005892007676726355,selection-conditioned OOF predictions
204,3,Total Alkaloids,2.548598959,2.4706498363930272,0.077949122606972843,-0.97167535387190951,-1.1227480475517624,0.15107269367985279,selection-conditioned OOF predictions
204,3,Reducing Sugars,16.624142639999999,17.355585649046752,-0.73144300904675319,0.10375591925306675,0.31687205945723179,-0.21311614020416503,selection-conditioned OOF predictions
204,3,Total Sugars,19.149021350000002,19.460152500249329,-0.31113115024932725,0.074896842011961895,0.14977597419845884,-0.074879132186496944,selection-conditioned OOF predictions
204,3,Total Nitrogen,2.0034885010000001,2.0341182374932862,-0.030629736493286153,-0.79375737046652295,-0.6975243694841583,-0.096233000982364619,selection-conditioned OOF predictions
204,3,K,2.6119050879999999,2.4371702046740307,0.1747348833259692,0.8721982390083618,0.3086046604076193,0.56359357860074255,selection-conditioned OOF predictions
204,3,cl,3.6192183689999999,3.1326631062420542,0.48655526275794569,-0.78232163049244341,-1.1032049216131998,0.32088329112075648,selection-conditioned OOF predictions
204,3,pH,4.8150000000000004,4.8310288056230704,-0.016028805623069964,-1.0479975460577902,-0.90703973966525153,-0.14095780639253855,selection-conditioned OOF predictions
204,3,Starch,4.5334123230000003,4.3731817018664199,0.16023062113358044,0.40986394000139703,0.21226829000708974,0.19759564999430729,selection-conditioned OOF predictions
204,3,Neochlorogenic Acid,1.5085955879999999,1.587023265798448,-0.078427677798448059,-0.16197536005634044,0.069371614384370742,-0.2313469744407112,selection-conditioned OOF predictions
204,3,Chlorogenic Acid,10.568622250000001,11.538082870774254,-0.9694606207742531,-0.0083779301983180707,0.3796012563091179,-0.38797918650743596,selection-conditioned OOF predictions
204,3,Cryptochlorogenic Acid,2.6307366019999998,2.5041767413259794,0.12655986067402036,0.34264666416561335,0.10807114482635512,0.23457551933925821,selection-conditioned OOF predictions
204,3,Scopoletin,0.34551081700000003,0.37966645020931927,-0.034155633209319247,0.091170821016738485,0.36742593942212304,-0.27625511840538453,selection-conditioned OOF predictions
204,3,Rutin,8.5514405999999994,8.1778977526654444,0.37354284733455501,-0.19007450287525263,-0.36624295716692851,0.17616845429167588,selection-conditioned OOF predictions
205,3,Total Alkaloids,3.1429549250000002,3.1230612637819264,0.019893661218073788,0.18024212493084596,0.14168634794638527,0.0385557769844607,selection-conditioned OOF predictions
205,3,Reducing Sugars,19.256811129999999,19.897857992461489,-0.64104686246149001,0.87082066672687142,1.0575986266335884,-0.18677795990671714,selection-conditioned OOF predictions
205,3,Total Sugars,22.947934660000001,22.993674449503473,-0.045739789503471684,0.98917151903025158,1.0001795963046369,-0.011008077274385379,selection-conditioned OOF predictions
205,3,Total Nitrogen,1.932503989,1.9908362330009577,-0.058332244000957711,-1.016777657125731,-0.8335084704816299,-0.18326918664410116,selection-conditioned OOF predictions
205,3,K,2.1332267599999999,2.1536026898613567,-0.020375929861356834,-0.67174093753753361,-0.60601998354544029,-0.065720953992093406,selection-conditioned OOF predictions
205,3,cl,5.6366994520000002,4.8942662054457937,0.74243324655420651,0.5482075390357638,0.058572667466611689,0.48963487156915214,selection-conditioned OOF predictions
205,3,pH,4.9400000000000004,4.9704179232992631,-0.030417923299262739,0.051256273185458709,0.31875242006676086,-0.26749614688130213,selection-conditioned OOF predictions
205,3,Starch,4.5285485940000001,4.4500210592850689,0.078527534714931235,0.40386601222484553,0.30702622495652138,0.09683978726832411,selection-conditioned OOF predictions
205,3,Neochlorogenic Acid,1.404580881,1.5047678029376832,-0.10018692193768319,-0.4687992829018951,-0.17326660975076719,-0.29553267315112791,selection-conditioned OOF predictions
205,3,Chlorogenic Acid,11.2934695,11.75451171899099,-0.46104221899098974,0.28170672138098285,0.46621631489789145,-0.18450959351690863,selection-conditioned OOF predictions
205,3,Cryptochlorogenic Acid,2.33332023,2.4008432569630305,-0.067523026963030475,-0.20860710263170856,-0.083454870060840874,-0.12515223257086769,selection-conditioned OOF predictions
205,3,Scopoletin,0.22555425500000001,0.27237057399999848,-0.046816318999998469,-0.87905315450514121,-0.50039679438472506,-0.37865636012041604,selection-conditioned OOF predictions
205,3,Rutin,10.875442939999999,10.002956247122114,0.87248669287788516,0.90596013660307717,0.4944822213622288,0.41147791524084831,selection-conditioned OOF predictions
206,3,Total Alkaloids,3.8702587460000002,3.7877154462699276,0.082543299730072572,1.5898249872822778,1.429848348439007,0.15997663884327079,selection-conditioned OOF predictions
206,3,Reducing Sugars,14.480077659999999,14.28749761926003,0.19258004073996915,-0.52094736894981952,-0.57705825449420467,0.056110885544385203,selection-conditioned OOF predictions
206,3,Total Sugars,17.665579050000002,16.886511589852869,0.77906746014713235,-0.28211939369355071,-0.46961555177289332,0.18749615807934264,selection-conditioned OOF predictions
206,3,Total Nitrogen,2.4557918270000001,2.3018010476384876,0.15399077936151251,0.62729652677563996,0.14348580823355392,0.48381071854208602,selection-conditioned OOF predictions
206,3,K,2.585765629,2.3250324341884276,0.26073319481157231,0.78788747655450975,-0.053086869991547984,0.84097434654605774,selection-conditioned OOF predictions
206,3,cl,6.1792435770000003,5.7531699741033915,0.42607360289660878,0.9060154957751817,0.62501987118328761,0.28099562459189409,selection-conditioned OOF predictions
206,3,pH,4.9050000000000002,4.9386253217740173,-0.033625321774017003,-0.25653479620265218,0.039167310864318711,-0.29570210706697092,selection-conditioned OOF predictions
206,3,Starch,3.603923354,3.4785151111968329,0.12540824280316709,-0.73637749433079691,-0.89103035079496251,0.15465285646416557,selection-conditioned OOF predictions
206,3,Neochlorogenic Acid,1.2140984029999999,1.245005891546215,-0.030907488546215056,-1.0306869507035468,-0.93951564277443089,-0.091171307929115819,selection-conditioned OOF predictions
206,3,Chlorogenic Acid,9.1370064109999998,8.1938584286757887,0.94314798232421104,-0.58131213371736834,-0.95876097392506654,0.3774488402076982,selection-conditioned OOF predictions
206,3,Cryptochlorogenic Acid,1.9976535019999999,2.0173808514318967,-0.019727349431896801,-0.83075694244796539,-0.79419279633142226,-0.036564146116543059,selection-conditioned OOF predictions
206,3,Scopoletin,0.274098654,0.35746314267766471,-0.083364488677664716,-0.48641986290496725,0.18784275577689005,-0.67426261868185733,selection-conditioned OOF predictions
206,3,Rutin,9.0102137829999993,9.0424426099418156,-0.03222882694181628,0.026289866289595433,0.041489468333878697,-0.015199602044283264,selection-conditioned OOF predictions
207,3,Total Alkaloids,3.3427813739999999,3.2828438721692739,0.059937501830725992,0.56752448179741599,0.45135999461435067,0.11616448718306532,selection-conditioned OOF predictions
207,3,Reducing Sugars,18.283412800000001,17.770039242472869,0.51337355752713165,0.58720746323049355,0.43762890453232717,0.14957855869816633,selection-conditioned OOF predictions
207,3,Total Sugars,21.323094139999998,20.73461301070429,0.58848112929570817,0.59812533808193391,0.45649710113272274,0.14162823694921114,selection-conditioned OOF predictions
207,3,Total Nitrogen,2.053042885,1.9609329296960909,0.092109955303909086,-0.63806660619247357,-0.92745915193603823,0.28939254574356466,selection-conditioned OOF predictions
207,3,K,2.4171980039999998,2.2488978290743784,0.16830017492562144,0.24418590305273746,-0.29865303133744475,0.54283893439018227,selection-conditioned OOF predictions
207,3,cl,6.4405790009999997,5.6315496929229649,0.80902930807703477,1.0783662591072318,0.54481127191545498,0.53355498719177685,selection-conditioned OOF predictions
207,3,pH,4.8925000000000001,4.9707256192899427,-0.078225619289942649,-0.36646017812697862,0.32145830801012387,-0.68791848613710249,selection-conditioned OOF predictions
207,3,Starch,4.1909305549999996,4.0162891234082618,0.17464143159173773,-0.012482968975148778,-0.22784996279424499,0.21536699381909621,selection-conditioned OOF predictions
207,3,Neochlorogenic Acid,1.3243857560000001,1.3100978161926604,0.014287939807339667,-0.70535989586972869,-0.74750664480081119,0.042146748931082584,selection-conditioned OOF predictions
207,3,Chlorogenic Acid,10.01473069,9.7124654722501802,0.30226521774982018,-0.23004593017392061,-0.35101279646954098,0.1209668662956204,selection-conditioned OOF predictions
207,3,Cryptochlorogenic Acid,2.164063385,2.1426213497610593,0.021442035238940615,-0.52232040877909358,-0.56206268192223763,0.039742273143144033,selection-conditioned OOF predictions
207,3,Scopoletin,0.28137414399999999,0.29241509926897741,-0.011040955268977415,-0.42757477169878816,-0.33827411706159949,-0.08930065463718867,selection-conditioned OOF predictions
207,3,Rutin,8.3778835209999993,9.0496124229144641,-0.67172890191446477,-0.27192664529206151,0.044870860530155002,-0.3167975058222165,selection-conditioned OOF predictions
208,3,Total Alkaloids,3.2477667010000002,3.3401931205308624,-0.092426419530862169,0.38337715455172999,0.56250820437912663,-0.17913104982739667,selection-conditioned OOF predictions
208,3,Reducing Sugars,18.77256156,18.609021814614159,0.16353974538584026,0.72972778870699284,0.68207819895696697,0.047649589750025784,selection-conditioned OOF predictions
208,3,Total Sugars,22.164414659999998,21.420818345967131,0.74359631403286741,0.80060377965812757,0.62164437090963187,0.17895940874849567,selection-conditioned OOF predictions
208,3,Total Nitrogen,2.011809001,2.0460726398835378,-0.034263638883537784,-0.76761588913679391,-0.65996583491378014,-0.10765005422301378,selection-conditioned OOF predictions
208,3,K,2.360244088,2.1899522661285982,0.17029182187140179,0.060485540979725631,-0.48877729348190141,0.54926283446162705,selection-conditioned OOF predictions
208,3,cl,3.283395863,5.8528164835033376,-2.5694206205033376,-1.0037966389979192,0.6907367636565217,-1.6945334026544407,selection-conditioned OOF predictions
208,3,pH,4.9950000000000001,4.9468654055902359,0.048134594409764198,0.53492795365248569,0.11163085971122146,0.42329709394126419,selection-conditioned OOF predictions
208,3,Starch,4.1122773690000001,4.2686798866498972,-0.1564025176498971,-0.10947770881851772,0.083397141925605822,-0.19287485074412353,selection-conditioned OOF predictions
208,3,Neochlorogenic Acid,1.2277100780000001,1.3206374720488347,-0.092927394048834655,-0.99053505641422457,-0.71641663216217988,-0.27411842425204463,selection-conditioned OOF predictions
208,3,Chlorogenic Acid,9.6532114609999997,9.3739831218453347,0.27922833915466505,-0.37472631570850423,-0.48647379833294391,0.1117474826244397,selection-conditioned OOF predictions
208,3,Cryptochlorogenic Acid,1.9721958070000001,2.1427787551775896,-0.17058294817758957,-0.87794213998217263,-0.56177093494074781,-0.31617120504142476,selection-conditioned OOF predictions
208,3,Scopoletin,0.23473612599999999,0.29777459782567056,-0.063038471825670572,-0.8047890105865364,-0.29492580905925275,-0.5098632015272837,selection-conditioned OOF predictions
208,3,Rutin,8.6753907130000005,9.1989679238518818,-0.52357721085188125,-0.13161775561773717,0.11530917283583364,-0.24692692845357081,selection-conditioned OOF predictions
209,3,Total Alkaloids,3.087679273,2.9412344743851411,0.14644479861485893,0.073112738951032846,-0.21071098429599772,0.28382372324703059,selection-conditioned OOF predictions
209,3,Reducing Sugars,17.683663989999999,17.68287201092658,0.00079197907341921336,0.41246226791333995,0.41223151374498779,0.0002307541683521447,selection-conditioned OOF predictions
209,3,Total Sugars,20.801655879999998,20.383713629854991,0.41794225014500697,0.47263213572547391,0.3720470513652247,0.1005850843602492,selection-conditioned OOF predictions
209,3,Total Nitrogen,1.9519653290000001,2.0765144205363577,-0.12454909153635763,-0.95563370468759457,-0.56432335662769129,-0.39131034805990328,selection-conditioned OOF predictions
209,3,K,2.3435186620000001,2.3259914506372876,0.017527211362712514,0.0065389991471088956,-0.049993638107553327,0.056532637254662219,selection-conditioned OOF predictions
209,3,cl,5.7189246640000002,4.7000111941401084,1.0189134698598918,0.60243508246033872,-0.069538550550318781,0.67197363301065749,selection-conditioned OOF predictions
209,3,pH,4.9900000000000002,4.9521402501681404,0.037859749831859801,0.49095780088275665,0.15801800409663,0.33293979678612667,selection-conditioned OOF predictions
209,3,Starch,4.5900418409999997,4.6578911336721571,-0.067849292672157446,0.47969919582771986,0.56337062512357261,-0.083671429295852723,selection-conditioned OOF predictions
209,3,Neochlorogenic Acid,1.3420027269999999,1.4340014907619589,-0.091998763761959035,-0.6533931278349322,-0.38201398916768825,-0.27137913866724395,selection-conditioned OOF predictions
209,3,Chlorogenic Acid,10.667396,10.269338648506967,0.39805735149303345,0.031151431131163164,-0.12815155045073007,0.15930298158189321,selection-conditioned OOF predictions
209,3,Cryptochlorogenic Acid,2.2289048340000002,2.2366529236309862,-0.0077480896309860547,-0.40213841353289176,-0.38777752423200174,-0.014360889300890058,selection-conditioned OOF predictions
209,3,Scopoletin,0.26512574,0.30009317594256607,-0.034967435942566072,-0.55899393595230862,-0.27617285348411386,-0.28282108246819471,selection-conditioned OOF predictions
209,3,Rutin,9.0810718379999997,8.748124353239632,0.33294748476036773,0.059707596310495985,-0.097315471241383664,0.15702306755187964,selection-conditioned OOF predictions
210,4,Total Alkaloids,2.598954902,2.5263883910466309,0.072566510953369079,-0.87408082429450262,-1.0147215129132781,0.14064068861877535,selection-conditioned OOF predictions
210,4,Reducing Sugars,19.725291930000001,19.620572671041252,0.1047192589587489,1.0073190932903797,0.97680767408437219,0.030511419206007463,selection-conditioned OOF predictions
210,4,Total Sugars,24.291974360000001,23.272896204410358,1.0190781555896429,1.3126380902159096,1.0673791765403788,0.24525891367553085,selection-conditioned OOF predictions
210,4,Total Nitrogen,1.8169822090000001,1.8940910326690212,-0.077108823669021165,-1.3797258519514124,-1.1374641039433482,-0.24226174800806408,selection-conditioned OOF predictions
210,4,K,2.3817579580000001,2.5186358834730278,-0.13687792547302768,0.12987683109912224,0.57136577927255372,-0.44148894817343143,selection-conditioned OOF predictions
210,4,cl,2.405727202,3.2999421775719249,-0.89421497557192486,-1.5826192928910576,-0.99288434129577718,-0.58973495159528055,selection-conditioned OOF predictions
210,4,pH,5.0800000000000001,5.0511716290777153,0.028828370922284741,1.2824205507378945,1.0289029760268344,0.25351757471106018,selection-conditioned OOF predictions
210,4,Starch,4.3372104159999996,4.6228343749865202,-0.2856239589865206,0.16790866909554888,0.5201387948393531,-0.35223012574380425,selection-conditioned OOF predictions
210,4,Neochlorogenic Acid,1.975126994,1.9220476993687003,0.053079294631299678,1.2142049922045399,1.0576310050216471,0.15657398718289298,selection-conditioned OOF predictions
210,4,Chlorogenic Acid,13.574501659999999,13.540712125797285,0.033789534202714577,1.1945782531068465,1.1810556450591214,0.013522608047724996,selection-conditioned OOF predictions
210,4,Cryptochlorogenic Acid,3.176990274,2.9852025382547649,0.19178773574523511,1.3551141093567916,0.99964036376523979,0.3554737455915517,selection-conditioned OOF predictions
210,4,Scopoletin,0.1589921,0.18031729161349447,-0.021325191613494471,-1.4174163550393775,-1.244935484955668,-0.17248087008370955,selection-conditioned OOF predictions
210,4,Rutin,10.9059162,10.616385170677807,0.28953102932219288,0.92033178673567995,0.78378457596955853,0.13654721076612145,selection-conditioned OOF predictions
211,4,Total Alkaloids,1.9545346939999999,1.6741813566979293,0.28035333730207057,-2.1230274888408247,-2.6663784905180581,0.54335100167723316,selection-conditioned OOF predictions
211,4,Reducing Sugars,20.390810770000002,20.262281305294316,0.12852946470568583,1.2012273057686094,1.1637784504486559,0.037448855319953393,selection-conditioned OOF predictions
211,4,Total Sugars,22.678354290000001,22.704191618041975,-0.025837328041973251,0.92429230605547041,0.9305105092159397,-0.0062182031604692493,selection-conditioned OOF predictions
211,4,Total Nitrogen,1.7126305589999999,1.8290131572391144,-0.11638259823911445,-1.7075795518734649,-1.341926824396368,-0.36565272747709682,selection-conditioned OOF predictions
211,4,K,2.5259266779999998,2.7012962278658854,-0.1753695498658856,0.59488166173451984,1.1605223071809956,-0.56564064544647563,selection-conditioned OOF predictions
211,4,cl,1.518964341,2.5003259485494631,-0.98136160754946311,-2.1674395734660439,-1.5202314010067368,-0.64720817245930695,selection-conditioned OOF predictions
211,4,pH,4.8899999999999997,4.8322122666956933,0.057787733304306421,-0.38844525451184703,-0.89663234683320003,0.50818709232135295,selection-conditioned OOF predictions
211,4,Starch,5.3622316769999996,5.6080899654970962,-0.24585828849709657,1.4319600775740005,1.7351513650968222,-0.30319128752282182,selection-conditioned OOF predictions
211,4,Neochlorogenic Acid,1.919347506,1.7574336460668056,0.1619138599331944,1.0496659398330657,0.57205034968610291,0.47761559014696275,selection-conditioned OOF predictions
211,4,Chlorogenic Acid,9.0058818669999994,12.82739537397606,-3.8215135069760606,-0.63378831771300992,0.89558551129267794,-1.529373829005688,selection-conditioned OOF predictions
211,4,Cryptochlorogenic Acid,2.8828815880000001,2.6893916253286361,0.19348996267136398,0.80999105538681415,0.45136227499115172,0.35862878039566248,selection-conditioned OOF predictions
211,4,Scopoletin,0.421073219,0.29469349808294582,0.12637972091705418,0.70232916738900608,-0.31984613681394314,1.0221753042029493,selection-conditioned OOF predictions
211,4,Rutin,7.7228432270000003,7.7124350961788988,0.01040813082110148,-0.58085355131147121,-0.58576218316428996,0.0049086318528187255,selection-conditioned OOF predictions
212,4,Total Alkaloids,2.6772034059999998,2.6317204607771143,0.04548294522288554,-0.72242790146043268,-0.81057810535637564,0.088150203895942941,selection-conditioned OOF predictions
212,4,Reducing Sugars,18.57665471,18.676213373411507,-0.099558663411507098,0.67264759080344338,0.70165539839435553,-0.029007807590912139,selection-conditioned OOF predictions
212,4,Total Sugars,21.215124200000002,21.459092509662383,-0.2439683096623817,0.57214049084645402,0.63085571525868789,-0.058715224412233862,selection-conditioned OOF predictions
212,4,Total Nitrogen,1.937622438,2.0246451930087841,-0.087022755008784092,-1.0006964313615736,-0.72728693369632191,-0.27340949766525174,selection-conditioned OOF predictions
212,4,K,2.5704877979999998,2.6289589830549467,-0.058471185054946861,0.73861003817098736,0.92720423185965029,-0.18859419368866295,selection-conditioned OOF predictions
212,4,cl,3.6051538540000001,3.2365743850647597,0.36857946893524041,-0.79159718089063613,-1.0346754128700499,0.24307823197941381,selection-conditioned OOF predictions
212,4,pH,4.9199999999999999,4.9541896958411682,-0.034189695841168266,-0.12462433789346515,0.17604089196388872,-0.30066522985735389,selection-conditioned OOF predictions
212,4,Starch,4.6937744280000002,4.8981721764287682,-0.20439774842876801,0.60762173528269825,0.85968407937412328,-0.25206234409142503,selection-conditioned OOF predictions
212,4,Neochlorogenic Acid,1.4785690229999999,1.5709332795564914,-0.092364256556491497,-0.250548108358915,0.021909165662690251,-0.27245727402160524,selection-conditioned OOF predictions
212,4,Chlorogenic Acid,11.22688726,11.416197029169041,-0.18930976916904108,0.25506043708898946,0.33082241098067378,-0.07576197389168432,selection-conditioned OOF predictions
212,4,Cryptochlorogenic Acid,2.436423429,2.4426110136838628,-0.0061875846838628235,-0.017507915874081466,-0.0060393832528954361,-0.011468532621186031,selection-conditioned OOF predictions
212,4,Scopoletin,0.265977142,0.28683923964989128,-0.020862097649891276,-0.55210768796858189,-0.38337238093633158,-0.16873530703225034,selection-conditioned OOF predictions
212,4,Rutin,9.3965726860000007,9.429423609874112,-0.03285092387411126,0.20850256619541807,0.22399555855827927,-0.015492992362861216,selection-conditioned OOF predictions
213,4,Total Alkaloids,3.3002150870000002,3.3551456955631669,-0.054930608563166672,0.48502703446291057,0.59148769397479639,-0.10646065951188582,selection-conditioned OOF predictions
213,4,Reducing Sugars,15.65386258,16.68905127871033,-1.0351886987103303,-0.17894873271120953,0.12266795802677843,-0.30161669073798797,selection-conditioned OOF predictions
213,4,Total Sugars,18.773222799999999,19.51829805003652,-0.7450752500365212,-0.015545626633155446,0.16376971383231623,-0.17931534046547168,selection-conditioned OOF predictions
213,4,Total Nitrogen,2.127513526,2.1215074212837846,0.0060061047162154324,-0.40409354311760237,-0.42296361995232917,0.01887007683472678,selection-conditioned OOF predictions
213,4,K,2.5864079599999998,2.6124051136911,-0.025997153691100117,0.78995926451147314,0.87381103242015978,-0.083851767908686689,selection-conditioned OOF predictions
213,4,cl,4.5182863009999998,4.3811661867517593,0.13712011424824055,-0.18938615318199647,-0.2798168953949704,0.090430742212973897,selection-conditioned OOF predictions
213,4,pH,4.915,4.9127189575522587,0.0022810424477412994,-0.16859449066319418,-0.1886540476434789,0.020059556980284738,selection-conditioned OOF predictions
213,4,Starch,4.0496127939999997,4.0637270813837416,-0.014114287383741875,-0.1867553686137656,-0.1693496956527161,-0.01740567296104949,selection-conditioned OOF predictions
213,4,Neochlorogenic Acid,1.376703612,1.3864756935220046,-0.0097720815220045942,-0.55103201017190295,-0.52220619819371783,-0.028825811978185067,selection-conditioned OOF predictions
213,4,Chlorogenic Acid,10.099227000000001,9.1710074704160434,0.92821952958395748,-0.19623041573817329,-0.56770487305102779,0.3714744573128545,selection-conditioned OOF predictions
213,4,Cryptochlorogenic Acid,2.2571347359999998,2.3083534670598138,-0.051218731059814004,-0.34981500003291449,-0.25488236993781849,-0.094932630095096018,selection-conditioned OOF predictions
213,4,Scopoletin,0.292046376,0.32129548924935997,-0.02924911324935997,-0.3412563978966795,-0.10468583881977209,-0.23657055907690744,selection-conditioned OOF predictions
213,4,Rutin,9.0981456610000002,9.3126186836523228,-0.2144730226523226,0.067759869371598988,0.16890858941142739,-0.10114872003982839,selection-conditioned OOF predictions
214,4,Total Alkaloids,3.0121978070000002,2.9722167930859311,0.039981013914069052,-0.073177405314223315,-0.15066435149198287,0.077486946177759572,selection-conditioned OOF predictions
214,4,Reducing Sugars,20.665258869999999,21.409642574210345,-0.74438370421034605,1.2811915942161696,1.498078186760043,-0.21688659254387335,selection-conditioned OOF predictions
214,4,Total Sugars,23.552214530000001,24.460637301119021,-0.90842277111902092,1.1346019981934898,1.3532297656328323,-0.21862776743934245,selection-conditioned OOF predictions
214,4,Total Nitrogen,1.93134535,1.9858267683014117,-0.054481418301411733,-1.0204178878554224,-0.8492472876098216,-0.17117060024560077,selection-conditioned OOF predictions
214,4,K,2.466440499,2.4313931847750645,0.035047314224935455,0.40301368516483166,0.28997133856293555,0.11304234660189608,selection-conditioned OOF predictions
214,4,cl,5.5754396030000004,4.9516384111928495,0.62380119180715088,0.50780665661748092,0.096409648397863174,0.41139700821961772,selection-conditioned OOF predictions
214,4,pH,4.9950000000000001,5.011988389620913,-0.016988389620912869,0.53492795365248569,0.68432437104113242,-0.1493964173886467,selection-conditioned OOF predictions
214,4,Starch,4.4520088360000001,4.5489835450995839,-0.096974709099583833,0.30947754187242438,0.42906629801639767,-0.11958875614397334,selection-conditioned OOF predictions
214,4,Neochlorogenic Acid,1.567880682,1.5547304314086303,0.01315025059136965,0.012904574060548228,-0.025886204563152687,0.038790778623700915,selection-conditioned OOF predictions
214,4,Chlorogenic Acid,11.50509207,11.514459153090456,-0.0093670830904564184,0.36639830224131731,0.37014701900144764,-0.0037487167601303749,selection-conditioned OOF predictions
214,4,Cryptochlorogenic Acid,2.5631101620000001,2.5838797290028848,-0.020769567002884681,0.21730275813110303,0.25579862830831557,-0.038495870177212538,selection-conditioned OOF predictions
214,4,Scopoletin,0.27640873199999999,0.26460937623066422,0.011799355769335773,-0.46773565735958306,-0.56317035198781007,0.095434694628226999,selection-conditioned OOF predictions
214,4,Rutin,10.15451893,10.393781737350599,-0.23926280735059891,0.565961474040792,0.67880143133407378,-0.11283995729328171,selection-conditioned OOF predictions
215,4,Total Alkaloids,3.1272614829999998,3.0942993967882342,0.032962086211765662,0.14982676582536059,0.085943158328878985,0.063883607496481601,selection-conditioned OOF predictions
215,4,Reducing Sugars,15.10519062,15.641657296050703,-0.53646667605070242,-0.33881197414931308,-0.18250491271867189,-0.15630706143064119,selection-conditioned OOF predictions
215,4,Total Sugars,17.725072999999998,18.870433812319533,-1.1453608123195345,-0.26780113805512729,0.0078498972018073813,-0.27565103525693468,selection-conditioned OOF predictions
215,4,Total Nitrogen,2.0982789660000001,2.1772007623174159,-0.078921796317415804,-0.49594315605226325,-0.24798538128627376,-0.24795777476598946,selection-conditioned OOF predictions
215,4,K,2.5932959360000001,2.6370587456834649,-0.043762809683464798,0.812175887599344,0.95332937710101073,-0.14115348950166673,selection-conditioned OOF predictions
215,4,cl,4.4998691949999996,4.1334090518683162,0.3664601431316834,-0.20153223819750257,-0.44321277439422618,0.24168053619672358,selection-conditioned OOF predictions
215,4,pH,5.0049999999999999,5.0429457593141001,-0.037945759314100158,0.62286825919194366,0.9565644259928211,-0.33369616680087744,selection-conditioned OOF predictions
215,4,Starch,3.5838779409999999,3.7938243172775641,-0.20994637627756418,-0.76109740356610633,-0.50219251765213313,-0.2589048859139732,selection-conditioned OOF predictions
215,4,Neochlorogenic Acid,1.4675155879999999,1.6301686676961533,-0.16265307969615339,-0.28315367333559044,0.19664247679233768,-0.47979615012792809,selection-conditioned OOF predictions
215,4,Chlorogenic Acid,12.906720180000001,13.607065835256464,-0.70034565525646286,0.927331384257017,1.2076104711820874,-0.28027908692507048,selection-conditioned OOF predictions
215,4,Cryptochlorogenic Acid,2.5739416820000001,2.7076552589704375,-0.1337135769704374,0.23737870808634129,0.48521346069672311,-0.24783475261038182,selection-conditioned OOF predictions
215,4,Scopoletin,0.34300235600000001,0.40371028654631019,-0.060707930546310185,0.070882068460945774,0.56189555482901299,-0.49101348636806724,selection-conditioned OOF predictions
215,4,Rutin,12.281517429999999,10.007843607736993,2.2736738222630066,1.569086124129762,0.49678717451882887,1.0722989496109332,selection-conditioned OOF predictions
216,4,Total Alkaloids,3.1205090160000002,3.2388117433776533,-0.11830272737765313,0.1367398529191336,0.36602160872194467,-0.22928175580281104,selection-conditioned OOF predictions
216,4,Reducing Sugars,18.643767149999999,18.869295633138414,-0.22552848313841523,0.69220173787379868,0.75791261245744912,-0.065710874583650547,selection-conditioned OOF predictions
216,4,Total Sugars,22.944670349999999,22.491280808200173,0.45338954179982593,0.98838590595424813,0.87926981325443698,0.10911609269981111,selection-conditioned OOF predictions
216,4,Total Nitrogen,2.022958488,2.0233175594974466,-0.00035907149744662803,-0.73258625074408235,-0.73145811411208439,-0.0011281366319979484,selection-conditioned OOF predictions
216,4,K,2.3937798780000001,2.4461997300511662,-0.05241985205116606,0.16865258546187389,0.33772868203112361,-0.16907609656924974,selection-conditioned OOF predictions
216,4,cl,3.755140618,4.1937983524419487,-0.43865773444194867,-0.69268088064538469,-0.40338601883370107,-0.28929486181168357,selection-conditioned OOF predictions
216,4,pH,5.1749999999999998,4.9472681368249631,0.22773186317503669,2.1178534533627613,0.11517249049444109,2.0026809628683204,selection-conditioned OOF predictions
216,4,Starch,3.5953156630000001,4.2413203353602524,-0.64600467236025239,-0.74699245847474283,0.049657471677913401,-0.79664993015265617,selection-conditioned OOF predictions
216,4,Neochlorogenic Acid,1.7480423709999999,1.6358217044100871,0.11222066658991281,0.54434784549581594,0.21331787732544802,0.33102996817036789,selection-conditioned OOF predictions
216,4,Chlorogenic Acid,12.02510657,11.927657108038488,0.09744946196151183,0.57450866625067853,0.53550928642314177,0.038999379827536769,selection-conditioned OOF predictions
216,4,Cryptochlorogenic Acid,2.679204865,2.6828751330161649,-0.0036702680161648793,0.43248137087393596,0.43928412035091036,-0.0068027494769744047,selection-conditioned OOF predictions
216,4,Scopoletin,0.21216637099999999,0.25451008203422248,-0.042343711034222492,-0.98733606810102914,-0.64485473174885011,-0.34248133635217909,selection-conditioned OOF predictions
216,4,Rutin,10.990758080000001,10.305872084821976,0.68488599517802484,0.96034450004407734,0.63734191012039265,0.32300258992368469,selection-conditioned OOF predictions
217,4,Total Alkaloids,2.3728406909999999,2.285647957764255,0.087192733235744946,-1.3123113237871153,-1.4812989998338306,0.16898767604671527,selection-conditioned OOF predictions
217,4,Reducing Sugars,22.894902999999999,21.979842250356192,0.91506074964380701,1.9308295634596504,1.6642138290765047,0.26661573438314562,selection-conditioned OOF predictions
217,4,Total Sugars,26.349572980000001,25.659029961645217,0.69054301835478427,1.8078350479305829,1.6416438391415737,0.16619120878900903,selection-conditioned OOF predictions
217,4,Total Nitrogen,1.802464794,1.7815361837236279,0.020928610276372162,-1.4253369009482793,-1.4910907468465979,0.065753845898318772,selection-conditioned OOF predictions
217,4,K,2.562951108,2.6702565141211956,-0.10730540612119555,0.7143010392633089,1.0604061597058654,-0.34610512044255648,selection-conditioned OOF predictions
217,4,cl,1.6747247489999999,2.02202186102787,-0.34729711202787006,-2.0647155538715491,-1.8356730404424471,-0.22904251342910195,selection-conditioned OOF predictions
217,4,pH,5.0250000000000004,4.9828438641281956,0.042156135871804779,0.79874887027086761,0.42802652337791774,0.37072234689294981,selection-conditioned OOF predictions
217,4,Starch,4.4640371319999996,4.4611711858873333,0.0028659461126663288,0.32431078004892999,0.32077650875312785,0.0035342712958021422,selection-conditioned OOF predictions
217,4,Neochlorogenic Acid,2.290182647,2.1709945039773468,0.11918814302265313,2.1435602166357146,1.7919774967143147,0.3515827199214,selection-conditioned OOF predictions
217,4,Chlorogenic Acid,14.9544058,15.302609379830329,-0.34820357983032935,1.7468173788878094,1.8861688272567541,-0.1393514483689445,selection-conditioned OOF predictions
217,4,Cryptochlorogenic Acid,3.5693165200000001,3.4268853537413446,0.14243116625865548,2.0822809410500813,1.8182883559027532,0.26399258514732843,selection-conditioned OOF predictions
217,4,Scopoletin,0.213941409,0.16532212565584076,0.048619283344159242,-0.97297933432716177,-1.3662183000553967,0.39323896572823486,selection-conditioned OOF predictions
217,4,Rutin,11.99376794,11.74238943130104,0.25137850869895928,1.4333791142425762,1.3148252090195445,0.11855390522303176,selection-conditioned OOF predictions
218,4,Total Alkaloids,2.9365452830000001,2.9559374131794525,-0.019392130179452405,-0.21979907599018494,-0.18221531308920041,-0.037583762900984551,selection-conditioned OOF predictions
218,4,Reducing Sugars,17.543652600000001,17.617267405333699,-0.073614805333697575,0.37166799323662031,0.39311669529618953,-0.021448702059569228,selection-conditioned OOF predictions
218,4,Total Sugars,21.353859369999999,20.789907257311256,0.56395211268874235,0.60552952670808691,0.46980462497762809,0.13572490173045884,selection-conditioned OOF predictions
218,4,Total Nitrogen,2.0300938959999999,2.0459290382734534,-0.015835142273453506,-0.71016811060683116,-0.66041700477243537,-0.049751105834395806,selection-conditioned OOF predictions
218,4,K,2.5272417190000001,2.4883308387351413,0.038910880264858783,0.59912322271587359,0.47361924870934202,0.1255039740065316,selection-conditioned OOF predictions
218,4,cl,4.7574464809999997,4.7919238356944938,-0.034477354694494089,-0.031659967612792661,-0.0089221454365464373,-0.022737822176246227,selection-conditioned OOF predictions
218,4,pH,4.9550000000000001,4.9855867161551659,-0.030586716155165838,0.18316673149464574,0.45214724790804756,-0.26898051641340182,selection-conditioned OOF predictions
218,4,Starch,4.0628192380000003,4.3937273261627707,-0.3309080881627704,-0.17046924385289339,0.23760505746548824,-0.40807430131838163,selection-conditioned OOF predictions
218,4,Neochlorogenic Acid,1.5805153949999999,1.5371740195665029,0.043341375433497031,0.050174613254983666,-0.077674334413806292,0.12784894766878996,selection-conditioned OOF predictions
218,4,Chlorogenic Acid,11.644082940000001,11.538764799138875,0.1053181408611259,0.42202259839013223,0.37987416477645786,0.042148433613674395,selection-conditioned OOF predictions
218,4,Cryptochlorogenic Acid,2.532646417,2.5221141554861615,0.01053226151383857,0.16083897280188414,0.14131769092572036,0.019521281876163761,selection-conditioned OOF predictions
218,4,Scopoletin,0.2526699,0.31449953611027909,-0.061829636110279085,-0.65973835878150278,-0.15965237472348903,-0.50008598405801374,selection-conditioned OOF predictions
218,4,Rutin,9.6703623919999995,9.0727687033852984,0.59759368861470108,0.33762593089417586,0.05579171249345808,0.28183421840071782,selection-conditioned OOF predictions
219,4,Total Alkaloids,3.0033286920000002,3.1216732464543111,-0.11834455445431091,-0.090366580109200775,0.13899624048213016,-0.22936282059133095,selection-conditioned OOF predictions
219,4,Reducing Sugars,20.55198966,22.074650826270521,-1.5226611662705203,1.2481890273167549,1.6918376323082118,-0.44364860499145692,selection-conditioned OOF predictions
219,4,Total Sugars,24.559408600000001,25.881161255212362,-1.3217526552123608,1.3770007996138853,1.6951036051612822,-0.31810280554739695,selection-conditioned OOF predictions
219,4,Total Nitrogen,1.9556026870000001,2.0102999998738977,-0.054697312873897674,-0.94420579455640763,-0.77235689325488099,-0.17184890130152664,selection-conditioned OOF predictions
219,4,K,2.3314395389999998,2.2030030775535216,0.12843646144647813,-0.032421258978504723,-0.44668293101339179,0.41426167203488706,selection-conditioned OOF predictions
219,4,cl,4.4424206389999998,4.5233417020117237,-0.080921063011723859,-0.23941957213553006,-0.18605211522424825,-0.053367456911281815,selection-conditioned OOF predictions
219,4,pH,5.0324999999999998,5.0403808763052167,-0.0078808763052169439,0.86470409942545712,0.93400876644540398,-0.069304667019946795,selection-conditioned OOF predictions
219,4,Starch,4.5390441250000002,4.6347645074707158,-0.09572038247071557,0.41680905179686017,0.53485097822886629,-0.11804192643200608,selection-conditioned OOF predictions
219,4,Neochlorogenic Acid,1.625201283,1.7748573539996033,-0.14965607099960332,0.18198962141529243,0.62344702783524386,-0.44145740641995146,selection-conditioned OOF predictions
219,4,Chlorogenic Acid,12.55372742,13.095112607655011,-0.54138518765501153,0.7860633008165181,1.0027262370849506,-0.21666293626843242,selection-conditioned OOF predictions
219,4,Cryptochlorogenic Acid,2.6484258490000001,2.8134229476414814,-0.16499709864148127,0.37543323867388684,0.68125121205951433,-0.3058179733856275,selection-conditioned OOF predictions
219,4,Scopoletin,0.217233908,0.17004623607173713,0.04718767192826287,-0.94634918241282284,-1.3280090923880803,0.38165990997525751,selection-conditioned OOF predictions
219,4,Rutin,11.24972958,11.573467764925232,-0.32373818492523121,1.0824793747609684,1.2351591972777971,-0.15267982251682874,selection-conditioned OOF predictions
220,4,Total Alkaloids,2.197632043,2.1385605740932623,0.059071468906737756,-1.6518820787117816,-1.7663681130493669,0.11448603433758534,selection-conditioned OOF predictions
220,4,Reducing Sugars,20.010061159999999,20.443811026043981,-0.43374986604398202,1.0902905871673998,1.2166696708718669,-0.12637908370446732,selection-conditioned OOF predictions
220,4,Total Sugars,22.830235989999998,23.23372958807542,-0.40349359807542129,0.96084528341532649,1.0579530479142625,-0.097107764498936003,selection-conditioned OOF predictions
220,4,Total Nitrogen,1.8397169099999999,1.9006248544087012,-0.060907944408701287,-1.3082976010375884,-1.1169360372382677,-0.19136156379932073,selection-conditioned OOF predictions
220,4,K,2.7211364109999998,2.7938279928848182,-0.07269158188481839,1.2245152523778049,1.4589762139717566,-0.23446096159395174,selection-conditioned OOF predictions
220,4,cl,1.847177278,2.4950658889732189,-0.64788861097321893,-1.9509830772070285,-1.5237004113278856,-0.42728266587914304,selection-conditioned OOF predictions
220,4,pH,4.9649999999999999,4.9543655426362294,0.010634457363770444,0.27110703703410377,0.17758729405247056,0.093519742981633208,selection-conditioned OOF predictions
220,4,Starch,4.0286147750000003,4.1846682550263052,-0.15605348002630492,-0.21265002709754366,-0.020205607912745286,-0.19244441918479838,selection-conditioned OOF predictions
220,4,Neochlorogenic Acid,2.034075804,2.0591641724113141,-0.025088368411314121,1.3880929514455083,1.4620989438265077,-0.074005992380999544,selection-conditioned OOF predictions
220,4,Chlorogenic Acid,14.42953207,14.857119880512528,-0.42758781051252726,1.5367623457892112,1.70788344893485,-0.1711211031456388,selection-conditioned OOF predictions
220,4,Cryptochlorogenic Acid,3.3808477649999999,3.3224868660871434,0.058360898912856563,1.7329588428121547,1.6247883841953377,0.10817045861681726,selection-conditioned OOF predictions
220,4,Scopoletin,0.250474845,0.29946293352779713,-0.048988088527797125,-0.67749224363016303,-0.28127033453062494,-0.39622190909953808,selection-conditioned OOF predictions
220,4,Rutin,10.98530556,10.680016401527245,0.30528915847275506,0.95777300917696884,0.81379402646074284,0.143978982716226,selection-conditioned OOF predictions
221,4,Total Alkaloids,2.657800334,2.7752636966231887,-0.11746336262318868,-0.76003287063351588,-0.53237788226818117,-0.22765498836533474,selection-conditioned OOF predictions
221,4,Reducing Sugars,17.453223080000001,17.462505112086625,-0.0092820320866238148,0.34532008912850454,0.34802453886291446,-0.0027044497344099134,selection-conditioned OOF predictions
221,4,Total Sugars,20.23212023,20.611282459811946,-0.37916222981194636,0.33556345845835545,0.42681545525605336,-0.091251996797697868,selection-conditioned OOF predictions
221,4,Total Nitrogen,2.095341248,2.1219712404165674,-0.026629992416567383,-0.50517292592775287,-0.4215063855072822,-0.08366654042047067,selection-conditioned OOF predictions
221,4,K,2.7231980949999999,2.6329118333403194,0.090286261659680456,1.231165051441317,0.93995383855295267,0.29121121288836438,selection-conditioned OOF predictions
221,4,cl,3.5203176599999999,3.2862009222358246,0.2341167377641753,-0.84754666745578677,-1.001946701882291,0.1544000344265043,selection-conditioned OOF predictions
221,4,pH,5.0549999999999997,5.0785221877813909,-0.023522187781391146,1.0625697868892416,1.2694246249344505,-0.20685483804520879,selection-conditioned OOF predictions
221,4,Starch,3.8226850020000001,4.1432412992564549,-0.32055629725645485,-0.46660165670017895,-0.071293135344875136,-0.39530852135530381,selection-conditioned OOF predictions
221,4,Neochlorogenic Acid,1.6995659030000001,1.7985992902755235,-0.099033387275523355,0.40135133561325714,0.69348129735567821,-0.29212996174242101,selection-conditioned OOF predictions
221,4,Chlorogenic Acid,12.46434947,14.047522941344482,-1.5831734713444821,0.75029414878535294,1.3838818803033472,-0.6335877315179943,selection-conditioned OOF predictions
221,4,Cryptochlorogenic Acid,2.7032710729999998,2.845110243348675,-0.14183917034867521,0.47708748224337916,0.73998281785763464,-0.26289533561425554,selection-conditioned OOF predictions
221,4,Scopoletin,0.274509485,0.32257564004395939,-0.048066155043959391,-0.48309700936997158,-0.094331815892674989,-0.38876519347729654,selection-conditioned OOF predictions
221,4,Rutin,11.43848964,10.853398942438991,0.58509069756100907,1.1715014728669488,0.89556385407633898,0.2759376187906098,selection-conditioned OOF predictions
222,4,Total Alkaloids,2.439163432,2.473269450390696,-0.034106018390696047,-1.1837716455970118,-1.1176709904946265,-0.066100655102385206,selection-conditioned OOF predictions
222,4,Reducing Sugars,21.559877570000001,22.414878228636063,-0.85500065863606167,1.5418512518249576,1.7909676395501009,-0.24911638772514316,selection-conditioned OOF predictions
222,4,Total Sugars,25.569080400000001,26.11143073781534,-0.54235033781533915,1.6199959099285965,1.7505219681652031,-0.13052605823660651,selection-conditioned OOF predictions
222,4,Total Nitrogen,1.8128332789999999,1.8648031150710378,-0.051969836071037889,-1.3927610272573865,-1.2294813566414229,-0.16327967061596343,selection-conditioned OOF predictions
222,4,K,2.5973310810000001,2.5178534648303703,0.079477616169629783,0.8251909294011599,0.56884214967790292,0.25634877972325698,selection-conditioned OOF predictions
222,4,cl,3.479756611,3.2815390770989019,0.19821753390109809,-0.87429668721850629,-1.0050211896634975,0.13072450244499134,selection-conditioned OOF predictions
222,4,pH,5.0800000000000001,5.1064408414735709,-0.026440841473570842,1.2824205507378945,1.5149421185285188,-0.2325215677906243,selection-conditioned OOF predictions
222,4,Starch,4.5310913839999998,4.5420985927389905,-0.011007208738990748,0.40700176891912981,0.42057580707748327,-0.013574038158353454,selection-conditioned OOF predictions
222,4,Neochlorogenic Acid,2.0950331229999999,2.0263506266048092,0.06868249639519064,1.5679056364125279,1.3653051236331373,0.20260051277939065,selection-conditioned OOF predictions
222,4,Chlorogenic Acid,15.33564176,15.474471827630083,-0.13883006763008332,1.8993884214434655,1.9549483643103296,-0.055559942866864033,selection-conditioned OOF predictions
222,4,Cryptochlorogenic Acid,3.2035383999999998,3.2241540331862208,-0.020615633186221061,1.4043203933299879,1.4425309510487683,-0.038210557718780326,selection-conditioned OOF predictions
222,4,Scopoletin,0.24437168000000001,0.19226227472948104,0.052109405270518966,-0.72685542069058917,-1.1483229377710111,0.42146751708042191,selection-conditioned OOF predictions
222,4,Rutin,13.577141510000001,12.039406396081864,1.5377351139181368,2.1801220284319256,1.4549029001256979,0.7252191283062277,selection-conditioned OOF predictions
223,4,Total Alkaloids,2.2054057299999998,2.1758626361238176,0.029543093876182258,-1.6368159458851759,-1.6940732263040368,0.057257280418860947,selection-conditioned OOF predictions
223,4,Reducing Sugars,25.486269650000001,25.685340500297961,-0.19907085029796079,2.6858604427916282,2.7438625163885209,-0.058002073596892877,selection-conditioned OOF predictions
223,4,Total Sugars,29.487425529999999,29.37752387659782,0.10990165340217928,2.5630139353062109,2.5365641875839993,0.026449747722212036,selection-conditioned OOF predictions
223,4,Total Nitrogen,1.6392666,1.6744612505792671,-0.035194650579267073,-1.9380756235606851,-1.8275005017501866,-0.11057512181049851,selection-conditioned OOF predictions
223,4,K,2.4761145359999999,2.368018156800705,0.10809637919929482,0.43421652817228529,0.085560186478553693,0.34865634169373155,selection-conditioned OOF predictions
223,4,cl,4.5278741800000004,4.5701253797004746,-0.042251199700474196,-0.18306294510292093,-0.1551982706220835,-0.027864674480837431,selection-conditioned OOF predictions
223,4,pH,5.1050000000000004,5.0899052023477118,0.015094797652288605,1.5022713145865474,1.3695272028266892,0.1327441117598582,selection-conditioned OOF predictions
223,4,Starch,4.9722741790000002,5.0056595540077309,-0.033385375007730644,0.95106632117255918,0.99223700894925215,-0.041170687776693068,selection-conditioned OOF predictions
223,4,Neochlorogenic Acid,2.0215659540000002,1.9965100704092946,0.025055883590705541,1.3511912347372219,1.2772810664985916,0.07391016823863035,selection-conditioned OOF predictions
223,4,Chlorogenic Acid,15.01488526,15.03024462024419,-0.015359360244190157,1.771021324038742,1.7771681565816215,-0.0061468325428797157,selection-conditioned OOF predictions
223,4,Cryptochlorogenic Acid,3.4109442720000001,3.25327667391208,0.15766759808792008,1.7887419617427833,1.4965090333287006,0.29223292841408283,selection-conditioned OOF predictions
223,4,Scopoletin,0.19216466600000001,0.14592647103178152,0.046238194968218488,-1.1491124096263543,-1.5230928288302716,0.37398041920391739,selection-conditioned OOF predictions
223,4,Rutin,11.14365714,11.254635490324722,-0.11097835032472148,1.0324540083777372,1.0847930762411782,-0.052339067863441092,selection-conditioned OOF predictions
224,4,Total Alkaloids,3.1043807509999999,3.0882951932988232,0.0160855577011767,0.10548176615120661,0.074306450124723394,0.031175316026483206,selection-conditioned OOF predictions
224,4,Reducing Sugars,20.599445939999999,21.785059303705502,-1.1856133637055031,1.2620160775407065,1.607461096116642,-0.34544501857593535,selection-conditioned OOF predictions
224,4,Total Sugars,24.369439839999998,25.396475409338819,-1.0270355693388211,1.3312815076691666,1.5784555116065047,-0.24717400393733807,selection-conditioned OOF predictions
224,4,Total Nitrogen,1.9990007679999999,2.0622326712615373,-0.063231903261537381,-0.8078570025117503,-0.60919398724166773,-0.19866301527008257,selection-conditioned OOF predictions
224,4,K,2.3919342060000002,2.335420670396207,0.05651353560379313,0.16269951605979774,-0.019580433793744637,0.1822799498535424,selection-conditioned OOF predictions
224,4,cl,3.3719281470000002,3.1091898780162559,0.26273826898374431,-0.94540958035358502,-1.1186855202272774,0.1732759398736925,selection-conditioned OOF predictions
224,4,pH,5.0149999999999997,5.0036526900084777,0.011347309991522003,0.71080856473140175,0.61101997396086061,0.099788590770541113,selection-conditioned OOF predictions
224,4,Starch,5.0057558750000002,4.9950100705471767,0.010745804452823471,0.99235579154486908,0.97910411592540547,0.013251675619463589,selection-conditioned OOF predictions
224,4,Neochlorogenic Acid,1.7331999920000001,1.701932343274501,0.031267648725499031,0.50056560469076861,0.40833189162445749,0.09223371306631116,selection-conditioned OOF predictions
224,4,Chlorogenic Acid,12.59109303,13.042143992118923,-0.45105096211892359,0.80101705825699687,0.98152813999287492,-0.18051108173587807,selection-conditioned OOF predictions
224,4,Cryptochlorogenic Acid,2.6734200110000002,2.6007352437965108,0.072684767203489375,0.42175928944839675,0.28703990113674727,0.13471938831164945,selection-conditioned OOF predictions
224,4,Scopoletin,0.245470412,0.18530631450898988,0.060164097491010121,-0.71796873611660894,-1.2045836313602203,0.4866148952436114,selection-conditioned OOF predictions
224,4,Rutin,10.87954498,11.816072405285359,-0.93652742528535882,0.90789472068466071,1.3495752135426011,-0.44168049285794037,selection-conditioned OOF predictions
225,4,Total Alkaloids,2.7158091510000002,2.805172003505906,-0.08936285250590581,-0.64760635512854559,-0.47441278486794947,-0.17319357026059615,selection-conditioned OOF predictions
225,4,Reducing Sugars,20.301455529999998,20.105713509831354,0.19574202016864461,1.1751924081480343,1.118160235718807,0.057032172429227403,selection-conditioned OOF predictions
225,4,Total Sugars,23.540131519999999,23.739463449699201,-0.19933192969920199,1.1316940113131153,1.1796667131816847,-0.047972701868569452,selection-conditioned OOF predictions
225,4,Total Nitrogen,1.941615512,2.0542763006705766,-0.11266078867057661,-0.98815092695447937,-0.63419144091103907,-0.35395948604344024,selection-conditioned OOF predictions
225,4,K,2.456837739,2.5421061655893347,-0.085268426589334645,0.37204074049672092,0.64706732230115449,-0.27502658180443357,selection-conditioned OOF predictions
225,4,cl,2.5568891439999999,2.2501430475439896,0.30674609645601025,-1.4829279625245511,-1.6852270732387578,0.2022991107142067,selection-conditioned OOF predictions
225,4,pH,5.0650000000000004,5.0175215988929809,0.047478401107019508,1.1505100924287075,0.73298358244107475,0.41752650998763269,selection-conditioned OOF predictions
225,4,Starch,4.8030834420000001,4.4379093991508354,0.36517404284916477,0.74242109834302272,0.29209018252091951,0.45033091582210322,selection-conditioned OOF predictions
225,4,Neochlorogenic Acid,1.782224383,1.9598084178774005,-0.17758403487740049,0.64517838489822799,1.1690180589918717,-0.52383967409364385,selection-conditioned OOF predictions
225,4,Chlorogenic Acid,13.55996399,15.309229255774284,-1.7492652657742838,1.1887602618863173,1.8888181087525453,-0.70005784686622796,selection-conditioned OOF predictions
225,4,Cryptochlorogenic Acid,2.8643094200000001,3.0432843399815863,-0.17897491998158621,0.77556800900659451,1.1072935227657992,-0.33172551375920467,selection-conditioned OOF predictions
225,4,Scopoletin,0.28335931600000003,0.24159463299388911,0.041764683006110914,-0.41151844732751491,-0.74931653112554852,0.33779808379803361,selection-conditioned OOF predictions
225,4,Rutin,11.196867060000001,12.053447178730528,-0.85658011873052686,1.0575486111154742,1.4615247455014309,-0.40397613438595675,selection-conditioned OOF predictions
226,4,Total Alkaloids,3.1502137120000002,3.1867970792110367,-0.036583367211036499,0.19431033337582734,0.26521232230926145,-0.070901988933434121,selection-conditioned OOF predictions
226,4,Reducing Sugars,19.438682369999999,19.92986255163742,-0.4911801816374215,0.9238113935552793,1.0669236021083002,-0.14311220855302073,selection-conditioned OOF predictions
226,4,Total Sugars,22.6913388,23.474665658526106,-0.78332685852610595,0.92741725461779756,1.1159385111290989,-0.18852125651130142,selection-conditioned OOF predictions
226,4,Total Nitrogen,2.0385408310000002,2.0675593080902499,-0.029018477090249739,-0.68362939375136067,-0.5924586735936852,-0.09117072015767537,selection-conditioned OOF predictions
226,4,K,2.3066565149999998,2.31852849725637,-0.011871982256370206,-0.11235694737022391,-0.074064805368617134,-0.038292142001606765,selection-conditioned OOF predictions
226,4,cl,5.2122989549999996,4.6849827044140433,0.52731625058595633,0.2683153281104983,-0.079449842469225249,0.34776517057972356,selection-conditioned OOF predictions
226,4,pH,5.0099999999999998,5.0807317182217897,-0.070731718221789919,0.66683841196167271,1.2888553031371917,-0.62201689117551884,selection-conditioned OOF predictions
226,4,Starch,5.2435469189999999,4.8778225784446034,0.36572434055539649,1.2855985910147243,0.83458905064393019,0.4510095403707941,selection-conditioned OOF predictions
226,4,Neochlorogenic Acid,1.4225184799999999,1.4841290755863894,-0.061610595586389483,-0.41588672226169182,-0.2341469936032527,-0.18173972865843913,selection-conditioned OOF predictions
226,4,Chlorogenic Acid,10.719296930000001,11.723608848774106,-1.0043119187741052,0.051922239319635709,0.45384895289208221,-0.40192671357244653,selection-conditioned OOF predictions
226,4,Cryptochlorogenic Acid,2.2700894370000002,2.3401627254710431,-0.070073288471042883,-0.32580378748277533,-0.19592470933459,-0.12987907814818533,selection-conditioned OOF predictions
226,4,Scopoletin,0.30710279299999999,0.23139830517436594,0.075704487825634048,-0.21947817655306348,-0.83178573120800925,0.6123075546549458,selection-conditioned OOF predictions
226,4,Rutin,10.20252955,10.583181434639561,-0.3806518846395619,0.58860400829178183,0.76812519205602414,-0.17952118376424225,selection-conditioned OOF predictions
227,4,Total Alkaloids,2.5698392339999998,2.4923897689381325,0.07744946506186734,-0.93050971336906485,-1.080614023971187,0.15010431060212207,selection-conditioned OOF predictions
227,4,Reducing Sugars,22.34582545,23.367769617366683,-1.0219441673666836,1.7708481477082563,2.0686058591903627,-0.29775771148210634,selection-conditioned OOF predictions
227,4,Total Sugars,27.181009060000001,27.379089431117649,-0.19808037111764776,2.0079346268028768,2.0556061192927255,-0.04767149248984847,selection-conditioned OOF predictions
227,4,Total Nitrogen,1.7260823350000001,1.8659143922487798,-0.13983205724877967,-1.6653165447037392,-1.225989928050101,-0.43932661665363831,selection-conditioned OOF predictions
227,4,K,2.2320920320000002,2.3212352534028646,-0.089143221402864459,-0.35285880372873829,-0.065334376996415047,-0.28752442673232326,selection-conditioned OOF predictions
227,4,cl,3.382974736,3.3162060058760723,0.0667687301239277,-0.93812435274370154,-0.98215834334258267,0.04403399059888112,selection-conditioned OOF predictions
227,4,pH,5.1349999999999998,5.1224131860659288,0.012586813934071017,1.7660922312049214,1.6554034048918678,0.11068882631305366,selection-conditioned OOF predictions
227,4,Starch,5.1484965899999997,5.213123838801148,-0.06462724880114834,1.1683829713781375,1.2480809912938229,-0.079698019915685314,selection-conditioned OOF predictions
227,4,Neochlorogenic Acid,2.2988311129999999,1.9619463940594009,0.33688471894059902,2.1690715730703043,1.1753246886794575,0.99374688439084669,selection-conditioned OOF predictions
227,4,Chlorogenic Acid,15.15365532,15.426337112015304,-0.27268179201530351,1.826557251787297,1.9356847991826671,-0.10912754739537017,selection-conditioned OOF predictions
227,4,Cryptochlorogenic Acid,3.3519970200000002,3.0034922999538805,0.34850472004611976,1.6794847124231296,1.033539977168038,0.64594473525509144,selection-conditioned OOF predictions
227,4,Scopoletin,0.16375437400000001,0.13245123646929863,0.03130313753070138,-1.3788984754355549,-1.632082244918255,0.25318376948270027,selection-conditioned OOF predictions
227,4,Rutin,12.85063712,11.973868923611525,0.87676819638847547,1.8374915742934523,1.4239944372661686,0.4134971370272838,selection-conditioned OOF predictions
228,4,Total Alkaloids,2.8553684800000001,2.8738727922715026,-0.01850431227150251,-0.37712731630102231,-0.34126422758295932,-0.035863088718063034,selection-conditioned OOF predictions
228,4,Reducing Sugars,21.08003858,21.935743203601668,-0.85570462360166744,1.4020434579114764,1.6513649556649515,-0.2493214977534752,selection-conditioned OOF predictions
228,4,Total Sugars,24.55853514,25.653040457548258,-1.0945053175482578,1.3767905862464764,1.640202360624722,-0.26341177437824559,selection-conditioned OOF predictions
228,4,Total Nitrogen,1.9054437040000001,1.9981243651124712,-0.092680661112471086,-1.10179609773683,-0.81061049926334627,-0.29118559847348374,selection-conditioned OOF predictions
228,4,K,2.2598169979999998,2.1632575559209677,0.09655944207903211,-0.26343411355182605,-0.57487897489351591,0.31144486134168986,selection-conditioned OOF predictions
228,4,cl,5.4912273349999996,4.8693812379951602,0.62184609700483939,0.45226864937157707,0.042161026557150004,0.41010762281442709,selection-conditioned OOF predictions
228,4,pH,5.0599999999999996,5.0761571642716259,-0.016157164271626279,1.1065399396589706,1.2486265359287767,-0.14208659626980599,selection-conditioned OOF predictions
228,4,Starch,5.5211273439999999,5.3032715217279032,0.21785582227209677,1.6279094683959274,1.3592506908017765,0.26865877759415091,selection-conditioned OOF predictions
228,4,Neochlorogenic Acid,1.6284763440000001,1.608165835252398,0.020310508747602096,0.19165043854933975,0.1317382381628287,0.059912200386511044,selection-conditioned OOF predictions
228,4,Chlorogenic Acid,12.426580059999999,13.217690629947796,-0.79111056994779716,0.73517879014916299,1.0517820938714424,-0.31660330372227935,selection-conditioned OOF predictions
228,4,Cryptochlorogenic Acid,2.541693177,2.5015155018519946,0.04017767514800541,0.17760691497593264,0.10313860437971187,0.074468310596220791,selection-conditioned OOF predictions
228,4,Scopoletin,0.22477491399999999,0.20336411089491485,0.021410803105085141,-0.88535656392852236,-1.0585298706771096,0.17317330674858711,selection-conditioned OOF predictions
228,4,Rutin,11.86208637,10.457655575890447,1.4044307941095528,1.3712760949741492,0.7089252992799725,0.66235079569417654,selection-conditioned OOF predictions
229,4,Total Alkaloids,3.079987252,3.018705177556996,0.061282074443004042,0.058204882474300119,-0.06056551224936952,0.11877039472366964,selection-conditioned OOF predictions
229,4,Reducing Sugars,19.338216930000002,19.004456553219221,0.33376037678078063,0.89453938393608023,0.79729363495379524,0.097245748982285024,selection-conditioned OOF predictions
229,4,Total Sugars,22.430677110000001,22.64675547176833,-0.21607836176832862,0.86468447737635246,0.91668749989764808,-0.052003022521295655,selection-conditioned OOF predictions
229,4,Total Nitrogen,2.014494053,2.1227091642521541,-0.10821511125215411,-0.75917994938229005,-0.41918796447840756,-0.33999198490388244,selection-conditioned OOF predictions
229,4,K,2.3800733009999999,2.3386119269181087,0.041461374081891211,0.1244431028745543,-0.0092872876904776126,0.13373039056503191,selection-conditioned OOF predictions
229,4,cl,4.1918704440000001,3.6356487267314641,0.55622171726853598,-0.40465747482890568,-0.77148580634930508,0.3668283315203994,selection-conditioned OOF predictions
229,4,pH,5.0250000000000004,5.0356567350497929,-0.010656735049792587,0.79874887027086761,0.89246452390405073,-0.093715653633183155,selection-conditioned OOF predictions
229,4,Starch,4.5326882299999998,4.5694873228332495,-0.03679909283324978,0.4089709919120792,0.45435146049008529,-0.045380468578006088,selection-conditioned OOF predictions
229,4,Neochlorogenic Acid,1.8191755979999999,1.7789897011125322,0.040185896887467765,0.7541775549887566,0.63563667859057738,0.11854087639817928,selection-conditioned OOF predictions
229,4,Chlorogenic Acid,12.57899424,13.749243951951811,-1.1702497119518114,0.79617510944408354,1.2645103068975037,-0.46833519745342006,selection-conditioned OOF predictions
229,4,Cryptochlorogenic Acid,2.809628858,2.7443922360342055,0.065236621965794495,0.67421896231358125,0.55330452391212992,0.12091443840145137,selection-conditioned OOF predictions
229,4,Scopoletin,0.28169543800000002,0.24001291407345854,0.041682523926541482,-0.42497610484143566,-0.76210967552342079,0.33713357068198518,selection-conditioned OOF predictions
229,4,Rutin,11.5664259,11.013009853988654,0.5534160460113462,1.2318381473150932,0.97083877307540611,0.26099937423968717,selection-conditioned OOF predictions
230,4,Total Alkaloids,2.3019593450000002,2.2274148120571629,0.07454453294283736,-1.4496860050374174,-1.5941602853646417,0.1444742803272242,selection-conditioned OOF predictions
230,4,Reducing Sugars,23.31589615,23.194352815831586,0.12154333416841467,2.0534917997114137,2.018078451131768,0.035413348579645607,selection-conditioned OOF predictions
230,4,Total Sugars,27.856255449999999,27.148686266150833,0.70756918384916645,2.1704444354631365,2.0001555832987816,0.17028885216435527,selection-conditioned OOF predictions
230,4,Total Nitrogen,1.717963914,1.8073270898228526,-0.089363175822852581,-1.6908231309663895,-1.4100604613746093,-0.28076266959178031,selection-conditioned OOF predictions
230,4,K,2.4102192850000002,2.5469546733668444,-0.13673538836684429,0.22167659557850247,0.66270580156292047,-0.44102920598441797,selection-conditioned OOF predictions
230,4,cl,1.5104497859999999,1.8388908386847653,-0.32844105268476542,-2.1730549241568204,-1.9564479855590069,-0.21660693859781338,selection-conditioned OOF predictions
230,4,pH,5.165,5.1216911907275584,0.043308809272441628,2.0299131478233035,1.6490541558264322,0.38085899199687107,selection-conditioned OOF predictions
230,4,Starch,4.6060585859999996,4.8325049456502951,-0.22644635965029547,0.49945097059260457,0.77870355856480078,-0.27925258797219621,selection-conditioned OOF predictions
230,4,Neochlorogenic Acid,2.4212989519999999,2.2445800434343641,0.17671890856563577,2.5303287824416465,2.0090410690888292,0.52128771335281743,selection-conditioned OOF predictions
230,4,Chlorogenic Acid,16.28407288,16.447912457823691,-0.16383957782369052,2.2789515790496595,2.3445203548819262,-0.065568775832266779,selection-conditioned OOF predictions
230,4,Cryptochlorogenic Acid,3.8222700779999998,3.415378567821858,0.40689151017814185,2.5511240001412765,1.7969608175456939,0.75416318259558246,selection-conditioned OOF predictions
230,4,Scopoletin,0.181768658,0.10259149076609447,0.079177167233905527,-1.2331966484803927,-1.8735916771762011,0.64039502869580833,selection-conditioned OOF predictions
230,4,Rutin,12.56486338,12.957939770967675,-0.39307639096767488,1.7027163579770721,1.8880971267682509,-0.18538076879117882,selection-conditioned OOF predictions
231,4,Total Alkaloids,2.510208891,2.4847809861493073,0.025427904850692684,-1.0460788979958804,-1.0953605570056704,0.049281659009789876,selection-conditioned OOF predictions
231,4,Reducing Sugars,21.280607360000001,21.290344071175035,-0.0097367111750337187,1.460481974255716,1.4633189010951841,-0.0028369268394679687,selection-conditioned OOF predictions
231,4,Total Sugars,23.621898699999999,24.582294918454551,-0.96039621845455159,1.1513727078204585,1.3825087909013125,-0.23113608308085398,selection-conditioned OOF predictions
231,4,Total Nitrogen,1.8784727320000001,2.029679204422369,-0.15120647242236895,-1.1865339333215483,-0.71147099530537494,-0.47506293801617333,selection-conditioned OOF predictions
231,4,K,2.433986859,2.4633387729278446,-0.029351913927844642,0.29833703011994966,0.39300931246276438,-0.09467228234281469,selection-conditioned OOF predictions
231,4,cl,3.1948460820000002,2.6972715872938444,0.49757449470615578,-1.0621952369171812,-1.3903457136668056,0.3281504767496245,selection-conditioned OOF predictions
231,4,pH,4.9950000000000001,5.0063624408349439,-0.011362440834943754,0.53492795365248569,0.63484960552238467,-0.099921651869898959,selection-conditioned OOF predictions
231,4,Starch,5.4919173539999999,5.1224737598807861,0.36944359411921379,1.5918878458150261,1.1362917394043772,0.4555961064106489,selection-conditioned OOF predictions
231,4,Neochlorogenic Acid,1.7181852849999999,1.8327938658807876,-0.11460858088078774,0.45627502853102742,0.79434889704276923,-0.33807386851174182,selection-conditioned OOF predictions
231,4,Chlorogenic Acid,13.25832091,15.09665235296859,-1.83833144296859,1.0680423757894781,1.8037446028736217,-0.73570222708414368,selection-conditioned OOF predictions
231,4,Cryptochlorogenic Acid,2.799506182,2.80444612171986,-0.0049399397198599537,0.65545683688805556,0.66461289094120801,-0.0091560540531524879,selection-conditioned OOF predictions
231,4,Scopoletin,0.318062069,0.26323674470431663,0.054825324295683375,-0.13083815426264858,-0.57427237087044214,0.44343421660779353,selection-conditioned OOF predictions
231,4,Rutin,12.485437640000001,10.987055843844905,1.4983817961550958,1.6652579781777648,0.95859846950027239,0.7066595086774925,selection-conditioned OOF predictions
232,4,Total Alkaloids,2.9488873849999999,3.0076309193214148,-0.058743534321414881,-0.19587892740541199,-0.082028460980570289,-0.11385046642484169,selection-conditioned OOF predictions
232,4,Reducing Sugars,22.856338860000001,21.689630220244844,1.1667086397551572,1.9195933624632071,1.5796564993417528,0.33993686312145421,selection-conditioned OOF predictions
232,4,Total Sugars,25.716416720000002,25.277956507661543,0.43846021233845889,1.6554549623966994,1.5499318729474392,0.10552308944926023,selection-conditioned OOF predictions
232,4,Total Nitrogen,1.9612341129999999,1.9715060571310059,-0.010271944131005961,-0.92651288936576426,-0.89424032933683406,-0.032272560028930197,selection-conditioned OOF predictions
232,4,K,2.4304629709999999,2.3506778921089229,0.079785078891076999,0.28697100743057447,0.02963053095983121,0.25734047647074326,selection-conditioned OOF predictions
232,4,cl,3.415455439,3.410825255289641,0.0046301837103590593,-0.91670332275118271,-0.91975692981536705,0.0030536070641843395,selection-conditioned OOF predictions
232,4,pH,4.9400000000000004,4.8859336382488383,0.054066361751162084,0.051256273185458709,-0.4242049639949575,0.47546123718041622,selection-conditioned OOF predictions
232,4,Starch,4.5505571509999996,4.7543524989988795,-0.20379534799887988,0.43100686142760913,0.68232632813605654,-0.2513194667084474,selection-conditioned OOF predictions
232,4,Neochlorogenic Acid,1.9571825920000001,1.7637787366028834,0.19340385539711669,1.1612723639872862,0.59076717950027136,0.5705051844870147,selection-conditioned OOF predictions
232,4,Chlorogenic Acid,13.30398033,12.473429196370574,0.83055113362942556,1.0863153249411965,0.75392786507612097,0.33238745986507551,selection-conditioned OOF predictions
232,4,Cryptochlorogenic Acid,2.9883010890000001,2.7867187569091212,0.20158233209087895,1.0053834496567038,0.63175566602922484,0.37362778362747884,selection-conditioned OOF predictions
232,4,Scopoletin,0.21526843800000001,0.18653905061745996,0.02872938738254005,-0.96224615449484185,-1.1946131044629156,0.23236694996807372,selection-conditioned OOF predictions
232,4,Rutin,10.690796949999999,10.851094059283986,-0.16029710928398622,0.818878296108558,0.89447683633356156,-0.075598540225003508,selection-conditioned OOF predictions
233,4,Total Alkaloids,2.7608641409999999,2.8658892092590134,-0.10502506825901348,-0.56028556850034683,-0.35673715852273069,-0.20354840997761611,selection-conditioned OOF predictions
233,4,Reducing Sugars,18.97227779,18.66077542080307,0.31150236919692986,0.78791790269714057,0.6971573352071051,0.090760567490035499,selection-conditioned OOF predictions
233,4,Total Sugars,21.281664589999998,22.03585689707495,-0.75419230707495188,0.58815459504192924,0.76966411413138447,-0.1815095190894552,selection-conditioned OOF predictions
233,4,Total Nitrogen,2.0319714489999998,2.1172467158325685,-0.085275266832568697,-0.70426918425684326,-0.43634997317682767,-0.2679192110800156,selection-conditioned OOF predictions
233,4,K,2.48200888,2.500318799650632,-0.018309919650632001,0.4532282696473211,0.51228547072457209,-0.059057201077250945,selection-conditioned OOF predictions
233,4,cl,3.6353689409999999,2.9879669178604651,0.64740202313953477,-0.77167032509402478,-1.1986320862015147,0.42696176110749007,selection-conditioned OOF predictions
233,4,pH,4.96,4.9895817107748854,-0.029581710774885472,0.22713688426437476,0.48727935265671091,-0.26014246839233618,selection-conditioned OOF predictions
233,4,Starch,5.0910503780000003,4.6917240287860649,0.39932634921393539,1.0975405723438887,0.60509319259492067,0.49244737974896796,selection-conditioned OOF predictions
233,4,Neochlorogenic Acid,1.5882769729999999,1.7142878863578086,-0.12601091335780867,0.073069816040410476,0.44477843180177762,-0.37170861576136716,selection-conditioned OOF predictions
233,4,Chlorogenic Acid,12.528989559999999,14.034101504325037,-1.5051119443250371,0.77616318255171468,1.3785106067260806,-0.60234742417436593,selection-conditioned OOF predictions
233,4,Cryptochlorogenic Acid,2.5518843009999999,2.663179678662996,-0.11129537766299613,0.1964959070482942,0.40277909096076953,-0.20628318391247533,selection-conditioned OOF predictions
233,4,Scopoletin,0.28837893199999998,0.30117815793568398,-0.012799225935684,-0.37091915280027438,-0.26739738071979346,-0.10352177208048093,selection-conditioned OOF predictions
233,4,Rutin,12.57986159,10.58710836357597,1.9927532264240302,1.7097897405667688,0.7699771911125628,0.939812549454206,selection-conditioned OOF predictions
234,4,Total Alkaloids,3.1280047500000001,3.0362352549580831,0.091769495041917004,0.15126728682236459,-0.026590581873929403,0.177857868696294,selection-conditioned OOF predictions
234,4,Reducing Sugars,17.774204940000001,18.085693088370952,-0.31148814837095173,0.43884263870882484,0.52959906276252211,-0.09075642405369734,selection-conditioned OOF predictions
234,4,Total Sugars,19.35742085,20.363513786364422,-1.0060929363644213,0.12505181265888932,0.36718560708468634,-0.24213379442579702,selection-conditioned OOF predictions
234,4,Total Nitrogen,2.181496852,2.2204920267271828,-0.038995174727182835,-0.2344878573119796,-0.11197218733058693,-0.12251566998139267,selection-conditioned OOF predictions
234,4,K,2.645015323,2.6756823370701319,-0.030667014070131948,0.97899268941669793,1.0779067234996467,-0.098914034082948729,selection-conditioned OOF predictions
234,4,cl,3.4611233260000001,3.0732598745795805,0.38786345142041956,-0.88658534232686859,-1.1423813645336132,0.25579602220674447,selection-conditioned OOF predictions
234,4,pH,4.8700000000000001,4.901610473390515,-0.031610473390514926,-0.56432586559076314,-0.28634239676987816,-0.27798346882088498,selection-conditioned OOF predictions
234,4,Starch,4.7920292719999997,4.6994951295321483,0.09253414246785141,0.72878914777798876,0.61467647756398702,0.1141126702140018,selection-conditioned OOF predictions
234,4,Neochlorogenic Acid,1.2918028509999999,1.3648191138734744,-0.073016262873474513,-0.80147336884047016,-0.58608905586671245,-0.21538431297375762,selection-conditioned OOF predictions
234,4,Chlorogenic Acid,9.112591342,10.597991553338062,-1.485400211338062,-0.59108307067567167,0.0033756966878270003,-0.59445876736349867,selection-conditioned OOF predictions
234,4,Cryptochlorogenic Acid,1.9082748759999999,2.154411747565288,-0.24613687156528807,-0.99641797826232559,-0.54020947606839198,-0.45620850219393361,selection-conditioned OOF predictions
234,4,Scopoletin,0.339086954,0.37824481120609982,-0.039157857206099822,0.039213797622987538,0.35592754181499137,-0.31671374419200382,selection-conditioned OOF predictions
234,4,Rutin,10.117483160000001,9.7591267157803596,0.35835644421964119,0.54849484497545664,0.37948852799170923,0.16900631698374738,selection-conditioned OOF predictions
235,4,Total Alkaloids,2.5564856549999999,2.5367056774199033,0.019779977580096642,-0.95639019902851785,-0.99472564648466388,0.038335447456146081,selection-conditioned OOF predictions
235,4,Reducing Sugars,20.53633679,21.516947083192626,-0.98061029319262616,1.2436283449447065,1.5293428546808012,-0.28571450973609486,selection-conditioned OOF predictions
235,4,Total Sugars,25.625789210000001,25.288307338377166,0.33748187162283472,1.6336438731001599,1.5524229807030403,0.081220892397119521,selection-conditioned OOF predictions
235,4,Total Nitrogen,1.8300572129999999,1.8287266090402992,0.0013306039597007491,-1.3386465931385849,-1.342827106157007,0.004180513018422074,selection-conditioned OOF predictions
235,4,K,2.6095590309999999,2.5440266423557212,0.065532388644278683,0.86463121727198244,0.6532616685746927,0.21136954869728972,selection-conditioned OOF predictions
235,4,cl,3.4376857589999998,2.8365556411304489,0.60113011786955095,-0.9020424223555451,-1.2984878528713202,0.39644543051577491,selection-conditioned OOF predictions
235,4,pH,5.04,5.0465283788009767,-0.0065283788009766752,0.93065932858005462,0.98807009122357681,-0.05741076264352217,selection-conditioned OOF predictions
235,4,Starch,5.3437843840000001,4.9061192853277147,0.43766509867228542,1.409210962422462,0.8694844167712662,0.53972654565119582,selection-conditioned OOF predictions
235,4,Neochlorogenic Acid,2.0081157869999999,1.8932686225303423,0.11484716446965759,1.3115157588271864,0.97273811337105898,0.33877764545612737,selection-conditioned OOF predictions
235,4,Chlorogenic Acid,13.990547599999999,13.690939225918356,0.29960837408164309,1.3610802872193892,1.2411766926265777,0.11990359459281152,selection-conditioned OOF predictions
235,4,Cryptochlorogenic Acid,3.1192171809999998,2.9395324069969715,0.17968477400302829,1.2480331342187378,0.91499192388047534,0.33304121033826245,selection-conditioned OOF predictions
235,4,Scopoletin,0.14097686300000001,0.14923609664362453,-0.0082592336436245195,-1.5631258899801075,-1.4963241546946178,-0.066801735285489758,selection-conditioned OOF predictions
235,4,Rutin,12.186237970000001,11.270728656139431,0.91550931386056966,1.5241508902905445,1.0923828565474192,0.4317680337431255,selection-conditioned OOF predictions
236,4,Total Alkaloids,3.4699155959999999,3.5313806338244658,-0.061465037824465885,0.81392250058299642,0.93304749546068677,-0.11912499487769039,selection-conditioned OOF predictions
236,4,Reducing Sugars,16.160080919999999,17.343021770374939,-1.1829408503749406,-0.031454946610283738,0.31321139786717889,-0.34466634447746264,selection-conditioned OOF predictions
236,4,Total Sugars,19.926387139999999,20.799786370808192,-0.87339923080819304,0.26198346352197349,0.47218220576576098,-0.21019874224378746,selection-conditioned OOF predictions
236,4,Total Nitrogen,2.0049663259999999,2.1096521470293124,-0.10468582102931245,-0.78911431600512016,-0.4602107121441571,-0.32890360386096307,selection-conditioned OOF predictions
236,4,K,2.2408812720000002,2.4178033441212143,-0.17692207212121414,-0.32450980362931392,0.2461383798489673,-0.57064818347828128,selection-conditioned OOF predictions
236,4,cl,5.0780490340000002,5.0704529546189612,0.0075960793810390115,0.17977747890710299,0.17476786306699046,0.0050096158401125258,selection-conditioned OOF predictions
236,4,pH,4.9199999999999999,4.9772216379610663,-0.057221637961066385,-0.12462433789346515,0.37858449468298838,-0.50320883257645355,selection-conditioned OOF predictions
236,4,Starch,3.7404197109999999,3.911710350213407,-0.17129063921340704,-0.56805082747736912,-0.35681601509343219,-0.2112348123839369,selection-conditioned OOF predictions
236,4,Neochlorogenic Acid,1.456474952,1.5016450627860194,-0.045170110786019402,-0.31572148365716196,-0.18247810888387356,-0.13324337477328838,selection-conditioned OOF predictions
236,4,Chlorogenic Acid,10.71164141,10.40812992932851,0.30351148067149047,0.048858491955127654,-0.072607130106495749,0.12146562206162341,selection-conditioned OOF predictions
236,4,Cryptochlorogenic Acid,2.3363476890000001,2.5090979310725996,-0.17275024207259948,-0.20299578350239539,0.11719244627558642,-0.32018822977798184,selection-conditioned OOF predictions
236,4,Scopoletin,0.19320785100000001,0.27658499384589569,-0.083377142845895674,-1.1406749962741376,-0.4663100290654198,-0.67436496720871786,selection-conditioned OOF predictions
236,4,Rutin,9.9602226120000008,10.015897124359247,-0.055674512359246364,0.47432839296089258,0.50058533471672506,-0.026256941755832486,selection-conditioned OOF predictions
237,4,Total Alkaloids,2.8988132630000001,2.9221032541121237,-0.023289991112123598,-0.29292726151349657,-0.24778907938373904,-0.045138182129757558,selection-conditioned OOF predictions
237,4,Reducing Sugars,20.214547020000001,20.024971114172864,0.18957590582713735,1.1498703994979926,1.0946348106333987,0.055235588864593753,selection-conditioned OOF predictions
237,4,Total Sugars,25.178180619999999,24.149699381483217,1.0284812385167825,1.5259190671732608,1.278397137760162,0.24752192941309892,selection-conditioned OOF predictions
237,4,Total Nitrogen,1.943694064,1.9352363960962262,0.0084576679037737801,-0.98162049869886125,-1.008192936364813,0.026572437665951819,selection-conditioned OOF predictions
237,4,K,2.385502046,2.4499324503924136,-0.064430404392413543,0.1419530915134756,0.34976827695914303,-0.20781518544566743,selection-conditioned OOF predictions
237,4,cl,3.4064638679999999,3.3401219836434031,0.066341884356596825,-0.92263326558742198,-0.96638575131911553,0.04375248573169354,selection-conditioned OOF predictions
237,4,pH,5.0499999999999998,5.0769670257541852,-0.026967025754185414,1.0185996341195127,1.2557484825508676,-0.23714884843135495,selection-conditioned OOF predictions
237,4,Starch,4.3076588600000001,4.3096236297994279,-0.0019647697994278346,0.13146582892647146,0.13388877382215073,-0.0024229448956792701,selection-conditioned OOF predictions
237,4,Neochlorogenic Acid,2.0972157729999998,1.9548851429697645,0.14233063003023538,1.574344045504031,1.1544953192373102,0.41984872626672071,selection-conditioned OOF predictions
237,4,Chlorogenic Acid,15.59057644,14.348211582565199,1.2423648574348007,2.0014135554607093,1.5042177989708527,0.49719575648985648,selection-conditioned OOF predictions
237,4,Cryptochlorogenic Acid,3.2948099370000001,3.0840605715819689,0.21074936541803124,1.5734898920845197,1.1828712426954568,0.39061864938906271,selection-conditioned OOF predictions
237,4,Scopoletin,0.14763306300000001,0.1675741344921346,-0.019941071492134588,-1.5092896952926611,-1.3480037653135672,-0.16128592997909391,selection-conditioned OOF predictions
237,4,Rutin,13.242515340000001,11.811426798232622,1.4310885417673784,2.0223072675414677,1.3473842750209106,0.67492299252055721,selection-conditioned OOF predictions
238,4,Total Alkaloids,3.7027823510000002,3.6992499377070769,0.0035324132929233087,1.2652400622150424,1.2583939147087624,0.0068461475062800261,selection-conditioned OOF predictions
238,4,Reducing Sugars,14.577056049999999,14.446652431733263,0.13040361826673674,-0.49269136006821274,-0.53068627621333087,0.03799491614511815,selection-conditioned OOF predictions
238,4,Total Sugars,16.507298609999999,16.488463083252242,0.018835526747757569,-0.56087976245216409,-0.56541286013787451,0.0045330976857103937,selection-conditioned OOF predictions
238,4,Total Nitrogen,2.4544723899999998,2.3568019700228189,0.097670419977180956,0.6231510982916233,0.31628859480021232,0.30686250349141098,selection-conditioned OOF predictions
238,4,K,2.7064292289999998,2.6321481802240534,0.074281048775946434,1.1770783973163603,0.9374907356829717,0.23958766163338868,selection-conditioned OOF predictions
238,4,cl,6.1062809329999999,5.9623532354763462,0.14392769752365364,0.85789661776144277,0.76297627304450855,0.094920344716934266,selection-conditioned OOF predictions
238,4,pH,5,4.9950267030107662,0.0049732969892337664,0.57889810642221473,0.53516278074504531,0.043735325677169347,selection-conditioned OOF predictions
238,4,Starch,3.8596948449999999,3.4141405362591923,0.44555430874080759,-0.42096129200562044,-0.97041677448800834,0.54945548248238785,selection-conditioned OOF predictions
238,4,Neochlorogenic Acid,1.1412862500000001,1.1410298179585054,0.00025643204149461418,-1.2454691777427547,-1.2462256042826543,0.00075642653989951272,selection-conditioned OOF predictions
238,4,Chlorogenic Acid,8.8466060249999998,7.8403484978636158,1.0062575271363841,-0.69753068154424425,-1.1002360296826375,0.40270534813839326,selection-conditioned OOF predictions
238,4,Cryptochlorogenic Acid,1.765950766,2.0346703022425427,-0.26871953624254274,-1.2602121373262267,-0.76214723400701323,-0.49806490331921349,selection-conditioned OOF predictions
238,4,Scopoletin,0.37741447099999997,0.45860635798922339,-0.081191886989223416,0.34921164430704305,1.0059019833883474,-0.65669033908130436,selection-conditioned OOF predictions
238,4,Rutin,9.7777967530000005,8.9913456378659244,0.78645111513407606,0.38829359981150618,0.017391363782213901,0.37090223602929229,selection-conditioned OOF predictions
239,4,Total Alkaloids,2.2766894600000001,2.3131915648382955,-0.036502104838295413,-1.4986614067899016,-1.4279169119389437,-0.070744494850957892,selection-conditioned OOF predictions
239,4,Reducing Sugars,21.72236062,22.178875032180478,-0.4565144121804785,1.5891929586104645,1.7222048108917105,-0.13301185228124604,selection-conditioned OOF predictions
239,4,Total Sugars,25.541971019999998,26.015337649626645,-0.47336662962664633,1.6134715653012988,1.7273954922500658,-0.11392392694876696,selection-conditioned OOF predictions
239,4,Total Nitrogen,1.730737577,1.8433722884167918,-0.11263471141679182,-1.6506906301759623,-1.2968130740697787,-0.35387755610618338,selection-conditioned OOF predictions
239,4,K,2.5321635580000001,2.5998558713414504,-0.067692313341450205,0.61499822604953536,0.83333444142731905,-0.21833621537778367,selection-conditioned OOF predictions
239,4,cl,2.4365820669999998,2.2942885090981271,0.1422935579018727,-1.5622705033780933,-1.6561131326942822,0.093842629316189002,selection-conditioned OOF predictions
239,4,pH,5.1500000000000004,5.1013715401921331,0.04862845980786723,1.8980026895141164,1.4703625281723973,0.42764016134171895,selection-conditioned OOF predictions
239,4,Starch,5.431991515,4.9492291906870731,0.48276232431292687,1.517987582401658,0.92264734973882911,0.59534023266282876,selection-conditioned OOF predictions
239,4,Neochlorogenic Acid,2.2012362630000002,2.0123303723925114,0.18890589060748875,1.8811850271174957,1.3239479971191999,0.55723702999829583,selection-conditioned OOF predictions
239,4,Chlorogenic Acid,16.135655530000001,16.337256370857574,-0.2016008408575729,2.2195547954334245,2.3002356694772499,-0.08068087404382529,selection-conditioned OOF predictions
239,4,Cryptochlorogenic Acid,3.284189488,3.1315424511539374,0.15264703684606262,1.5538051569202802,1.2708777125230979,0.2829274443971822,selection-conditioned OOF predictions
239,4,Scopoletin,0.174824596,0.19897561588919616,-0.024151019889196157,-1.2893611077444922,-1.0940245780946687,-0.1953365296498234,selection-conditioned OOF predictions
239,4,Rutin,14.483721360000001,11.962484536178414,2.521236823821587,2.6076787920163671,1.4186253880353785,1.1890534039809886,selection-conditioned OOF predictions
240,4,Total Alkaloids,3.4638183140000001,3.4569303558613851,0.0068879581386149802,0.8021053975155239,0.78875589010411462,0.013349507411409219,selection-conditioned OOF predictions
240,4,Reducing Sugars,11.823527289999999,12.6174446747766,-0.79391738477660034,-1.2949704358326126,-1.0636515133849458,-0.23131892244766686,selection-conditioned OOF predictions
240,4,Total Sugars,14.174514950000001,14.921104515130025,-0.74658956513002472,-1.1223047946280214,-0.94262500785118686,-0.17967978677683455,selection-conditioned OOF predictions
240,4,Total Nitrogen,2.4193531080000001,2.2322950196712594,0.18705808832874071,0.51281277070115561,-0.074889353404440182,0.58770212410559575,selection-conditioned OOF predictions
240,4,K,2.9283139949999999,2.8837501259116642,0.04456386908833565,1.8927502020906906,1.7490129586867151,0.14373724340397553,selection-conditioned OOF predictions
240,4,cl,5.9293951050000002,5.5234096130061268,0.40598549199387346,0.74124037953779609,0.47349286802216567,0.26774751151563042,selection-conditioned OOF predictions
240,4,pH,4.8799999999999999,4.9646320469067762,-0.084632046906776282,-0.47638556005130506,0.26787124628987574,-0.74425680634118085,selection-conditioned OOF predictions
240,4,Starch,3.0737891500000001,3.1094534517923149,-0.035664301792314834,-1.3901365067000073,-1.3461554571079284,-0.043981049592078783,selection-conditioned OOF predictions
240,4,Neochlorogenic Acid,1.178434687,1.207801289522322,-0.029366602522322038,-1.1358882396555963,-1.0492622571727055,-0.086625982482890759,selection-conditioned OOF predictions
240,4,Chlorogenic Acid,9.2405850540000003,9.2833797995755418,-0.042794745575541526,-0.53985984902468043,-0.52273334566868945,-0.017126503355990929,selection-conditioned OOF predictions
240,4,Cryptochlorogenic Acid,1.899880453,2.2610640998324212,-0.36118364683242121,-1.011976830210261,-0.34253202297562108,-0.66944480723463973,selection-conditioned OOF predictions
240,4,Scopoletin,0.332768444,0.52852732846656614,-0.19575888446656614,-0.011891117267577186,1.5714317119652255,-1.5833228292328028,selection-conditioned OOF predictions
240,4,Rutin,8.2103776530000001,8.1133542800292897,0.097023372970710398,-0.35092494511472172,-0.39668263467665393,0.045757689561932241,selection-conditioned OOF predictions
241,4,Total Alkaloids,2.355039407,2.4297994831180501,-0.074760076118050023,-1.3468118779293305,-1.2019198547591514,-0.14489202317017921,selection-conditioned OOF predictions
241,4,Reducing Sugars,17.92480024,18.07027511841158,-0.14547487841158002,0.4827206834394932,0.5251068217992686,-0.042386138359775428,selection-conditioned OOF predictions
241,4,Total Sugars,20.631143309999999,21.366730850254655,-0.73558754025465589,0.43159531489201608,0.6086272726928651,-0.17703195780084904,selection-conditioned OOF predictions
241,4,Total Nitrogen,1.9606986689999999,2.0091304137802735,-0.048431744780273567,-0.92819515597583779,-0.77603151774018719,-0.1521636382356506,selection-conditioned OOF predictions
241,4,K,2.8155971480000002,2.8426024663714777,-0.027005318371477571,1.5291909060867377,1.6162944296221062,-0.08710352353536846,selection-conditioned OOF predictions
241,4,cl,2.7660071519999998,1.8316706691254332,0.93433648287456661,-1.345014595275579,-1.9612096887980508,0.61619509352247193,selection-conditioned OOF predictions
241,4,pH,5.0499999999999998,5.0760779621937475,-0.026077962193747695,1.0185996341195127,1.2479300304359782,-0.22933039631646562,selection-conditioned OOF predictions
241,4,Starch,4.184143089,4.0905771671659421,0.093565921834057875,-0.020853240191697781,-0.13623829587780178,0.11538505568610401,selection-conditioned OOF predictions
241,4,Neochlorogenic Acid,1.937492091,2.0265482142571005,-0.08905612325710055,1.1031890704428995,1.365887970235607,-0.26269889979270761,selection-conditioned OOF predictions
241,4,Chlorogenic Acid,15.7093843,15.853876741262255,-0.1444924412622548,2.048960589229524,2.1067866201338337,-0.057826030904309558,selection-conditioned OOF predictions
241,4,Cryptochlorogenic Acid,3.1138927280000002,3.1914249111654169,-0.077532183165416768,1.2381643944696528,1.3818683463756893,-0.14370395190603671,selection-conditioned OOF predictions
241,4,Scopoletin,0.279084999,0.30638800250436099,-0.02730300350436099,-0.4460896684698879,-0.22525949326289152,-0.22083017520699641,selection-conditioned OOF predictions
241,4,Rutin,13.0740166,11.593421613702281,1.480594986297719,1.942840714272656,1.244569734037652,0.69827098023500411,selection-conditioned OOF predictions
242,4,Total Alkaloids,2.3164974969999998,2.3403661808464808,-0.023868683846480998,-1.421509706057875,-1.3752499632579205,-0.046259742799954394,selection-conditioned OOF predictions
242,4,Reducing Sugars,17.45740309,17.733651409941295,-0.27624831994129551,0.34653799344394198,0.42702680112357222,-0.080488807679630264,selection-conditioned OOF predictions
242,4,Total Sugars,20.456523350000001,20.521795744397309,-0.06527239439730792,0.38956997909146202,0.40527891805269595,-0.015708938961233924,selection-conditioned OOF predictions
242,4,Total Nitrogen,1.9761609309999999,1.9042771873305182,0.071883743669481692,-0.87961557140899915,-1.1054610786557746,0.22584550724677541,selection-conditioned OOF predictions
242,4,K,2.9091569530000001,2.8994748060930284,0.009682146906971667,1.8309606747182821,1.7997316738458082,0.031229000872473645,selection-conditioned OOF predictions
242,4,cl,2.7162405700000001,2.7253236227077515,-0.0090830527077514489,-1.3778356658554596,-1.3718453908150341,-0.0059902750404254813,selection-conditioned OOF predictions
242,4,pH,4.9800000000000004,4.9767622815030403,0.0032377184969600847,0.40301749534329862,0.37454489995595558,0.028472595387343074,selection-conditioned OOF predictions
242,4,Starch,3.1119308800000001,3.3405520337927852,-0.22862115379278514,-1.3431003042691732,-1.0611657703671113,-0.28193453390206186,selection-conditioned OOF predictions
242,4,Neochlorogenic Acid,2.2763815369999998,2.155391750846698,0.1209897861533018,2.102849524542691,1.745952294501935,0.35689723004075624,selection-conditioned OOF predictions
242,4,Chlorogenic Acid,13.90705919,13.06223421627827,0.84482497372172993,1.327668135451193,0.98956826937932729,0.33809986607186565,selection-conditioned OOF predictions
242,4,Cryptochlorogenic Acid,3.5229749359999998,3.5001139391128473,0.022860996887152485,1.9963879803916995,1.9540156975141965,0.042372282877503012,selection-conditioned OOF predictions
242,4,Scopoletin,0.28557201500000001,0.25872821914223082,0.026843795857769193,-0.39362185555612622,-0.61073790073940337,0.21711604518327715,selection-conditioned OOF predictions
242,4,Rutin,9.9423198110000008,10.710285036763315,-0.76796522576331405,0.46588516134190577,0.82806917246101164,-0.36218401111910586,selection-conditioned OOF predictions
243,4,Total Alkaloids,2.2190540169999999,2.2353408098948226,-0.01628679289482271,-1.6103642885445031,-1.5787989598822065,-0.031565328662296631,selection-conditioned OOF predictions
243,4,Reducing Sugars,23.396767520000001,23.480171225829672,-0.083403705829670827,2.0770548032732146,2.101355638260082,-0.024300834986867612,selection-conditioned OOF predictions
243,4,Total Sugars,27.314418509999999,27.442749785948024,-0.12833127594802463,2.0400419353557893,2.0709270928453991,-0.030885157489609901,selection-conditioned OOF predictions
243,4,Total Nitrogen,1.744015796,1.7210749179398772,0.022940878060122794,-1.6089729071929015,-1.6810489285253087,0.072076021332407189,selection-conditioned OOF predictions
243,4,K,2.570471081,2.5544425632880952,0.016028517711904833,0.73855611880655336,0.68685739966719506,0.051698719139358341,selection-conditioned OOF predictions
243,4,cl,3.093359526,2.6795757414525418,0.41378378454745812,-1.1291256404836756,-1.4020161274663325,0.27289048698265689,selection-conditioned OOF predictions
243,4,pH,5.04,5.0561858111683025,-0.016185811168302422,0.93065932858005462,1.0729978465345062,-0.14233851795445174,selection-conditioned OOF predictions
243,4,Starch,5.5020163699999998,4.8878197562351557,0.61419661376484402,1.6043419049499479,0.84691752337690418,0.75742438157304381,selection-conditioned OOF predictions
243,4,Neochlorogenic Acid,2.0760129919999999,2.0953782696077474,-0.019365277607747533,1.5117998089312628,1.5689237543229684,-0.057123945391705816,selection-conditioned OOF predictions
243,4,Chlorogenic Acid,16.18257586,15.878982048283774,0.30359381171622601,2.2383323621276978,2.1168337910931339,0.12149857103456393,selection-conditioned OOF predictions
243,4,Cryptochlorogenic Acid,3.355934736,3.3138712343163346,0.042063501683665461,1.6867831700130096,1.6088195273531289,0.077963642659880511,selection-conditioned OOF predictions
243,4,Scopoletin,0.17740228199999999,0.14636684809778061,0.031035433902219384,-1.2685124545581239,-1.5195310029444788,0.25101854838635512,selection-conditioned OOF predictions
243,4,Rutin,12.43093767,11.780559733691979,0.65037793630802199,1.6395549683561266,1.3328269007131213,0.30672806764300548,selection-conditioned OOF predictions
244,4,Total Alkaloids,2.7642287859999999,2.6737132452584338,0.090515540741566092,-0.55376457164462367,-0.72919215956841155,0.17542758792378788,selection-conditioned OOF predictions
244,4,Reducing Sugars,19.504458499999998,19.293867907728405,0.21059059227159338,0.94297618803658301,0.88161767666503965,0.061358511371543294,selection-conditioned OOF predictions
244,4,Total Sugars,22.05924379,22.393662465425649,-0.33441867542564907,0.77529257738671242,0.85577625824850856,-0.080483680861796136,selection-conditioned OOF predictions
244,4,Total Nitrogen,2.09935618,1.9806223169400679,0.11873386305993217,-0.49255874770311098,-0.8655987169823417,0.37303996927923072,selection-conditioned OOF predictions
244,4,K,2.7445828570000002,2.5847302799560943,0.15985257704390587,1.3001399138940628,0.78454803990826727,0.51559187398579565,selection-conditioned OOF predictions
244,4,cl,3.9681189950000002,3.6654060372825974,0.30271295771740281,-0.5522215992845414,-0.75186085421041438,0.19963925492587295,selection-conditioned OOF predictions
244,4,pH,4.96,4.9403104799479927,0.019689520052007303,0.22713688426437476,0.053986643334490297,0.17315024092988446,selection-conditioned OOF predictions
244,4,Starch,4.2926112710000002,4.3734634465472721,-0.080852175547271976,0.11290921279238453,0.21261573622524446,-0.099706523432859948,selection-conditioned OOF predictions
244,4,Neochlorogenic Acid,1.8000002260000001,1.7600837589104841,0.039916467089516017,0.6976137956055497,0.57986768669673172,0.11774610890881798,selection-conditioned OOF predictions
244,4,Chlorogenic Acid,12.620723720000001,12.942061420098455,-0.32133770009845364,0.81287529236729339,0.94147498667854845,-0.12859969431125501,selection-conditioned OOF predictions
244,4,Cryptochlorogenic Acid,2.8718368029999999,2.8582515820560102,0.013585220943989729,0.78951982411674593,0.76433995870520699,0.025179865411538986,selection-conditioned OOF predictions
244,4,Scopoletin,0.29395760999999998,0.29496837003546944,-0.0010107600354694601,-0.32579809350118871,-0.31762293739833358,-0.0081751561028550954,selection-conditioned OOF predictions
244,4,Rutin,10.45687865,9.8784738283289126,0.57840482167108753,0.70855888928391475,0.43577443064485932,0.27278445863905543,selection-conditioned OOF predictions
245,4,Total Alkaloids,3.4343479729999999,3.5075580393263199,-0.073210066326319989,0.74498911897853415,0.8868770781306039,-0.14188795915206984,selection-conditioned OOF predictions
245,4,Reducing Sugars,16.968178080000001,16.756362921743339,0.21181515825666253,0.20399545146459908,0.14228014568401035,0.061715305780588724,selection-conditioned OOF predictions
245,4,Total Sugars,21.448742530000001,20.985740567110099,0.46300196288990136,0.62836481232387698,0.51693532301026102,0.11142948931361604,selection-conditioned OOF predictions
245,4,Total Nitrogen,1.987586681,1.9761702696193564,0.011416411380643643,-0.84371796545945799,-0.87958623118382595,0.035868265724367965,selection-conditioned OOF predictions
245,4,K,2.2313321880000001,2.404009580281528,-0.1726773922815279,-0.35530962059476412,0.20164768298977323,-0.55695730358453732,selection-conditioned OOF predictions
245,4,cl,4.5859468059999999,4.6861000728463047,-0.10015326684630477,-0.14476403687761813,-0.078712937769220281,-0.066051099108397834,selection-conditioned OOF predictions
245,4,pH,5.0300000000000002,5.0578963687680529,-0.027896368768052682,0.84271902304059654,1.0880405423309965,-0.24532151929039994,selection-conditioned OOF predictions
245,4,Starch,3.7602553419999998,4.5193584122224832,-0.75910307022248347,-0.54358962041991998,0.39253272318778704,-0.93612234360770696,selection-conditioned OOF predictions
245,4,Neochlorogenic Acid,1.430525636,1.4323492290678259,-0.0018235930678258683,-0.39226711032781059,-0.38688785200096365,-0.0053792583268469233,selection-conditioned OOF predictions
245,4,Chlorogenic Acid,10.49213164,10.02918204866171,0.46294959133829039,-0.038989554855703927,-0.22426248084410733,0.18527292598840342,selection-conditioned OOF predictions
245,4,Cryptochlorogenic Acid,2.1601200980000002,2.2860451636789176,-0.12592506567891748,-0.52962919207738757,-0.29623024929926955,-0.23339894277811801,selection-conditioned OOF predictions
245,4,Scopoletin,0.16396419200000001,0.17573786454172485,-0.011773672541724844,-1.3772014406864592,-1.2819744752793889,-0.095226965407070194,selection-conditioned OOF predictions
245,4,Rutin,9.5396116600000003,9.8293584528874245,-0.28974679288742422,0.27596190889962535,0.41261087702517824,-0.13664896812555288,selection-conditioned OOF predictions
246,4,Total Alkaloids,3.0461924279999999,3.0937395804678904,-0.047547152467890541,-0.0072926487789875287,0.084858181915395833,-0.092150830694383359,selection-conditioned OOF predictions
246,4,Reducing Sugars,15.82812584,14.960464047427301,0.86766179257269904,-0.12817469715238308,-0.38098008314780935,0.25280538599542624,selection-conditioned OOF predictions
246,4,Total Sugars,17.578805639999999,17.633474168009002,-0.054668528009003126,-0.30300292667459899,-0.28984599291227087,-0.013156933762328118,selection-conditioned OOF predictions
246,4,Total Nitrogen,2.1524470990000002,2.1839457952991208,-0.03149869629912061,-0.32575684062821531,-0.22679372768857567,-0.098963112939639622,selection-conditioned OOF predictions
246,4,K,2.4097880850000002,2.607842015923115,-0.19805393092311485,0.220285794002613,0.85909312062365784,-0.63880732662104478,selection-conditioned OOF predictions
246,4,cl,4.4081793950000003,4.3982719082275175,0.0099074867724828763,-0.2620016792624954,-0.26853566873014451,0.0065339894676491195,selection-conditioned OOF predictions
246,4,pH,4.9500000000000002,4.9475696340826341,0.0024303659173661174,0.13919657872491673,0.11782386659033012,0.021372712134586611,selection-conditioned OOF predictions
246,4,Starch,4.0328482409999999,4.0925602167216324,-0.059711975721632449,-0.20742933669466904,-0.13379280847248945,-0.073636528222179573,selection-conditioned OOF predictions
246,4,Neochlorogenic Acid,1.382849795,1.4524987755328751,-0.069648980532875049,-0.53290192037040329,-0.32745046022938301,-0.20545146014102031,selection-conditioned OOF predictions
246,4,Chlorogenic Acid,9.575703635,10.029976403958301,-0.45427276895830104,-0.40574503130669271,-0.22394457899728121,-0.18180045230941147,selection-conditioned OOF predictions
246,4,Cryptochlorogenic Acid,2.0982389110000002,2.3490334623173124,-0.25079455131731221,-0.6443244161440691,-0.17948302164977845,-0.46484139449429063,selection-conditioned OOF predictions
246,4,Scopoletin,0.30497333100000001,0.36156583530101621,-0.0565925043010162,-0.236701536850458,0.22102585706794223,-0.45772739391840023,selection-conditioned OOF predictions
246,4,Rutin,8.8463253979999994,8.6254273710783647,0.22089802692163474,-0.051002373858562343,-0.1551812230496214,0.10417884919105905,selection-conditioned OOF predictions
247,4,Total Alkaloids,3.0182012340000002,3.1986771899992346,-0.18047595599923438,-0.061542202019206009,0.28823708869486253,-0.34977929071406855,selection-conditioned OOF predictions
247,4,Reducing Sugars,15.607545999999999,15.620734414349407,-0.013188414349407651,-0.19244371541659033,-0.18860108663103128,-0.0038426287855590508,selection-conditioned OOF predictions
247,4,Total Sugars,19.37256524,19.771400581900451,-0.39883534190045111,0.12869657397509021,0.22468324796410896,-0.09598667398901875,selection-conditioned OOF predictions
247,4,Total Nitrogen,1.9742256760000001,2.0187252033409107,-0.044499527340910561,-0.88569578683484607,-0.74588645288085453,-0.13980933395399162,selection-conditioned OOF predictions
247,4,K,2.3719535629999999,2.5640700247952175,-0.19211646179521757,0.098253528648648683,0.71791001709744096,-0.61965648844879229,selection-conditioned OOF predictions
247,4,cl,3.646447658,3.1748861080003543,0.47156154999964572,-0.76436390906184615,-1.0753588436807513,0.31099493461890504,selection-conditioned OOF predictions
247,4,pH,5,5.0384224306682022,-0.038422430668202168,0.57889810642221473,0.91678613567525602,-0.33788802925304129,selection-conditioned OOF predictions
247,4,Starch,3.9485200699999998,4.3112534484050355,-0.36273337840503572,-0.31142244140643738,0.13589865847758981,-0.44732109988402718,selection-conditioned OOF predictions
247,4,Neochlorogenic Acid,1.58982172,1.6850965561788747,-0.095274836178874667,0.077626530643701369,0.35866946993564131,-0.28104293929193996,selection-conditioned OOF predictions
247,4,Chlorogenic Acid,11.78580998,12.292816239261271,-0.50700625926127074,0.47874191272534622,0.68164636475483309,-0.20290445202948684,selection-conditioned OOF predictions
247,4,Cryptochlorogenic Acid,2.36139331,2.6216048888516394,-0.26021157885163948,-0.15657435476535184,0.3257212634672742,-0.48229561823262607,selection-conditioned OOF predictions
247,4,Scopoletin,0.16900351699999999,0.21473962148868403,-0.045736104488684037,-1.3364427372530716,-0.96652328989599312,-0.36991944735707832,selection-conditioned OOF predictions
247,4,Rutin,10.91696576,10.267572130636188,0.64939362936381251,0.92554292628685364,0.61927907268019577,0.30626385360665792,selection-conditioned OOF predictions
248,4,Total Alkaloids,3.1924166999999999,3.1379348235235089,0.054481876476490942,0.27610367325272955,0.17051269851480191,0.10559097473792764,selection-conditioned OOF predictions
248,4,Reducing Sugars,17.227093310000001,16.967361950907524,0.25973135909247702,0.2794340212167184,0.20375766085077693,0.075676360365941456,selection-conditioned OOF predictions
248,4,Total Sugars,21.065466520000001,20.816861869288573,0.24860465071142812,0.53612276264899028,0.47629172198372288,0.059831040665267426,selection-conditioned OOF predictions
248,4,Total Nitrogen,1.9418487310000001,2.0019570240731679,-0.060108293073167784,-0.9874181957322884,-0.79856898941847243,-0.18884920631381602,selection-conditioned OOF predictions
248,4,K,2.2551453650000002,2.5273142714727648,-0.27216890647276459,-0.2785020971751499,0.59935723499197724,-0.87785933216712708,selection-conditioned OOF predictions
248,4,cl,3.1891775820000001,3.7200327989268693,-0.53085521692686921,-1.0659336137778235,-0.71583449420287004,-0.35009911957495343,selection-conditioned OOF predictions
248,4,pH,5,5.0122016641221361,-0.01220166412213608,0.57889810642221473,0.68619991352126597,-0.10730180709905127,selection-conditioned OOF predictions
248,4,Starch,3.6333601149999999,4.307147860397488,-0.67378774539748809,-0.70007621881696791,0.13083566661485541,-0.83091188543182337,selection-conditioned OOF predictions
248,4,Neochlorogenic Acid,1.6257920299999999,1.6628561721270994,-0.037064142127099409,0.18373221452714178,0.29306449851215388,-0.10933228398501213,selection-conditioned OOF predictions
248,4,Chlorogenic Acid,11.12850083,11.896777009485902,-0.76827617948590188,0.21568608164143663,0.52315103766195592,-0.30746495602051926,selection-conditioned OOF predictions
248,4,Cryptochlorogenic Acid,2.4454024950000002,2.6417540292096615,-0.19635153420966134,-0.00086544282682811597,0.36306718845921654,-0.36393263128604464,selection-conditioned OOF predictions
248,4,Scopoletin,0.18246220299999999,0.22676440774645606,-0.044302204746456075,-1.2275871680494403,-0.86926528472061604,-0.35832188332882442,selection-conditioned OOF predictions
248,4,Rutin,9.1190520280000005,10.116485152699346,-0.99743312469934509,0.077619628126251075,0.54802416964387735,-0.47040454151762634,selection-conditioned OOF predictions
249,4,Total Alkaloids,3.2048465020000001,3.2289528078631489,-0.024106305863148769,0.30019379264400642,0.34691406914767731,-0.046720276503670874,selection-conditioned OOF predictions
249,4,Reducing Sugars,16.577898749999999,16.930989825377303,-0.35309107537730355,0.09028211579479084,0.19316013389632,-0.10287801810152916,selection-conditioned OOF predictions
249,4,Total Sugars,19.717880000000001,20.380812435095095,-0.66293243509509381,0.21180258743362029,0.3713488282983573,-0.15954624086473698,selection-conditioned OOF predictions
249,4,Total Nitrogen,1.9681411900000001,2.0665853253499447,-0.098444135349944561,-0.90481212325333038,-0.59551874830327822,-0.30929337495005221,selection-conditioned OOF predictions
249,4,K,2.271541392,2.5084514436061944,-0.23691005160619438,-0.2256180058255953,0.53851667209179177,-0.7641346779173871,selection-conditioned OOF predictions
249,4,cl,3.9369932599999999,4.2325668338547793,-0.29557357385477934,-0.57274902761557844,-0.37781819774594155,-0.19493082986963686,selection-conditioned OOF predictions
249,4,pH,4.9950000000000001,5.0264997040831751,-0.03149970408317504,0.53492795365248569,0.81193731380018419,-0.27700936014769856,selection-conditioned OOF predictions
249,4,Starch,4.479271733,4.6561001587226611,-0.17682842572266111,0.34309801850374066,0.56116200322118259,-0.21806398471744187,selection-conditioned OOF predictions
249,4,Neochlorogenic Acid,1.306686115,1.3991834362900728,-0.09249732129007282,-0.75757052493565535,-0.48472073484851119,-0.27284979008714416,selection-conditioned OOF predictions
249,4,Chlorogenic Acid,9.4488769020000003,10.382377068583125,-0.93350016658312462,-0.45650122670268256,-0.082913452764814807,-0.3735877739378678,selection-conditioned OOF predictions
249,4,Cryptochlorogenic Acid,1.9070330360000001,2.2131823502507939,-0.30614931425079384,-0.99871969747554867,-0.43127964181120471,-0.56744005566434397,selection-conditioned OOF predictions
249,4,Scopoletin,0.21957889,0.26152330964876186,-0.04194441964876186,-0.92738266886296594,-0.58813085217135586,-0.33925181669161014,selection-conditioned OOF predictions
249,4,Rutin,9.6462520539999996,9.5402307079125759,0.10602134608742375,0.32625513097599229,0.27625386125440637,0.050001269721585875,selection-conditioned OOF predictions
250,4,Total Alkaloids,2.8524056999999998,2.9257124324405557,-0.073306732440555855,-0.38286946118234005,-0.24079415405537627,-0.14207530712696378,selection-conditioned OOF predictions
250,4,Reducing Sugars,21.71138011,21.923394265943294,-0.21201415594329376,1.5859936336053313,1.6477669201422602,-0.061773286536929088,selection-conditioned OOF predictions
250,4,Total Sugars,23.952031259999998,25.32663251462759,-1.3746012546275921,1.2308248603275185,1.561646602112297,-0.33082174178477836,selection-conditioned OOF predictions
250,4,Total Nitrogen,1.7080044089999999,1.7930896066997346,-0.08508519769973466,-1.7221140646856188,-1.4547920158779832,-0.26732204880763544,selection-conditioned OOF predictions
250,4,K,2.2680876579999998,2.4047038527920428,-0.13661619479204301,-0.23675775232351692,0.20388700419042444,-0.44064475651394136,selection-conditioned OOF predictions
250,4,cl,5.6511051170000002,5.6942821143911466,-0.043176997391146443,0.55770807792579891,0.58618331616502828,-0.028475238239229449,selection-conditioned OOF predictions
250,4,pH,4.9900000000000002,4.974921830458074,0.015078169541926201,0.49095780088275665,0.35835991723347982,0.13259788364927683,selection-conditioned OOF predictions
250,4,Starch,4.7550631660000002,5.1073074125719087,-0.35224424657190845,0.68320271934656618,1.117588671081134,-0.43438595173456779,selection-conditioned OOF predictions
250,4,Neochlorogenic Acid,1.262323563,1.335557149281223,-0.073233586281223007,-0.88843175239726713,-0.67240637603531417,-0.21602537636195288,selection-conditioned OOF predictions
250,4,Chlorogenic Acid,9.8365195790000008,9.9397167673986644,-0.10319718839866354,-0.30136620909060963,-0.26006658294097629,-0.041299626149633312,selection-conditioned OOF predictions
250,4,Cryptochlorogenic Acid,1.930990008,2.2904384566172209,-0.35944844861722092,-0.95431605228530358,-0.28808739130998662,-0.66622866097531697,selection-conditioned OOF predictions
250,4,Scopoletin,0.23316105600000001,0.22479010369632285,0.0083709523036771538,-0.81752837766780728,-0.88523370772701393,0.067705330059206634,selection-conditioned OOF predictions
250,4,Rutin,8.7016851840000005,8.8929855896898626,-0.19130040568986217,-0.11921688555546421,-0.028996722015376585,-0.090220163540087633,selection-conditioned OOF predictions
251,4,Total Alkaloids,3.4342076000000001,3.5268541486712768,-0.092646548671276641,0.74471706296916995,0.92427474366921314,-0.17955768070004322,selection-conditioned OOF predictions
251,4,Reducing Sugars,17.15764987,16.715034261229583,0.44261560877041717,0.25920070472827866,0.1302384630107716,0.12896224171750706,selection-conditioned OOF predictions
251,4,Total Sugars,19.904280079999999,20.1868658163921,-0.28258573639210027,0.25666301435875644,0.32467219535000758,-0.068009180991251167,selection-conditioned OOF predictions
251,4,Total Nitrogen,2.0822772820000002,2.0639622363427859,0.018315045657214313,-0.54621750537384528,-0.60376001172577198,0.057542506351926648,selection-conditioned OOF predictions
251,4,K,2.2284640630000001,2.4859216414772227,-0.25745757847722262,-0.36456053147103573,0.46584857305316862,-0.83040910452420436,selection-conditioned OOF predictions
251,4,cl,4.4711779649999999,4.7565734493132119,-0.28539548431321204,-0.22045411000404105,-0.032235732181284296,-0.18821837782275674,selection-conditioned OOF predictions
251,4,pH,4.9500000000000002,4.9571967584920511,-0.0071967584920509253,0.13919657872491673,0.20248509279338284,-0.063288514068466112,selection-conditioned OOF predictions
251,4,Starch,4.2485204120000004,4.3017864993634261,-0.05326608736342564,0.058536572398953206,0.12422406134936477,-0.065687488950411557,selection-conditioned OOF predictions
251,4,Neochlorogenic Acid,1.2805404499999999,1.3393036154247357,-0.058763165424735808,-0.83469534441628646,-0.6613550019352975,-0.17334034248098892,selection-conditioned OOF predictions
251,4,Chlorogenic Acid,9.2911593069999991,9.0882411935365468,0.20291811346345234,-0.5196199784031279,-0.60082802636519805,0.081208047962070123,selection-conditioned OOF predictions
251,4,Cryptochlorogenic Acid,1.916436896,2.2087314159923293,-0.29229451999232925,-0.98128987943098378,-0.43952933653798282,-0.54176054289300091,selection-conditioned OOF predictions
251,4,Scopoletin,0.29743271599999999,0.25987516986780762,0.037557546132192365,-0.2976909928768815,-0.60146121696201382,0.30377022408513232,selection-conditioned OOF predictions
251,4,Rutin,10.68221054,9.3282866107136666,1.3539239292863332,0.81482881533705298,0.17629782069251668,0.63853099464453633,selection-conditioned OOF predictions
252,4,Total Alkaloids,1.931789298,1.9959240230291191,-0.0641347250291191,-2.1671101946829499,-2.0428110961874015,-0.12429909849554843,selection-conditioned OOF predictions
252,4,Reducing Sugars,21.397131810000001,21.417118804675646,-0.019986994675644354,1.4944330008104396,1.5002564909619223,-0.0058234901514825407,selection-conditioned OOF predictions
252,4,Total Sugars,26.126339489999999,25.270276577135036,0.85606291286496372,1.7541100191355936,1.5480835638577946,0.20602645527779917,selection-conditioned OOF predictions
252,4,Total Nitrogen,1.637347721,1.6909597413386561,-0.053612020338656086,-1.9441043886051548,-1.7756652769253229,-0.16843911167983172,selection-conditioned OOF predictions
252,4,K,2.4435326700000002,2.6722020947914906,-0.22866942479149044,0.32912629028215828,1.066681476640621,-0.73755518635846273,selection-conditioned OOF predictions
252,4,cl,1.4953725819999999,2.4679961263693748,-0.97262354436937493,-2.1829983431489315,-1.5415529250689615,-0.64144541807997002,selection-conditioned OOF predictions
252,4,pH,5.0499999999999998,5.0015101818478076,0.048489818152192221,1.0185996341195127,0.59217869173384929,0.4264209423856633,selection-conditioned OOF predictions
252,4,Starch,3.9401683410000001,4.4753616228465445,-0.53519328184654436,-0.32172175441325312,0.33827608901326411,-0.65999784342651724,selection-conditioned OOF predictions
252,4,Neochlorogenic Acid,2.2233074949999998,2.2475117235417659,-0.024204228541766071,1.9462910316392814,2.0176889768417325,-0.07139794520245113,selection-conditioned OOF predictions
252,4,Chlorogenic Acid,15.468954589999999,16.156769453101219,-0.6878148631012202,1.952740359857525,2.2280046102410123,-0.27526425038348712,selection-conditioned OOF predictions
252,4,Cryptochlorogenic Acid,3.6943093409999999,3.5812413291413958,0.11306801185860405,2.313951991757651,2.1043832749375162,0.2095687168201345,selection-conditioned OOF predictions
252,4,Scopoletin,0.14404325100000001,0.17594550046363516,-0.031902249463635152,-1.5383245526772547,-1.2802950894562359,-0.25802946322101866,selection-conditioned OOF predictions
252,4,Rutin,10.099979360000001,10.871271285603063,-0.77129192560306237,0.54023978826045316,0.90399272131941866,-0.36375293305896556,selection-conditioned OOF predictions
253,4,Total Alkaloids,3.2450702059999998,3.3670554101725654,-0.12198520417256553,0.37815109491795718,0.61456983533605369,-0.23641874041809655,selection-conditioned OOF predictions
253,4,Reducing Sugars,17.866191740000001,17.577101650898179,0.28909008910182266,0.46564427810282388,0.38141384155664509,0.084230436546178761,selection-conditioned OOF predictions
253,4,Total Sugars,20.491690240000001,21.103676732797254,-0.61198649279725359,0.39803350388731662,0.54531871610021776,-0.14728521221290122,selection-conditioned OOF predictions
253,4,Total Nitrogen,1.965348264,2.0203834076149048,-0.055035143614904802,-0.91358698328389576,-0.74067667990212793,-0.17291030338176777,selection-conditioned OOF predictions
253,4,K,2.2607995019999998,2.4112926482294377,-0.15049314622943788,-0.26026512442492949,0.22513864398064448,-0.48540376840557392,selection-conditioned OOF predictions
253,4,cl,5.4183927379999997,5.5971951802710898,-0.1788024422710901,0.40423421837942708,0.52215446409038457,-0.11792024571095754,selection-conditioned OOF predictions
253,4,pH,4.9450000000000003,4.9716452517950547,-0.026645251795054392,0.095226425955187724,0.3295455843584803,-0.23431915840329257,selection-conditioned OOF predictions
253,4,Starch,4.3307131190000003,4.4922359319257295,-0.16152281292572912,0.15989623292799132,0.35908540777591608,-0.19918917484792475,selection-conditioned OOF predictions
253,4,Neochlorogenic Acid,1.2371055580000001,1.2976326858850853,-0.060527127885085186,-0.96282014845782415,-0.78427644678420971,-0.17854370167361439,selection-conditioned OOF predictions
253,4,Chlorogenic Acid,10.88153226,10.136340188285928,0.74519207171407231,0.11684899344183569,-0.18137767774003627,0.29822667118187196,selection-conditioned OOF predictions
253,4,Cryptochlorogenic Acid,1.9431093230000001,2.2175765786942887,-0.27446725569428865,-0.93185320667990656,-0.42313504988657308,-0.50871815679333354,selection-conditioned OOF predictions
253,4,Scopoletin,0.24218785500000001,0.30506514366318144,-0.06287728866318143,-0.7445184758667126,-0.23595894431871198,-0.5085595315480006,selection-conditioned OOF predictions
253,4,Rutin,11.11355543,8.6959476814238368,2.4176077485761631,1.0182575868424939,-0.12192277851406233,1.1401803653565563,selection-conditioned OOF predictions
254,4,Total Alkaloids,3.556706535,3.6783141514085753,-0.12160761640857531,0.982131461803054,1.2178184018018672,-0.23568693999881316,selection-conditioned OOF predictions
254,4,Reducing Sugars,12.60306231,12.610558560072057,-0.0074962500720570091,-1.0678420163090105,-1.0656578791149947,-0.0021841371940159843,selection-conditioned OOF predictions
254,4,Total Sugars,15.13390525,15.546061462331011,-0.41215621233101096,-0.89141080334950518,-0.79221822980009282,-0.099192573549412397,selection-conditioned OOF predictions
254,4,Total Nitrogen,2.2708468819999998,2.264726776973053,0.0061201050269468205,0.046233510521172194,0.027005265668349397,0.019228244852822797,selection-conditioned OOF predictions
254,4,K,2.6501291980000001,2.5338034770495916,0.1163257209504085,0.99548708971563704,0.62028765554513643,0.37519943417050067,selection-conditioned OOF predictions
254,4,cl,7.6232186479999999,7.0027162950566471,0.62050235294335288,1.8583173380210369,1.4490959146784432,0.40922142334259387,selection-conditioned OOF predictions
254,4,pH,5.0499999999999998,5.1178841648523434,-0.067884164852343609,1.0185996341195127,1.6155750539601288,-0.59697541984061619,selection-conditioned OOF predictions
254,4,Starch,3.099555488,3.2730495737546574,-0.17349408575465741,-1.358361579603903,-1.144409487286419,-0.21395209231748408,selection-conditioned OOF predictions
254,4,Neochlorogenic Acid,1.104405777,1.2153013650036075,-0.11089558800360755,-1.354259672170236,-1.0271384378862098,-0.32712123428402601,selection-conditioned OOF predictions
254,4,Chlorogenic Acid,9.1538445730000007,9.2038861507824237,-0.050041577782423019,-0.57457348311614709,-0.55454678969143911,-0.020026693424707993,selection-conditioned OOF predictions
254,4,Cryptochlorogenic Acid,1.6814415229999999,2.188731681941722,-0.50729015894172202,-1.4168478941935059,-0.47659834069603885,-0.94024955349746708,selection-conditioned OOF predictions
254,4,Scopoletin,0.304264492,0.43608528579576217,-0.13182079379576217,-0.24243471710436501,0.82374867862328416,-1.0661833957276492,selection-conditioned OOF predictions
254,4,Rutin,9.3562282060000008,8.4334284197042049,0.92279978629579595,0.1894754994706313,-0.24573083129553847,0.43520633076616977,selection-conditioned OOF predictions
255,4,Total Alkaloids,2.5018234160000001,2.5009927053155789,0.00083071068442119866,-1.0623307332143788,-1.063940728254309,0.0016099950399302938,selection-conditioned OOF predictions
255,4,Reducing Sugars,20.86868278,20.698982975268272,0.16969980473172797,1.3404619925769923,1.2910175834699051,0.049444409107086952,selection-conditioned OOF predictions
255,4,Total Sugars,23.478460859999998,24.251251798114453,-0.77279093811445421,1.1168518924880861,1.3028374961835949,-0.18598560369550887,selection-conditioned OOF predictions
255,4,Total Nitrogen,1.7167692059999999,1.7267573636025486,-0.0099881576025486751,-1.6945766838630281,-1.6631957289341874,-0.031380954928840681,selection-conditioned OOF predictions
255,4,K,2.1269019870000001,2.4082351436276817,-0.28133315662768155,-0.69214099378879423,0.21527690414202683,-0.90741789793082106,selection-conditioned OOF predictions
255,4,cl,4.9578372819999998,5.4033939068366728,-0.44555662483667291,0.10049780490973782,0.39434248628845753,-0.29384468137871972,selection-conditioned OOF predictions
255,4,pH,4.9699999999999998,5.0065927355574704,-0.036592735557470668,0.31507718980383281,0.63687482434869569,-0.32179763454486293,selection-conditioned OOF predictions
255,4,Starch,5.0855304800000001,4.980174306652823,0.10535617334717706,1.0907334600360419,0.96080872151747276,0.12992473851856917,selection-conditioned OOF predictions
255,4,Neochlorogenic Acid,1.462560257,1.6246483591672418,-0.16208810216724179,-0.29777097256442114,0.18035859956949071,-0.47812957213391188,selection-conditioned OOF predictions
255,4,Chlorogenic Acid,10.472760450000001,10.878369507502327,-0.40560905750232656,-0.046741925995728587,0.11558325647957371,-0.16232518247530228,selection-conditioned OOF predictions
255,4,Cryptochlorogenic Acid,2.3957638280000002,2.6591155887680071,-0.26335176076800693,-0.092869463918672776,0.39524640253427112,-0.48811586645294391,selection-conditioned OOF predictions
255,4,Scopoletin,0.17039041399999999,0.17398323389800624,-0.0035928198980062498,-1.3252253373997867,-1.2961661517524208,-0.029059185647365732,selection-conditioned OOF predictions
255,4,Rutin,9.0750337460000008,8.5320424433347792,0.54299130266522155,0.05685994083509064,-0.19922296683381677,0.2560829076689074,selection-conditioned OOF predictions
256,4,Total Alkaloids,2.9209809070000001,3.0225780350999476,-0.10159712809994748,-0.24996429311035437,-0.053059551929558281,-0.19690474118079609,selection-conditioned OOF predictions
256,4,Reducing Sugars,17.671500340000001,17.947438233928999,-0.27593789392899737,0.40891821853870403,0.4893165792624653,-0.080398360723761247,selection-conditioned OOF predictions
256,4,Total Sugars,19.199221659999999,21.078500539665242,-1.8792788796652431,0.086978421260072117,0.53925962657487136,-0.45228120531479926,selection-conditioned OOF predictions
256,4,Total Nitrogen,1.916045083,2.0085645974802202,-0.092519514480220222,-1.068488513913997,-0.7778092085332764,-0.29067930538072068,selection-conditioned OOF predictions
256,4,K,2.1998987190000001,2.485720311187837,-0.28582159218783687,-0.4566957945763882,0.46519919809084953,-0.92189499266723773,selection-conditioned OOF predictions
256,4,cl,3.8265444030000002,4.5282356819116139,-0.70169127891161365,-0.64559007044757677,-0.18282453452138198,-0.46276553592619479,selection-conditioned OOF predictions
256,4,pH,4.9199999999999999,4.8852343577167954,0.034765642283204556,-0.12462433789346515,-0.43035445835952268,0.30573012046605752,selection-conditioned OOF predictions
256,4,Starch,4.3541041409999997,4.6135653673667845,-0.25946122636678481,0.18874193148062807,0.50870829814361251,-0.31996636666298445,selection-conditioned OOF predictions
256,4,Neochlorogenic Acid,1.3791695960000001,1.4541140949107016,-0.07494449891070154,-0.54375781879669294,-0.32268557031671724,-0.22107224847997564,selection-conditioned OOF predictions
256,4,Chlorogenic Acid,9.1947659349999995,10.218652435652999,-1.0238865006529991,-0.55819670988851866,-0.14843622752664859,-0.40976048236187002,selection-conditioned OOF predictions
256,4,Cryptochlorogenic Acid,2.0505868020000002,2.3788477643472672,-0.32826096234726698,-0.73264640193605013,-0.12422296253492361,-0.60842343940112642,selection-conditioned OOF predictions
256,4,Scopoletin,0.26629554900000002,0.28941162588246677,-0.023116076882466752,-0.54953237153550494,-0.36256659294494892,-0.18696577859055602,selection-conditioned OOF predictions
256,4,Rutin,9.1135700140000004,8.5476207660191843,0.56594924798081614,0.075034227442831281,-0.19187599433159502,0.2669102217744263,selection-conditioned OOF predictions
257,4,Total Alkaloids,2.3407590549999999,2.3928341046511226,-0.05207504965112264,-1.3744885363853105,-1.2735622172530996,-0.1009263191322109,selection-conditioned OOF predictions
257,4,Reducing Sugars,21.06081344,20.668651591206775,0.39216184879322569,1.3964419447641647,1.2821801109419215,0.11426183382224321,selection-conditioned OOF predictions
257,4,Total Sugars,23.09160769,24.08584489548727,-0.9942372054872699,1.0237489369338699,1.2630294431601203,-0.23928050622625044,selection-conditioned OOF predictions
257,4,Total Nitrogen,1.71214529,1.7301366767409729,-0.017991386740972892,-1.7091041778578882,-1.6525785483181874,-0.056525629539700764,selection-conditioned OOF predictions
257,4,K,2.1997118539999998,2.412470426680887,-0.21275857268088716,-0.45729851288918749,0.22893747544243589,-0.68623598833162336,selection-conditioned OOF predictions
257,4,cl,6.0970056909999997,6.5150821012589724,-0.41807641025897269,0.85177959384512325,1.1275010683255879,-0.27572147448046475,selection-conditioned OOF predictions
257,4,pH,5.0499999999999998,5.0420188453410235,0.0079811546589763083,1.0185996341195127,0.94841311619270663,0.070186517926806039,selection-conditioned OOF predictions
257,4,Starch,3.9579102559999999,4.0084302538773739,-0.050519997877374045,-0.29984250810086399,-0.23754148381681939,-0.062301024284044625,selection-conditioned OOF predictions
257,4,Neochlorogenic Acid,1.8085320460000001,1.8762472803664916,-0.067715234366491517,0.72278106816645926,0.92252833895128261,-0.19974727078482332,selection-conditioned OOF predictions
257,4,Chlorogenic Acid,12.58817069,12.668415345022609,-0.080244655022609024,0.79984753463571512,0.83196153216186253,-0.032113997526147395,selection-conditioned OOF predictions
257,4,Cryptochlorogenic Acid,2.912936696,3.2374859456458691,-0.32454924964586906,0.86569744231194401,1.4672413155541668,-0.60154387324222292,selection-conditioned OOF predictions
257,4,Scopoletin,0.173088618,0.23968363606831894,-0.06659501806831894,-1.3034019192557333,-0.764772918032809,-0.53862900122292434,selection-conditioned OOF predictions
257,4,Rutin,9.5530198590000008,8.82947277461958,0.72354708438042081,0.28228541826279552,-0.058950325834816387,0.34123574409761187,selection-conditioned OOF predictions
258,4,Total Alkaloids,2.8510041080000001,2.8700116302821042,-0.019007522282104006,-0.38558587763192226,-0.34874752082557631,-0.036838356806345979,selection-conditioned OOF predictions
258,4,Reducing Sugars,19.599299370000001,19.322855828203096,0.27644354179690467,0.97060940060135514,0.8900637123065076,0.080545688294847484,selection-conditioned OOF predictions
258,4,Total Sugars,22.139710130000001,23.222150925054763,-1.0824407950547617,0.7946582040833492,1.0551664409217711,-0.26050823683842184,selection-conditioned OOF predictions
258,4,Total Nitrogen,1.784160432,1.889411768252661,-0.10525133625266103,-1.4828458412133603,-1.1521654924869631,-0.33068034872639718,selection-conditioned OOF predictions
258,4,K,2.2348283470000001,2.4681687230179001,-0.23334037601790003,-0.34403303560691501,0.40858793536795268,-0.75262097097486769,selection-conditioned OOF predictions
258,4,cl,3.241357781,3.9407781117457468,-0.69942033074574672,-1.0315207623135372,-0.57025291714768367,-0.46126784516585345,selection-conditioned OOF predictions
258,4,pH,5.04,5.0408924218821429,-0.00089242188214289087,0.93065932858005462,0.93850731387862918,-0.0078479852985745696,selection-conditioned OOF predictions
258,4,Starch,4.0346738550000003,4.3454904241997623,-0.31081656919976197,-0.20517799807776355,0.1781195363481094,-0.38329753442587294,selection-conditioned OOF predictions
258,4,Neochlorogenic Acid,1.564820117,1.8454955982388923,-0.2806754812388923,0.0038764799908913936,0.83181663080322676,-0.82794015081233541,selection-conditioned OOF predictions
258,4,Chlorogenic Acid,10.87715407,12.622038100786412,-1.7448840307864124,0.11509683707965296,0.81340130897626672,-0.69830447189661371,selection-conditioned OOF predictions
258,4,Cryptochlorogenic Acid,2.4619883630000001,2.9396624678979575,-0.47767410489795736,0.029876046450040411,0.91523298848999723,-0.88535694203995674,selection-conditioned OOF predictions
258,4,Scopoletin,0.160991255,0.16746462842271342,-0.0064733734227134243,-1.4012469343803857,-1.3488894643720113,-0.052357470008374318,selection-conditioned OOF predictions
258,4,Rutin,9.3293213309999992,10.657883244987323,-1.3285619139873237,0.17678581042319458,0.80335569521157912,-0.6265698847883846,selection-conditioned OOF predictions
259,4,Total Alkaloids,3.2489032170000001,2.5094666791878137,0.73943653781218632,0.38557982890889936,-1.047517373940162,1.4330972028490614,selection-conditioned OOF predictions
259,4,Reducing Sugars,15.14807997,19.088177689477156,-3.9400977194771567,-0.32631556278873758,0.82168695773098743,-1.1480025205197248,selection-conditioned OOF predictions
259,4,Total Sugars,18.29736166,23.435836803690393,-5.1384751436903926,-0.13006990096545246,1.106593670692634,-1.2366635716580865,selection-conditioned OOF predictions
259,4,Total Nitrogen,2.1995071410000002,1.6975997191637231,0.50190742183627712,-0.17790284034947337,-1.7548036873160682,1.5769008469665948,selection-conditioned OOF predictions
259,4,K,2.1480992649999999,2.6179090822184499,-0.46980981721844994,-0.62377084618450551,0.89156364861098747,-1.515334494795493,selection-conditioned OOF predictions
259,4,cl,4.7913129369999998,3.7041255248740335,1.0871874121259664,-0.009325033245259972,-0.72632534455746411,0.7170003113122041,selection-conditioned OOF predictions
259,4,pH,5.0075000000000003,5.0997198139865034,-0.092219813986503141,0.64485333557681213,1.4558371974533364,-0.81098386187652438,selection-conditioned OOF predictions
259,4,Starch,3.766277594,4.195342874561045,-0.42906528056104509,-0.53616300751689994,-0.0070417172001804064,-0.52912129031671962,selection-conditioned OOF predictions
259,4,Neochlorogenic Acid,1.5186844450000001,2.0334199300025122,-0.51473548500251209,-0.13221511969179384,1.3861582458773658,-1.5183733655691598,selection-conditioned OOF predictions
259,4,Chlorogenic Acid,10.831580260000001,14.127855082405247,-3.2962748224052465,0.096858149142310446,1.4160308898363645,-1.3191727406940541,selection-conditioned OOF predictions
259,4,Cryptochlorogenic Acid,2.2980292160000002,3.2896152942958037,-0.99158607829580347,-0.27401810966798873,1.5638617524545515,-1.8378798621225403,selection-conditioned OOF predictions
259,4,Scopoletin,0.240992338,0.14309615394406777,0.097896184055932228,-0.75418796986691572,-1.5459847944805472,0.79179682461363143,selection-conditioned OOF predictions
259,4,Rutin,9.4105343759999993,10.579936811796335,-1.1694024357963357,0.21508711028226121,0.76659497886862316,-0.55150786858636192,selection-conditioned OOF predictions
260,4,Total Alkaloids,3.0353085950000001,3.5861655938860193,-0.55085699888601924,-0.028386535584643057,1.0392258745474281,-1.0676124101320712,selection-conditioned OOF predictions
260,4,Reducing Sugars,9.3310253470000006,14.881874237534383,-5.5508488905343825,-2.021195701469936,-0.40387832229508819,-1.6173173791748479,selection-conditioned OOF predictions
260,4,Total Sugars,10.084057639999999,18.566397804037393,-8.4823401640373941,-2.1067446148558102,-0.065321665450693123,-2.041422949405117,selection-conditioned OOF predictions
260,4,Total Nitrogen,2.493638238,2.0868996730523617,0.40673856494763827,0.7462029923190272,-0.53169480248411327,1.2778977948031405,selection-conditioned OOF predictions
260,4,K,2.6317177460000001,2.3681816039363106,0.26353614206368947,0.93610240405697409,0.086087372317549191,0.85001503173942494,selection-conditioned OOF predictions
260,4,cl,5.9308378299999998,6.1242480046424852,-0.19341017464248544,0.74219185695797218,0.86974590502999161,-0.12755404807201934,selection-conditioned OOF predictions
260,4,pH,5.0300000000000002,4.9899014612723613,0.04009853872763891,0.84271902304059654,0.49009124830115341,0.35262777473944312,selection-conditioned OOF predictions
260,4,Starch,3.5929229559999998,4.1387506568303776,-0.54582770083037779,-0.74994313351779107,-0.076830974509419198,-0.67311215900837185,selection-conditioned OOF predictions
260,4,Neochlorogenic Acid,0.83630055999999997,1.2742094423482935,-0.4379088823482935,-2.1451198955740161,-0.85337063235669086,-1.2917492632173253,selection-conditioned OOF predictions
260,4,Chlorogenic Acid,5.840847621,9.2463024973439616,-3.4054548763439616,-1.9004384381176407,-0.53757172202915493,-1.3628667160884858,selection-conditioned OOF predictions
260,4,Cryptochlorogenic Acid,1.1406528419999999,2.1708743848324485,-1.0302215428324486,-2.419186115986506,-0.50969639185613402,-1.9094897241303721,selection-conditioned OOF predictions
260,4,Scopoletin,0.51951964299999998,0.30514883617054495,0.21437080682945503,1.4985764028607309,-0.23528202864305583,1.7338584315037866,selection-conditioned OOF predictions
260,4,Rutin,4.7036973240000002,8.1373065886007563,-3.4336092646007561,-2.004728404779597,-0.38538636382616887,-1.6193420409534283,selection-conditioned OOF predictions
261,4,Total Alkaloids,3.2728246259999998,3.1857234922379907,0.08710113376200912,0.43194175799011469,0.26313161029489485,0.16881014769521988,selection-conditioned OOF predictions
261,4,Reducing Sugars,13.937265460000001,14.215533437454376,-0.27826797745437482,-0.6791032874409848,-0.5980260243268255,-0.081077263114159262,selection-conditioned OOF predictions
261,4,Total Sugars,15.23307413,16.388995806905143,-1.1559216769051428,-0.86754408454505161,-0.58935139322225616,-0.2781926913227955,selection-conditioned OOF predictions
261,4,Total Nitrogen,2.164839986,2.3788246458769859,-0.21398465987698589,-0.28682066802657602,0.38547979360706119,-0.67230046163363721,selection-conditioned OOF predictions
261,4,K,2.516209355,2.6832603432510531,-0.16705098825105313,0.56353920314957584,1.1023489844888077,-0.53880978133923174,selection-conditioned OOF predictions
261,4,cl,2.9390796039999998,3.0237681059680064,-0.084688501968006591,-1.2308732792710955,-1.1750211956299823,-0.05585208364111325,selection-conditioned OOF predictions
261,4,pH,4.9000000000000004,4.8715041017760683,0.028495898223932059,-0.30050494897238123,-0.55109874861577501,0.25059379964339379,selection-conditioned OOF predictions
261,4,Starch,3.9740433999999998,4.2846784747278504,-0.31063507472785057,-0.27994719063545825,0.10312652565943578,-0.38307371629489401,selection-conditioned OOF predictions
261,4,Neochlorogenic Acid,1.211543324,1.3716289892584785,-0.16008566525847856,-1.0382239556576662,-0.56600119771684199,-0.47222275794082419,selection-conditioned OOF predictions
261,4,Chlorogenic Acid,8.2104253689999993,10.205772195786935,-1.9953468267869354,-0.95213086653115186,-0.15359091341916592,-0.798539953111986,selection-conditioned OOF predictions
261,4,Cryptochlorogenic Acid,1.8014282829999999,2.1188172315313563,-0.31738894853135635,-1.1944554516691708,-0.6061830164928329,-0.58827243517633798,selection-conditioned OOF predictions
261,4,Scopoletin,0.34164713699999999,0.43090068069719373,-0.089253543697193738,0.059920884312613783,0.7818149312202527,-0.72189404690763892,selection-conditioned OOF predictions
261,4,Rutin,7.9042110499999998,8.9272043695742749,-1.0229933195742751,-0.49531774393583228,-0.012858628077829132,-0.48245911585800316,selection-conditioned OOF predictions
262,4,Total Alkaloids,3.2647561330000001,3.363396768814916,-0.098640635814915889,0.41630426354911954,0.60747904602857838,-0.1911747824794589,selection-conditioned OOF predictions
262,4,Reducing Sugars,16.410857100000001,17.315384411588802,-0.90452731158880084,0.041612197207792391,0.30515886724334357,-0.26354667003555121,selection-conditioned OOF predictions
262,4,Total Sugars,20.024096490000002,21.121442144643083,-1.0973456546430818,0.2854989210023442,0.54959427199002631,-0.26409535098768216,selection-conditioned OOF predictions
262,4,Total Nitrogen,1.9613183240000001,2.0774449348685278,-0.11612661086852771,-0.92624831388541318,-0.56139985166507256,-0.36484846222034062,selection-conditioned OOF predictions
262,4,K,1.987966337,2.3834428708865723,-0.39547653388657222,-1.1402669700579118,0.13531138466563705,-1.2755783547235489,selection-conditioned OOF predictions
262,4,cl,3.4021066900000001,3.5976340133244413,-0.19552732332444123,-0.9255068253321338,-0.79655651728954679,-0.128950308042587,selection-conditioned OOF predictions
262,4,pH,4.9299999999999997,4.9158015105211152,0.014198489478884468,-0.036684032354007128,-0.16154598265119782,0.1248619502971907,selection-conditioned OOF predictions
262,4,Starch,4.5099473569999997,4.6380693972732798,-0.12812204027328011,0.38092705405498956,0.53892655282301816,-0.15799949876802857,selection-conditioned OOF predictions
262,4,Neochlorogenic Acid,1.522668138,1.5499410016789947,-0.02727286367899473,-0.12046397075405424,-0.040014126087172509,-0.080449844666881723,selection-conditioned OOF predictions
262,4,Chlorogenic Acid,10.949936429999999,10.804635175540355,0.14530125445964437,0.14422441608573897,0.086074697267103317,0.058149718818635635,selection-conditioned OOF predictions
262,4,Cryptochlorogenic Acid,2.351502011,2.3973716273130177,-0.045869616313017669,-0.17490762873948454,-0.089889448321027646,-0.085018180418456893,selection-conditioned OOF predictions
262,4,Scopoletin,0.17466046900000001,0.20901778611055527,-0.034357317110555258,-1.2906885878570888,-1.0128022243310248,-0.27788636352606383,selection-conditioned OOF predictions
262,4,Rutin,10.27671685,9.8270271208069229,0.44968972919307681,0.62359186058859617,0.41151138556926309,0.21208047501933314,selection-conditioned OOF predictions
263,4,Total Alkaloids,2.4704787920000002,2.4978265730671336,-0.027347781067133425,-1.1230795475908804,-1.0700769888217434,-0.053002558769136773,selection-conditioned OOF predictions
263,4,Reducing Sugars,18.087833010000001,17.312031656269617,0.77580135373038317,0.53022255882753555,0.30418199513733385,0.22604056369020167,selection-conditioned OOF predictions
263,4,Total Sugars,21.206866229999999,20.345846335536621,0.86101989446337868,0.57015306648625474,0.36293362722065398,0.2072194392656008,selection-conditioned OOF predictions
263,4,Total Nitrogen,1.777017015,1.7924921751370744,-0.015475160137074395,-1.5052891441562086,-1.4566690360139214,-0.048620108142287094,selection-conditioned OOF predictions
263,4,K,2.5039271890000001,2.5494470691232642,-0.045519880123264134,0.523924045848701,0.67074482741117913,-0.14682078156247821,selection-conditioned OOF predictions
263,4,cl,4.8705687229999999,5.8315505008296817,-0.96098177782968186,0.042944173150508434,0.67671184391655281,-0.63376767076604434,selection-conditioned OOF predictions
263,4,pH,5.0499999999999998,4.9723506603434782,0.077649339656521654,1.0185996341195127,0.33574896868633114,0.68285066543318151,selection-conditioned OOF predictions
263,4,Starch,3.770967357,4.3772174646506228,-0.60625010765062282,-0.53037961379509879,0.21724517373209631,-0.74762478752719508,selection-conditioned OOF predictions
263,4,Neochlorogenic Acid,1.6225643830000001,1.5861653107122158,0.036399072287784273,0.17421125982118224,0.066840807417015036,0.10737045240416719,selection-conditioned OOF predictions
263,4,Chlorogenic Acid,9.8724347459999997,9.1906148056126256,0.68181994038737415,-0.2869929205037976,-0.55985799634852373,0.27286507584472619,selection-conditioned OOF predictions
263,4,Cryptochlorogenic Acid,2.6598565129999998,2.6454327133291611,0.014423799670838733,0.39661968696730621,0.36988553697209403,0.026734149995212193,selection-conditioned OOF predictions
263,4,Scopoletin,0.23690671599999999,0.23559952983146254,0.0013071861685374497,-0.78723300177871447,-0.79780569025894632,0.010572688480231853,selection-conditioned OOF predictions
263,4,Rutin,7.3698330079999996,7.2621907040360494,0.10764230396395025,-0.74733850765356846,-0.79810424561652815,0.050765737962959627,selection-conditioned OOF predictions
264,4,Total Alkaloids,2.615637413,2.5383308003015377,0.077306612698462285,-0.84174855691516048,-0.99157600626963327,0.14982744935447276,selection-conditioned OOF predictions
264,4,Reducing Sugars,14.823429389999999,15.175514102143403,-0.35208471214340342,-0.42090704519939393,-0.31832224508668894,-0.102584800112705,selection-conditioned OOF predictions
264,4,Total Sugars,16.89041563,17.708856773386685,-0.81844114338668561,-0.46867597649088089,-0.27170385552707249,-0.19697212096380842,selection-conditioned OOF predictions
264,4,Total Nitrogen,2.0138623280000001,2.0502826290827483,-0.036420301082748185,-0.76116471319372203,-0.64673882282922734,-0.11442589036449463,selection-conditioned OOF predictions
264,4,K,2.2564898910000002,2.6629324126106901,-0.40644252161068994,-0.27416543465282955,1.0367828481966208,-1.3109482828494503,selection-conditioned OOF predictions
264,4,cl,2.600519196,3.3117142898170222,-0.71119509381702217,-1.4541539346820145,-0.98512063096359848,-0.46903330371841601,selection-conditioned OOF predictions
264,4,pH,4.8399999999999999,4.8676162309073439,-0.027616230907343997,-0.82814678220914495,-0.58528880382513426,-0.24285797838401071,selection-conditioned OOF predictions
264,4,Starch,5.0128980360000002,5.4148612805044207,-0.40196324450442056,1.0011634709707788,1.4968626576166069,-0.49569918664582802,selection-conditioned OOF predictions
264,4,Neochlorogenic Acid,1.248516135,1.2949646905945822,-0.046448555594582164,-0.92916108140809206,-0.79214653366688137,-0.13701454774121072,selection-conditioned OOF predictions
264,4,Chlorogenic Acid,7.309918787,8.9216414799434176,-1.6117226929434176,-1.312514572317905,-0.66750141151065345,-0.64501316080725146,selection-conditioned OOF predictions
264,4,Cryptochlorogenic Acid,1.863024719,1.913854034606477,-0.050829315606476966,-1.0802880064207625,-0.98607714807635261,-0.094210858344409981,selection-conditioned OOF predictions
264,4,Scopoletin,0.35642869799999999,0.31820431995628135,0.038224378043718643,0.17947603526666636,-0.12968761038223064,0.30916364564889703,selection-conditioned OOF predictions
264,4,Rutin,6.8707854160000004,6.771173668420408,0.099611747579592347,-0.98269689700021945,-1.0296753031606043,0.046978406160384886,selection-conditioned OOF predictions
265,4,Total Alkaloids,2.1241558719999998,2.1374705995573149,-0.013314727557315109,-1.7942857736221147,-1.7684805856940979,-0.025805187928016841,selection-conditioned OOF predictions
265,4,Reducing Sugars,19.71916113,19.530326923749179,0.18883420625082081,1.005532799052546,0.95051331472233236,0.055019484330213635,selection-conditioned OOF predictions
265,4,Total Sugars,22.004471639999998,22.051355405639214,-0.046883765639215369,0.76211070518683099,0.77339410024992994,-0.011283395063098932,selection-conditioned OOF predictions
265,4,Total Nitrogen,1.7745093009999999,1.8111355661415485,-0.036626265141548542,-1.5131679205171606,-1.3980949289450795,-0.11507299157208128,selection-conditioned OOF predictions
265,4,K,2.1785659430000002,2.5713801893657298,-0.39281424636572959,-0.52550298028812148,0.74148837610644058,-1.2669913563945621,selection-conditioned OOF predictions
265,4,cl,2.493308275,4.0425933127189673,-1.5492850377189673,-1.5248595580875968,-0.5031057721569584,-1.0217537859306385,selection-conditioned OOF predictions
265,4,pH,4.8550000000000004,4.8140791929158393,0.040920807084161126,-0.69623632389995016,-1.0560951516901926,0.35985882779024247,selection-conditioned OOF predictions
265,4,Starch,4.2129226480000002,4.9348330266840845,-0.72191037868408436,0.014637576900084392,0.90489406785381599,-0.89025649095373161,selection-conditioned OOF predictions
265,4,Neochlorogenic Acid,1.5754106649999999,1.7208637032658003,-0.14545303826580036,0.035116614931079433,0.46417586124052174,-0.42905924630944225,selection-conditioned OOF predictions
265,4,Chlorogenic Acid,9.2701503649999992,9.6994679176824974,-0.42931755268249816,-0.52802777966073045,-0.35621443183223184,-0.17181334782849858,selection-conditioned OOF predictions
265,4,Cryptochlorogenic Acid,2.7032486699999998,2.7175169089565014,-0.014268238956501644,0.47704595884621537,0.50349178096906688,-0.02644582212285148,selection-conditioned OOF predictions
265,4,Scopoletin,0.332346802,0.21782424686266005,0.11452255513733994,-0.015301411549660696,-0.94157444638600096,0.92627303483634027,selection-conditioned OOF predictions
265,4,Rutin,7.4912689600000002,7.4958300826848525,-0.0045611226848523145,-0.69006747673454261,-0.68791638231804197,-0.0021510944165006899,selection-conditioned OOF predictions
266,4,Total Alkaloids,3.4956875460000001,3.7235263346764005,-0.22783878867640039,0.86387095128607372,1.3054438436924283,-0.44157289240635444,selection-conditioned OOF predictions
266,4,Reducing Sugars,15.0580704,15.504278529895878,-0.44620812989587755,-0.35254110859692828,-0.22253213565581184,-0.13000897294111644,selection-conditioned OOF predictions
266,4,Total Sugars,18.856080240000001,19.729317122566158,-0.87323688256615739,0.0043954599389315861,0.21455513024965836,-0.21015967031072677,selection-conditioned OOF predictions
266,4,Total Nitrogen,2.0453366430000002,2.0474229639926773,-0.0020863209926771376,-0.66227820181357444,-0.65572336481124383,-0.0065548370023305654,selection-conditioned OOF predictions
266,4,K,2.3534275550000001,2.3335421488094887,0.019885406190511379,0.03849935165110057,-0.025639456945763233,0.0641388085968638,selection-conditioned OOF predictions
266,4,cl,5.1145538960000003,5.1591441792025741,-0.044590283202573744,0.20385244254858464,0.23325974305735872,-0.029407300508774093,selection-conditioned OOF predictions
266,4,pH,4.9800000000000004,4.9597184954080289,0.020281504591971533,0.40301749534329862,0.22466132428150506,0.17835617106179355,selection-conditioned OOF predictions
266,4,Starch,3.8795068609999999,4.2719290955373834,-0.39242223453738356,-0.39652920685534226,0.087404051076603123,-0.48393325793194536,selection-conditioned OOF predictions
266,4,Neochlorogenic Acid,1.399168521,1.3750394892219595,0.024129031778040488,-0.48476473216333821,-0.55594086098330819,0.071176128819970014,selection-conditioned OOF predictions
266,4,Chlorogenic Acid,10.525979510000001,9.7447009917929535,0.78127851820704741,-0.02544360075895917,-0.33811210676554732,0.31266850600658813,selection-conditioned OOF predictions
266,4,Cryptochlorogenic Acid,2.2276076050000002,2.2602550652766848,-0.032647460276684637,-0.40454279486482697,-0.34403154818104204,-0.060511246683784957,selection-conditioned OOF predictions
266,4,Scopoletin,0.20725787700000001,0.22969790381562633,-0.022440026815626318,-1.0270365937171708,-0.84553879430645951,-0.18149779941071126,selection-conditioned OOF predictions
266,4,Rutin,10.423324620000001,8.9846659656960863,1.4386586543039144,0.69273430144202197,0.014241129398843208,0.67849317204317872,selection-conditioned OOF predictions
267,4,Total Alkaloids,3.0277087859999998,3.0199663494610687,0.0077424365389311411,-0.043115676576663924,-0.058121243085465298,0.015005566508801377,selection-conditioned OOF predictions
267,4,Reducing Sugars,17.52051904,17.377280659815135,0.14323838018486512,0.36492770731495028,0.32319320396125972,0.041734503353690527,selection-conditioned OOF predictions
267,4,Total Sugars,21.427599399999998,21.798003439869689,-0.37040403986969039,0.6232763497098387,0.71242053550283613,-0.089144185792997446,selection-conditioned OOF predictions
267,4,Total Nitrogen,1.8741308940000001,1.8532877005533561,0.020843193446643982,-1.2001751900986299,-1.2656606720212762,0.06548548192264618,selection-conditioned OOF predictions
267,4,K,2.3493610970000001,2.432544089777199,-0.083182992777198983,0.025383312238556815,0.29368349183442893,-0.2683001795958721,selection-conditioned OOF predictions
267,4,cl,3.017753055,3.6191865488821442,-0.60143349388214418,-1.1789881229219252,-0.78234261586640386,-0.39664550705552132,selection-conditioned OOF predictions
267,4,pH,4.9699999999999998,4.942811414565174,0.027188585434825718,0.31507718980383281,0.075979938771404493,0.23909725103242829,selection-conditioned OOF predictions
267,4,Starch,4.1236117749999996,4.6304208431602047,-0.5068090681602051,-0.095500172533476618,0.52949439178664703,-0.62499456432012368,selection-conditioned OOF predictions
267,4,Neochlorogenic Acid,1.7569843359999999,1.7422223477176515,0.014761988282348426,0.57072496906207903,0.52717986583172272,0.04354510323035625,selection-conditioned OOF predictions
267,4,Chlorogenic Acid,12.44099357,11.912579874823408,0.52841369517659231,0.7409470924037207,0.52947536142173413,0.21147173098198654,selection-conditioned OOF predictions
267,4,Cryptochlorogenic Acid,2.8791034190000002,2.736325247709321,0.14277817129067927,0.80298831414953364,0.53835256390098896,0.26463575024854463,selection-conditioned OOF predictions
267,4,Scopoletin,0.14353755300000001,0.14903445989644454,-0.0054969068964445256,-1.5424147026098065,-1.497955018427277,-0.044459684182529706,selection-conditioned OOF predictions
267,4,Rutin,10.76236456,9.3967166431146492,1.3656479168853508,0.85263066299502011,0.20857045854713319,0.64406020444788692,selection-conditioned OOF predictions
268,4,Total Alkaloids,2.3842880119999998,2.4703633583917797,-0.086075346391779828,-1.2901253445092262,-1.1233032687252795,-0.1668220757839467,selection-conditioned OOF predictions
268,4,Reducing Sugars,16.09265491,17.176385371365079,-1.0837304613650787,-0.051100456681251683,0.26465955481821124,-0.31576001149946292,selection-conditioned OOF predictions
268,4,Total Sugars,18.03940566,20.090628004889425,-2.0512223448894247,-0.19215150676680465,0.30151088924782771,-0.49366239601463235,selection-conditioned OOF predictions
268,4,Total Nitrogen,2.4039697740000001,1.8715623933435848,0.53240738065641535,0.46448116339991297,-1.2082449469588041,1.672726110358717,selection-conditioned OOF predictions
268,4,K,2.174961637,2.6773333473597809,-0.5023717103597809,-0.53712838489106329,1.0832319269148918,-1.6203603118059551,selection-conditioned OOF predictions
268,4,cl,4.2789936859999997,4.0679379187175222,0.21105576728247755,-0.34719967965964876,-0.48639099953508447,0.13919131987543568,selection-conditioned OOF predictions
268,4,pH,4.7850000000000001,4.8403122314757887,-0.055312231475788565,-1.311818462676172,-0.82540100907115421,-0.48641745360501776,selection-conditioned OOF predictions
268,4,Starch,3.3459023750000001,4.6323915532587376,-1.2864891782587375,-1.0545677547003707,0.53192466223130386,-1.5864924169316745,selection-conditioned OOF predictions
268,4,Neochlorogenic Acid,1.3434061509999999,1.5765943113156502,-0.23318816031565026,-0.64925328963786244,0.038608150083214242,-0.68786143972107672,selection-conditioned OOF predictions
268,4,Chlorogenic Acid,6.6929448789999997,10.625455844900998,-3.932510965900998,-1.5594281960306249,0.014366935806008859,-1.5737951318366337,selection-conditioned OOF predictions
268,4,Cryptochlorogenic Acid,1.9958406040000001,2.589225238539218,-0.59338463453921797,-0.83411710330460853,0.26570639581801653,-1.099823499122625,selection-conditioned OOF predictions
268,4,Scopoletin,0.43190553999999998,0.30946305585793404,0.12244248414206593,0.78994236144461027,-0.20038806947495788,0.99033043091956818,selection-conditioned OOF predictions
268,4,Rutin,7.8906922120000003,7.3653638607848162,0.52532835121518406,-0.50169343232412167,-0.74944622504802216,0.24775279272390049,selection-conditioned OOF predictions
269,4,Total Alkaloids,2.8241117089999999,2.9727140862059582,-0.14860237720595837,-0.43770586334270434,-0.14970055089130449,-0.28800531245139982,selection-conditioned OOF predictions
269,4,Reducing Sugars,19.649930810000001,18.774287752914766,0.87564305708523449,0.98536157805376012,0.73023073913059755,0.25513083892316257,selection-conditioned OOF predictions
269,4,Total Sugars,22.390361219999999,23.228028903142501,-0.83766768314250228,0.85498175601879223,1.0565810787613714,-0.20159932274257936,selection-conditioned OOF predictions
269,4,Total Nitrogen,1.7855340260000001,1.7726280630304712,0.01290596296952895,-1.4785302613917592,-1.5190784243639504,0.040548162972191257,selection-conditioned OOF predictions
269,4,K,2.0982281380000001,2.3322518006119601,-0.23402366261196006,-0.78462623120999075,-0.029801373241146026,-0.7548248579688448,selection-conditioned OOF predictions
269,4,cl,4.1448628369999998,5.0761315000642391,-0.93126866306423928,-0.43565900085571435,0.17851286490076171,-0.61417186575647609,selection-conditioned OOF predictions
269,4,pH,4.9500000000000002,5.0036763029128233,-0.053676302912823104,0.13919657872491673,0.61122762656314322,-0.47203104783822653,selection-conditioned OOF predictions
269,4,Starch,5.0875612200000004,5.6470527146533369,-0.55949149465333647,1.0932377590734588,1.7832000444979597,-0.689962285424501,selection-conditioned OOF predictions
269,4,Neochlorogenic Acid,1.1267545619999999,1.2908565568426975,-0.16410199484269761,-1.2883349382330258,-0.80426475953783905,-0.48407017869518676,selection-conditioned OOF predictions
269,4,Chlorogenic Acid,9.7783705330000004,11.0513950616361,-1.2730245286360997,-0.32463752004416413,0.18482826994304608,-0.50946578998721015,selection-conditioned OOF predictions
269,4,Cryptochlorogenic Acid,1.9339835889999999,2.0805634472725854,-0.14657985827258546,-0.94876752517710916,-0.67708544370319357,-0.27168208147391554,selection-conditioned OOF predictions
269,4,Scopoletin,0.24133687700000001,0.19460365948459718,0.046733217515402825,-0.75140129448435233,-1.1293855191966515,0.37798422471229931,selection-conditioned OOF predictions
269,4,Rutin,8.7317391719999993,7.9136818769436896,0.81805729505630964,-0.10504297043691715,-0.49085115876243324,0.38580818832551605,selection-conditioned OOF predictions
270,4,Total Alkaloids,3.0428787650000002,3.2047577440331954,-0.16187897903319515,-0.013714837748083559,0.30002177139883668,-0.31373660914692025,selection-conditioned OOF predictions
270,4,Reducing Sugars,18.658063680000001,18.513529947005644,0.14453373299435768,0.69636723163644243,0.65425530914339691,0.042111922493045552,selection-conditioned OOF predictions
270,4,Total Sugars,22.406278919999998,22.719184428675192,-0.31290550867519329,0.85881262785997492,0.934118790316537,-0.07530616245656209,selection-conditioned OOF predictions
270,4,Total Nitrogen,1.887798439,1.8370917519284871,0.050706687071512935,-1.1572342763986443,-1.3165453650798986,0.15931108868125426,selection-conditioned OOF predictions
270,4,K,2.324104207,2.4104989522033158,-0.086394745203315804,-0.056080793545464386,0.22257864007547837,-0.27865943362094275,selection-conditioned OOF predictions
270,4,cl,4.6594073460000001,5.1963000972592148,-0.53689275125921476,-0.096316796354325537,0.25776407829575776,-0.35408087465008331,selection-conditioned OOF predictions
270,4,pH,4.96,5.0116148095304913,-0.051614809530491357,0.22713688426437476,0.68103909631161841,-0.45390221204724368,selection-conditioned OOF predictions
270,4,Starch,4.3755386989999998,4.796474689853194,-0.42093599085319422,0.21517492781046055,0.7342712162114996,-0.51909628840103905,selection-conditioned OOF predictions
270,4,Neochlorogenic Acid,1.3883860290000001,1.4073347269992698,-0.018948697999269681,-0.51657106598775393,-0.46067595249239368,-0.055895113495360235,selection-conditioned OOF predictions
270,4,Chlorogenic Acid,11.090579849999999,10.752179159693256,0.33840069030674336,0.20051006452769868,0.065081743123669641,0.13542832140402902,selection-conditioned OOF predictions
270,4,Cryptochlorogenic Acid,2.1937002290000001,2.3515281709146874,-0.1578279419146873,-0.46738926366047623,-0.17485914199541755,-0.29253012166505865,selection-conditioned OOF predictions
270,4,Scopoletin,0.186578252,0.2076153346821738,-0.021037082682173802,-1.1942960386802703,-1.0241454303852349,-0.17015060829503559,selection-conditioned OOF predictions
270,4,Rutin,10.807503779999999,8.9660659045238216,1.8414378754761778,0.87391900159412506,0.0054690593409369472,0.86844994225318817,selection-conditioned OOF predictions
271,4,Total Alkaloids,2.6690371110000002,2.7722004244860874,-0.1031633134860872,-0.73825494532922287,-0.53831479031472462,-0.19994015501449824,selection-conditioned OOF predictions
271,4,Reducing Sugars,17.03966398,18.826738524143245,-1.7870745441432447,0.2248238672107217,0.74551300415561006,-0.52068913694488828,selection-conditioned OOF predictions
271,4,Total Sugars,21.771823690000002,22.793266295321374,-1.0214426053213721,0.7061199225634669,0.95194788226305738,-0.24582795969959048,selection-conditioned OOF predictions
271,4,Total Nitrogen,1.7095621839999999,1.7953223889472736,-0.085760204947273655,-1.7172198220225074,-1.4477770245388342,-0.26944279748367328,selection-conditioned OOF predictions
271,4,K,2.236369786,2.5142635510259943,-0.27789376502599428,-0.33906124574064056,0.55726316596632142,-0.89632441170696198,selection-conditioned OOF predictions
271,4,cl,2.6119445840000002,3.3810309822098681,-0.76908639820986791,-1.4466188890574119,-0.93940625874913775,-0.50721263030827413,selection-conditioned OOF predictions
271,4,pH,5.0300000000000002,4.9809125515406949,0.04908744845930535,0.84271902304059654,0.41104250147421628,0.43167652156638026,selection-conditioned OOF predictions
271,4,Starch,4.5787786329999998,4.7741756560262116,-0.19539702302621187,0.46580946058213485,0.7067721523489543,-0.24096269176681939,selection-conditioned OOF predictions
271,4,Neochlorogenic Acid,1.7665374920000001,1.7734615810716625,-0.0069240890716624204,0.59890499171479483,0.61932975886911179,-0.020424767154316938,selection-conditioned OOF predictions
271,4,Chlorogenic Acid,11.876545719999999,10.859231030076288,1.0173146899237118,0.51505445377960268,0.1079240171627506,0.40713043661685211,selection-conditioned OOF predictions
271,4,Cryptochlorogenic Acid,2.751076882,2.7379147348812904,0.013162147118709555,0.56569434712048627,0.54129863840567094,0.024395708714815348,selection-conditioned OOF predictions
271,4,Scopoletin,0.15126610700000001,0.10004924367653495,0.051216863323465062,-1.4799051719772471,-1.8941536959342193,0.41424852395697215,selection-conditioned OOF predictions
271,4,Rutin,10.442462669999999,9.8155485627235404,0.62691410727645902,0.70176009516478854,0.40609792403606548,0.29566217112872301,selection-conditioned OOF predictions
272,4,Total Alkaloids,3.8805555429999998,4.0595763082872196,-0.17902076528721977,1.6097811433882021,1.9567401383333187,-0.34695899494511678,selection-conditioned OOF predictions
272,4,Reducing Sugars,15.49361728,15.544980508578242,-0.051363228578241049,-0.22563843976899556,-0.21067304548997343,-0.014965394279022107,selection-conditioned OOF predictions
272,4,Total Sugars,19.349588919999999,19.720767979781613,-0.37117905978161403,0.12316692224764129,0.21249763008571715,-0.08933070783807584,selection-conditioned OOF predictions
272,4,Total Nitrogen,2.0728024139999999,2.058615995211849,0.014186418788150856,-0.5759857987364625,-0.6205569184872185,0.044571119750755971,selection-conditioned OOF predictions
272,4,K,2.3638007970000001,2.3139354940566257,0.049865302943374434,0.071957425214838985,-0.088879174775551947,0.16083659999039093,selection-conditioned OOF predictions
272,4,cl,7.7000245109999996,7.4040712865543163,0.29595322444568328,1.9089708197182862,1.7137896102095624,0.19518120950872384,selection-conditioned OOF predictions
272,4,pH,5.0599999999999996,5.1287287542851274,-0.068728754285127813,1.1065399396589706,1.7109427047770311,-0.60440276511806035,selection-conditioned OOF predictions
272,4,Starch,3.342534524,3.396313825716784,-0.053779301716784023,-1.0587209727477138,-0.99240059026533689,-0.066320382482377066,selection-conditioned OOF predictions
272,4,Neochlorogenic Acid,1.3814870299999999,1.2964482234907133,0.085038806509286635,-0.53692182212541817,-0.78777038921587228,0.25084856709045417,selection-conditioned OOF predictions
272,4,Chlorogenic Acid,10.601741479999999,9.1979157647871546,1.4038257152128448,0.0048764213842041257,-0.55693614460894969,0.56181256599315388,selection-conditioned OOF predictions
272,4,Cryptochlorogenic Acid,2.014255302,2.3571396909095879,-0.34288438890958783,-0.79998592360971577,-0.16445833078974728,-0.63552759281996851,selection-conditioned OOF predictions
272,4,Scopoletin,0.24464497299999999,0.26785259040548198,-0.023207617405481995,-0.72464499204440735,-0.53693882202648446,-0.18770617001792289,selection-conditioned OOF predictions
272,4,Rutin,11.60659654,9.6532004272047853,1.9533961127952146,1.2507832284676421,0.32953208882985924,0.92125113963778282,selection-conditioned OOF predictions
273,4,Total Alkaloids,2.8012091400000001,2.7847023956651182,0.016506744334881862,-0.48209318516624916,-0.51408480030127546,0.031991615135026297,selection-conditioned OOF predictions
273,4,Reducing Sugars,13.1754053,13.545636870503493,-0.37023157050349376,-0.90108188955535629,-0.79320974871657846,-0.1078721408387778,selection-conditioned OOF predictions
273,4,Total Sugars,15.04736918,14.835167646522081,0.21220153347791992,-0.91223721632434651,-0.96330721257106555,0.051069996246719054,selection-conditioned OOF predictions
273,4,Total Nitrogen,2.567060235,2.4057816888217158,0.16127854617828419,0.97688140873233587,0.47017386666088784,0.50670754207144808,selection-conditioned OOF predictions
273,4,K,2.484514764,2.4482326340674554,0.036282129932544649,0.46131080076094955,0.34428565352807927,0.11702514723287029,selection-conditioned OOF predictions
273,4,cl,6.2209671799999997,5.8514945432021968,0.36947263679780296,0.93353222012868275,0.6898649437689085,0.24366727635977425,selection-conditioned OOF predictions
273,4,pH,4.7999999999999998,4.8003546950911966,-0.00035469509119678833,-1.179908004366985,-1.1767888048976658,-0.0031191994693192159,selection-conditioned OOF predictions
273,4,Starch,4.1894939410000003,4.5587146841068558,-0.36922074310685549,-0.01425459461769138,0.4410666929703923,-0.45532128758808366,selection-conditioned OOF predictions
273,4,Neochlorogenic Acid,1.1510095460000001,1.1565519419462755,-0.0055423959462754802,-1.2167872739259369,-1.2004382429547729,-0.016349030971163952,selection-conditioned OOF predictions
273,4,Chlorogenic Acid,8.7705569160000003,8.588530050590748,0.18202686540925228,-0.72796561702503848,-0.8008129649736101,0.072847347948571589,selection-conditioned OOF predictions
273,4,Cryptochlorogenic Acid,1.749467433,1.8755489018746911,-0.12608146887469118,-1.2907635805588966,-1.0570747483902598,-0.23368883216863681,selection-conditioned OOF predictions
273,4,Scopoletin,0.53291641700000003,0.54138341290866321,-0.0084669959086631774,1.6069312199106576,1.6754133628986392,-0.068482142987981567,selection-conditioned OOF predictions
273,4,Rutin,5.8048518370000002,5.4266206861711677,0.37823115082883252,-1.4854072884050367,-1.6637868175057489,0.1783795291007122,selection-conditioned OOF predictions
274,4,Total Alkaloids,2.1445740670000002,2.2110150428070772,-0.066440975807076974,-1.754713401085177,-1.6259445727751691,-0.12876882831000802,selection-conditioned OOF predictions
274,4,Reducing Sugars,13.49184853,12.374663007669731,1.1171855223302689,-0.80888173323801238,-1.1343893441744954,0.32550761093648295,selection-conditioned OOF predictions
274,4,Total Sugars,15.55822886,14.402808295794443,1.1554205642055564,-0.78928993355687893,-1.0673620233775665,0.27807208982068748,selection-conditioned OOF predictions
274,4,Total Nitrogen,2.121761352,2.0185993034040064,0.10316204859599365,-0.42216581632550482,-0.74628200733671612,0.32411619101121131,selection-conditioned OOF predictions
274,4,K,2.783289699,2.6447681302687762,0.13852156873122379,1.4249857785770612,0.97819538876703549,0.44679038981002567,selection-conditioned OOF predictions
274,4,cl,5.3522563539999997,5.4871160020299818,-0.13485964802998218,0.3606172601731733,0.44955722447230745,-0.088939964299134144,selection-conditioned OOF predictions
274,4,pH,4.915,4.9446818585510615,-0.029681858551061424,-0.16859449066319418,0.092428680332743055,-0.26102317099593719,selection-conditioned OOF predictions
274,4,Starch,4.2004839450000002,4.510115576960767,-0.30963163196076682,-0.00070177326271683,0.38113450212112499,-0.38183627538384179,selection-conditioned OOF predictions
274,4,Neochlorogenic Acid,1.2356208319999999,1.4593717696824497,-0.2237509376824498,-0.96719981234199814,-0.30717641353455316,-0.66002339880744498,selection-conditioned OOF predictions
274,4,Chlorogenic Acid,7.2474784229999996,7.4185534308922314,-0.17107500789223185,-1.3375032733655048,-1.2690388706125879,-0.068464402752916889,selection-conditioned OOF predictions
274,4,Cryptochlorogenic Acid,2.0043405289999998,2.2628555289885921,-0.25851499998859229,-0.81836270605258177,-0.33921165408116838,-0.47915105197141339,selection-conditioned OOF predictions
274,4,Scopoletin,0.29843333599999999,0.32787572580496843,-0.029442389804968438,-0.28959785067440069,-0.051464046160719014,-0.23813380451368166,selection-conditioned OOF predictions
274,4,Rutin,3.632309206,5.140898765939772,-1.5085895599397721,-2.5100112392424472,-1.7985375948358069,-0.71147364440664052,selection-conditioned OOF predictions
275,4,Total Alkaloids,2.6054902109999998,2.4573095463621866,0.14818066463781321,-0.86141478391277504,-1.1486027779454731,0.28718799403269785,selection-conditioned OOF predictions
275,4,Reducing Sugars,11.93432028,12.562485252615055,-0.62816497261505511,-1.2626893502272547,-1.0796647089094804,-0.18302464131777435,selection-conditioned OOF predictions
275,4,Total Sugars,13.07331265,13.686243418379462,-0.61293076837946181,-1.3873283145156861,-1.2398158459316886,-0.14751246858399741,selection-conditioned OOF predictions
275,4,Total Nitrogen,2.4212613589999998,2.349252753701816,0.07200860529818387,0.51880814452351354,0.29257034499436113,0.22623779952915235,selection-conditioned OOF predictions
275,4,K,2.233968725,2.5416286096497664,-0.30765988464976646,-0.34680567853889438,0.64552700329993251,-0.99233268183882695,selection-conditioned OOF predictions
275,4,cl,3.0452381829999999,4.0237629813516698,-0.97852479835166983,-1.1608616756207009,-0.5155243793831612,-0.64533729623753977,selection-conditioned OOF predictions
275,4,pH,4.7300000000000004,4.7746183335978465,-0.04461833359784606,-1.7954901431431989,-1.4031151542175857,-0.39237498892561318,selection-conditioned OOF predictions
275,4,Starch,6.2041564850000004,6.231338899029164,-0.02718241402916366,2.4702177995134389,2.5037390249228393,-0.033521225409400307,selection-conditioned OOF predictions
275,4,Neochlorogenic Acid,0.82778386900000001,0.82763010897027867,0.00015376002972133929,-2.1702425404158023,-2.1706961037325354,0.00045356331673318496,selection-conditioned OOF predictions
275,4,Chlorogenic Acid,5.2803878099999997,5.6121503158872912,-0.3317625058872915,-2.1247350592307592,-1.9919633463941708,-0.13277171283658831,selection-conditioned OOF predictions
275,4,Cryptochlorogenic Acid,1.241011248,1.0124720277225419,0.2285392202774581,-2.2331743340349903,-2.6567660320699313,0.42359169803494123,selection-conditioned OOF predictions
275,4,Scopoletin,0.58585198299999997,0.44431887495476524,0.14153310804523472,2.0350808303589862,0.89034299804585826,1.1447378323131281,selection-conditioned OOF predictions
275,4,Rutin,4.6479007919999997,3.9696833527415603,0.67821743925843947,-2.0310428928427897,-2.3509004909747864,0.3198575981319966,selection-conditioned OOF predictions
276,4,Total Alkaloids,3.1020406330000001,3.0940410610404467,0.0079995719595533643,0.10094639849131389,0.085442479475970945,0.015503919015342949,selection-conditioned OOF predictions
276,4,Reducing Sugars,12.704243809999999,12.810498355267775,-0.10625454526777567,-1.0383613726042196,-1.0074026262814837,-0.030958746322735937,selection-conditioned OOF predictions
276,4,Total Sugars,14.20287379,14.487079786575691,-0.28420599657569134,-1.1154797456822183,-1.0470806208477796,-0.068399124834438871,selection-conditioned OOF predictions
276,4,Total Nitrogen,2.4978839279999998,2.4661493171496329,0.031734610850366884,0.75954216975629829,0.65983785666801187,0.09970431308828645,selection-conditioned OOF predictions
276,4,K,2.5508205240000001,2.5689258491039659,-0.018105325103965786,0.67517479774275968,0.73357209525340172,-0.058397297510641981,selection-conditioned OOF predictions
276,4,cl,5.1370030179999997,5.3661773210681964,-0.22917430306819675,0.2186576429060923,0.36979814068221617,-0.15114049777612387,selection-conditioned OOF predictions
276,4,pH,5.0149999999999997,4.9952339756362498,0.019766024363749857,0.71080856473140175,0.53698554254654463,0.1738230221848571,selection-conditioned OOF predictions
276,4,Starch,4.189872738,4.2843743155263025,-0.094501577526302505,-0.013787463935045848,0.10275143795955423,-0.11653890189460007,selection-conditioned OOF predictions
276,4,Neochlorogenic Acid,1.154274,1.1365395785047467,0.017734421495253283,-1.2071577454571516,-1.259470970476092,0.052313225018940285,selection-conditioned OOF predictions
276,4,Chlorogenic Acid,9.9060988569999999,9.4893566187704437,0.41674223822955625,-0.27352050695713381,-0.44030120037246906,0.16678069341533525,selection-conditioned OOF predictions
276,4,Cryptochlorogenic Acid,1.6907523280000001,1.8250244323731661,-0.13427210437316606,-1.3995905512515194,-1.1507205821446709,-0.24886996910684861,selection-conditioned OOF predictions
276,4,Scopoletin,0.54633187500000002,0.53072036682198642,0.0156115081780136,1.7154371555359784,1.5891692859352751,0.12626786960070338,selection-conditioned OOF predictions
276,4,Rutin,7.1959208129999999,7.3822528613186531,-0.18633204831865324,-0.82935812814487564,-0.74148111705624054,-0.087877011088635062,selection-conditioned OOF predictions
277,4,Total Alkaloids,3.524319067,3.4223024874793215,0.10201657952067844,0.9193615181707141,0.72164384088649092,0.19771767728422313,selection-conditioned OOF predictions
277,4,Reducing Sugars,5.512717254,5.707451964456105,-0.19473471045610502,-3.133713112704736,-3.0769744340341081,-0.0567386786706277,selection-conditioned OOF predictions
277,4,Total Sugars,6.415183141,4.5253474528724098,1.8898356881275902,-2.9897231863236238,-3.4445450715275507,0.45482188520392691,selection-conditioned OOF predictions
277,4,Total Nitrogen,3.0295035010000002,2.984707178117493,0.044796322882507233,2.4297931332919172,2.2890513223101752,0.1407418109817419,selection-conditioned OOF predictions
277,4,K,2.7308725730000001,2.9046954856685581,-0.17382291266855798,1.255918474670747,1.8165705638756349,-0.56065208920488774,selection-conditioned OOF predictions
277,4,cl,4.8979688379999997,5.2877187699050729,-0.38974993190507323,0.061014554361575851,0.31805471081757192,-0.25704015645599604,selection-conditioned OOF predictions
277,4,pH,4.7699999999999996,4.748772626720914,0.021227373279085526,-1.4437289209853668,-1.6304030901816615,0.18667416919629479,selection-conditioned OOF predictions
277,4,Starch,3.619093366,4.0578719830761498,-0.43877861707614985,-0.7176699067276604,-0.17657017540673672,-0.54109973132092359,selection-conditioned OOF predictions
277,4,Neochlorogenic Acid,0.536748271,0.39894794015145107,0.13780033084854892,-3.0287430971309397,-3.4352282885026475,0.40648519137170774,selection-conditioned OOF predictions
277,4,Chlorogenic Acid,3.3181999379999998,1.7629888444473778,1.555211093552622,-2.9100047628576271,-3.5324019206111754,0.62239715775354876,selection-conditioned OOF predictions
277,4,Cryptochlorogenic Acid,0.79514512400000004,0.58701649042796733,0.20812863357203271,-3.0595759833104439,-3.4453371721227488,0.3857611888123047,selection-conditioned OOF predictions
277,4,Scopoletin,0.82116709399999999,0.79437665802694091,0.026790435973059079,3.9383394657206132,3.721655002091639,0.21668446362897389,selection-conditioned OOF predictions
277,4,Rutin,3.006746439,3.805500721925517,-0.79875428292551698,-2.8050360978662603,-2.4283315018984095,-0.37670459596785127,selection-conditioned OOF predictions
278,4,Total Alkaloids,2.903295247,3.0175835986544155,-0.11428835165441553,-0.28424075712108648,-0.062739237114005364,-0.22150152000708112,selection-conditioned OOF predictions
278,4,Reducing Sugars,11.62638024,12.015806611149735,-0.38942637114973522,-1.3524119833338915,-1.2389471691424125,-0.11346481419147905,selection-conditioned OOF predictions
278,4,Total Sugars,13.457571079999999,13.356294165198875,0.10127691480112411,-1.2948498283509664,-1.3192238824588782,0.024374054107911873,selection-conditioned OOF predictions
278,4,Total Nitrogen,2.4314747570000002,2.3489671190264656,0.082507637973534553,0.55089676337215265,0.29167293335650346,0.25922383001564914,selection-conditioned OOF predictions
278,4,K,2.4051990839999999,2.5441983234328838,-0.13899923943288384,0.20548433337515654,0.65381541234247598,-0.44833107896731944,selection-conditioned OOF predictions
278,4,cl,6.1575702330000004,5.692436661558677,0.46513357144132339,0.89172192116067361,0.58496623966043082,0.30675568150024285,selection-conditioned OOF predictions
278,4,pH,4.7199999999999998,4.7768726382930948,-0.056872638293095079,-1.8834304486826647,-1.3832907298496679,-0.5001397188329969,selection-conditioned OOF predictions
278,4,Starch,5.1232675529999998,5.1881772083603108,-0.064909655360311014,1.1372706413535949,1.2173169237126611,-0.08004628235906612,selection-conditioned OOF predictions
278,4,Neochlorogenic Acid,0.84856639099999998,0.75152801751933707,0.097038373480662909,-2.1089379892558968,-2.3951830336022608,0.28624504434636394,selection-conditioned OOF predictions
278,4,Chlorogenic Acid,6.8867989620000003,5.0436673189133643,1.843131643086636,-1.4818475828403561,-2.2194708551912843,0.73762327235092817,selection-conditioned OOF predictions
278,4,Cryptochlorogenic Acid,1.3216428149999999,1.1722581374758332,0.14938467752416673,-2.0837257521273318,-2.3606064955552699,0.27688074342793811,selection-conditioned OOF predictions
278,4,Scopoletin,0.51194197200000002,0.50107459392331299,0.010867378076687029,1.4372872331793189,1.3493904930154703,0.087896740163848686,selection-conditioned OOF predictions
278,4,Rutin,4.2298020210000002,4.188430936768901,0.041371084231099253,-2.228224594363502,-2.2477358231646143,0.019511228801112345,selection-conditioned OOF predictions
279,5,Total Alkaloids,2.418854488,2.513927272297082,-0.095072784297081991,-1.2231322794728166,-1.0388723270956364,-0.18425995237718007,selection-conditioned OOF predictions
279,5,Reducing Sugars,16.351422920000001,15.732887113967273,0.61853580603272817,0.024295218466951068,-0.15592383063102358,0.18021904909797465,selection-conditioned OOF predictions
279,5,Total Sugars,17.593131899999999,18.473411579250474,-0.88027967925047435,-0.29955506259728454,-0.087700420556902942,-0.2118546420403816,selection-conditioned OOF predictions
279,5,Total Nitrogen,2.1644937419999999,2.2029817773796934,-0.038488035379693475,-0.28790850301984983,-0.16698617163396995,-0.12092233138587989,selection-conditioned OOF predictions
279,5,K,2.5289499800000002,2.2815491266578478,0.24740085334215234,0.60463308377995262,-0.1933388473533795,0.79797193113333209,selection-conditioned OOF predictions
279,5,cl,4.4485337139999999,4.5367074782607082,-0.088173764260708332,-0.2353879979752812,-0.17723738316925572,-0.0581506148060255,selection-conditioned OOF predictions
279,5,pH,5.0149999999999997,4.966243313606447,0.048756686393552684,0.71080856473140175,0.2820407748773367,0.42876778985406505,selection-conditioned OOF predictions
279,5,Starch,6.3468884790000004,5.7237087249047471,0.62317975409525328,2.6462342246504371,1.8777318765812296,0.76850234806920747,selection-conditioned OOF predictions
279,5,Neochlorogenic Acid,1.322735631,1.4536646922881511,-0.13092906128815107,-0.71022745585512126,-0.32401122396286985,-0.38621623189225146,selection-conditioned OOF predictions
279,5,Chlorogenic Acid,9.8414790209999996,9.3727374939434824,0.46874152705651717,-0.29938143505084136,-0.48697229996333052,0.18759086491248916,selection-conditioned OOF predictions
279,5,Cryptochlorogenic Acid,1.965600939,2.3345407499072497,-0.3689398109072497,-0.89016556198844721,-0.20634489967429198,-0.68382066231415528,selection-conditioned OOF predictions
279,5,Scopoletin,0.38992109200000002,0.39720260881860675,-0.0072815168186067258,0.45036679034203425,0.50926062722590593,-0.058893836883871731,selection-conditioned OOF predictions
279,5,Rutin,5.8402850529999997,7.828150265866519,-1.9878652128665193,-1.4686964480346618,-0.53118915967467306,-0.93750728835998887,selection-conditioned OOF predictions
280,5,Total Alkaloids,3.1198366719999999,3.2565870182491765,-0.13675034624917659,0.13543678733272968,0.40047175473937519,-0.26503496740664551,selection-conditioned OOF predictions
280,5,Reducing Sugars,14.03360024,13.224400211396322,0.80920002860367823,-0.65103480332521824,-0.88680653757675543,0.23577173425153725,selection-conditioned OOF predictions
280,5,Total Sugars,15.570132040000001,15.426934820522739,0.14319721947726194,-0.78642522589920638,-0.82088813171041863,0.034462905811212315,selection-conditioned OOF predictions
280,5,Total Nitrogen,2.5140704139999999,2.4183720421415509,0.095698371858448983,0.81039713298722482,0.50973044213653973,0.30066669085068515,selection-conditioned OOF predictions
280,5,K,2.4421459730000001,2.2511844064681812,0.19096156653181895,0.32465360852686742,-0.29127785637757836,0.61593146490444584,selection-conditioned OOF predictions
280,5,cl,5.025734473,5.496912619773652,-0.471178146773652,0.14527601567749066,0.45601809579373176,-0.3107420801162411,selection-conditioned OOF predictions
280,5,pH,4.9649999999999999,4.9066728308200593,0.058327169179940519,0.27110703703410377,-0.24182387085947002,0.51293090789357376,selection-conditioned OOF predictions
280,5,Starch,4.868784604,4.6433088999660095,0.22547570403399053,0.82344346297548743,0.5453878829538783,0.27805558002160913,selection-conditioned OOF predictions
280,5,Neochlorogenic Acid,1.0956082629999999,1.2067116727773461,-0.11110340977734623,-1.3802106923155766,-1.0524764226857777,-0.32773426962979907,selection-conditioned OOF predictions
280,5,Chlorogenic Acid,9.134214042,8.476287285612166,0.65792675638783393,-0.58242964280420806,-0.84573264063094256,0.26330299782673444,selection-conditioned OOF predictions
280,5,Cryptochlorogenic Acid,1.5587589310000001,1.9628361725900394,-0.40407724159003933,-1.6442369935416041,-0.89528998700767748,-0.74894700653392676,selection-conditioned OOF predictions
280,5,Scopoletin,0.41368639600000001,0.46283833504817246,-0.049151939048172444,0.64258360067681197,1.0401307536864737,-0.39754715300966176,selection-conditioned OOF predictions
280,5,Rutin,6.4175832049999997,7.7566444277572018,-1.3390612227572021,-1.1964339115439173,-0.56491239400357707,-0.63152151754034014,selection-conditioned OOF predictions
281,5,Total Alkaloids,2.880324608,2.9270924815173616,-0.046767873517361558,-0.32876000497426305,-0.23811948980681666,-0.090640515167446423,selection-conditioned OOF predictions
281,5,Reducing Sugars,14.015378399999999,14.45188446045281,-0.43650606045281037,-0.65634399099970153,-0.52916185154543993,-0.12718213945426157,selection-conditioned OOF predictions
281,5,Total Sugars,16.32733679,15.586364713167349,0.74097207683265154,-0.60419070993364865,-0.78251855027748218,0.17832784034383345,selection-conditioned OOF predictions
281,5,Total Nitrogen,2.338601363,2.27316009571638,0.065441267283619986,0.25910563359875105,0.053501202748613502,0.20560443085013758,selection-conditioned OOF predictions
281,5,K,2.8007902819999999,2.4583120200088588,0.34247826199114106,1.4814325281489218,0.37679591756171382,1.1046366105872079,selection-conditioned OOF predictions
281,5,cl,8.6942184139999998,6.810594045787794,1.8836243682122058,2.5646418935414834,1.3223912536426805,1.2422506398988029,selection-conditioned OOF predictions
281,5,pH,4.9050000000000002,4.8467547046805839,0.058245295319416357,-0.25653479620265218,-0.76874570286520705,0.51221090666255487,selection-conditioned OOF predictions
281,5,Starch,5.3404895449999996,5.0689492756902377,0.27154026930976194,1.4051477824308616,1.0702855966994549,0.33486218573140658,selection-conditioned OOF predictions
281,5,Neochlorogenic Acid,0.97336047000000003,0.73266564445155158,0.24069482554844845,-1.7408188071610218,-2.4508235047025093,0.71000469754148743,selection-conditioned OOF predictions
281,5,Chlorogenic Acid,8.4994605229999998,5.2576712813000555,3.2417892416999443,-0.83645868602379714,-2.1338262385282105,1.2973675525044135,selection-conditioned OOF predictions
281,5,Cryptochlorogenic Acid,1.4512699120000001,1.2917581947650891,0.15951171723491098,-1.8434651873852805,-2.1391161442668807,0.29565095688160037,selection-conditioned OOF predictions
281,5,Scopoletin,0.50830749500000005,0.55383430653417998,-0.045526811534179923,1.4078911195771067,1.7761177788200369,-0.36822665924292997,selection-conditioned OOF predictions
281,5,Rutin,5.6807247609999996,5.353473376671495,0.32725138432850454,-1.5439474940888054,-1.6982841945592864,0.15433670047048095,selection-conditioned OOF predictions
282,5,Total Alkaloids,3.115539337,3.3015333745935433,-0.18599403759354338,0.12710814998079839,0.48758199917759332,-0.36047384919679493,selection-conditioned OOF predictions
282,5,Reducing Sugars,9.654151293,9.5156843380508676,0.13846695494913241,-1.9270484424769423,-1.967392724423175,0.040344281946232782,selection-conditioned OOF predictions
282,5,Total Sugars,11.10821836,11.36369955718687,-0.25548119718686912,-1.8602624935007377,-1.7987764921151808,-0.06148600138555696,selection-conditioned OOF predictions
282,5,Total Nitrogen,2.6797374619999998,2.4420800207090156,0.23765744129098421,1.330892540984743,0.58421655223653368,0.74667598874820929,selection-conditioned OOF predictions
282,5,K,2.745785379,2.5915496253780335,0.15423575362196651,1.3040185537192985,0.80654330048194167,0.49747525323735692,selection-conditioned OOF predictions
282,5,cl,5.3981147790000001,5.9840084748862088,-0.58589369588620865,0.39086090044582028,0.77725790767827374,-0.38639700723245352,selection-conditioned OOF predictions
282,5,pH,4.96,4.8908052483728559,0.069194751627144058,0.22713688426437476,-0.38136387571743408,0.60850075998180886,selection-conditioned OOF predictions
282,5,Starch,3.8214388540000002,3.9746081329627652,-0.153169278962765,-0.46813840056540929,-0.279250764596157,-0.18888763596925229,selection-conditioned OOF predictions
282,5,Neochlorogenic Acid,0.959257205,0.99724667525545652,-0.037989470255456514,-1.7824207999660433,-1.6703589711459736,-0.11206182882006956,selection-conditioned OOF predictions
282,5,Chlorogenic Acid,7.0629130599999996,6.6484223845599999,0.41449067543999973,-1.4113665307889995,-1.5772461463464584,0.16587961555745911,selection-conditioned OOF predictions
282,5,Cryptochlorogenic Acid,1.4283584460000001,1.7324480962893407,-0.30408965028934065,-1.8859310134943716,-1.3223084931911535,-0.56362252030321813,selection-conditioned OOF predictions
282,5,Scopoletin,0.61843140500000005,0.54978120289825538,0.068650202101744662,2.29858735143655,1.7433357595850327,0.55525159185151696,selection-conditioned OOF predictions
282,5,Rutin,5.5015571300000001,6.5549382184767708,-1.0533810884767707,-1.6284456576531634,-1.1316552105566566,-0.49679044709650683,selection-conditioned OOF predictions
283,5,Total Alkaloids,3.2197624949999999,3.4131140194663527,-0.19335152446635284,0.3291023828379161,0.70383573006901023,-0.37473334723109414,selection-conditioned OOF predictions
283,5,Reducing Sugars,10.73258687,10.749332202348562,-0.016745332348561348,-1.6128311695158974,-1.6079521829750154,-0.0048789865408820007,selection-conditioned OOF predictions
283,5,Total Sugars,12.43607956,12.247397990651542,0.18868156934845715,-1.5406895602202155,-1.5860990673077475,0.045409507087532011,selection-conditioned OOF predictions
283,5,Total Nitrogen,2.6280328919999998,2.4687947166824928,0.15923817531750695,1.1684462875965238,0.66814921566061225,0.50029707193591155,selection-conditioned OOF predictions
283,5,K,2.6363550010000001,2.6048223152392014,0.031532685760798707,0.95105950415391716,0.84935331433909855,0.10170618981481869,selection-conditioned OOF predictions
283,5,cl,5.4493862860000002,6.1265280390776971,-0.67714175307769686,0.42467446935806452,0.87124958818674614,-0.44657511882868162,selection-conditioned OOF predictions
283,5,pH,4.8700000000000001,4.8503132177692931,0.019686782230706967,-0.56432586559076314,-0.73745203003648119,0.17312616444571807,selection-conditioned OOF predictions
283,5,Starch,3.8353827100000002,3.9064676152801718,-0.07108490528017164,-0.45094290278692883,-0.36328133120811429,-0.087661571578814573,selection-conditioned OOF predictions
283,5,Neochlorogenic Acid,0.99795961899999996,0.95904261703631111,0.038917001963688858,-1.6682559205026737,-1.7830537943061078,0.11479787380343413,selection-conditioned OOF predictions
283,5,Chlorogenic Acid,7.8634930790000004,6.6604965424061149,1.2029965365938855,-1.0909735433382428,-1.5724140553481085,0.48144051200986565,selection-conditioned OOF predictions
283,5,Cryptochlorogenic Acid,1.4854848789999999,1.7159973582715597,-0.23051247927155982,-1.7800486064056833,-1.3527995224439,-0.4272490839617834,selection-conditioned OOF predictions
283,5,Scopoletin,0.68280601299999999,0.57044560550795653,0.11236040749204346,2.8192573927838711,1.9104720839135756,0.90878530887029574,selection-conditioned OOF predictions
283,5,Rutin,5.6644442079999999,6.7790665813458517,-1.1146223733458518,-1.5516256490246831,-1.025952886094246,-0.52567276293043708,selection-conditioned OOF predictions
284,5,Total Alkaloids,3.0245685849999999,2.9559367153701914,0.068631869629808495,-0.049201679958101791,-0.1822166655088456,0.13301498555074381,selection-conditioned OOF predictions
284,5,Reducing Sugars,15.040464890000001,15.452080727579038,-0.41161583757903664,-0.35767071991471971,-0.23774069465400707,-0.11993002526071267,selection-conditioned OOF predictions
284,5,Total Sugars,16.764570639999999,17.616902803761953,-0.85233216376195386,-0.49896276594821148,-0.29383418044338444,-0.20512858550482702,selection-conditioned OOF predictions
284,5,Total Nitrogen,2.2783403369999999,2.2558112410724935,0.022529095927506404,0.069776568507791778,-0.0010057090674244458,0.070782277575216226,selection-conditioned OOF predictions
284,5,K,2.4660147220000002,2.2802160744882203,0.18579864751177988,0.40164037504753747,-0.19763850194118329,0.59927887698872073,selection-conditioned OOF predictions
284,5,cl,6.7502873540000001,6.4640942794927261,0.28619307450727405,1.2826189785926017,1.0938745898805875,0.18874438871201432,selection-conditioned OOF predictions
284,5,pH,4.9649999999999999,4.9674516997425711,-0.0024516997425712006,0.27110703703410377,0.29266735947937644,-0.021560322445272655,selection-conditioned OOF predictions
284,5,Starch,4.8105822329999999,4.8322721304031342,-0.021689897403134317,0.75166857221121131,0.7784164518946407,-0.026747879683429357,selection-conditioned OOF predictions
284,5,Neochlorogenic Acid,1.036185921,1.1836353678708873,-0.14744944687088735,-1.5554954823511835,-1.120547204216507,-0.43494827813467646,selection-conditioned OOF predictions
284,5,Chlorogenic Acid,7.9066236649999997,7.3363345175524799,0.5702891474475198,-1.0737126362820033,-1.3019429684475325,0.22823033216552921,selection-conditioned OOF predictions
284,5,Cryptochlorogenic Acid,1.7365653830000001,1.8309313603127766,-0.094365977312776517,-1.3146772058044742,-1.1397722397416823,-0.17490496606279196,selection-conditioned OOF predictions
284,5,Scopoletin,0.381623196,0.38684191386821937,-0.0052187178682193691,0.38325234898627808,0.42546200482178681,-0.04220965583550873,selection-conditioned OOF predictions
284,5,Rutin,4.7850420810000003,7.208954801270103,-2.4239127202701027,-1.966364987550014,-0.82321110221951133,-1.1431538853305026,selection-conditioned OOF predictions
285,5,Total Alkaloids,2.9290316700000001,2.8724009269945392,0.056630743005460893,-0.23436116106843852,-0.34411684021909966,0.10975567915066116,selection-conditioned OOF predictions
285,5,Reducing Sugars,8.2655932060000001,7.529942723179083,0.73565048282091716,-2.3316242416719879,-2.5459662881459098,0.21434204647392166,selection-conditioned OOF predictions
285,5,Total Sugars,9.1764679769999997,8.1910253014368024,0.98544267556319731,-2.3251718803109576,-2.5623358296827274,0.23716394937176957,selection-conditioned OOF predictions
285,5,Total Nitrogen,2.5252274720000001,2.5039516217036555,0.021275850296344601,0.84545055807005787,0.77860574786682413,0.066844810203233657,selection-conditioned OOF predictions
285,5,K,2.5543010580000001,2.565079834459735,-0.010778776459734907,0.68640098552600914,0.72116707849066786,-0.034766092964658712,selection-conditioned OOF predictions
285,5,cl,4.3378294459999998,4.5803364706657836,-0.24250702466578389,-0.30839748441182302,-0.14846405412977967,-0.15993343028204338,selection-conditioned OOF predictions
285,5,pH,4.6900000000000004,4.6649944654532716,0.025005534546728825,-2.147251365301039,-2.3671508001227242,0.21989943482168528,selection-conditioned OOF predictions
285,5,Starch,5.4944832989999997,5.5812980453840817,-0.086814746384082042,1.5950521571466405,1.7021116949521673,-0.107059537805527,selection-conditioned OOF predictions
285,5,Neochlorogenic Acid,0.72643058900000002,0.50654424763128159,0.21988634136871843,-2.469215751606638,-3.1178393144159533,0.6486235628093151,selection-conditioned OOF predictions
285,5,Chlorogenic Acid,4.355688937,3.0585263157245421,1.2971626212754579,-2.4948005459798326,-3.0139264266869525,0.51912588070711996,selection-conditioned OOF predictions
285,5,Cryptochlorogenic Acid,1.154765102,0.94973395422691631,0.20503114777308373,-2.3930293969373504,-2.7730494737093538,0.38002007677200372,selection-conditioned OOF predictions
285,5,Scopoletin,0.58647563899999999,0.67786270080216804,-0.091387061802168046,2.0401250396426609,2.7792752531421372,-0.73915021349947641,selection-conditioned OOF predictions
285,5,Rutin,3.2951164149999999,2.4851512558343174,0.80996515916568246,-2.6690364574005225,-3.0510282720973039,0.38199181469678162,selection-conditioned OOF predictions
286,5,Total Alkaloids,3.1187806999999999,3.2903136159540751,-0.17153291595407527,0.13339021478444235,0.46583705704849948,-0.33244684226405707,selection-conditioned OOF predictions
286,5,Reducing Sugars,11.48086947,11.273477856247801,0.20739161375219872,-1.3948085792094203,-1.4552350234940994,0.060426444284679047,selection-conditioned OOF predictions
286,5,Total Sugars,12.337175009999999,10.976755278742168,1.3604197312578314,-1.5644926634047125,-1.8919013745040092,0.32740871109929659,selection-conditioned OOF predictions
286,5,Total Nitrogen,2.6804074849999999,2.5899052158401648,0.090502269159835169,1.3329976300713353,1.0486561386297204,0.28434149144161497,selection-conditioned OOF predictions
286,5,K,2.909655758,2.8266987277983988,0.082957030201601167,1.8325695308872556,1.5649981757492535,0.26757135513800218,selection-conditioned OOF predictions
286,5,cl,4.8699592139999996,6.2705512350231052,-1.4005920210231055,0.042542201845585784,0.96623291413153878,-0.92369071228595301,selection-conditioned OOF predictions
286,5,pH,4.6950000000000003,4.6450047941640191,0.04999520583598116,-2.1032812125313098,-2.542940580203747,0.43965936767243718,selection-conditioned OOF predictions
286,5,Starch,3.6244420220000002,4.0704252105581071,-0.44598318855810692,-0.71107396925054789,-0.16108959419026717,-0.54998437506028064,selection-conditioned OOF predictions
286,5,Neochlorogenic Acid,0.84861663899999995,0.67329550775512548,0.17532113124487447,-2.1087897670580964,-2.6259542988610152,0.51716453180291866,selection-conditioned OOF predictions
286,5,Chlorogenic Acid,4.6346433520000003,3.384343533508563,1.2502998184914373,-2.3831626880976611,-2.8835340245644159,0.50037133646675469,selection-conditioned OOF predictions
286,5,Cryptochlorogenic Acid,1.2702597069999999,1.3422606904262384,-0.072000983426238507,-2.1789630507477105,-2.0455110384730615,-0.1334520122746489,selection-conditioned OOF predictions
286,5,Scopoletin,0.76528924600000003,0.68170538136856296,0.083583864631437077,3.4863923031288135,2.8103553437485047,0.67603695938030883,selection-conditioned OOF predictions
286,5,Rutin,3.6923668649999999,4.3418064108556749,-0.64943954585567498,-2.4816871392632804,-2.175401630744862,-0.30628550851841868,selection-conditioned OOF predictions
287,5,Total Alkaloids,2.7445522859999998,2.7333747802616952,0.011177505738304561,-0.59189946986765674,-0.61356252192049199,0.021663052052835148,selection-conditioned OOF predictions
287,5,Reducing Sugars,8.8400450119999991,8.8706182102383409,-0.030573198238341703,-2.1642496819129429,-2.1553417534459749,-0.0089079284669678037,selection-conditioned OOF predictions
287,5,Total Sugars,9.8953419080000007,9.2508827063679817,0.64445920163201897,-2.1521623437806561,-2.307262679150925,0.1551003353702691,selection-conditioned OOF predictions
287,5,Total Nitrogen,2.5171405500000001,2.4077633652836794,0.10937718471632074,0.82004293587451971,0.47639992978593854,0.34364300608858117,selection-conditioned OOF predictions
287,5,K,2.5721999740000001,2.502886535857539,0.069313438142461159,0.74413252675865138,0.52056750125109097,0.22356502550756036,selection-conditioned OOF predictions
287,5,cl,5.6143493070000003,5.9406029401250455,-0.32625363312504518,0.53346761402914866,0.74863194899874042,-0.21516433496959175,selection-conditioned OOF predictions
287,5,pH,4.6449999999999996,4.6931692199334547,-0.048169219933455132,-2.5429827402286156,-2.119381148374067,-0.42360159185454865,selection-conditioned OOF predictions
287,5,Starch,4.2759873800000001,4.5128557626437038,-0.23686838264370369,0.09240870842973177,0.38451368624519822,-0.29210497781546646,selection-conditioned OOF predictions
287,5,Neochlorogenic Acid,0.70667058299999996,0.6366947102795999,0.069975872720400067,-2.5275040718955344,-2.7339198028230309,0.2064157309274966,selection-conditioned OOF predictions
287,5,Chlorogenic Acid,4.6683667670000002,2.4876795590097416,2.1806872079902586,-2.369666541026207,-3.2423799146829224,0.87271337365671575,selection-conditioned OOF predictions
287,5,Cryptochlorogenic Acid,1.1884730960000001,0.98469363315473579,0.20377946284526427,-2.330552477665127,-2.7082525878977504,0.37770011023262329,selection-conditioned OOF predictions
287,5,Scopoletin,0.57820004899999999,0.58141216174995547,-0.0032121127499554758,1.973191012060334,1.9991709897299701,-0.025979977669636101,selection-conditioned OOF predictions
287,5,Rutin,2.983869748,1.9315279653121209,1.0523417826878791,-2.815825091208084,-3.3121253859815791,0.49630029477349519,selection-conditioned OOF predictions
288,5,Total Alkaloids,2.5102287209999998,2.6217049118549487,-0.11147619085494886,-1.046040465600294,-0.82998917636974656,-0.21605128923054748,selection-conditioned OOF predictions
288,5,Reducing Sugars,14.25867087,14.1483481090008,0.11032276099919969,-0.58545733065044192,-0.61760140846650757,0.032144077816065632,selection-conditioned OOF predictions
288,5,Total Sugars,16.536645589999999,16.688785212529119,-0.15213962252911983,-0.55381690039886766,-0.51720184948855996,-0.036615050910307707,selection-conditioned OOF predictions
288,5,Total Nitrogen,2.2302225249999998,2.1931728869916096,0.037049638008390229,-0.081400750646756823,-0.19780390193208322,0.11640315128532638,selection-conditioned OOF predictions
288,5,K,2.4073352689999998,2.3541383213415061,0.053196947658493698,0.2123744295356193,0.040791872402157724,0.1715825571334616,selection-conditioned OOF predictions
288,5,cl,6.2904899289999996,5.9071130771009157,0.38337685189908388,0.97938248671593475,0.72654537777258088,0.25283710894335387,selection-conditioned OOF predictions
288,5,pH,5.0099999999999998,5.0025941800988134,0.0074058199011863834,0.66683841196167271,0.60171140547361834,0.065127006488054334,selection-conditioned OOF predictions
288,5,Starch,5.2129756279999997,5.04269372043023,0.17028190756976969,1.2478982184294234,1.0379073691742831,0.20999084925514033,selection-conditioned OOF predictions
288,5,Neochlorogenic Acid,1.180052036,1.2764669243524382,-0.096414888352438277,-1.1311173627372935,-0.84671148285521758,-0.28440587988207577,selection-conditioned OOF predictions
288,5,Chlorogenic Acid,9.9604326010000008,8.2141855039877569,1.7462470970122439,-0.2517760839807906,-0.95062605645176645,0.69884997247097591,selection-conditioned OOF predictions
288,5,Cryptochlorogenic Acid,1.907595565,2.0620073463350739,-0.15441178133507383,-0.9976770641191619,-0.7114787101871064,-0.28619835393205556,selection-conditioned OOF predictions
288,5,Scopoletin,0.430287908,0.4333570520450612,-0.0030691440450612006,0.77685874747798633,0.8016823760248647,-0.024823628546878331,selection-conditioned OOF predictions
288,5,Rutin,6.138408879,7.1664789132958973,-1.0280700342958973,-1.3280967444432228,-0.84324337316908815,-0.48485337127413475,selection-conditioned OOF predictions
289,5,Total Alkaloids,3.025276936,3.1036503845881094,-0.078373448588109351,-0.047828829436353124,0.10406624770112828,-0.1518950771374814,selection-conditioned OOF predictions
289,5,Reducing Sugars,12.28509663,11.413622870938092,0.87147375906190838,-1.1604857597051024,-1.414401815396896,0.25391605569179349,selection-conditioned OOF predictions
289,5,Total Sugars,13.973656030000001,13.778516317253143,0.19513971274685815,-1.170644993317431,-1.217608765134871,0.046963771817439971,selection-conditioned OOF predictions
289,5,Total Nitrogen,2.3382766089999998,2.2825971418970061,0.055679467102993652,0.25808531623467917,0.083150666908054657,0.17493464932662453,selection-conditioned OOF predictions
289,5,K,2.408444969,2.4709106324636823,-0.062465663463682208,0.21595367932403528,0.41743174793321314,-0.20147806860917786,selection-conditioned OOF predictions
289,5,cl,4.5988616909999998,5.16581024377028,-0.56694855277028022,-0.13624666768967514,0.23765601394585814,-0.37390268163553325,selection-conditioned OOF predictions
289,5,pH,4.9249999999999998,4.9067211905302441,0.018278809469755686,-0.08065418512373615,-0.24139859409052494,0.16074440896678879,selection-conditioned OOF predictions
289,5,Starch,4.6342602519999998,4.9409542306236682,-0.30669397862366843,0.53422913274892991,0.91244270782433334,-0.37821357507540337,selection-conditioned OOF predictions
289,5,Neochlorogenic Acid,0.93694223600000004,0.95857190077158716,-0.02162966477158712,-1.8482457830307646,-1.7844423192085508,-0.063803463822213746,selection-conditioned OOF predictions
289,5,Chlorogenic Acid,8.0809191410000007,7.1747733201700683,0.90614582082993245,-1.0039593987173872,-1.3665999339687669,0.36264053525137974,selection-conditioned OOF predictions
289,5,Cryptochlorogenic Acid,1.5324749499999999,1.6125437087794925,-0.080068758779492599,-1.6929536913993783,-1.5445482603762957,-0.14840543102308254,selection-conditioned OOF predictions
289,5,Scopoletin,0.528595496,0.48752747561419568,0.041068020385804316,1.5719830596713202,1.239819672014973,0.33216338765634729,selection-conditioned OOF predictions
289,5,Rutin,5.4354721440000002,6.6327223935553192,-1.197250249555319,-1.6596123361709829,-1.0949710175926615,-0.56464131857832145,selection-conditioned OOF predictions
290,5,Total Alkaloids,2.8098743229999998,2.9069743968160933,-0.097100073816093424,-0.46529924967015251,-0.27711022050207357,-0.18818902916807898,selection-conditioned OOF predictions
290,5,Reducing Sugars,14.73990779,15.129941659679126,-0.3900338696791259,-0.44524223029997129,-0.33160041292415371,-0.11364181737581761,selection-conditioned OOF predictions
290,5,Total Sugars,17.406154470000001,17.732605209368934,-0.32645073936893354,-0.34455443885916581,-0.26598838063581731,-0.078566058223348514,selection-conditioned OOF predictions
290,5,Total Nitrogen,2.2841489209999999,2.249702978920328,0.034445942079671887,0.088026071565079494,-0.020196745784920599,0.1082228173500001,selection-conditioned OOF predictions
290,5,K,2.4060824699999999,2.4137832593171256,-0.0077007893171257003,0.20833362521402179,0.23317191352072883,-0.024838288306707052,selection-conditioned OOF predictions
290,5,cl,6.5751870840000004,6.6181852707806703,-0.042998186780669911,1.1671403162198035,1.1954976288263888,-0.028357312606585403,selection-conditioned OOF predictions
290,5,pH,5.0750000000000002,5.0580233397372245,0.016976660262775667,1.2384503979681656,1.0891571289133555,0.14929326905480997,selection-conditioned OOF predictions
290,5,Starch,4.7874472030000002,4.7991968442555271,-0.01174964125552691,0.72313856179156322,0.73762816424495592,-0.014489602453392732,selection-conditioned OOF predictions
290,5,Neochlorogenic Acid,1.1458991350000001,1.3411481113818722,-0.19524897638187211,-1.2318620301368357,-0.65591408399624718,-0.57594794614058853,selection-conditioned OOF predictions
290,5,Chlorogenic Acid,8.2706606750000002,7.682166679968752,0.58849399503124822,-0.92802463207446761,-1.1635405638865157,0.23551593181204802,selection-conditioned OOF predictions
290,5,Cryptochlorogenic Acid,1.76924572,2.1025147516136133,-0.33326903161361332,-1.2541050229407285,-0.63639925308519329,-0.61770576985553505,selection-conditioned OOF predictions
290,5,Scopoletin,0.34451542899999998,0.35675053710281773,-0.012235108102817749,0.083119995897669025,0.18207911098514376,-0.098959115087474722,selection-conditioned OOF predictions
290,5,Rutin,5.328849817,8.0786769842625361,-2.7498271672625361,-1.7098970375770004,-0.41303697163648556,-1.2968600659405147,selection-conditioned OOF predictions
291,5,Total Alkaloids,2.737490405,2.9553914570822326,-0.21790105208223265,-0.60558605605921334,-0.18327342709330294,-0.42231262896591043,selection-conditioned OOF predictions
291,5,Reducing Sugars,17.926544150000002,19.313424529052547,-1.3868803790525455,0.48322879598341945,0.88731577152750518,-0.40408697554408574,selection-conditioned OOF predictions
291,5,Total Sugars,21.754845589999999,22.733958832826524,-0.97911324282652501,0.7020338469867945,0.93767450809194386,-0.23564066110514945,selection-conditioned OOF predictions
291,5,Total Nitrogen,2.1369462330000002,2.094958692996475,0.041987540003525226,-0.3744577118659575,-0.50637484341855798,0.13191713155260049,selection-conditioned OOF predictions
291,5,K,2.3266248209999998,2.3247190700971858,0.0019057509028139741,-0.047950751979116801,-0.05409760114165546,0.0061468491625386564,selection-conditioned OOF predictions
291,5,cl,6.7364152949999996,6.9553977500613504,-0.21898245506135083,1.2734703529641169,1.4178893249828137,-0.14441897201869677,selection-conditioned OOF predictions
291,5,pH,5.1600000000000001,5.1828355792925569,-0.022835579292556751,1.9859429950535743,2.186759777069375,-0.20081678201580044,selection-conditioned OOF predictions
291,5,Starch,5.2433231549999997,5.1533418939471085,0.08998126105289117,1.2853226463000837,1.1743581774659351,0.11096446883414871,selection-conditioned OOF predictions
291,5,Neochlorogenic Acid,1.2036769270000001,1.4921793896855737,-0.28850246268557367,-1.0614283548797923,-0.21040007335234417,-0.85102828152744814,selection-conditioned OOF predictions
291,5,Chlorogenic Acid,13.3352644,10.427880241297707,2.9073841587022926,1.0988352435115332,-0.064703033945315458,1.1635382774568486,selection-conditioned OOF predictions
291,5,Cryptochlorogenic Acid,1.9818201719999999,2.4240921023835984,-0.44227193038359847,-0.8601036214648321,-0.040363719679325401,-0.81973990178550671,selection-conditioned OOF predictions
291,5,Scopoletin,0.28859384599999999,0.31042471121130838,-0.021830865211308392,-0.36918090095311562,-0.19261007830484791,-0.17657082264826768,selection-conditioned OOF predictions
291,5,Rutin,7.3723580709999998,10.724294817792263,-3.3519367467922629,-0.74614764976705472,0.83467639700418206,-1.5808240467712367,selection-conditioned OOF predictions
292,5,Total Alkaloids,3.1536539430000001,3.4054324289443536,-0.25177848594435348,0.20097782297248931,0.68894808883467229,-0.48797026586218301,selection-conditioned OOF predictions
292,5,Reducing Sugars,9.7075087690000004,8.9566092677408662,0.75089950125913418,-1.91150199634852,-2.130287057399463,0.21878506105094284,selection-conditioned OOF predictions
292,5,Total Sugars,11.359025300000001,11.053094820479878,0.3059304795201232,-1.7999014335473991,-1.8735289337109422,0.073627500163543122,selection-conditioned OOF predictions
292,5,Total Nitrogen,2.679334286,2.4059444272615274,0.27338985873847266,1.3296258361140512,0.47068516092036283,0.85894067519368844,selection-conditioned OOF predictions
292,5,K,2.5894217419999999,2.6389267051329997,-0.049504963132999791,0.79967998054808642,0.95935433291295602,-0.15967435236486957,selection-conditioned OOF predictions
292,5,cl,4.7752116310000003,5.1988831571568275,-0.42367152615682713,-0.019943847707025536,0.25946760680433817,-0.27941145451136368,selection-conditioned OOF predictions
292,5,pH,4.9050000000000002,4.8659195618189157,0.039080438181084531,-0.25653479620265218,-0.60020936362870703,0.34367456742605484,selection-conditioned OOF predictions
292,5,Starch,3.8152096420000001,3.9634574623151986,-0.14824782031519845,-0.47582023556913311,-0.2930017193068768,-0.18281851626225634,selection-conditioned OOF predictions
292,5,Neochlorogenic Acid,0.95648207900000004,0.96763766764136339,-0.011155588641363345,-1.7906069023958726,-1.7577000032917447,-0.0329068991041278,selection-conditioned OOF predictions
292,5,Chlorogenic Acid,7.1302228769999996,7.2069341399106932,-0.076711262910693634,-1.3844290693965315,-1.3537291392061961,-0.030699930190335574,selection-conditioned OOF predictions
292,5,Cryptochlorogenic Acid,1.4299827899999999,1.7132640004106836,-0.28328121041068366,-1.8829203327354302,-1.3578657325071881,-0.52505460022824224,selection-conditioned OOF predictions
292,5,Scopoletin,0.65846593600000003,0.54708001642200044,0.11138591957799959,2.6223917451051006,1.7214882187925749,0.90090352631252568,selection-conditioned OOF predictions
292,5,Rutin,6.1276705429999998,6.8235536230615068,-0.69588308006150701,-1.3331611060506889,-1.004972124634137,-0.32818898141655212,selection-conditioned OOF predictions
293,5,Total Alkaloids,2.5966595479999999,2.8113477020975606,-0.2146881540975607,-0.87852943513361714,-0.46244370310803923,-0.41608573202557797,selection-conditioned OOF predictions
293,5,Reducing Sugars,15.980233330000001,15.928340400544919,0.051892929455082282,-0.083856054737315971,-0.098975784767639172,0.015119730030323204,selection-conditioned OOF predictions
293,5,Total Sugars,18.29235456,18.27515770088818,0.017196859111820118,-0.13127494681981508,-0.13541367058821516,0.0041387237684000671,selection-conditioned OOF predictions
293,5,Total Nitrogen,2.142304556,2.0879637934820874,0.054340762517912644,-0.35762284609308881,-0.52835153172559424,0.1707286856325054,selection-conditioned OOF predictions
293,5,K,2.6014028900000001,2.3299129867137056,0.27148990328629452,0.83832422804197948,-0.03734503292436691,0.87566926096634645,selection-conditioned OOF predictions
293,5,cl,7.2494753149999998,6.0015312446549265,1.2479440703450733,1.6118335366791463,0.78881417777401963,0.82301935890512679,selection-conditioned OOF predictions
293,5,pH,4.9450000000000003,4.9534438848670019,-0.0084438848670016498,0.095226425955187724,0.16948220746960241,-0.074255781514414684,selection-conditioned OOF predictions
293,5,Starch,5.7633716509999999,5.6511674303005544,0.11220422069944558,1.9266440108975158,1.7882742925230974,0.13836971837441839,selection-conditioned OOF predictions
293,5,Neochlorogenic Acid,0.96450343800000005,0.89921348435386772,0.065289953646132326,-1.7669453942695987,-1.9595385407379222,0.19259314646832354,selection-conditioned OOF predictions
293,5,Chlorogenic Acid,8.4032251329999994,6.9494101153096963,1.4538150176903031,-0.87497219294232131,-1.4567905317267298,0.58181833878440847,selection-conditioned OOF predictions
293,5,Cryptochlorogenic Acid,1.430570838,1.4465578074996106,-0.015986969499610648,-1.8818304005542335,-1.8521989545881912,-0.029631445966042082,selection-conditioned OOF predictions
293,5,Scopoletin,0.300627863,0.42035373210335664,-0.11972586910335664,-0.27184823635709382,0.69650986558876593,-0.9683581019458597,selection-conditioned OOF predictions
293,5,Rutin,6.3876272529999998,6.5948210607957023,-0.20719380779570251,-1.2105615914026862,-1.1128458591416313,-0.097715732261054941,selection-conditioned OOF predictions
294,5,Total Alkaloids,3.51970487,3.4674734522023933,0.05223141779760665,0.91041877261250892,0.80918939738030604,0.10122937523220286,selection-conditioned OOF predictions
294,5,Reducing Sugars,12.1735261,12.007314630850964,0.16621146914903662,-1.1929933924530329,-1.2414214262500476,0.048428033797014762,selection-conditioned OOF predictions
294,5,Total Sugars,13.899369350000001,13.487733134136398,0.41163621586360222,-1.1885233771660377,-1.2875908045056013,0.099067427339563571,selection-conditioned OOF predictions
294,5,Total Nitrogen,2.7041245950000001,2.4901351565261445,0.21398943847385565,1.4075124294536006,0.73519695434711285,0.6723154751064877,selection-conditioned OOF predictions
294,5,K,2.6166266149999999,2.5380337572234284,0.078592857776571545,0.88742715179176934,0.63393209045289756,0.25349506133887173,selection-conditioned OOF predictions
294,5,cl,6.7707297479999999,7.5289386175136874,-0.75820886951368749,1.2961007414409269,1.7961396394428109,-0.50003889800188395,selection-conditioned OOF predictions
294,5,pH,4.9050000000000002,4.938093436648578,-0.033093436648577779,-0.25653479620265218,0.034489896820016776,-0.29102469302266898,selection-conditioned OOF predictions
294,5,Starch,3.8487238320000001,4.2725675206677574,-0.42384368866775723,-0.43449069374852262,0.088191353951150242,-0.52268204769967286,selection-conditioned OOF predictions
294,5,Neochlorogenic Acid,0.76491864499999995,0.87282281074233747,-0.10790416574233752,-2.3556831881334808,-2.0373860897775633,-0.31829709835591741,selection-conditioned OOF predictions
294,5,Chlorogenic Acid,6.5862811800000003,5.5374156391489819,1.0488655408510184,-1.602115123463369,-2.0218722446655297,0.41975712120216052,selection-conditioned OOF predictions
294,5,Cryptochlorogenic Acid,1.150234878,1.5261455357161129,-0.37591065771611287,-2.4014260532062783,-1.7046851016178228,-0.69674095158845561,selection-conditioned OOF predictions
294,5,Scopoletin,0.565113792,0.54245520017555515,0.022658591824444851,1.8673476961170092,1.6840821150340799,0.18326558108292934,selection-conditioned OOF predictions
294,5,Rutin,5.4026951670000001,6.8993658807837974,-1.4966707137837973,-1.6750704540700314,-0.96921791770821397,-0.70585253636181744,selection-conditioned OOF predictions
295,5,Total Alkaloids,3.1681220190000001,3.1483321778290869,0.019789841170913203,0.22901830810669024,0.19066374408855891,0.038354564018131351,selection-conditioned OOF predictions
295,5,Reducing Sugars,12.542812250000001,12.029076621854351,0.51373562814564977,-1.0853967130871003,-1.2350807661187218,0.14968405303162161,selection-conditioned OOF predictions
295,5,Total Sugars,13.470176690000001,13.450738379726353,0.01943831027364773,-1.2918160686752633,-1.2964942367188559,0.0046781680435925982,selection-conditioned OOF predictions
295,5,Total Nitrogen,2.8268622479999999,2.5218232718244193,0.30503897617558051,1.7931315706535613,0.8347551869586336,0.95837638369492772,selection-conditioned OOF predictions
295,5,K,2.3247115350000001,2.3746773961988739,-0.049965861198873807,-0.054121905003066496,0.10703903770582451,-0.161160942708891,selection-conditioned OOF predictions
295,5,cl,6.9306709780000002,6.4157459665254768,0.51492501147452341,1.40158201396358,1.0619888680056904,0.33959314595788959,selection-conditioned OOF predictions
295,5,pH,4.8600000000000003,4.8790207769513811,-0.019020776951380824,-0.65226617113022112,-0.48499687745998649,-0.16726929367023463,selection-conditioned OOF predictions
295,5,Starch,4.4005605650000001,4.8360104738508705,-0.43544990885087032,0.24603177553008992,0.78302655948975253,-0.5369947839596626,selection-conditioned OOF predictions
295,5,Neochlorogenic Acid,0.81773953200000005,0.99969381080020003,-0.18195427880019999,-2.1998714551107477,-1.663140379186925,-0.53673107592382241,selection-conditioned OOF predictions
295,5,Chlorogenic Acid,6.7247785970000002,6.4318599582652283,0.29291863873477197,-1.5466883077376032,-1.6639146630261961,0.11722635528859282,selection-conditioned OOF predictions
295,5,Cryptochlorogenic Acid,1.205314462,1.7264630123846789,-0.52114855038467889,-2.2993374292699018,-1.3334016957100885,-0.96593573355981333,selection-conditioned OOF predictions
295,5,Scopoletin,0.53582169999999996,0.57501924660741066,-0.039197546607410705,1.6304295194224099,1.9474642765551307,-0.31703475713272089,selection-conditioned OOF predictions
295,5,Rutin,5.5926021319999997,6.4205109485019776,-0.8279088165019779,-1.5855074582263189,-1.1950531434446581,-0.39045431478166071,selection-conditioned OOF predictions
296,5,Total Alkaloids,2.7741936370000002,2.7554633184951691,0.018730318504831089,-0.53445175794845312,-0.57075286789517754,0.036301109946724454,selection-conditioned OOF predictions
296,5,Reducing Sugars,17.028546540000001,18.14659037937539,-1.1180438393753889,0.22158464573694059,0.54734233933668641,-0.32575769359974582,selection-conditioned OOF predictions
296,5,Total Sugars,18.04796593,19.784146884609946,-1.7361809546099458,-0.19009132864459327,0.22775086779165926,-0.41784219643625253,selection-conditioned OOF predictions
296,5,Total Nitrogen,2.2795278090000002,2.2807875058096356,-0.0012596968096354466,0.073507387222722695,0.077465123011461884,-0.0039577357887391933,selection-conditioned OOF predictions
296,5,K,2.3997740699999999,2.4293284916184605,-0.029554421618460669,0.18798637878233851,0.283311833702237,-0.095325454919898481,selection-conditioned OOF predictions
296,5,cl,7.379636079,7.1956240197338692,0.18401205926613073,1.6976745860398443,1.5763185968999252,0.12135598913991906,selection-conditioned OOF predictions
296,5,pH,4.9699999999999998,4.9786962778060717,-0.0086962778060719614,0.31507718980383281,0.39155252253603201,-0.076475332732199225,selection-conditioned OOF predictions
296,5,Starch,4.6415988800000001,4.6566354153922953,-0.015036535392295214,0.54327909435718946,0.5618220792341313,-0.018542984876941834,selection-conditioned OOF predictions
296,5,Neochlorogenic Acid,1.25285468,1.3703303946856584,-0.11747571468565843,-0.91636318546879991,-0.56983180871898242,-0.34653137674981749,selection-conditioned OOF predictions
296,5,Chlorogenic Acid,10.20579227,8.2094777128286367,1.9963145571713632,-0.15358287969743664,-0.9525101195534772,0.79892723985604064,selection-conditioned OOF predictions
296,5,Cryptochlorogenic Acid,1.979966492,2.3066467283203398,-0.32668023632033982,-0.86353937073298892,-0.25804576727451239,-0.60549360345847647,selection-conditioned OOF predictions
296,5,Scopoletin,0.37003227399999999,0.45896270854651583,-0.088930434546515835,0.28950349327295727,1.0087841921530143,-0.71928069888005697,selection-conditioned OOF predictions
296,5,Rutin,5.4017325520000004,8.2074893005970537,-2.8057567485970534,-1.6755244378575354,-0.35228713577613457,-1.3232373020814008,selection-conditioned OOF predictions
297,5,Total Alkaloids,2.6518159350000001,2.6102164167611996,0.041599518238800481,-0.7716311958839932,-0.8522549548941758,0.080623759010182594,selection-conditioned OOF predictions
297,5,Reducing Sugars,16.498759929999999,16.813343782348021,-0.31458385234802222,0.067223914882196853,0.15888231554192908,-0.091658400659732242,selection-conditioned OOF predictions
297,5,Total Sugars,18.284243199999999,18.402600750731416,-0.1183575507314174,-0.13322708692910859,-0.10474228018640286,-0.028484806742705718,selection-conditioned OOF predictions
297,5,Total Nitrogen,2.1979574300000002,2.3027154715325189,-0.10475804153251866,-0.18277174740709926,0.14635875999766393,-0.32913050740476318,selection-conditioned OOF predictions
297,5,K,2.6581268859999998,2.4096910180178925,0.24843586798210726,1.0212830012969747,0.21997271211095676,0.80131028918601788,selection-conditioned OOF predictions
297,5,cl,7.1271812910000003,6.618650529970096,0.50853076102990435,1.5311806038897975,1.1958044673529744,0.33537613653682313,selection-conditioned OOF predictions
297,5,pH,4.9400000000000004,4.9459248322689673,-0.0059248322689668953,0.051256273185458709,0.10335942918575873,-0.052103156000300022,selection-conditioned OOF predictions
297,5,Starch,5.0108845569999998,4.9817721109252711,0.029112446074728737,0.99868045811755357,0.96277912624750772,0.035901331870045794,selection-conditioned OOF predictions
297,5,Neochlorogenic Acid,1.1928394,1.346975582059728,-0.15413618205972801,-1.0933970316562855,-0.63872413590893329,-0.4546728957473522,selection-conditioned OOF predictions
297,5,Chlorogenic Acid,8.0630582830000002,7.1990905102412555,0.8639677727587447,-1.0111073333613243,-1.3568681682633883,0.34576083490206405,selection-conditioned OOF predictions
297,5,Cryptochlorogenic Acid,1.7525436299999999,2.1846190617931374,-0.43207543179313745,-1.2850619267721286,-0.484220978727256,-0.8008409480448726,selection-conditioned OOF predictions
297,5,Scopoletin,0.34167721400000001,0.4386079865843367,-0.096930772584336689,0.060164150925338049,0.84415260440554318,-0.78398845348020518,selection-conditioned OOF predictions
297,5,Rutin,5.1465766159999999,7.101300127675195,-1.9547235116751951,-1.7958598349055936,-0.87398267388744355,-0.92187716101814998,selection-conditioned OOF predictions
298,5,Total Alkaloids,2.840242827,2.9828811241158673,-0.14263829711586729,-0.406442247193809,-0.12999588004414683,-0.2764463671496622,selection-conditioned OOF predictions
298,5,Reducing Sugars,11.864770529999999,11.080960399159828,0.78381013084017148,-1.2829536416195282,-1.5113276744170743,0.22837403279754598,selection-conditioned OOF predictions
298,5,Total Sugars,12.64768271,12.776614905807058,-0.12893219580705839,-1.4897635753831719,-1.4587337960595796,-0.031029779323592202,selection-conditioned OOF predictions
298,5,Total Nitrogen,2.453595703,2.3724426099198341,0.081153093080165828,0.62039670891087539,0.3654286099258468,0.25496809898502859,selection-conditioned OOF predictions
298,5,K,2.8718976220000001,2.600581298342175,0.2713163236578251,1.7107836425490066,0.83567424897787712,0.87510939357112938,selection-conditioned OOF predictions
298,5,cl,3.6214952779999998,3.9807557587503615,-0.35926048075036165,-0.78082000856082345,-0.54388765111522797,-0.23693235744559549,selection-conditioned OOF predictions
298,5,pH,4.7800000000000002,4.7770143025673226,0.0029856974326776253,-1.3557886154459009,-1.3820449298937061,0.02625631444780514,selection-conditioned OOF predictions
298,5,Starch,5.3829887430000003,5.444591621425638,-0.061602878425637719,1.4575575939490104,1.5335259745114642,-0.075968380562453683,selection-conditioned OOF predictions
298,5,Neochlorogenic Acid,0.85538901199999995,0.93832405845159084,-0.082935046451590888,-2.0888125339266956,-1.8441696653595092,-0.24464286856718667,selection-conditioned OOF predictions
298,5,Chlorogenic Acid,5.405545686,5.0307036902359883,0.37484199576401167,-2.0746467422069097,-2.2246589133760675,0.15001217116915755,selection-conditioned OOF predictions
298,5,Cryptochlorogenic Acid,1.312799695,1.4962020902265127,-0.18340239522651269,-2.1001162526820241,-1.7601845248877441,-0.3399317277942801,selection-conditioned OOF predictions
298,5,Scopoletin,0.57811214300000002,0.45419492166264114,0.12391722133735888,1.9724800171187467,0.97022172364117099,1.0022582934775757,selection-conditioned OOF predictions
298,5,Rutin,4.183793595,5.1208643315395577,-0.93707073653955764,-2.2499228636534871,-1.8079861369938974,-0.44193672665958977,selection-conditioned OOF predictions
299,5,Total Alkaloids,2.9904477169999999,3.013886006622903,-0.023438289622903064,-0.11533111499286619,-0.069905516472225995,-0.045425598520640195,selection-conditioned OOF predictions
299,5,Reducing Sugars,12.01938855,11.217839487396724,0.80154906260327685,-1.2379035212125338,-1.4714460396226838,0.2335425184101502,selection-conditioned OOF predictions
299,5,Total Sugars,13.742440820000001,13.696086048556303,0.046354771443697373,-1.2262909620969782,-1.2374470454901902,0.011156083393212007,selection-conditioned OOF predictions
299,5,Total Nitrogen,2.4216116649999999,2.2714948406521707,0.15011682434782925,0.51990874157401457,0.048269277483273032,0.47163946409074153,selection-conditioned OOF predictions
299,5,K,2.543932028,2.5446027447122619,-0.00067071671226193175,0.65295649743591988,0.65511984126799172,-0.0021633438320718319,selection-conditioned OOF predictions
299,5,cl,5.0597548440000004,5.3692717852825487,-0.30951694128254825,0.16771245701768045,0.37183894043788696,-0.20412648342020651,selection-conditioned OOF predictions
299,5,pH,5.04,4.9443017404860603,0.095698259513939732,0.93065932858005462,0.089085910455016057,0.8415734181250385,selection-conditioned OOF predictions
299,5,Starch,4.7438232109999996,4.4354915964842059,0.30833161451579372,0.66934165959145031,0.289108559619562,0.38023309997188831,selection-conditioned OOF predictions
299,5,Neochlorogenic Acid,1.0308873860000001,1.1408859040213111,-0.109998518021311,-1.5711251691610923,-1.2466501234687932,-0.32447504569229912,selection-conditioned OOF predictions
299,5,Chlorogenic Acid,8.6739481569999999,7.7237167194924083,0.95023143750759154,-0.76662854662023772,-1.1469121932355599,0.38028364661532205,selection-conditioned OOF predictions
299,5,Cryptochlorogenic Acid,1.527435265,1.904257865036131,-0.37682260003613099,-1.702294620821118,-1.0038634070738197,-0.69843121374729833,selection-conditioned OOF predictions
299,5,Scopoletin,0.43385023900000003,0.46904672486254967,-0.035196485862549642,0.80567133502901056,1.0903450024684169,-0.28467366743940647,selection-conditioned OOF predictions
299,5,Rutin,6.2287360009999997,7.0579389856981791,-0.82920298469817943,-1.285497108077803,-0.89443244400865063,-0.39106466406915241,selection-conditioned OOF predictions
300,5,Total Alkaloids,2.6922532229999998,2.7145248842707699,-0.022271661270770071,-0.69325994783197897,-0.65009538422469715,-0.043164563607281811,selection-conditioned OOF predictions
300,5,Reducing Sugars,15.53385907,15.745022180230727,-0.21116311023072676,-0.21391343200539231,-0.15238810952739373,-0.061525322477998579,selection-conditioned OOF predictions
300,5,Total Sugars,17.36721885,18.451292890575921,-1.0840740405759206,-0.35392497419259966,-0.093023668363259149,-0.26090130582934051,selection-conditioned OOF predictions
300,5,Total Nitrogen,2.1691322670000002,2.1432843956880978,0.02584787131190236,-0.27333511023275897,-0.35454436993029381,0.0812092596975348,selection-conditioned OOF predictions
300,5,K,2.3218253729999998,2.1192117131499062,0.20261365985009361,-0.063430992799617919,-0.71694536528631991,0.65351437248670197,selection-conditioned OOF predictions
300,5,cl,3.0724531430000002,3.4260089829244,-0.35355583992439987,-1.142913404168411,-0.90974325846526083,-0.23317014570315031,selection-conditioned OOF predictions
300,5,pH,4.7800000000000002,4.8565765605279791,-0.076576560527978899,-1.3557886154459009,-0.68237200244676,-0.67341661299914091,selection-conditioned OOF predictions
300,5,Starch,6.6262896900000001,6.6199403313869363,0.0063493586130638491,2.9907904867816035,2.9829604875385165,0.0078299992430870616,selection-conditioned OOF predictions
300,5,Neochlorogenic Acid,1.028346703,1.0702939292224203,-0.041947226222420309,-1.5786197086089326,-1.4548832402453489,-0.12373646836358367,selection-conditioned OOF predictions
300,5,Chlorogenic Acid,8.2124790969999992,7.7759963689396656,0.43648272806033361,-0.95130896236952522,-1.1259898211156467,0.17468085874612155,selection-conditioned OOF predictions
300,5,Cryptochlorogenic Acid,1.538114529,1.5798028211214348,-0.041688292121434767,-1.6825008735333156,-1.6052326723621708,-0.077268201171144829,selection-conditioned OOF predictions
300,5,Scopoletin,0.27754122599999997,0.34224849828061427,-0.064707272280614292,-0.45857590142280769,0.064784771061906513,-0.52336067248471418,selection-conditioned OOF predictions
300,5,Rutin,6.9951005000000004,6.371848075529023,0.6232524244709774,-0.92406802390121112,-1.2180032900589219,0.29393526615771082,selection-conditioned OOF predictions
301,5,Total Alkaloids,2.747531575,2.848084128610854,-0.10055255361085402,-0.58612532899951408,-0.39124507092434935,-0.19488025807516474,selection-conditioned OOF predictions
301,5,Reducing Sugars,16.6050045,16.642427279466681,-0.037422779466680822,0.098179754771295036,0.10908340442958429,-0.01090364965828926,selection-conditioned OOF predictions
301,5,Total Sugars,18.824063689999999,18.805084123105523,0.018979566894476108,-0.0033098806471349531,-0.0078776441037836046,0.004567763456648651,selection-conditioned OOF predictions
301,5,Total Nitrogen,2.2959477740000001,2.2258174392531105,0.070130334746889567,0.1250958985480401,-0.095240720216874533,0.22033661876491462,selection-conditioned OOF predictions
301,5,K,2.6239671370000002,2.43904024231436,0.18492689468564016,0.91110342629421015,0.31463631925999147,0.59646710703421868,selection-conditioned OOF predictions
301,5,cl,7.2129826169999998,6.7253620018737612,0.48762061512623855,1.5877665951980482,1.2661807039816657,0.32158589121638254,selection-conditioned OOF predictions
301,5,pH,4.9900000000000002,5.0024556002890916,-0.012455600289091429,0.49095780088275665,0.60049273039276518,-0.10953492951000852,selection-conditioned OOF predictions
301,5,Starch,4.4736245239999999,4.509583793496156,-0.035959269496156132,0.33613390686818467,0.38047870924831051,-0.044344802380125822,selection-conditioned OOF predictions
301,5,Neochlorogenic Acid,1.2124419550000001,1.3428854676982764,-0.13044351269827636,-1.0355731623558051,-0.65078920794982753,-0.38478395440597746,selection-conditioned OOF predictions
301,5,Chlorogenic Acid,10.915438290000001,8.8821104480817681,2.0333278419182328,0.13041822323333663,-0.68332177311671172,0.81373999635004834,selection-conditioned OOF predictions
301,5,Cryptochlorogenic Acid,1.8573807630000001,2.2659815099284462,-0.40860074692844606,-1.0907489369462626,-0.33341772701372646,-0.75733120993253622,selection-conditioned OOF predictions
301,5,Scopoletin,0.40451354,0.44998827284254134,-0.045474732842541332,0.56839237122819097,0.9361978113698135,-0.36780544014162253,selection-conditioned OOF predictions
301,5,Rutin,6.4006405080000004,8.4677943396456286,-2.0671538316456282,-1.2044243436009627,-0.22952334388253551,-0.97490099971842725,selection-conditioned OOF predictions
302,5,Total Alkaloids,2.2088202589999999,2.1985072607968665,0.010312998203133361,-1.6301982691695711,-1.6501858247231915,0.019987555553620414,selection-conditioned OOF predictions
302,5,Reducing Sugars,13.96616908,12.878888568361781,1.0872805116382196,-0.67068181392064097,-0.98747618216749911,0.31679436824685808,selection-conditioned OOF predictions
302,5,Total Sugars,15.814232369999999,14.923385018593343,0.89084735140665572,-0.72767822849251729,-0.9420761649592273,0.21439793646671002,selection-conditioned OOF predictions
302,5,Total Nitrogen,1.919023141,2.0674327001232342,-0.14840955912323417,-1.0591320031747564,-0.5928564525499902,-0.46627555062476617,selection-conditioned OOF predictions
302,5,K,2.9639565870000002,2.6459016691305495,0.31805491786945073,2.0077125701852867,0.98185152892307981,1.0258610412622069,selection-conditioned OOF predictions
302,5,cl,6.8777060299999997,6.1302194204313301,0.74748660956866964,1.3666516203800356,0.87368405491272794,0.49296756546730763,selection-conditioned OOF predictions
302,5,pH,5.0300000000000002,4.9648721329521015,0.065127867047898746,0.84271902304059654,0.26998257030804274,0.5727364527325538,selection-conditioned OOF predictions
302,5,Starch,4.0351757209999999,3.9238202958483521,0.11135542515164776,-0.20455909928190052,-0.34188208697030625,0.13732298768840573,selection-conditioned OOF predictions
302,5,Neochlorogenic Acid,1.2359036329999999,1.4107311169294237,-0.17482748392942371,-0.96636560230855884,-0.45065723771696331,-0.51570836459159553,selection-conditioned OOF predictions
302,5,Chlorogenic Acid,7.8077694380000002,5.9033980299431548,1.9043714080568455,-1.1132742045937214,-1.875405696965049,0.7621314923713276,selection-conditioned OOF predictions
302,5,Cryptochlorogenic Acid,2.0026695120000002,2.0985407271563137,-0.095871215156313472,-0.82145989404340347,-0.64376500748768173,-0.17769488655572171,selection-conditioned OOF predictions
302,5,Scopoletin,0.27330419,0.32964563148873754,-0.056341441488737543,-0.49284558908148945,-0.037148823215222802,-0.45569676586626667,selection-conditioned OOF predictions
302,5,Rutin,4.0600999169999996,5.0952278721585103,-1.0351279551585106,-2.3082586722880341,-1.8200766788283809,-0.4881819934596533,selection-conditioned OOF predictions
303,5,Total Alkaloids,2.669320323,2.6332778845680722,0.036042438431927781,-0.73770605397173883,-0.80755967231399972,0.069853618342260865,selection-conditioned OOF predictions
303,5,Reducing Sugars,18.403118190000001,19.78879084268484,-1.3856726526848391,0.62208530109742655,1.0258203886902639,-0.40373508759283738,selection-conditioned OOF predictions
303,5,Total Sugars,21.085902470000001,22.124588934707781,-1.03868646470778,0.54104103007473781,0.79101902497769983,-0.2499779949029621,selection-conditioned OOF predictions
303,5,Total Nitrogen,2.2110358099999998,2.1408165953757505,0.070219214624249293,-0.1416818818229284,-0.36229774482251498,0.22061586299958655,selection-conditioned OOF predictions
303,5,K,2.3976106000000001,2.3306088394117781,0.067001760588222048,0.18100827700731661,-0.035100614953434091,0.2161088919607507,selection-conditioned OOF predictions
303,5,cl,7.1918755430000001,7.1199661353896593,0.071909407610340814,1.5738464757594908,1.5264222073510956,0.04742426840839533,selection-conditioned OOF predictions
303,5,pH,5.0250000000000004,5.0623114870490928,-0.037311487049092484,0.79874887027086761,1.126867227393747,-0.3281183571228794,selection-conditioned OOF predictions
303,5,Starch,5.1640558990000001,4.9813506160327643,0.18270528296723576,1.1875706382146423,0.9622593407242106,0.22531129749043166,selection-conditioned OOF predictions
303,5,Neochlorogenic Acid,1.2553481479999999,1.4678776534262967,-0.21252950542629678,-0.90900792143628339,-0.28208564807620928,-0.62692227336007411,selection-conditioned OOF predictions
303,5,Chlorogenic Acid,12.551986060000001,9.5806678424801888,2.9713182175198121,0.78536640666554525,-0.40375835011661032,1.1891247567821557,selection-conditioned OOF predictions
303,5,Cryptochlorogenic Acid,2.0025351360000001,2.433772072016632,-0.43123693601663193,-0.8217089565804423,-0.022422139372867068,-0.79928681720757522,selection-conditioned OOF predictions
303,5,Scopoletin,0.33453170700000001,0.39977691654050101,-0.065245209540501004,0.0023703788042312938,0.53008195646801048,-0.52771157766377919,selection-conditioned OOF predictions
303,5,Rutin,6.509460163,9.1656156913974272,-2.6561555283974272,-1.1531033490893647,0.099579755767339795,-1.2526831048567046,selection-conditioned OOF predictions
304,5,Total Alkaloids,2.86276544,2.7960907162732949,0.066674723726705132,-0.36279131565254108,-0.49201316930368522,0.12922185365114416,selection-conditioned OOF predictions
304,5,Reducing Sugars,16.879110220000001,17.43494585937011,-0.55583563937010894,0.1780442860222185,0.33999476553374003,-0.16195047951152153,selection-conditioned OOF predictions
304,5,Total Sugars,19.012552240000002,19.756514706095466,-0.74396246609546424,0.042053172971189906,0.22110070259306511,-0.1790475296218752,selection-conditioned OOF predictions
304,5,Total Nitrogen,2.2434876259999998,2.1922521147451013,0.051235511254898558,-0.03972424200803655,-0.2006967990525724,0.16097255704453586,selection-conditioned OOF predictions
304,5,K,2.2876862760000001,2.3581351973169662,-0.070448921316966118,-0.17354395640594195,0.05368348048496166,-0.22722743689090361,selection-conditioned OOF predictions
304,5,cl,5.7353156030000001,5.928985073023326,-0.19366947002332591,0.61324490994235292,0.74096996336884091,-0.12772505342648796,selection-conditioned OOF predictions
304,5,pH,4.915,4.9770756046295217,-0.062075604629521663,-0.16859449066319418,0.37730027310349051,-0.54589476376668467,selection-conditioned OOF predictions
304,5,Starch,5.2214746200000004,5.1191554416082932,0.10231917839170723,1.2583791354767118,1.1321996048841307,0.126179530592581,selection-conditioned OOF predictions
304,5,Neochlorogenic Acid,1.1785084029999999,1.3349057096800783,-0.15639730668007834,-1.1356707912490314,-0.6743280009639907,-0.46134279028504055,selection-conditioned OOF predictions
304,5,Chlorogenic Acid,11.328808009999999,8.6004829666554556,2.7283250433445438,0.29584923121416679,-0.79602939506700243,1.0918786262811693,selection-conditioned OOF predictions
304,5,Cryptochlorogenic Acid,1.9653761940000001,2.157804662630598,-0.19242846863059793,-0.89058212119460556,-0.53392079331162856,-0.356661327882977,selection-conditioned OOF predictions
304,5,Scopoletin,0.41548485000000002,0.38557462774791379,0.029910222252086227,0.65712972604570374,0.41521203302143977,0.24191769302426394,selection-conditioned OOF predictions
304,5,Rutin,5.7752782849999997,8.1969711406633294,-2.4216928556633297,-1.4993546226424084,-0.35724765902196526,-1.1421069636204431,selection-conditioned OOF predictions
305,5,Total Alkaloids,3.1029085730000001,3.2523806789234784,-0.14947210592347826,0.10262854742855881,0.39231947551913582,-0.289690928090577,selection-conditioned OOF predictions
305,5,Reducing Sugars,12.08058275,10.631472677452756,1.4491100725472439,-1.2200737360541825,-1.6422922022539272,0.42221846619974479,selection-conditioned OOF predictions
305,5,Total Sugars,13.10175257,12.931694655705577,0.17005791429442318,-1.3804837522552151,-1.4214111522715998,0.040927400016384625,selection-conditioned OOF predictions
305,5,Total Nitrogen,2.4226359419999999,2.3159304744474376,0.10670546755256227,0.52312683160129303,0.18787786966326872,0.33524896193802423,selection-conditioned OOF predictions
305,5,K,2.5651090160000001,2.6649449489945711,-0.099835932994571053,0.72126120124620496,1.0432741255023648,-0.32201292425615985,selection-conditioned OOF predictions
305,5,cl,5.7834135160000004,6.3301642730519054,-0.54675075705190501,0.64496549298978789,1.0055477243916522,-0.36058223140186424,selection-conditioned OOF predictions
305,5,pH,5.0099999999999998,4.9700401173915223,0.039959882608477493,0.66683841196167271,0.31542998337062667,0.35140842859104604,selection-conditioned OOF predictions
305,5,Starch,3.4973018599999999,3.4325612175976739,0.064740642402326021,-0.86786262034007766,-0.94770047671256119,0.079837856372483543,selection-conditioned OOF predictions
305,5,Neochlorogenic Acid,1.1964755970000001,1.1847481451315796,0.011727451868420502,-1.0826709308965221,-1.1172647195157721,0.034593788619249874,selection-conditioned OOF predictions
305,5,Chlorogenic Acid,8.2747909839999991,7.3056116883693747,0.96917929563062444,-0.92637167795595576,-1.3142382778373543,0.38786659988139849,selection-conditioned OOF predictions
305,5,Cryptochlorogenic Acid,1.6515729720000001,1.9615724459414299,-0.30999947394142979,-1.4722085024102178,-0.89763227257374634,-0.5745762298364715,selection-conditioned OOF predictions
305,5,Scopoletin,0.477262784,0.44979346854132768,0.027469315458672316,1.1567975368404835,0.93462220933170015,0.22217532750878335,selection-conditioned OOF predictions
305,5,Rutin,5.7926066660000002,7.4061995326104935,-1.6135928666104933,-1.491182296179915,-0.73018750483205563,-0.7609947913478593,selection-conditioned OOF predictions
306,5,Total Alkaloids,2.9861298519999999,3.2577144440464267,-0.27158459204642682,-0.12369954140588656,0.40265681143300258,-0.52635635283888915,selection-conditioned OOF predictions
306,5,Reducing Sugars,9.0412874169999995,6.532294223795553,2.5089931932044465,-2.1056148955132521,-2.8366451173088048,0.73103022179555288,selection-conditioned OOF predictions
306,5,Total Sugars,9.8127148900000005,8.392049577250738,1.4206653127492626,-2.1720479752837698,-2.5139558352356781,0.34190785995190809,selection-conditioned OOF predictions
306,5,Total Nitrogen,2.519412999,2.4301056092022475,0.089307389797752545,0.82718255285742448,0.54659515270060754,0.28058740015681694,selection-conditioned OOF predictions
306,5,K,2.6201218270000002,2.6214955792085819,-0.0013737522085817133,0.89870068230584288,0.90313161165783085,-0.0044309293519880343,selection-conditioned OOF predictions
306,5,cl,5.7214154229999998,6.4307040737273686,-0.7092886507273688,0.6040777385088586,1.0718537426361143,-0.46777600412725584,selection-conditioned OOF predictions
306,5,pH,5.0300000000000002,4.9078677682454943,0.12213223175450594,0.84271902304059654,-0.23131555463014133,1.0740345776707378,selection-conditioned OOF predictions
306,5,Starch,3.5931752220000002,3.8522938988691715,-0.25911867686917134,-0.74963204027051478,-0.43008810404034842,-0.31954393623016641,selection-conditioned OOF predictions
306,5,Neochlorogenic Acid,0.85183951700000005,0.80689419195259138,0.044945325047408669,-2.0992828800097807,-2.2318631789151508,0.13258029890537021,selection-conditioned OOF predictions
306,5,Chlorogenic Acid,5.9149139679999996,4.563139654295604,1.3517743137043956,-1.8707970061286987,-2.4117785450733362,0.54098153894463741,selection-conditioned OOF predictions
306,5,Cryptochlorogenic Acid,1.1941946029999999,1.3174918551849704,-0.12329725218497045,-2.3199478083111913,-2.0914194517662317,-0.22852835654495957,selection-conditioned OOF predictions
306,5,Scopoletin,0.50421940099999996,0.53395318748572373,-0.029733786485723779,1.3748260938139707,1.6153167518531504,-0.24049065803917971,selection-conditioned OOF predictions
306,5,Rutin,4.7588197990000003,4.872047371987712,-0.11322757298771169,-1.9787318121884818,-1.9253319769118131,-0.053399835276668813,selection-conditioned OOF predictions
307,5,Total Alkaloids,2.8449928679999998,2.7417391573466152,0.10325371065338462,-0.3972362232520395,-0.59735157643564996,0.20011535318361051,selection-conditioned OOF predictions
307,5,Reducing Sugars,17.576752809999999,14.543893597000839,3.0328592129991598,0.38131220188705223,-0.50235370408609292,0.8836659059731452,selection-conditioned OOF predictions
307,5,Total Sugars,20.593419569999998,15.795726263298242,4.7976933067017562,0.42251643959532698,-0.73213204550462885,1.1546484850999559,selection-conditioned OOF predictions
307,5,Total Nitrogen,2.031428252,2.239753827308665,-0.20832557530866502,-0.70597580936757698,-0.051455151061398349,-0.65452065830617867,selection-conditioned OOF predictions
307,5,K,2.1394551590000002,2.3351124342581473,-0.19565727525814713,-0.65165172801881965,-0.020574625135487714,-0.63107710288333196,selection-conditioned OOF predictions
307,5,cl,4.733220577,6.6698336282111788,-1.9366130512111788,-0.047636956047429527,1.2295597306713906,-1.27719668671882,selection-conditioned OOF predictions
307,5,pH,4.9775,4.8553930953251614,0.12210690467483865,0.38103241895843021,-0.69277943159987132,1.0738118505583014,selection-conditioned OOF predictions
307,5,Starch,5.1325467280000003,5.4392986905281271,-0.30675196252812675,1.148713676414961,1.5269987569692147,-0.37828508055425375,selection-conditioned OOF predictions
307,5,Neochlorogenic Acid,1.3513188519999999,0.74533949443845326,0.60597935756154664,-0.62591230227995032,-2.4134380187198659,1.7875257164399154,selection-conditioned OOF predictions
307,5,Chlorogenic Acid,8.2150752429999994,4.9045288683680965,3.3105463746319028,-0.95026998193901524,-2.2751542132335585,1.3248842312945432,selection-conditioned OOF predictions
307,5,Cryptochlorogenic Acid,1.901636543,1.2121752997098145,0.68946124329018543,-1.0087219615531478,-2.2866210390944466,1.2778990775412986,selection-conditioned OOF predictions
307,5,Scopoletin,0.240159765,0.51437961934949206,-0.27421985434949203,-0.76092192649675128,1.4570032358965737,-2.2179251623933247,selection-conditioned OOF predictions
307,5,Rutin,7.4465503650000002,4.7215929291083469,2.7249574358916533,-0.71115744222433741,-1.9962885668519066,1.2851311246275692,selection-conditioned OOF predictions
308,5,Total Alkaloids,2.6984388930000001,2.7166987589027234,-0.018259865902723327,-0.68127154054962302,-0.64588221176825522,-0.035389328781367781,selection-conditioned OOF predictions
308,5,Reducing Sugars,14.59803804,13.796697436192737,0.80134060380726346,-0.4865779641271808,-0.72005974515458415,0.23348178102740333,selection-conditioned OOF predictions
308,5,Total Sugars,16.28350631,16.560160103011732,-0.27665379301173232,-0.61473927860987287,-0.54815772314613775,-0.066581555463735065,selection-conditioned OOF predictions
308,5,Total Nitrogen,2.2955746000000001,2.181290643800903,0.11428395619909715,0.12392345444567385,-0.23513572556349471,0.35905918000916853,selection-conditioned OOF predictions
308,5,K,2.2582493490000002,2.2997763052868665,-0.041526956286866312,-0.26849044170498282,-0.13454852091260935,-0.13394192079237349,selection-conditioned OOF predictions
308,5,cl,4.5522037219999998,4.3005639577795582,0.25163976422044154,-0.16701760738697824,-0.332974081194717,0.16595647380773876,selection-conditioned OOF predictions
308,5,pH,4.8650000000000002,4.9292084901787083,-0.064208490178708111,-0.60829601836049207,-0.043644593906191957,-0.56465142445430017,selection-conditioned OOF predictions
308,5,Starch,6.6961495700000002,6.3433195178790038,0.35283005212099638,3.0769413629341478,2.6418329985457225,0.43510836438842504,selection-conditioned OOF predictions
308,5,Neochlorogenic Acid,0.98035118499999996,1.0163797443777076,-0.036028559377707658,-1.7201975059848791,-1.613919997336585,-0.10627750864829401,selection-conditioned OOF predictions
308,5,Chlorogenic Acid,8.5169693300000002,7.6855007336129049,0.83146859638709536,-0.82945164256993231,-1.1622062720205939,0.33275462945066148,selection-conditioned OOF predictions
308,5,Cryptochlorogenic Acid,1.4688143199999999,1.6493610576560034,-0.18054673765600349,-1.8109470683214484,-1.4763082300269652,-0.33463883829448321,selection-conditioned OOF predictions
308,5,Scopoletin,0.49760947999999999,0.43953890638616461,0.058070573613835386,1.3213642095820308,0.85168200251401449,0.46968220706801622,selection-conditioned OOF predictions
308,5,Rutin,6.7496397080000001,6.6321537026316761,0.11748600536832399,-1.0398310444607282,-1.0952392208301289,0.055408176369400777,selection-conditioned OOF predictions
309,5,Total Alkaloids,2.5079464950000001,2.553278577500834,-0.04533208250083387,-1.0504636331469588,-0.96260581532328937,-0.087857817823669401,selection-conditioned OOF predictions
309,5,Reducing Sugars,22.01358273,22.486724283381129,-0.4731415533811294,1.6740445892333304,1.8119009914131807,-0.13785640217985046,selection-conditioned OOF predictions
309,5,Total Sugars,26.291555039999999,26.509218355328208,-0.21766331532820971,1.7938720198153746,1.84625648902571,-0.052384469210335599,selection-conditioned OOF predictions
309,5,Total Nitrogen,2.0014544220000001,1.9445347474419137,0.056919674558086442,-0.80014807273221533,-0.9789792258785982,0.17883115314638284,selection-conditioned OOF predictions
309,5,K,1.8916529230000001,2.058116777720028,-0.16646385472002789,-1.4509182872436854,-0.91400225878063079,-0.53691602846305475,selection-conditioned OOF predictions
309,5,cl,3.914962236,4.7505715879528045,-0.8356093519528045,-0.58727849226016759,-0.036193960924431452,-0.55108453133573609,selection-conditioned OOF predictions
309,5,pH,5.1699999999999999,5.1309613945879589,0.039038605412041072,2.0738833005930322,1.7305766118161019,0.34330668877693049,selection-conditioned OOF predictions
309,5,Starch,5.6317514490000002,5.1014778189511896,0.53027363004881067,1.7643305955055224,1.1103996435872672,0.65393095191825534,selection-conditioned OOF predictions
309,5,Neochlorogenic Acid,1.6352273960000001,2.0372315915261039,-0.40200419552610378,0.21156477872023827,1.3974019341495241,-1.1858371554292857,selection-conditioned OOF predictions
309,5,Chlorogenic Acid,18.062397359999999,14.41400757657339,3.6483897834266088,2.9906389548046772,1.5305494267685438,1.4600895280361335,selection-conditioned OOF predictions
309,5,Cryptochlorogenic Acid,2.6977298850000002,3.1923444481532872,-0.494614563153287,0.46681702962171956,1.3835726850604237,-0.91675565543870419,selection-conditioned OOF predictions
309,5,Scopoletin,0.28368891800000001,0.19677042169739384,0.086918496302606174,-0.40885258430636606,-1.1118604700200159,0.7030078857136498,selection-conditioned OOF predictions
309,5,Rutin,7.7471899070000001,11.995296032723708,-4.2481061257237078,-0.56937128893289968,1.4340997858738789,-2.0034710748067788,selection-conditioned OOF predictions
310,5,Total Alkaloids,3.4744955549999998,3.7220463482928641,-0.24755079329286422,0.8227988896933901,1.3025754915918191,-0.47977660189842891,selection-conditioned OOF predictions
310,5,Reducing Sugars,5.6435794550000002,4.3786306208001449,1.2649488341998554,-3.0955845820730907,-3.4641450984306958,0.36856051635760473,selection-conditioned OOF predictions
310,5,Total Sugars,6.5638078310000001,4.9125440327585821,1.651263798241418,-2.9539540651675811,-3.3513594684009513,0.39740540323337015,selection-conditioned OOF predictions
310,5,Total Nitrogen,3.0628475800000001,2.7664234268286614,0.29642415317133874,2.5345540994160096,1.6032439058207524,0.93131019359525724,selection-conditioned OOF predictions
310,5,K,2.8359442449999999,2.8652750706198988,-0.02933082561989897,1.5948188619595989,1.6894231256291212,-0.094604263669522279,selection-conditioned OOF predictions
310,5,cl,6.0630640580000001,7.1221691791511281,-1.059105121151128,0.82939508023136133,1.5278751151434318,-0.69848003491207034,selection-conditioned OOF predictions
310,5,pH,4.8200000000000003,4.7862376674108509,0.033762332589149402,-1.004027393288061,-1.3009343776495272,0.29690698436146629,selection-conditioned OOF predictions
310,5,Starch,2.9982324550000001,3.2958910452301007,-0.29765859023010055,-1.4833126683744984,-1.1162414918615373,-0.36707117651296095,selection-conditioned OOF predictions
310,5,Neochlorogenic Acid,0.58663195700000004,0.58209873085859254,0.0045332261414074981,-2.8815955574612286,-2.894967726339738,0.01337216887850933,selection-conditioned OOF predictions
310,5,Chlorogenic Acid,3.778874267,3.6831962524944757,0.095678014505524267,-2.7256423993120751,-2.7639328439562871,0.038290444644212024,selection-conditioned OOF predictions
310,5,Cryptochlorogenic Acid,0.81879804,1.2824214952343045,-0.46362345523430448,-3.0157358982705373,-2.1564214820705434,-0.85931441619999338,selection-conditioned OOF predictions
310,5,Scopoletin,0.76913715100000002,0.78091231261534544,-0.01177516161534542,3.5175146496206255,3.6127536588450901,-0.095239009224464682,selection-conditioned OOF predictions
310,5,Rutin,3.6183416359999998,4.8426490515098592,-1.2243074155098594,-2.5165985564261892,-1.9391966693140641,-0.57740188711212515,selection-conditioned OOF predictions
311,5,Total Alkaloids,3.7498319410000001,3.7242548066311856,0.02557713436881448,1.3564265702873837,1.3068556905073629,0.049570879780020706,selection-conditioned OOF predictions
311,5,Reducing Sugars,15.26366262,15.097802247932854,0.16586037206714543,-0.29263894282258168,-0.34096467957935667,0.048325736756774935,selection-conditioned OOF predictions
311,5,Total Sugars,19.999217389999998,18.444337991834537,1.5548793981654612,0.27951133211550833,-0.094697485921489674,0.37420881803699801,selection-conditioned OOF predictions
311,5,Total Nitrogen,2.7212676290000002,2.6027750123479274,0.11849261665207278,1.4613726906453457,1.0890906732280126,0.37228201741733297,selection-conditioned OOF predictions
311,5,K,1.8150852550000001,2.0274406350513035,-0.21235538005130339,-1.6978812587571139,-1.0129457364380421,-0.68493552231907195,selection-conditioned OOF predictions
311,5,cl,5.1176781629999999,5.2539012277837136,-0.13622306478371371,0.20591289724722917,0.29575203516258664,-0.08983913791535747,selection-conditioned OOF predictions
311,5,pH,5.1050000000000004,5.0623909689801136,0.042609031019886778,1.5022713145865474,1.1275661939236306,0.37470512066291678,selection-conditioned OOF predictions
311,5,Starch,3.940019317,4.2847338538494251,-0.3447145368494251,-0.32190553011066014,0.10319481893225875,-0.42510034904291888,selection-conditioned OOF predictions
311,5,Neochlorogenic Acid,1.8653297310000001,1.8772330720137242,-0.011903341013724145,0.89032361116709613,0.92543623985333789,-0.035112628686241702,selection-conditioned OOF predictions
311,5,Chlorogenic Acid,10.09142495,10.969937434167981,-0.878512484167981,-0.19935280456679122,0.15222883953537644,-0.35158164410216763,selection-conditioned OOF predictions
311,5,Cryptochlorogenic Acid,2.6708656799999999,2.7916882766400395,-0.12082259664003958,0.41702490117000934,0.64096654588906776,-0.22394164471905839,selection-conditioned OOF predictions
311,5,Scopoletin,0.239113773,0.22270383771262875,0.016409935287371252,-0.76938204322303827,-0.90210769313429617,0.13272564991125799,selection-conditioned OOF predictions
311,5,Rutin,11.457456560000001,11.301223178433709,0.15623338156629174,1.18044655909445,1.1067645342994616,0.073682024794988338,selection-conditioned OOF predictions
312,5,Total Alkaloids,2.5214258429999998,2.4497973456340874,0.07162849736591248,-1.0243393953967068,-1.1631621259086298,0.13882273051192304,selection-conditioned OOF predictions
312,5,Reducing Sugars,22.992299169999999,24.156753072028827,-1.1644539020288285,1.9592072983813631,2.2984872121636828,-0.33927991378231964,selection-conditioned OOF predictions
312,5,Total Sugars,25.501700060000001,27.040394340975801,-1.5386942809758004,1.6037796571310612,1.9740932447209394,-0.37031358758987831,selection-conditioned OOF predictions
312,5,Total Nitrogen,1.9752300650000001,2.0047756860381258,-0.029545621038125747,-0.88254018124728706,-0.7897132717174008,-0.092826909529886217,selection-conditioned OOF predictions
312,5,K,1.7480117719999999,1.8346156156689206,-0.08660384366892071,-1.9142214856977524,-1.6348876214750485,-0.2793338642227039,selection-conditioned OOF predictions
312,5,cl,7.2899817789999997,7.2021608160589343,0.087820962941065339,1.638547557623671,1.5806296153570751,0.057917942266595773,selection-conditioned OOF predictions
312,5,pH,5.1299999999999999,5.1148911604752341,0.015108839524765827,1.7221220784351925,1.589254482019735,0.13286759641545751,selection-conditioned OOF predictions
312,5,Starch,4.2438903210000003,5.3855137030872493,-1.141623382087249,0.052826765907501759,1.4606713628785692,-1.4078445969710676,selection-conditioned OOF predictions
312,5,Neochlorogenic Acid,1.369891432,1.6784713903682329,-0.30857995836823293,-0.57112666650478139,0.33912647046804334,-0.91025313697282473,selection-conditioned OOF predictions
312,5,Chlorogenic Acid,17.638132160000001,12.436637107002319,5.2014950529976822,2.8208475639713373,0.73920363121131039,2.0816439327600267,selection-conditioned OOF predictions
312,5,Cryptochlorogenic Acid,2.4374978280000001,2.658884649644131,-0.22138682164413082,-0.015516544343958136,0.39481836267526293,-0.41033490701922104,selection-conditioned OOF predictions
312,5,Scopoletin,0.32688739900000002,0.32237503539854867,0.0045123636014513524,-0.059457759433622644,-0.095954331854565797,0.036496572420943146,selection-conditioned OOF predictions
312,5,Rutin,6.7891435070000004,10.399857875857116,-3.6107143688571153,-1.0212004556055596,0.68166703011716723,-1.7028674857227268,selection-conditioned OOF predictions
313,5,Total Alkaloids,2.8504819810000002,2.8710774351609953,-0.020595454160995175,-0.3865978086158115,-0.34668189123788912,-0.039915917377922432,selection-conditioned OOF predictions
313,5,Reducing Sugars,14.59793399,14.310887865483288,0.28704612451671174,-0.48660828054843874,-0.57024317945504044,0.083634898906601696,selection-conditioned OOF predictions
313,5,Total Sugars,16.366077369999999,16.791158705414539,-0.4250813354145393,-0.59486711437442275,-0.492563884758838,-0.10230322961558479,selection-conditioned OOF predictions
313,5,Total Nitrogen,2.3909984249999998,2.239002887857338,0.15199553714266179,0.42372756954078084,-0.053814464762091979,0.47754203430287279,selection-conditioned OOF predictions
313,5,K,2.3589820349999999,2.362703577557153,-0.003721542557153068,0.056414888611320643,0.068418430478733985,-0.012003541867413339,selection-conditioned OOF predictions
313,5,cl,6.02864208,5.5197236754494403,0.5089184045505597,0.80669377899598393,0.47106199148133676,0.33563178751464723,selection-conditioned OOF predictions
313,5,pH,4.8949999999999996,4.9673241449819896,-0.072324144981990024,-0.34447510174211804,0.29154563901752178,-0.63602074075963988,selection-conditioned OOF predictions
313,5,Starch,6.5949056820000003,6.0627350042684549,0.53217067773154536,2.9520878754061126,2.295817493188653,0.65627038221745915,selection-conditioned OOF predictions
313,5,Neochlorogenic Acid,1.02842397,0.95870526908704701,0.069718700912952958,-1.5783917854168161,-1.7840489076332753,0.20565712221645921,selection-conditioned OOF predictions
313,5,Chlorogenic Acid,8.5671458030000007,7.3048854046868783,1.2622603983131224,-0.80937096393359431,-1.3145289373507685,0.50515797341717417,selection-conditioned OOF predictions
313,5,Cryptochlorogenic Acid,1.495341687,1.631767063765297,-0.13642537676529698,-1.7617792606327545,-1.5089182552923563,-0.25286100534039818,selection-conditioned OOF predictions
313,5,Scopoletin,0.476682092,0.48250730792713853,-0.0058252159271385273,1.1521008258694425,1.1992159153724389,-0.047115089502996206,selection-conditioned OOF predictions
313,5,Rutin,7.0776984670000003,7.0772416255168977,0.00045684148310254358,-0.88511357388870049,-0.88532902723898887,0.00021545335028838304,selection-conditioned OOF predictions
314,5,Total Alkaloids,2.322891877,2.3406979073056733,-0.017806030305673293,-1.4091167992655387,-1.374607046338794,-0.03450975292674463,selection-conditioned OOF predictions
314,5,Reducing Sugars,20.981066739999999,21.581014590273831,-0.59994785027383202,1.3732066295204401,1.5480098180023096,-0.17480318848186951,selection-conditioned OOF predictions
314,5,Total Sugars,24.34608837,25.109862339165609,-0.76377396916560869,1.3256615695579308,1.5094770825720627,-0.18381551301413196,selection-conditioned OOF predictions
314,5,Total Nitrogen,1.996498431,1.9650417527768922,0.031456678223107826,-0.81571888532722869,-0.91454998519678843,0.098831099869559777,selection-conditioned OOF predictions
314,5,K,1.9865883499999999,2.10313939955891,-0.11655104955891016,-1.144711558395471,-0.76878534457794556,-0.3759262138175255,selection-conditioned OOF predictions
314,5,cl,6.1685260719999997,5.6388872772430565,0.5296387947569432,0.89894729912777593,0.54965041021222505,0.34929688891555083,selection-conditioned OOF predictions
314,5,pH,5.1200000000000001,5.1267874177222685,-0.0067874177222684295,1.6341817728957344,1.6938705317277576,-0.05968875883202307,selection-conditioned OOF predictions
314,5,Starch,5.3530651410000001,4.7534021814253657,0.59966295957463434,1.4206559483988028,0.68115440096438995,0.73950154743441288,selection-conditioned OOF predictions
314,5,Neochlorogenic Acid,1.6579718000000001,1.9984782669523744,-0.3405064669523743,0.27865651468084746,1.2830868780198297,-1.0044303633389822,selection-conditioned OOF predictions
314,5,Chlorogenic Acid,18.75513136,13.515234492170727,5.2398968678292732,3.267871849082935,1.1708594685907343,2.0970123804922007,selection-conditioned OOF predictions
314,5,Cryptochlorogenic Acid,2.8618377320000001,3.1613339939685705,-0.29949626196857038,0.77098679745060217,1.3260955880046474,-0.55510879055404527,selection-conditioned OOF predictions
314,5,Scopoletin,0.29679452299999998,0.26047515605007782,0.036319366949922161,-0.30285277927094512,-0.59660845218354019,0.29375567291259513,selection-conditioned OOF predictions
314,5,Rutin,7.2119426410000003,10.959778249916219,-3.747835608916219,-0.82180199183058766,0.94573394380127362,-1.7675359356318612,selection-conditioned OOF predictions
315,5,Total Alkaloids,3.049773354,3.1986055160351783,-0.14883216203517824,-0.00035247910682946579,0.28809817784565017,-0.28845065695247962,selection-conditioned OOF predictions
315,5,Reducing Sugars,9.2294466790000005,8.6604651693874004,0.56898150961260008,-2.050792065620648,-2.2165727780977642,0.16578071247711601,selection-conditioned OOF predictions
315,5,Total Sugars,10.3220198,9.0970999245154545,1.2249198754845452,-2.0494748750057648,-2.3442731849813923,0.29479830997562728,selection-conditioned OOF predictions
315,5,Total Nitrogen,2.7528074839999999,2.5281755764572784,0.22463190754272144,1.5604651166563854,0.85471296028483257,0.70575215637155297,selection-conditioned OOF predictions
315,5,K,2.6864793410000001,2.7237582224207673,-0.037278881420767185,1.1127316077309701,1.2329716982397916,-0.12024009050882155,selection-conditioned OOF predictions
315,5,cl,6.2085042689999996,6.2168095015077531,-0.0083052325077535016,0.92531292788229591,0.93079023034842268,-0.0054773024661267343,selection-conditioned OOF predictions
315,5,pH,4.6799999999999997,4.7246575349806319,-0.044657534980632185,-2.2351916708405049,-1.8424719437569135,-0.39271972708359126,selection-conditioned OOF predictions
315,5,Starch,6.1324785320000004,4.4096647434901906,1.7228137885098098,2.3818248842697987,0.25725900571684446,2.1245658785529544,selection-conditioned OOF predictions
315,5,Neochlorogenic Acid,0.68609264800000003,0.56460326683158168,0.12148938116841834,-2.588205129686918,-2.9465760715401021,0.35837094185318424,selection-conditioned OOF predictions
315,5,Chlorogenic Acid,4.8264863169999996,3.4665864335370955,1.3598998834629041,-2.3063869265010419,-2.8506203272307387,0.54423340072969661,selection-conditioned OOF predictions
315,5,Cryptochlorogenic Acid,0.98270907100000005,1.1330741263935398,-0.15036505539353973,-2.7119309239486036,-2.4332330747919442,-0.27869784915665902,selection-conditioned OOF predictions
315,5,Scopoletin,0.73726385400000005,0.68975685459385838,0.04750699940614167,3.2597193576187626,2.8754766862679255,0.38424267135083734,selection-conditioned OOF predictions
315,5,Rutin,3.8589658230000001,3.8801474725748264,-0.021181649574826267,-2.4031165519079356,-2.3931269657290763,-0.0099895861788594532,selection-conditioned OOF predictions
316,5,Total Alkaloids,3.1664528810000001,3.26049934933125,-0.094046468331249855,0.22578336247356459,0.40805421847172996,-0.18227085599816539,selection-conditioned OOF predictions
316,5,Reducing Sugars,10.651416230000001,10.103511622469533,0.54790460753046766,-1.6364813695735152,-1.7961210321483851,0.15963966257486986,selection-conditioned OOF predictions
316,5,Total Sugars,11.775242309999999,11.491273150284464,0.28396915971553582,-1.6997315582871324,-1.7680736842047351,0.06834212591760265,selection-conditioned OOF predictions
316,5,Total Nitrogen,2.6711606200000002,2.4818416122190912,0.18931900778090904,1.3039456802178386,0.70914016284899184,0.59480551736884679,selection-conditioned OOF predictions
316,5,K,2.4899551610000001,2.6420532724035981,-0.15209811140359797,0.47885837200646225,0.96943882894049105,-0.49058045693402885,selection-conditioned OOF predictions
316,5,cl,5.2385496150000002,6.0024217105154483,-0.7638720955154481,0.28562764352385084,0.78940144018350478,-0.50377379665965394,selection-conditioned OOF predictions
316,5,pH,4.8449999999999998,4.843660142346887,0.0013398576531127304,-0.78417662943941602,-0.7959593785788277,0.011782749139411719,selection-conditioned OOF predictions
316,5,Starch,4.2636752470000001,4.3165564704406103,-0.052881223440610192,0.077225443796917453,0.14243832036394022,-0.065212876567022751,selection-conditioned OOF predictions
316,5,Neochlorogenic Acid,1.0027061930000001,0.90590811401541149,0.096798078984588587,-1.6542544153620904,-1.9397906359079538,0.28553622054586314,selection-conditioned OOF predictions
316,5,Chlorogenic Acid,7.0591677549999998,5.6057640203033898,1.45340373469661,-1.4128654058912822,-1.9945191487778295,0.58165374288654736,selection-conditioned OOF predictions
316,5,Cryptochlorogenic Acid,1.4598336009999999,1.6075313066537422,-0.14769770565374229,-1.8275926051626357,-1.5538386216766573,-0.27375398348597835,selection-conditioned OOF predictions
316,5,Scopoletin,0.683636142,0.5743974383646413,0.1092387036353587,2.825971582029942,1.9424350121676437,0.88353656986229823,selection-conditioned OOF predictions
316,5,Rutin,5.6356346149999998,5.9758050588775333,-0.34017044387753348,-1.5652126886475746,-1.4047831643741628,-0.16042952427341181,selection-conditioned OOF predictions
317,5,Total Alkaloids,2.3330341400000001,2.424976679151833,-0.091942539151832925,-1.38946014451209,-1.2112669001382244,-0.17819324437386566,selection-conditioned OOF predictions
317,5,Reducing Sugars,19.469697759999999,19.677628915051365,-0.20793115505136583,0.93284816077018673,0.99343180795069919,-0.060583647180512436,selection-conditioned OOF predictions
317,5,Total Sugars,22.42463412,22.953391634621603,-0.52875751462160281,0.86323012654504183,0.99048483505052742,-0.12725470850548562,selection-conditioned OOF predictions
317,5,Total Nitrogen,2.1020452380000001,1.9684560676056364,0.13358917039436369,-0.48411022183308383,-0.90382283570463839,0.41971261387155462,selection-conditioned OOF predictions
317,5,K,2.172253124,2.1331475175422954,0.039105606457704667,-0.54586447985562114,-0.671996527832183,0.12613204797656183,selection-conditioned OOF predictions
317,5,cl,3.8886485930000001,4.138130062611622,-0.24948146961162188,-0.60463234497436003,-0.44009926688401751,-0.16453307809034257,selection-conditioned OOF predictions
317,5,pH,4.9349999999999996,4.9906684962572312,-0.055668496257231581,0.0072861204157218832,0.49683657739404441,-0.4895504569783225,selection-conditioned OOF predictions
317,5,Starch,6.9059707299999999,6.4337518176545467,0.47221891234545321,3.3356918327222882,2.7533536862158496,0.58233814650643867,selection-conditioned OOF predictions
317,5,Neochlorogenic Acid,1.1936508690000001,1.3882108955585499,-0.19456002655854987,-1.0910033499450291,-0.51708767686978208,-0.57391567307524705,selection-conditioned OOF predictions
317,5,Chlorogenic Acid,12.403941359999999,11.493231730753102,0.91070962924689702,0.72611875798140857,0.36165178167709,0.36446697630431862,selection-conditioned OOF predictions
317,5,Cryptochlorogenic Acid,1.800883813,2.2983465833820933,-0.4974627703820933,-1.1954646131231612,-0.27342987720566342,-0.92203473591749796,selection-conditioned OOF predictions
317,5,Scopoletin,0.35495146500000002,0.38140235676947981,-0.02645089176947979,0.16752798632181515,0.38146617311882958,-0.21393818679701443,selection-conditioned OOF predictions
317,5,Rutin,7.7805517240000004,9.0403771755226998,-1.2598254515226994,-0.55363735164782046,0.040515378235104663,-0.59415272988292511,selection-conditioned OOF predictions
318,5,Total Alkaloids,2.2576158660000001,2.4857885244166096,-0.2281726584166095,-1.5356278167681725,-1.0934078535635245,-0.44221996320464807,selection-conditioned OOF predictions
318,5,Reducing Sugars,19.39720294,18.127232564211333,1.2699703757886667,0.91172578208571431,0.54170216942662619,0.37002361265908806,selection-conditioned OOF predictions
318,5,Total Sugars,20.662784370000001,20.686867067545158,-0.024082697545157572,0.43921028726737099,0.44500620802762336,-0.005795920760252384,selection-conditioned OOF predictions
318,5,Total Nitrogen,2.1156173649999999,1.9392523413276372,0.17636502367236262,-0.44146909394711453,-0.9955755747533539,0.55410648080623937,selection-conditioned OOF predictions
318,5,K,2.9025224710000002,2.7963423654868196,0.10618010551318058,1.8095616765253066,1.4670861244013418,0.3424755521239648,selection-conditioned OOF predictions
318,5,cl,2.3244889820000001,2.5963223681612524,-0.2718333861612523,-1.636195914898249,-1.4569217434639627,-0.17927417143428623,selection-conditioned OOF predictions
318,5,pH,4.835,4.8164341386843104,0.018565861315689602,-0.87211693497887399,-1.0353856866493722,0.16326875167049826,selection-conditioned OOF predictions
318,5,Starch,4.1356410160000001,3.8871554982066039,0.24848551779339623,-0.080665768987404879,-0.38709694334842121,0.3064311743610163,selection-conditioned OOF predictions
318,5,Neochlorogenic Acid,1.867993703,1.7871394306274206,0.080854272372579361,0.89818183009560493,0.65967685571560908,0.23850497437999579,selection-conditioned OOF predictions
318,5,Chlorogenic Acid,13.373236240000001,12.202088050961315,1.1711481890386857,1.1140316148521503,0.64533684589908269,0.46869476895306761,selection-conditioned OOF predictions
318,5,Cryptochlorogenic Acid,2.9752994699999999,3.0371435782917064,-0.061844108291706501,0.9812852757733449,1.0959117753865697,-0.11462649961322478,selection-conditioned OOF predictions
318,5,Scopoletin,0.40999046099999997,0.35471971389170026,0.055270747108299711,0.61269040693080845,0.16565355379492933,0.44703685313587904,selection-conditioned OOF predictions
318,5,Rutin,8.4579018010000002,9.333147765282213,-0.8752459642822128,-0.23418881467030878,0.17859041468146472,-0.41277922935177347,selection-conditioned OOF predictions
319,5,Total Alkaloids,2.3267840440000001,2.7176339925432669,-0.39084994854326682,-1.4015734154110906,-0.64406964145865331,-0.75750377395243729,selection-conditioned OOF predictions
319,5,Reducing Sugars,16.241526159999999,15.253168109999898,0.98835805000010168,-0.0077247380060306552,-0.29569666493748792,0.28797192693145723,selection-conditioned OOF predictions
319,5,Total Sugars,17.503061160000001,17.99767669527774,-0.49461553527773816,-0.32123215549264639,-0.20219430917646325,-0.11903784631618314,selection-conditioned OOF predictions
319,5,Total Nitrogen,2.23122686,2.039922460603762,0.191304399396238,-0.078245314717269601,-0.67928856754003408,0.6010432528227645,selection-conditioned OOF predictions
319,5,K,2.8582371110000002,2.6880531797075209,0.17018393129247933,1.666722742209821,1.1178079002973336,0.54891484191248741,selection-conditioned OOF predictions
319,5,cl,2.7907999459999999,3.9977648546378495,-1.2069649086378496,-1.3286637427748698,-0.53267014904479837,-0.79599359373007128,selection-conditioned OOF predictions
319,5,pH,4.9299999999999997,4.9030432027282158,0.026956797271783906,-0.036684032354007128,-0.27374293119860271,0.23705889884459558,selection-conditioned OOF predictions
319,5,Starch,3.5312917609999999,3.0536968128121567,0.4775949481878432,-0.82594643394685408,-1.4149142826235424,0.58896784867668828,selection-conditioned OOF predictions
319,5,Neochlorogenic Acid,1.7553467679999999,1.7738556341954927,-0.018508866195492857,0.56589444987707227,0.62049214185081014,-0.0545976919737379,selection-conditioned OOF predictions
319,5,Chlorogenic Acid,13.35832461,11.627762001730467,1.7305626082695333,1.1080639644361081,0.41549094128394204,0.69257302315216607,selection-conditioned OOF predictions
319,5,Cryptochlorogenic Acid,2.7665921849999999,2.9225554150512583,-0.15596323005125834,0.59445157108982372,0.88352549620526244,-0.28907392511543878,selection-conditioned OOF predictions
319,5,Scopoletin,0.37866688100000001,0.34822202735832303,0.030444853641676983,0.35934129614871047,0.11309943624604327,0.24624185990266723,selection-conditioned OOF predictions
319,5,Rutin,9.5424291560000007,9.1258010880121461,0.41662806798785468,0.27729068261015105,0.080802586865109147,0.19648809574504189,selection-conditioned OOF predictions
320,5,Total Alkaloids,2.4918340739999998,2.5905388680861337,-0.098704794086133862,-1.0816910127602879,-0.89039188554761606,-0.19129912721267178,selection-conditioned OOF predictions
320,5,Reducing Sugars,18.56102593,18.532991610535298,0.028034319464701696,0.66809392738947371,0.65992573672571442,0.0081681906637593293,selection-conditioned OOF predictions
320,5,Total Sugars,20.834640400000001,21.333664830234177,-0.49902443023417575,0.48057043515710957,0.60066935886131667,-0.12009892370420718,selection-conditioned OOF predictions
320,5,Total Nitrogen,2.038294858,1.9418227202613874,0.096472137738612629,-0.68440219569681127,-0.98749991669110304,0.30309772099429183,selection-conditioned OOF predictions
320,5,K,2.7789786859999999,2.6829252167338469,0.096053469266152991,1.411080946308785,1.1012680603509299,0.30981288595785506,selection-conditioned OOF predictions
320,5,cl,3.322828092,3.4326185012874921,-0.10979040928749217,-0.97779107624637185,-0.90538427980978342,-0.0724067964365884,selection-conditioned OOF predictions
320,5,pH,4.9100000000000001,4.8932254951529996,0.016774504847000493,-0.21256464343292319,-0.36008015158476064,0.14751550815183745,selection-conditioned OOF predictions
320,5,Starch,4.7143239699999997,4.4517080682291743,0.26261590177082539,0.63296333403484983,0.30910663646899267,0.32385669756585711,selection-conditioned OOF predictions
320,5,Neochlorogenic Acid,1.800193556,1.6408100100457128,0.15938354595428716,0.69818408293043444,0.22803244555929655,0.47015163737113785,selection-conditioned OOF predictions
320,5,Chlorogenic Acid,12.4612265,11.185753609708051,1.2754728902919492,0.749044332821586,0.23859870585785806,0.51044562696372797,selection-conditioned OOF predictions
320,5,Cryptochlorogenic Acid,2.8306365800000002,2.7246256065925696,0.1060109734074306,0.71315624678940392,0.51666757328525381,0.1964886735041502,selection-conditioned OOF predictions
320,5,Scopoletin,0.36423463299999997,0.31617523454602164,0.04805939845397833,0.24261143329820856,-0.14609911201742765,0.3887105453156362,selection-conditioned OOF predictions
320,5,Rutin,9.3126643520000005,9.2853764063683499,0.027287945631650601,0.16893012729463902,0.15606071957601753,0.012869407718621502,selection-conditioned OOF predictions
321,5,Total Alkaloids,2.2942544360000001,2.4317029224027924,-0.13744848640279228,-1.4646188396641413,-1.1982308113115174,-0.26638802835262404,selection-conditioned OOF predictions
321,5,Reducing Sugars,17.060956730000001,17.615359985608755,-0.55440325560875436,0.23102780741960585,0.39256094190938895,-0.16153313448978313,selection-conditioned OOF predictions
321,5,Total Sugars,19.232282349999998,19.868701524141706,-0.63641917414170734,0.09493505232932678,0.24810041500159483,-0.15316536267226805,selection-conditioned OOF predictions
321,5,Total Nitrogen,2.1303263879999998,2.0611016520032623,0.069224735996737508,-0.39525604784014295,-0.61274744182057039,0.21749139398042736,selection-conditioned OOF predictions
321,5,K,2.973853053,2.7064139261750144,0.26743912682498561,2.0396328403813384,1.177029039261849,0.8626038011194892,selection-conditioned OOF predictions
321,5,cl,3.0608815809999999,3.1119002744667759,-0.051018693466776011,-1.1505448515746541,-1.1168980132371054,-0.033646838337548689,selection-conditioned OOF predictions
321,5,pH,4.8200000000000003,4.818344698873271,0.0016553011267292916,-1.004027393288061,-1.0185841619724996,0.014556768684438615,selection-conditioned OOF predictions
321,5,Starch,3.8944333379999998,3.9442480123956836,-0.049814674395683767,-0.37812194547125755,-0.31669072279463883,-0.06143122267661872,selection-conditioned OOF predictions
321,5,Neochlorogenic Acid,1.9385257899999999,1.8113204935473606,0.12720529645263934,1.1062382890713913,0.73100646666832902,0.37523182240306219,selection-conditioned OOF predictions
321,5,Chlorogenic Acid,14.51908353,12.304914049807785,2.2141694801922149,1.5726009367095981,0.68648792158940475,0.88611301512019347,selection-conditioned OOF predictions
321,5,Cryptochlorogenic Acid,3.1829112400000001,3.1339934717502036,0.048917768249796545,1.3660884709517171,1.2754206175659635,0.090667853385753755,selection-conditioned OOF predictions
321,5,Scopoletin,0.42815755100000003,0.43329661872734931,-0.0051390677273492891,0.75962814830642267,0.801193583642132,-0.041565435335709416,selection-conditioned OOF predictions
321,5,Rutin,9.2282086979999995,9.2048839933272504,0.023324704672749164,0.12909956400708328,0.11809928064379925,0.011000283363284026,selection-conditioned OOF predictions
322,5,Total Alkaloids,2.4248075619999998,2.6681499031137403,-0.24334234111374053,-1.2115946650035676,-0.73997443723302647,-0.47162022777054119,selection-conditioned OOF predictions
322,5,Reducing Sugars,19.419274009999999,18.587435926734933,0.83183808326506536,0.91815649670106869,0.67578884893132951,0.24236764776973913,selection-conditioned OOF predictions
322,5,Total Sugars,22.291271099999999,22.544827862565874,-0.253556762565875,0.8311339921805847,0.89215684484492164,-0.061022852664336942,selection-conditioned OOF predictions
322,5,Total Nitrogen,2.0427660329999999,1.8935817704009281,0.1491842625990718,-0.67035458584350316,-1.1390641123651126,0.46870952652160958,selection-conditioned OOF predictions
322,5,K,2.912588188,2.6423791836301378,0.27020900436986217,1.8420278524670002,0.97049002988546207,0.87153782258153811,selection-conditioned OOF predictions
322,5,cl,3.666929052,3.8970417280755774,-0.23011267607557739,-0.75085642570587963,-0.5990970707475306,-0.15175935495834897,selection-conditioned OOF predictions
322,5,pH,5.0999999999999996,5.0752339643733704,0.024766035626629268,1.4583011618168105,1.2405078878161178,0.2177932740006927,selection-conditioned OOF predictions
322,5,Starch,4.2801212709999996,4.1459470708239587,0.13417420017604087,0.097506603409927464,-0.067956390546442924,0.16546299395637037,selection-conditioned OOF predictions
322,5,Neochlorogenic Acid,2.030713875,1.91381171913934,0.11690215586066,1.3781758899658443,1.0333364044278024,0.34483948553804195,selection-conditioned OOF predictions
322,5,Chlorogenic Acid,14.81435926,14.074368165358045,0.73999109464195456,1.6907706024658991,1.39462536792028,0.29614523454561897,selection-conditioned OOF predictions
322,5,Cryptochlorogenic Acid,3.1916035809999999,3.2354865785279348,-0.043882997527934897,1.3821995064213337,1.4635355388763045,-0.081336032454970883,selection-conditioned OOF predictions
322,5,Scopoletin,0.31201070199999997,0.29822753015450193,0.013783171845498043,-0.17978238249154646,-0.29126243460608064,0.1114800521145342,selection-conditioned OOF predictions
322,5,Rutin,12.24859732,11.808859070097917,0.43973824990208321,1.5535605025439265,1.346173295611828,0.20738720693209864,selection-conditioned OOF predictions
323,5,Total Alkaloids,2.987850398,3.0170772240569801,-0.029226826056980126,-0.12036496225827148,-0.063720638467697766,-0.056644323790573707,selection-conditioned OOF predictions
323,5,Reducing Sugars,17.072487030000001,16.505130529220672,0.56735650077932931,0.23438732142275234,0.069080077973381476,0.16530724344937087,selection-conditioned OOF predictions
323,5,Total Sugars,19.164747689999999,19.021722006026657,0.1430256839733417,0.078681659735053616,0.044260036931545371,0.034421622803508238,selection-conditioned OOF predictions
323,5,Total Nitrogen,2.293963191,2.1582968643475353,0.1356663266524647,0.11886070361482706,-0.3073779533478973,0.42623865696272434,selection-conditioned OOF predictions
323,5,K,2.677106641,2.4509738733075581,0.22613276769244184,1.082500703439828,0.35312730439780382,0.72937339904202414,selection-conditioned OOF predictions
323,5,cl,3.5313947130000001,3.0582211148706895,0.47317359812931059,-0.84024134883193413,-1.1522994295082054,0.31205808067627133,selection-conditioned OOF predictions
323,5,pH,4.7949999999999999,4.8114956842822272,-0.016495684282227252,-1.2238781571367139,-1.0788146055505607,-0.14506355158615308,selection-conditioned OOF predictions
323,5,Starch,5.9552729209999997,5.2799689042951963,0.67530401670480344,2.163295756438532,1.3305140123466281,0.83278174409190375,selection-conditioned OOF predictions
323,5,Neochlorogenic Acid,1.459260225,1.296389431507067,0.16287079349293299,-0.30750544947599756,-0.7879438145667147,0.48043836509071713,selection-conditioned OOF predictions
323,5,Chlorogenic Acid,9.8953551409999996,9.5548453586789961,0.34050978232100348,-0.27782015369308688,-0.41409253599698875,0.13627238230390185,selection-conditioned OOF predictions
323,5,Cryptochlorogenic Acid,2.2328751470000001,2.1156225368529196,0.11725261014708055,-0.39477953822318168,-0.61210430274689154,0.2173247645237098,selection-conditioned OOF predictions
323,5,Scopoletin,0.37521273100000002,0.36206548049689641,0.013147250503103614,0.33140369032562189,0.22506705114865697,0.1063366391769649,selection-conditioned OOF predictions
323,5,Rutin,8.2161812229999995,8.2395900980883923,-0.023408875088392733,-0.34818789376018794,-0.33714791435633767,-0.01103997940385025,selection-conditioned OOF predictions
324,5,Total Alkaloids,2.3911725399999999,2.4112121860512628,-0.020039646051262849,-1.276782485027427,-1.2379437757757557,-0.038838709251671398,selection-conditioned OOF predictions
324,5,Reducing Sugars,20.528672740000001,19.24804786067488,1.2806248793251207,1.2413953168972307,0.86826736577103503,0.37312795112619557,selection-conditioned OOF predictions
324,5,Total Sugars,21.957406389999999,22.164478850523857,-0.20707246052385742,0.75078363275028348,0.80061922822609399,-0.049835595475810505,selection-conditioned OOF predictions
324,5,Total Nitrogen,1.953922417,1.8927512830841415,0.061171133915858489,-0.94948489398960334,-1.1416733508347183,0.19218845684511493,selection-conditioned OOF predictions
324,5,K,2.8907316750000001,2.7338102255176553,0.15692144948234477,1.7715313943875683,1.2653936410691025,0.50613775331846589,selection-conditioned OOF predictions
324,5,cl,3.6469746270000001,3.4745904694089509,0.17238415759104919,-0.76401637290309588,-0.87770375861001715,0.11368738570692127,selection-conditioned OOF predictions
324,5,pH,4.9349999999999996,4.9229442966336689,0.012055703366330661,0.0072861204157218832,-0.098732103337099475,0.10601822375282137,selection-conditioned OOF predictions
324,5,Starch,4.5017023299999996,4.0904029421034744,0.4112993878965252,0.37075932545380408,-0.13645314940717118,0.5072124748609752,selection-conditioned OOF predictions
324,5,Neochlorogenic Acid,1.8303008169999999,1.8437385911516069,-0.013437774151606963,0.78699486933350493,0.82663378865967907,-0.039638919326174193,selection-conditioned OOF predictions
324,5,Chlorogenic Acid,14.041571619999999,12.346175696669754,1.6953959233302456,1.3815001550796524,0.70300087718596993,0.67849927789368247,selection-conditioned OOF predictions
324,5,Cryptochlorogenic Acid,3.0031548909999999,3.0892636123939727,-0.086108721393972854,1.0329145981563614,1.1925149480070707,-0.15960034985070931,selection-conditioned OOF predictions
324,5,Scopoletin,0.28868085100000002,0.3138623091319715,-0.025181458131971479,-0.3684771934144625,-0.16480634781087533,-0.20367084560358717,selection-conditioned OOF predictions
324,5,Rutin,9.6630193759999994,9.9192745346674869,-0.25625515866748749,0.33416285353159297,0.45501666060847479,-0.1208538070768818,selection-conditioned OOF predictions
325,5,Total Alkaloids,2.1898930459999999,2.5987524189462161,-0.40885937294621622,-1.6668809790722807,-0.87447325540003151,-0.79240772367224932,selection-conditioned OOF predictions
325,5,Reducing Sugars,19.04105728,18.83064604094681,0.21041123905319026,0.8079577680765555,0.74665151377106731,0.061306254305488229,selection-conditioned OOF predictions
325,5,Total Sugars,21.27562605,21.896081149854133,-0.62045509985413361,0.58670131518065216,0.73602464523144728,-0.14932333005079518,selection-conditioned OOF predictions
325,5,Total Nitrogen,2.1205591460000002,2.0267772259181545,0.093781920081845715,-0.42594292655968369,-0.72058847825558237,0.29464555169589868,selection-conditioned OOF predictions
325,5,K,2.7942291469999998,2.6581027044490471,0.13612644255095274,1.4602701049169542,1.0212050056124371,0.43906509930451693,selection-conditioned OOF predictions
325,5,cl,4.0152511479999999,3.9112240394970987,0.1040271085029012,-0.52113793514633056,-0.58974383358626437,0.068605898439933879,selection-conditioned OOF predictions
325,5,pH,4.96,4.9712063778253031,-0.011206377825303093,0.22713688426437476,0.32568611325915298,-0.098549228994778221,selection-conditioned OOF predictions
325,5,Starch,4.0864687420000001,3.5856033922039581,0.50086534979604203,-0.14130478651095296,-0.75896958523920022,0.6176647987282472,selection-conditioned OOF predictions
325,5,Neochlorogenic Acid,2.1013985320000002,2.0362259216585779,0.065172610341422299,1.5866824018933601,1.3944353962171343,0.19224700567622582,selection-conditioned OOF predictions
325,5,Chlorogenic Acid,16.931614509999999,14.294430060453259,2.6371844495467407,2.5380984380901572,1.4826943757899733,1.0554040623001839,selection-conditioned OOF predictions
325,5,Cryptochlorogenic Acid,3.3866780099999998,3.5066189896802644,-0.11994097968026463,1.7437650553148114,1.9660726451676893,-0.22230758985287791,selection-conditioned OOF predictions
325,5,Scopoletin,0.364146741,0.37869894128256615,-0.014552200282566152,0.24190055159040713,0.35960060380382375,-0.11770005221341664,selection-conditioned OOF predictions
325,5,Rutin,11.12518946,11.454463396271272,-0.32927393627127266,1.0237443712821042,1.1790349378271856,-0.15529056654508139,selection-conditioned OOF predictions
326,5,Total Alkaloids,2.0507269149999998,2.3843080963047236,-0.33358118130472381,-1.9365979633824106,-1.2900864192472883,-0.64651154413512224,selection-conditioned OOF predictions
326,5,Reducing Sugars,21.178293870000001,20.786810599733137,0.39148327026686403,1.4306715094485751,1.316607388960898,0.11406412048767721,selection-conditioned OOF predictions
326,5,Total Sugars,23.908992269999999,24.096858286212658,-0.1878660162126593,1.2204667775100291,1.2656800075259418,-0.045213230015912598,selection-conditioned OOF predictions
326,5,Total Nitrogen,1.9651465420000001,1.8055485352981542,0.15959800670184587,-0.9142207567226065,-1.4156483527154313,0.50142759599282472,selection-conditioned OOF predictions
326,5,K,2.8742446660000001,2.7339992366687769,0.14024542933122319,1.7183538477760059,1.2660032816229998,0.45235056615300601,selection-conditioned OOF predictions
326,5,cl,2.36689083,3.0359836227615764,-0.6690927927615764,-1.6082318878343573,-1.1669650599112085,-0.44126682792314886,selection-conditioned OOF predictions
326,5,pH,5.04,4.9478078037531565,0.092192196246843494,0.93065932858005462,0.11991833794992807,0.8107409906301265,selection-conditioned OOF predictions
326,5,Starch,4.3044355300000001,4.1348488295317276,0.16958670046827251,0.12749083349806853,-0.081642689622222264,0.20913352312029079,selection-conditioned OOF predictions
326,5,Neochlorogenic Acid,2.0998676600000001,1.9628259829372832,0.13704167706271697,1.5821666159438363,1.1779193112841548,0.40424730465968162,selection-conditioned OOF predictions
326,5,Chlorogenic Acid,14.75385805,14.014672579780502,0.73918547021949799,1.6665579529414976,1.3707351301590358,0.29582282278246186,selection-conditioned OOF predictions
326,5,Cryptochlorogenic Acid,3.1658914789999999,3.3324282294519296,-0.16653675045192973,1.3345427719098357,1.6432144512107045,-0.30867167930086886,selection-conditioned OOF predictions
326,5,Scopoletin,0.36716279699999999,0.29649828799040506,0.070664509009594922,0.26629479725673932,-0.30524876581729127,0.57154356307403054,selection-conditioned OOF predictions
326,5,Rutin,10.93105795,11.088596941707912,-0.15753899170791286,0.93218901614668981,1.0064867864236173,-0.074297770276927452,selection-conditioned OOF predictions
327,5,Total Alkaloids,3.0192411529999998,3.3519933149798402,-0.33275216197984037,-0.059526741687074509,0.58537808542117009,-0.64490482710824459,selection-conditioned OOF predictions
327,5,Reducing Sugars,14.52578054,14.814639716924681,-0.28885917692468155,-0.50763119631388465,-0.42346803925675675,-0.084163157057127944,selection-conditioned OOF predictions
327,5,Total Sugars,16.8531586,17.006785393927366,-0.15362679392736567,-0.47764252989451988,-0.44066956527604123,-0.036972964618478647,selection-conditioned OOF predictions
327,5,Total Nitrogen,2.3000365170000001,2.0305301089954972,0.26950640800450287,0.13794197736500571,-0.70879760956992488,0.84673958693493057,selection-conditioned OOF predictions
327,5,K,3.014350581,2.9971167685553413,0.017233812444658714,2.1702544214621184,2.1146681192668102,0.055586302195308038,selection-conditioned OOF predictions
327,5,cl,4.5404905879999999,4.918789369326162,-0.37829878132616201,-0.17474242155495942,0.074745698850594428,-0.24948812040555385,selection-conditioned OOF predictions
327,5,pH,4.8724999999999996,4.8554157042877852,0.01708429571221437,-0.54234078920590245,-0.69258060769176411,0.15023981848586165,selection-conditioned OOF predictions
327,5,Starch,3.7128432679999999,3.2985445823289519,0.41429868567104799,-0.60205796756436469,-1.1129691623647029,0.51091119480033831,selection-conditioned OOF predictions
327,5,Neochlorogenic Acid,1.255557273,1.1106301655669695,0.1449271074330305,-0.90839104181689379,-1.3358988905796807,0.42750784876278691,selection-conditioned OOF predictions
327,5,Chlorogenic Acid,8.4293663559999992,7.4033260322637275,1.0260403237362716,-0.8645104472906523,-1.27513289197448,0.41062244468382758,selection-conditioned OOF predictions
327,5,Cryptochlorogenic Acid,1.9000358479999999,1.8599169322264562,0.040118915773543762,-1.011688809485257,-1.0860482110584513,0.074359401573194178,selection-conditioned OOF predictions
327,5,Scopoletin,0.393585354,0.3334624145098935,0.060122939490106497,0.48000380882372201,-0.0062781952583266885,0.48628200408204869,selection-conditioned OOF predictions
327,5,Rutin,8.9865385300000007,7.9831141025789734,1.0034244274210273,0.015124259035339514,-0.45810587142664411,0.47323013046198364,selection-conditioned OOF predictions
328,5,Total Alkaloids,2.1747109629999999,2.3761812011114718,-0.20147023811147191,-1.6963052765854889,-1.3058371026037752,-0.39046817398171363,selection-conditioned OOF predictions
328,5,Reducing Sugars,18.617613110000001,18.59137548277635,0.026237627223650861,0.68458139290282272,0.67693669362637809,0.0076446992764446263,selection-conditioned OOF predictions
328,5,Total Sugars,20.488583559999999,21.350229057075971,-0.8616454970759726,0.39728582721722144,0.60465582865149969,-0.20737000143427822,selection-conditioned OOF predictions
328,5,Total Nitrogen,1.972444662,1.9205953724598666,0.051849289540133459,-0.89129140539490714,-1.0541923409724714,0.16290093557756408,selection-conditioned OOF predictions
328,5,K,2.8956152639999999,2.6670832585376987,0.22853200546230124,1.7872830253643699,1.0501710742090473,0.73711195115532258,selection-conditioned OOF predictions
328,5,cl,3.4335473250000001,3.755085831488997,-0.32153850648899684,-0.90477172038939779,-0.69271701236012562,-0.21205470802927226,selection-conditioned OOF predictions
328,5,pH,4.9649999999999999,4.9141545171827223,0.050845482817277521,0.27110703703410377,-0.17602969239117058,0.44713672942527438,selection-conditioned OOF predictions
328,5,Starch,4.1954819890000001,4.0999603692648288,0.09552161973517137,-0.0068701619269470335,-0.12466697508630492,0.11779681315935789,selection-conditioned OOF predictions
328,5,Neochlorogenic Acid,1.7199287219999999,1.7789803182357025,-0.059051596235702553,0.46141784145626202,0.63560900085961503,-0.174191159403353,selection-conditioned OOF predictions
328,5,Chlorogenic Acid,12.815906350000001,11.928534510772387,0.88737183922761353,0.89098759150049911,0.5358604239439887,0.35512716755651036,selection-conditioned OOF predictions
328,5,Cryptochlorogenic Acid,2.7999645210000002,2.9730941062965304,-0.17312958529653022,0.65630635669935966,0.97719768960409492,-0.32089133290473526,selection-conditioned OOF predictions
328,5,Scopoletin,0.36558315899999999,0.34093376109157664,0.024649397908423354,0.25351848360875878,0.054151008964635428,0.19936747464412333,selection-conditioned OOF predictions
328,5,Rutin,9.0409745029999993,9.3373941205121511,-0.29641961751215185,0.040797086904224338,0.18059306000734771,-0.13979597310312336,selection-conditioned OOF predictions
329,5,Total Alkaloids,2.3397793280000001,2.4810865321480979,-0.14130720414809783,-1.3763873389889927,-1.1025207545675231,-0.27386658442146955,selection-conditioned OOF predictions
329,5,Reducing Sugars,16.49224208,16.988823706032228,-0.49658162603222777,0.065324848219109069,0.21001084306403617,-0.14468599484492711,selection-conditioned OOF predictions
329,5,Total Sugars,19.01826492,19.394294477130153,-0.37602955713015263,0.043428028945965348,0.13392609348182097,-0.090498064535855613,selection-conditioned OOF predictions
329,5,Total Nitrogen,1.998930885,1.9298853998493066,0.06904548515069342,-0.80807656205021094,-1.0250047828264801,0.216928220776269,selection-conditioned OOF predictions
329,5,K,2.7022998500000002,2.6943968072412021,0.0079030427587980512,1.1637594111831395,1.1382687703592547,0.025490640823884688,selection-conditioned OOF predictions
329,5,cl,3.9127178909999998,3.5467511646934602,0.36596672630653959,-0.58875863822740737,-0.8301137659312724,0.24135512770386497,selection-conditioned OOF predictions
329,5,pH,4.8449999999999998,4.8367631130967679,0.008236886903231877,-0.78417662943941602,-0.85661206453583472,0.072435435096418699,selection-conditioned OOF predictions
329,5,Starch,4.8344800760000002,4.4688327428108119,0.36564733318918829,0.78113928004245825,0.33022470479426436,0.45091457524819389,selection-conditioned OOF predictions
329,5,Neochlorogenic Acid,1.402964224,1.4199797308747906,-0.017015506874790587,-0.47356811854968223,-0.42337555714075803,-0.050192561408924176,selection-conditioned OOF predictions
329,5,Chlorogenic Acid,10.331635220000001,10.108794288358219,0.22284093164178209,-0.10322039531957405,-0.19240157661385804,0.089181181294283984,selection-conditioned OOF predictions
329,5,Cryptochlorogenic Acid,2.2336055909999999,2.4048686209031391,-0.17126302990313924,-0.39342567863661398,-0.075993959217926649,-0.31743171941868736,selection-conditioned OOF predictions
329,5,Scopoletin,0.33519760300000001,0.39083121657301018,-0.055633613573010166,0.0077562305961834232,0.45772799398711755,-0.44997176339093414,selection-conditioned OOF predictions
329,5,Rutin,7.8039931439999997,7.8070992783116466,-0.0031061343116469686,-0.54258202357161933,-0.54111712366948006,-0.001464899902139193,selection-conditioned OOF predictions
330,5,Total Alkaloids,3.1638920019999999,3.3413269093341182,-0.17743490733411837,0.22082013933802161,0.56470559317380953,-0.34388545383578789,selection-conditioned OOF predictions
330,5,Reducing Sugars,14.816095539999999,15.086417317663368,-0.27032177766336929,-0.4230438648634075,-0.34428183808045226,-0.078762026782955227,selection-conditioned OOF predictions
330,5,Total Sugars,17.568773629999999,17.697759360125026,-0.12898573012502723,-0.30541730467013001,-0.27437464138018314,-0.031042663289946874,selection-conditioned OOF predictions
330,5,Total Nitrogen,2.2861625810000001,2.0441860484271803,0.24197653257281981,0.094352621086674235,-0.66589315843198171,0.76024577951865602,selection-conditioned OOF predictions
330,5,K,2.7740276229999998,2.7376614050475867,0.036366217952413127,1.3951116832690618,1.2778153167631245,0.11729636650593733,selection-conditioned OOF predictions
330,5,cl,6.1557925859999996,5.5984275144097628,0.55736507159023674,0.89054956261587459,0.52296718869629355,0.3675823739195811,selection-conditioned OOF predictions
330,5,pH,4.8949999999999996,4.9419999855315835,-0.04699998553158391,-0.34447510174211804,0.068844207057650333,-0.41331930879976836,selection-conditioned OOF predictions
330,5,Starch,3.833688306,3.7561396505083389,0.077548655491661123,-0.45303243384762337,-0.54866507185184565,0.095632638004222281,selection-conditioned OOF predictions
330,5,Neochlorogenic Acid,1.1147856439999999,1.0824508688832131,0.03233477511678684,-1.3236410067582851,-1.4190225430025911,0.095381536244306037,selection-conditioned OOF predictions
330,5,Chlorogenic Acid,9.1452657689999999,8.5438500635491934,0.60141570545080647,-0.57800672973370315,-0.8186939439985248,0.24068721426482159,selection-conditioned OOF predictions
330,5,Cryptochlorogenic Acid,1.842454426,1.8445751085320143,-0.0021206825320143619,-1.1184145272444872,-1.114483895497173,-0.0039306317473141658,selection-conditioned OOF predictions
330,5,Scopoletin,0.35865821799999997,0.37732611320962356,-0.018667895209623586,0.19750867743179881,0.34849699522725919,-0.15098831779546038,selection-conditioned OOF predictions
330,5,Rutin,8.5651645080000005,8.6021430461509354,-0.036978538150934881,-0.18360210037456712,-0.16616246271452259,-0.017439637660044516,selection-conditioned OOF predictions
331,5,Total Alkaloids,2.821166045,3.0764703801550657,-0.25530433515506568,-0.44341483581439628,0.051388855748509439,-0.49480369156290571,selection-conditioned OOF predictions
331,5,Reducing Sugars,14.697961469999999,14.488428470333012,0.2095329996669868,-0.45746387669429422,-0.51851424368409549,0.061050366989801284,selection-conditioned OOF predictions
331,5,Total Sugars,16.539812349999998,16.921202593390568,-0.38139024339056959,-0.55305476442999135,-0.46126655734562388,-0.091788207084367496,selection-conditioned OOF predictions
331,5,Total Nitrogen,2.3943622210000002,2.1708200375723679,0.22354218342763232,0.43429599816057857,-0.26803244538011595,0.70232844354069457,selection-conditioned OOF predictions
331,5,K,2.888125627,2.7211163656370134,0.16700926136298655,1.763125792195444,1.2244505976411844,0.53867519455425961,selection-conditioned OOF predictions
331,5,cl,3.9219223630000002,3.7852406331455617,0.13668172985443849,-0.5826882871399538,-0.67282991475932152,0.090141627619367767,selection-conditioned OOF predictions
331,5,pH,4.7949999999999999,4.8455138686608548,-0.050513868660854833,-1.2238781571367139,-0.77965765273514176,-0.44422050440157224,selection-conditioned OOF predictions
331,5,Starch,3.9565914109999998,4.0318550353664273,-0.075263624366427528,-0.30146890156531619,-0.20865415322071981,-0.092814748344596354,selection-conditioned OOF predictions
331,5,Neochlorogenic Acid,1.397961733,1.3750666306265069,0.022895102373493126,-0.48832453095412776,-0.55586079891848139,0.067536267964353691,selection-conditioned OOF predictions
331,5,Chlorogenic Acid,10.033753600000001,10.346722778103747,-0.3129691781037458,-0.22243294106569883,-0.097182338286581876,-0.12525060277911698,selection-conditioned OOF predictions
331,5,Cryptochlorogenic Acid,2.2956814419999998,2.4205300685051601,-0.12484862650516027,-0.27836964974087025,-0.046965859903632924,-0.23140378983723733,selection-conditioned OOF predictions
331,5,Scopoletin,0.54709726199999997,0.45469608535134892,0.092401176648651051,1.7216277032273395,0.97427519948557939,0.7473525037417601,selection-conditioned OOF predictions
331,5,Rutin,8.8529563459999991,8.8507933750381582,0.0021629709618409265,-0.047875118530334375,-0.048895208337285008,0.0010200898069506316,selection-conditioned OOF predictions
332,5,Total Alkaloids,2.4478766900000002,2.4494234245140132,-0.0015467345140129929,-1.1668845362523093,-1.1638868200288988,-0.002997716223410554,selection-conditioned OOF predictions
332,5,Reducing Sugars,16.655108649999999,16.239071228973152,0.41603742102684649,0.11277829891505049,-0.0084400164603163786,0.12121831537536687,selection-conditioned OOF predictions
332,5,Total Sugars,19.115828409999999,18.683270923329708,0.43255748667029081,0.066908382675997191,-0.037194112997251887,0.10410249567324907,selection-conditioned OOF predictions
332,5,Total Nitrogen,1.9825390190000001,1.8930284517494433,0.089510567250556727,-0.85957679148334865,-1.1408025378440119,0.28122574636066316,selection-conditioned OOF predictions
332,5,K,2.9449929969999999,2.8392058776473421,0.10578711935265783,1.9465470069744233,1.6053390007024015,0.3412080062720218,selection-conditioned OOF predictions
332,5,cl,4.8097107860000001,4.521029282451237,0.2886815035487631,0.0028083517749730794,-0.18757715637746689,0.19038550815243999,selection-conditioned OOF predictions
332,5,pH,4.8899999999999997,4.8999341228044306,-0.009934122804430956,-0.38844525451184703,-0.30108427504302959,-0.087360979468817448,selection-conditioned OOF predictions
332,5,Starch,3.5310096560000002,3.4116921680807275,0.11931748791927266,-0.8262943245088904,-0.97343609063511238,0.14714176612622207,selection-conditioned OOF predictions
332,5,Neochlorogenic Acid,1.634138292,1.5503088175749982,0.083829474425001882,0.20835212570890205,-0.038929138018161023,0.24728126372706308,selection-conditioned OOF predictions
332,5,Chlorogenic Acid,11.891853100000001,10.444193170476986,1.4476599295230148,0.5211804837726699,-0.058174582085687349,0.57935506585835728,selection-conditioned OOF predictions
332,5,Cryptochlorogenic Acid,2.6681231589999999,2.6429048497626244,0.025218309237375447,0.4119417074587674,0.3652002054160926,0.046741502042674778,selection-conditioned OOF predictions
332,5,Scopoletin,0.356904261,0.39232274817809426,-0.03541848717809426,0.1833224494750956,0.46979169187386766,-0.28646924239877203,selection-conditioned OOF predictions
332,5,Rutin,8.2373826270000006,8.1877810483287945,0.04960157867120607,-0.33818899109575451,-0.36158184550933969,0.023392854413585212,selection-conditioned OOF predictions
333,5,Total Alkaloids,2.6351916310000001,2.5445120437248456,0.090679587275154461,-0.8038506526506316,-0.97959617810712263,0.17574552545649105,selection-conditioned OOF predictions
333,5,Reducing Sugars,17.68933621,17.255905709028575,0.43343050097142566,0.41411494846102131,0.28782891623252327,0.12628603222849802,selection-conditioned OOF predictions
333,5,Total Sugars,19.73963114,20.392413770292684,-0.65278263029268402,0.21703737824759622,0.37414089174524784,-0.15710351349765161,selection-conditioned OOF predictions
333,5,Total Nitrogen,1.982283896,1.9172996448382396,0.064984251161760431,-0.86037834104663058,-1.0645469112613524,0.20416857021472182,selection-conditioned OOF predictions
333,5,K,2.795231587,2.6351211157650427,0.16011047123495725,1.4635033960387884,0.94707970468906189,0.51642369134972665,selection-conditioned OOF predictions
333,5,cl,3.0421627299999998,3.2559662028550767,-0.21380347285507684,-1.1628899374767816,-1.0218865052378525,-0.14100343223892917,selection-conditioned OOF predictions
333,5,pH,4.9800000000000004,4.9206918160567659,0.05930818394323456,0.40301749534329862,-0.11854048635255507,0.52155798169585366,selection-conditioned OOF predictions
333,5,Starch,4.3647473110000004,4.4791436643353615,-0.11439635333536113,0.20186703877455031,0.34294008482755489,-0.14107304605300458,selection-conditioned OOF predictions
333,5,Neochlorogenic Acid,1.5784653230000001,1.640524559696833,-0.062059236696832887,0.044127284456030404,0.22719042044239704,-0.18306313598636664,selection-conditioned OOF predictions
333,5,Chlorogenic Acid,11.143144449999999,11.290480318199933,-0.14733586819993327,0.22154647416628856,0.28051044759918969,-0.058963973432901148,selection-conditioned OOF predictions
333,5,Cryptochlorogenic Acid,2.5758260430000002,2.6819329276610393,-0.10610688466103912,0.24087132381650705,0.43753776641747733,-0.1966664426009703,selection-conditioned OOF predictions
333,5,Scopoletin,0.31488536499999997,0.30248242626695238,0.012402938733047597,-0.1565317414457848,-0.25684829207960291,0.10031655063381813,selection-conditioned OOF predictions
333,5,Rutin,8.3664174689999999,9.0583119155656462,-0.69189444656564625,-0.27733420876725967,0.048973672789622322,-0.32630788155688201,selection-conditioned OOF predictions
334,5,Total Alkaloids,2.3634610120000001,2.587765865524887,-0.22430485352488683,-1.3304900193899771,-0.89576622399425809,-0.43472379539571904,selection-conditioned OOF predictions
334,5,Reducing Sugars,17.755839040000001,16.771644039740799,0.98419500025920215,0.43349147714057568,0.14673251291610326,0.28675896422447245,selection-conditioned OOF predictions
334,5,Total Sugars,19.274009100000001,19.844636475349795,-0.57062737534979391,0.1049773217274866,0.24230874172130773,-0.13733141999382115,selection-conditioned OOF predictions
334,5,Total Nitrogen,2.1296700369999999,2.0132943944633226,0.11637564253667732,-0.39731818201624391,-0.76294905595504425,0.36563087393880039,selection-conditioned OOF predictions
334,5,K,2.8341319110000001,2.7139999102325847,0.12013200076741537,1.5889733216459672,1.2014970322626422,0.38747628938332501,selection-conditioned OOF predictions
334,5,cl,3.5072831039999999,3.4929926460352041,0.014290457964795777,-0.85614295969167731,-0.86556751951942246,0.0094245598277451006,selection-conditioned OOF predictions
334,5,pH,4.9649999999999999,4.9395624406797642,0.025437559320235614,0.27110703703410377,0.04740836315413819,0.22369867387996559,selection-conditioned OOF predictions
334,5,Starch,3.9062566849999998,3.8750097745783529,0.031246910421646845,-0.3635414494396933,-0.40207499272498004,0.038533543285286742,selection-conditioned OOF predictions
334,5,Neochlorogenic Acid,1.8440792960000001,1.8228909462465994,0.02118834975340067,0.82763880421114822,0.76513713711553222,0.062501667095615998,selection-conditioned OOF predictions
334,5,Chlorogenic Acid,14.85239492,13.39538615234904,1.4570087676509598,1.7059925146393793,1.1228960336745757,0.58309648096480382,selection-conditioned OOF predictions
334,5,Cryptochlorogenic Acid,3.084046839,3.1946497813064898,-0.11060294230648982,1.1828457897000912,1.3878455620909649,-0.20499977239087369,selection-conditioned OOF predictions
334,5,Scopoletin,0.42161230300000002,0.42490314800925649,-0.0032908450092564712,0.70668934754838963,0.73330612177460619,-0.026616774226216569,selection-conditioned OOF predictions
334,5,Rutin,10.45218719,10.451382381468285,0.00080480853171494005,0.70634632581905732,0.70596676594782792,0.00037955987122941892,selection-conditioned OOF predictions
335,5,Total Alkaloids,2.34064841,2.5003908403754473,-0.15974243037544733,-1.3747029767488856,-1.0651071988276291,-0.30959577792125659,selection-conditioned OOF predictions
335,5,Reducing Sugars,19.050189700000001,18.772360712994974,0.27782898700502656,0.81061862623918912,0.72966926912590002,0.080949357113289114,selection-conditioned OOF predictions
335,5,Total Sugars,21.218743929999999,22.292597366549693,-1.0738534365496939,0.57301164193798571,0.831453181333485,-0.25844153939549935,selection-conditioned OOF predictions
335,5,Total Nitrogen,2.0001393040000002,1.8309216125879693,0.16921769141203091,-0.80427993171225132,-1.3359308085474755,0.53165087683522405,selection-conditioned OOF predictions
335,5,K,2.8796551319999999,2.7687508028674701,0.11090432913252979,1.7358048789427425,1.378091716302438,0.35771316264030451,selection-conditioned OOF predictions
335,5,cl,3.0374178939999998,3.3416717021239881,-0.30425380812398828,-1.1660191577484482,-0.96536371167752977,-0.20065544607091843,selection-conditioned OOF predictions
335,5,pH,5.0350000000000001,4.9889414866888186,0.046058513311181493,0.88668917581032558,0.48164920248246745,0.40503997332785813,selection-conditioned OOF predictions
335,5,Starch,4.4349512109999996,4.349160112318466,0.085791098681533562,0.28844215877655321,0.18264497851366859,0.10579718026288464,selection-conditioned OOF predictions
335,5,Neochlorogenic Acid,1.735401263,1.7882235451210837,-0.052822282121083752,0.50705894224798664,0.66287479061686716,-0.15581584836888052,selection-conditioned OOF predictions
335,5,Chlorogenic Acid,13.684636619999999,12.873949188773103,0.81068743122689568,1.2386543829373731,0.91421639820724887,0.32443798473012425,selection-conditioned OOF predictions
335,5,Cryptochlorogenic Acid,2.8867918709999998,3.0366721515143968,-0.14988028051439706,0.81723866660101252,1.095037997709122,-0.2777993311081095,selection-conditioned OOF predictions
335,5,Scopoletin,0.344059591,0.30553050201765292,0.038529088982347082,0.07943312000542789,-0.2321950665850567,0.31162818659048458,selection-conditioned OOF predictions
335,5,Rutin,11.20216999,10.606990528398988,0.59517946160101154,1.0600495530769731,0.77935392063592701,0.28069563244104612,selection-conditioned OOF predictions
336,5,Total Alkaloids,2.2600729839999998,2.399949277266336,-0.13987629326633622,-1.5308656921600374,-1.259772346924511,-0.27109334523552642,selection-conditioned OOF predictions
336,5,Reducing Sugars,19.25758592,18.672908058611988,0.58467786138801259,0.87104641261852223,0.70069234874657615,0.17035406387194613,selection-conditioned OOF predictions
336,5,Total Sugars,22.09568346,22.634313488235527,-0.53863002823552719,0.78406241886538075,0.91369311978216183,-0.12963070091678111,selection-conditioned OOF predictions
336,5,Total Nitrogen,1.947753662,1.7618376898691737,0.18591597213082633,-0.96886598811377556,-1.5529797930962224,0.58411380498244692,selection-conditioned OOF predictions
336,5,K,2.8595009180000002,2.7896855872254465,0.069815330774553708,1.6707990519668252,1.4456152113766079,0.22518384059021734,selection-conditioned OOF predictions
336,5,cl,2.6891908739999999,3.3866549335847784,-0.69746405958477853,-1.3956749456673689,-0.93569726171547063,-0.4599776839518982,selection-conditioned OOF predictions
336,5,pH,5.0750000000000002,5.050645311201488,0.024354688798512214,1.2384503979681656,1.024274520542203,0.21417587742596256,selection-conditioned OOF predictions
336,5,Starch,3.7576596160000002,3.6859630134117305,0.071696602588269709,-0.54679065754096712,-0.63520657136933611,0.088415913828368983,selection-conditioned OOF predictions
336,5,Neochlorogenic Acid,2.1137702209999998,2.0428067457883925,0.070963475211607285,1.6231765695037643,1.4138475960233252,0.20932897348043905,selection-conditioned OOF predictions
336,5,Chlorogenic Acid,15.380181759999999,13.983714363176993,1.3964673968230059,1.9172133775033,1.3583456184695795,0.55886775903372066,selection-conditioned OOF predictions
336,5,Cryptochlorogenic Acid,3.25069002,3.3839868362927579,-0.13329681629275791,1.4917147353455513,1.7387770325195397,-0.24706229717398837,selection-conditioned OOF predictions
336,5,Scopoletin,0.27123640100000002,0.23792106562937715,0.033315335370622867,-0.50957013028766707,-0.77902881258243317,0.26945868229476605,selection-conditioned OOF predictions
336,5,Rutin,11.89087007,11.283732876868079,0.60713719313192094,1.3848509230667716,1.0985158436501863,0.28633507941658531,selection-conditioned OOF predictions
337,5,Total Alkaloids,2.2484262789999998,2.411254250361035,-0.16282797136103522,-1.5534380962872292,-1.2378622512072608,-0.31557584507996833,selection-conditioned OOF predictions
337,5,Reducing Sugars,21.55859251,20.372038891123587,1.1865536188764132,1.5414768316394565,1.1957578565824925,0.34571897505696386,selection-conditioned OOF predictions
337,5,Total Sugars,24.613700479999999,24.462512297278288,0.15118818272171097,1.3900670864704583,1.3536810161268646,0.036386070343593729,selection-conditioned OOF predictions
337,5,Total Nitrogen,1.93545594,1.7501649478442303,0.18529099215576972,-1.0075031697808869,-1.5896534025802442,0.58215023279935729,selection-conditioned OOF predictions
337,5,K,2.7944064310000001,2.6994841720454561,0.094922258954543981,1.4608419204702483,1.1546776641136185,0.30616425635662975,selection-conditioned OOF predictions
337,5,cl,1.6713591489999999,2.1699960265156752,-0.49863687751567531,-2.0669351677309789,-1.7380840493103211,-0.32885111842065773,selection-conditioned OOF predictions
337,5,pH,5.0650000000000004,4.9979198567382843,0.067080143261716074,1.1505100924287075,0.56060526302210212,0.58990482940660538,selection-conditioned OOF predictions
337,5,Starch,4.5521865359999998,4.4978340279463191,0.054352508053680637,0.43301621136264812,0.36598895351575805,0.067027257846890051,selection-conditioned OOF predictions
337,5,Neochlorogenic Acid,2.176008554,2.0447622895059974,0.13124626449400267,1.8067680060727107,1.4196160840769569,0.3871519219957536,selection-conditioned OOF predictions
337,5,Chlorogenic Acid,15.320890650000001,14.87672167094447,0.44416897905553121,1.8934850113046291,1.7157281066165619,0.17775690468806718,selection-conditioned OOF predictions
337,5,Cryptochlorogenic Acid,3.3668634530000001,3.4102862510723444,-0.043422798072344282,1.7070392721636738,1.7875223364996859,-0.080483064336012031,selection-conditioned OOF predictions
337,5,Scopoletin,0.26567640399999998,0.22975903279980919,0.035917371200190784,-0.55454009527574133,-0.84504437528456788,0.29050428000882655,selection-conditioned OOF predictions
337,5,Rutin,11.487080840000001,11.786043121915704,-0.29896228191570273,1.194417817423564,1.3354129495012261,-0.14099513207766221,selection-conditioned OOF predictions
338,5,Total Alkaloids,2.209720109,2.4983222318283649,-0.28860212282836484,-1.6284542756663565,-1.0691163557613461,-0.55933791990501047,selection-conditioned OOF predictions
338,5,Reducing Sugars,19.969902130000001,19.181730945675916,0.78817118432408506,1.0785896926860967,0.84894500602458545,0.22964468666151117,selection-conditioned OOF predictions
338,5,Total Sugars,21.58062864,22.237718375274689,-0.65708973527468828,0.66010550256443656,0.8182455959192646,-0.15814009335482815,selection-conditioned OOF predictions
338,5,Total Nitrogen,2.151767381,1.8625867276576435,0.28918065334235643,-0.32789238962244482,-1.236444838425774,0.90855244880332919,selection-conditioned OOF predictions
338,5,K,3.0167791180000001,2.6826520624812078,0.33412705551879229,2.1780874759303614,1.1003870228624528,1.0777004530679084,selection-conditioned OOF predictions
338,5,cl,3.6268131810000002,3.6194940757342229,0.0073191052657772815,-0.77731285049037435,-0.78213980184720355,0.0048269513568292392,selection-conditioned OOF predictions
338,5,pH,4.9400000000000004,4.934585478053779,0.0054145219462213845,0.051256273185458709,0.0036408017553767446,0.047615471430081963,selection-conditioned OOF predictions
338,5,Starch,4.1673947020000002,4.2014592273413394,-0.034064525341339191,-0.041507272437270828,0.000500940343468465,-0.042008212780739296,selection-conditioned OOF predictions
338,5,Neochlorogenic Acid,1.8215195479999999,1.7295577280777197,0.091961819922280252,0.76109176889846686,0.48982160764549593,0.27127016125297093,selection-conditioned OOF predictions
338,5,Chlorogenic Acid,12.455613809999999,12.468069137817487,-0.012455327817487927,0.74679812822734493,0.75178276385953091,-0.0049846356321858994,selection-conditioned OOF predictions
338,5,Cryptochlorogenic Acid,2.737343766,2.9234998813333934,-0.18615611533339349,0.54024036194153791,0.8852760407100555,-0.34503567876851754,selection-conditioned OOF predictions
338,5,Scopoletin,0.33810979499999999,0.3283966258755267,0.0097131691244732865,0.031310410981271436,-0.047250939942264085,0.078561350923535514,selection-conditioned OOF predictions
338,5,Rutin,9.9501826149999992,9.9767551642475567,-0.026572549247557475,0.46959337858381572,0.48212539455182324,-0.012532015968007511,selection-conditioned OOF predictions
339,5,Total Alkaloids,2.153287014,2.3257403460510919,-0.17245333205109192,-1.7378268944875772,-1.4035961996998207,-0.33423069478775652,selection-conditioned OOF predictions
339,5,Reducing Sugars,20.128583070000001,19.616575020726366,0.51200804927363563,1.1248236016010797,0.97564290281107113,0.14918069879000853,selection-conditioned OOF predictions
339,5,Total Sugars,21.881808629999998,22.746841067274538,-0.86503243727453949,0.73258971465655709,0.9407748422607255,-0.20818512760416838,selection-conditioned OOF predictions
339,5,Total Nitrogen,1.9475655949999999,1.8967155189536253,0.050850076046374593,-0.96945686005287057,-1.1292184505320018,0.15976159047913119,selection-conditioned OOF predictions
339,5,K,2.919511757,2.779760048184909,0.13975170881509102,1.8643592779678821,1.4136011683823289,0.45075810958555323,selection-conditioned OOF predictions
339,5,cl,2.6729951349999999,2.9082762553610157,-0.23528112036101589,-1.4063560387111373,-1.2511880937338764,-0.15516794497726083,selection-conditioned OOF predictions
339,5,pH,4.9900000000000002,4.9336243783813272,0.056375621618673044,0.49095780088275665,-0.0048111381295521958,0.49576893901230884,selection-conditioned OOF predictions
339,5,Starch,4.2054889280000003,3.9458099999023455,0.2596789280976548,0.0054703482837071705,-0.3147644871320775,0.32023483541578468,selection-conditioned OOF predictions
339,5,Neochlorogenic Acid,1.4457148710000001,2.0720126116026867,-0.62629774060268661,-0.34746170922503183,1.4999994352939261,-1.8474611445189579,selection-conditioned OOF predictions
339,5,Chlorogenic Acid,9.8840736440000008,13.703048136168995,-3.8189744921689943,-0.28233502096551921,1.2460226915747168,-1.5283577125402361,selection-conditioned OOF predictions
339,5,Cryptochlorogenic Acid,2.157975639,3.4954867506285527,-1.3375111116285527,-0.53360389291024057,1.9454393200118558,-2.4790432129220963,selection-conditioned OOF predictions
339,5,Scopoletin,0.18543917700000001,0.30621610079736389,-0.12077692379736388,-1.2035090225845404,-0.22664985619744882,-0.97685916638709169,selection-conditioned OOF predictions
339,5,Rutin,6.861381862,10.806214767467772,-3.9448329054677718,-0.98713175523629393,0.87331108379571054,-1.8604428390320045,selection-conditioned OOF predictions
340,5,Total Alkaloids,2.2116644050000001,2.233782102179767,-0.022117697179766971,-1.6246860480813974,-1.5818198812896267,-0.042866166791770667,selection-conditioned OOF predictions
340,5,Reducing Sugars,17.405697709999998,18.053943421417863,-0.64824571141786436,0.33147290856774542,0.52034835369821875,-0.18887544513047325,selection-conditioned OOF predictions
340,5,Total Sugars,18.820847749999999,19.570736001311666,-0.74988825131166692,-0.0040838526398811184,0.17638982044000931,-0.18047367307989043,selection-conditioned OOF predictions
340,5,Total Nitrogen,2.0262429260000001,2.100030471234954,-0.0737875452349539,-0.72226715037082878,-0.49044024860698093,-0.23182690176384779,selection-conditioned OOF predictions
340,5,K,2.9749727959999999,2.632679367414295,0.34229342858570488,2.0432444830738037,0.9392040380514326,1.1040404450223711,selection-conditioned OOF predictions
340,5,cl,2.915902719,2.9643296982444687,-0.048426979244468704,-1.2461584394696958,-1.2142208371695593,-0.031937602300136494,selection-conditioned OOF predictions
340,5,pH,4.7000000000000002,4.7177450141466037,-0.017745014146603566,-2.0593110597615807,-1.9032608631761452,-0.15605019658543559,selection-conditioned OOF predictions
340,5,Starch,4.3422128710000001,4.2934040838734058,0.048808787126594311,0.17407767312423772,0.11388690590707222,0.060190767217165507,selection-conditioned OOF predictions
340,5,Neochlorogenic Acid,1.8187901369999999,1.7050655285596159,0.11372460844038401,0.75304051716463449,0.41757420194679401,0.33546631521784054,selection-conditioned OOF predictions
340,5,Chlorogenic Acid,12.615043780000001,11.058366383129503,1.5566773968704979,0.81060217425048819,0.18761820032694557,0.62298397392354266,selection-conditioned OOF predictions
340,5,Cryptochlorogenic Acid,2.920561347,2.9331981223839509,-0.012636775383950916,0.87982954121423629,0.9032514866294491,-0.023421945415212784,selection-conditioned OOF predictions
340,5,Scopoletin,0.45143328999999999,0.46923182811109904,-0.017798538111099049,0.94788529447062841,1.0918421411550825,-0.14395684668445402,selection-conditioned OOF predictions
340,5,Rutin,7.3555800969999998,7.6806007219791539,-0.32502062497915407,-0.75406039596690022,-0.60077575533179284,-0.15328464063510736,selection-conditioned OOF predictions
341,5,Total Alkaloids,2.319155276,2.3062842665461258,0.012871009453874205,-1.4163586816549414,-1.4413039023776912,0.024945220722749843,selection-conditioned OOF predictions
341,5,Reducing Sugars,16.69347385,17.28321211944381,-0.58973826944381003,0.12395653596296037,0.29578502042457772,-0.17182848446161736,selection-conditioned OOF predictions
341,5,Total Sugars,18.326591879999999,18.700339485143822,-0.37374760514382288,-0.12303513924048105,-0.03308626620888562,-0.089948873031595447,selection-conditioned OOF predictions
341,5,Total Nitrogen,1.9583572739999999,1.9843618845264757,-0.026004610526475735,-0.93555138861546527,-0.85384968312123477,-0.081701705494230475,selection-conditioned OOF predictions
341,5,K,3.0671097679999999,2.9194707818793377,0.14763898612066217,2.3404250161333917,1.864227115949354,0.47619790018403768,selection-conditioned OOF predictions
341,5,cl,4.5991828689999998,4.5078375911155453,0.091345277884454568,-0.13603485073574592,-0.19627707939803402,0.060242228662288101,selection-conditioned OOF predictions
341,5,pH,4.7300000000000004,4.7916526969703801,-0.061652696970379672,-1.7954901431431989,-1.2533144422525067,-0.54217570089069222,selection-conditioned OOF predictions
341,5,Starch,4.209979702,4.2871426125001131,-0.077162910500113036,0.011008349704594866,0.10616528879560225,-0.095156939091007378,selection-conditioned OOF predictions
341,5,Neochlorogenic Acid,1.5068544049999999,1.3297444701196257,0.17710993488037419,-0.16711152410333432,-0.68955269191739332,0.52244116781405903,selection-conditioned OOF predictions
341,5,Chlorogenic Acid,8.9354404949999999,8.1075005568315461,0.82793993816845379,-0.66197903079550802,-0.99332148741955384,0.33134245662404582,selection-conditioned OOF predictions
341,5,Cryptochlorogenic Acid,2.3083990239999999,2.3387865710109654,-0.030387547010965577,-0.25479793129473893,-0.19847537702215343,-0.05632255427258552,selection-conditioned OOF predictions
341,5,Scopoletin,0.43375107699999998,0.46048371482226408,-0.026732637822264094,0.80486930012356916,1.0210862849359852,-0.21621698481241591,selection-conditioned OOF predictions
341,5,Rutin,5.5233805050000004,6.6846550578218498,-1.1612745528218493,-1.6181534240617266,-1.0704787879692972,-0.54767463609242939,selection-conditioned OOF predictions
342,5,Total Alkaloids,2.2801324620000001,2.4251318972540798,-0.14499943525407977,-1.4919885467359437,-1.210966072931579,-0.28102247380436474,selection-conditioned OOF predictions
342,5,Reducing Sugars,22.14383806,21.583441054169406,0.56039700583059471,1.7119962995200926,1.5487168021601643,0.16327949735992825,selection-conditioned OOF predictions
342,5,Total Sugars,24.150494810000001,24.872492097160112,-0.7219972871601108,1.2785885714915819,1.4523497981004596,-0.17376122660887772,selection-conditioned OOF predictions
342,5,Total Nitrogen,1.9704647150000001,1.8088970004066265,0.1615677145933736,-0.89751203486841857,-1.405128090938329,0.50761605606991056,selection-conditioned OOF predictions
342,5,K,2.8354192130000002,2.7504355912800778,0.084983621719922464,1.5931254126715841,1.3190174465007301,0.27410796617085403,selection-conditioned OOF predictions
342,5,cl,1.952573058,2.616725352355231,-0.66415229435523093,-1.8814745396465911,-1.4434659713904303,-0.4380085682561608,selection-conditioned OOF predictions
342,5,pH,4.9800000000000004,4.9231493648942566,0.056850635105743841,0.40301749534329862,-0.096928726787847239,0.49994622213114587,selection-conditioned OOF predictions
342,5,Starch,4.1814221089999997,4.1335808258208226,0.047841283179177019,-0.024208739957709072,-0.083206385847568481,0.05899764588985941,selection-conditioned OOF predictions
342,5,Neochlorogenic Acid,2.2155745539999998,2.0323124979425691,0.18326205605743073,1.923480302645417,1.3828915285186689,0.540588774126748,selection-conditioned OOF predictions
342,5,Chlorogenic Acid,15.259340699999999,14.320532480261811,0.9388082197381884,1.868852654900609,1.4931405923625554,0.37571206253805367,selection-conditioned OOF predictions
342,5,Cryptochlorogenic Acid,3.4312137410000001,3.4327729343273763,-0.001559193327376196,1.8263109128468993,1.8292008384723837,-0.0028899256254843243,selection-conditioned OOF predictions
342,5,Scopoletin,0.229967276,0.26936279134856594,-0.039395515348565946,-0.84336007771721577,-0.52472412415246728,-0.3186359535647485,selection-conditioned OOF predictions
342,5,Rutin,11.50289487,11.428668481049435,0.074226388950565436,1.2018759530594123,1.1668696658225366,0.035006287236875704,selection-conditioned OOF predictions
343,5,Total Alkaloids,2.6147270169999999,2.5660864762717712,0.048640540728228654,-0.84351298955321397,-0.93778290900963601,0.094269919456421977,selection-conditioned OOF predictions
343,5,Reducing Sugars,20.214885280000001,19.784380535459398,0.4305047445406025,1.149968956275067,1.0245353840605449,0.12543357221452214,selection-conditioned OOF predictions
343,5,Total Sugars,22.94834019,22.93933419167589,0.0090059983241097541,0.98926911689035379,0.9871016664809622,0.0021674504093916018,selection-conditioned OOF predictions
343,5,Total Nitrogen,1.76977746,1.836936748526933,-0.067159288526932981,-1.5280344950207054,-1.3170323572712055,-0.21100213774949997,selection-conditioned OOF predictions
343,5,K,2.8525655909999998,2.5392414634122931,0.31332412758770678,1.6484297019647147,0.63782745147025521,1.0106022504944596,selection-conditioned OOF predictions
343,5,cl,4.2727637959999996,3.7461134427567933,0.5266503532432063,-0.35130829333528557,-0.69863430448699471,0.34732601115170914,selection-conditioned OOF predictions
343,5,pH,4.9699999999999998,4.9426178730253012,0.027382126974698551,0.31507718980383281,0.074277928556305051,0.24079926124752773,selection-conditioned OOF predictions
343,5,Starch,4.8752260559999998,4.7232525800106737,0.15197347598932609,0.83138703135113512,0.64397405399663532,0.18741297735449974,selection-conditioned OOF predictions
343,5,Neochlorogenic Acid,1.6764896460000001,1.5968087594963345,0.07968088650366556,0.33328069539761718,0.098236989771776223,0.23504370562584093,selection-conditioned OOF predictions
343,5,Chlorogenic Acid,12.164229130000001,11.068107132732841,1.0961219972671596,0.63018566487959049,0.19151645882872731,0.43866920605086313,selection-conditioned OOF predictions
343,5,Cryptochlorogenic Acid,2.6635679040000002,2.5362624790779638,0.12730542492203645,0.40349865686075881,0.167541252935442,0.23595740392531683,selection-conditioned OOF predictions
343,5,Scopoletin,0.227712468,0.23703908012287705,-0.0093266121228770538,-0.86159725245217145,-0.78616242386806834,-0.075434828584103067,selection-conditioned OOF predictions
343,5,Rutin,9.2173121990000002,9.2742845445863438,-0.056972345586343565,0.12396061033759591,0.15082962986490106,-0.026869019527305159,selection-conditioned OOF predictions
344,5,Total Alkaloids,2.6746171809999999,2.714483369139304,-0.039866188139304093,-0.72744024751572001,-0.65017584443424492,-0.07726440308147503,selection-conditioned OOF predictions
344,5,Reducing Sugars,17.98882794,18.86181808971974,-0.87299014971974032,0.50137604841171912,0.7557339257082607,-0.25435787729654158,selection-conditioned OOF predictions
344,5,Total Sugars,22.193355319999998,22.594428697315443,-0.4010733773154449,0.80756885372405729,0.90409414992927994,-0.09652529620522271,selection-conditioned OOF predictions
344,5,Total Nitrogen,1.8532432750000001,1.8260501382507204,0.0271931367492797,-1.2658002489425693,-1.351236085325968,0.085435836383398606,selection-conditioned OOF predictions
344,5,K,2.3923991710000001,2.4509016760526068,-0.058502505052606679,0.1641992239789383,0.35289443784872865,-0.18869521386979035,selection-conditioned OOF predictions
344,5,cl,3.3315070960000002,3.3738621169869267,-0.042355020986926561,-0.97206727140787452,-0.94413412676827979,-0.027933144639594711,selection-conditioned OOF predictions
344,5,pH,4.9800000000000004,4.9835826818494651,-0.0035826818494646417,0.40301749534329862,0.43452370899255843,-0.03150621364925979,selection-conditioned OOF predictions
344,5,Starch,4.9101627060000004,5.0557187261336418,-0.14555602013364144,0.87447074416791681,1.0539697450793206,-0.17949900091140383,selection-conditioned OOF predictions
344,5,Neochlorogenic Acid,1.705876814,1.5446317561332981,0.16124505786670196,0.41996734219153015,-0.055675407002773625,0.47564274919430377,selection-conditioned OOF predictions
344,5,Chlorogenic Acid,11.642789,11.231450874278273,0.41133812572172701,0.42150476220593686,0.25688680044741474,0.16461796175852206,selection-conditioned OOF predictions
344,5,Cryptochlorogenic Acid,2.5444351549999999,2.3902290282540068,0.1542061267459931,0.18268910225032847,-0.10312807607216815,0.28581717832249665,selection-conditioned OOF predictions
344,5,Scopoletin,0.190565189,0.19438247239043133,-0.0038172833904313308,-1.162049183637065,-1.131174508629641,-0.030874675007424142,selection-conditioned OOF predictions
344,5,Rutin,8.5833345009999995,9.5422334901862556,-0.95889898918625605,-0.17503285696878049,0.2771984036541727,-0.45223126062295316,selection-conditioned OOF predictions
345,5,Total Alkaloids,3.2430534199999999,3.3733714428188795,-0.13031802281887961,0.37424237492976631,0.62681089762561437,-0.25256852269584806,selection-conditioned OOF predictions
345,5,Reducing Sugars,14.060423289999999,14.694638104089584,-0.63421481408958513,-0.6432195329435203,-0.45843218578543826,-0.18478734715808198,selection-conditioned OOF predictions
345,5,Total Sugars,16.572237479999998,16.998353978386795,-0.4261164983867971,-0.54525109194818211,-0.4426987323275427,-0.10255235962063938,selection-conditioned OOF predictions
345,5,Total Nitrogen,2.1709475930000002,2.0955638906354546,0.075383702364545613,-0.26763168967673806,-0.5044734236985674,0.2368417340218294,selection-conditioned OOF predictions
345,5,K,2.598695137,2.7273600436564722,-0.12866490665647223,0.8295905843974527,1.2445890884315611,-0.41499850403410837,selection-conditioned OOF predictions
345,5,cl,4.9015892509999999,4.9897747182829866,-0.088185467282986707,0.063402217444431794,0.12156055039594289,-0.058158332951511092,selection-conditioned OOF predictions
345,5,pH,4.8499999999999996,4.8653115037643913,-0.01531150376439161,-0.74020647666968697,-0.60555664473876814,-0.13464983193091887,selection-conditioned OOF predictions
345,5,Starch,4.0880630450000002,3.662301281028129,0.42576176397187115,-0.13933869953366879,-0.66438610869654446,0.52504740916287562,selection-conditioned OOF predictions
345,5,Neochlorogenic Acid,1.037396515,1.1126328750928307,-0.075236360092830745,-1.5519244565725567,-1.3299912722171647,-0.221933184355392,selection-conditioned OOF predictions
345,5,Chlorogenic Acid,7.1232209590000002,7.3805735729308921,-0.25735261393089193,-1.3872312445353856,-1.2842384507499844,-0.10299279378540119,selection-conditioned OOF predictions
345,5,Cryptochlorogenic Acid,1.573941496,1.7512799632579164,-0.17733846725791635,-1.6160964910883797,-1.287404101302958,-0.3286923897854217,selection-conditioned OOF predictions
345,5,Scopoletin,0.30084768899999997,0.3085739011107323,-0.0077262121107323223,-0.27007025562734388,-0.20757966649392071,-0.062490589133423195,selection-conditioned OOF predictions
345,5,Rutin,6.5293498129999996,7.6949299976880567,-1.1655801846880571,-1.1437230894433699,-0.59401785226720605,-0.54970523717616382,selection-conditioned OOF predictions
346,5,Total Alkaloids,2.4282391630000002,2.6900727363319636,-0.26183357333196344,-1.2049439011544545,-0.69748593503306855,-0.50745796612138594,selection-conditioned OOF predictions
346,5,Reducing Sugars,18.397503870000001,18.393356688902763,0.0041471810972382173,0.62044949052370835,0.61924115136776647,0.0012083391559417982,selection-conditioned OOF predictions
346,5,Total Sugars,21.738635800000001,22.469985142011659,-0.73134934201165791,0.69813267859798955,0.87414464014897508,-0.17601196155098556,selection-conditioned OOF predictions
346,5,Total Nitrogen,1.9506263150000001,1.924016989196017,0.026609325803983008,-0.9598406405065053,-1.0434422502296594,0.083601609723154016,selection-conditioned OOF predictions
346,5,K,2.467211834,2.4717460394131026,-0.0045342054131025655,0.4055015653446527,0.4201262871302513,-0.014624721785598611,selection-conditioned OOF predictions
346,5,cl,3.0571185609999998,3.156667006571694,-0.099548445571694177,-1.1530265640019512,-1.0873743446426631,-0.065652219359288125,selection-conditioned OOF predictions
346,5,pH,5.0350000000000001,5.0334671841454925,0.0015328158545075965,0.88668917581032558,0.87320954635221293,0.013479629458112635,selection-conditioned OOF predictions
346,5,Starch,4.2642097689999998,3.8844743143198395,0.37973545468016034,0.077884613818720888,-0.39040336673435944,0.4682879805530803,selection-conditioned OOF predictions
346,5,Neochlorogenic Acid,2.10165844,2.0658039039699281,0.035854536030071937,1.587449081860443,1.481684909525141,0.10576417233530215,selection-conditioned OOF predictions
346,5,Chlorogenic Acid,16.962842930000001,15.407651484476325,1.5551914455236755,2.5505960854704468,1.928206790879283,0.62238929459116366,selection-conditioned OOF predictions
346,5,Cryptochlorogenic Acid,3.3478528380000001,3.4263867707175297,-0.07853393271752962,1.6718035752939544,1.8173642448052674,-0.1455606695113128,selection-conditioned OOF predictions
346,5,Scopoletin,0.26391066499999999,0.28079705831660867,-0.016886393316608683,-0.5688216175513966,-0.43224231432106414,-0.13657930323033243,selection-conditioned OOF predictions
346,5,Rutin,11.38172099,12.040929833548894,-0.65920884354889431,1.144728519257779,1.4556213762675698,-0.31089285700979075,selection-conditioned OOF predictions
347,5,Total Alkaloids,2.5880418710000002,2.6455097002316905,-0.057467829231690359,-0.89523129955635294,-0.78385326896914753,-0.11137803058720544,selection-conditioned OOF predictions
347,5,Reducing Sugars,17.32209701,17.639581464002667,-0.31748445400266689,0.3071146765770052,0.39961820805521814,-0.092503531478212955,selection-conditioned OOF predictions
347,5,Total Sugars,19.740961080000002,20.568538809631328,-0.82757772963132581,0.21735745148031632,0.4165284511118425,-0.19917099963152621,selection-conditioned OOF predictions
347,5,Total Nitrogen,1.8897668759999999,1.9561256561025837,-0.066358780102583781,-1.1510498092290935,-0.94256272178058698,-0.20848708744850658,selection-conditioned OOF predictions
347,5,K,2.4550212409999999,2.4484174074292158,0.0066038335707840901,0.36618176952965109,0.34488162542677764,0.021300144102873463,selection-conditioned OOF predictions
347,5,cl,3.69470258,3.4738694970548911,0.22083308294510884,-0.73253977854814845,-0.87817924001878134,0.14563946147063295,selection-conditioned OOF predictions
347,5,pH,4.9199999999999999,4.8901216068398581,0.029878393160141847,-0.12462433789346515,-0.38737584024656346,0.2627515023530983,selection-conditioned OOF predictions
347,5,Starch,5.0699158540000004,4.7211040567230151,0.3488117972769853,1.0714775765347495,0.64132450516165407,0.4301530713730955,selection-conditioned OOF predictions
347,5,Neochlorogenic Acid,1.588207881,1.5271383632970528,0.061069517702947218,0.072866007568621716,-0.10727764257793232,0.18014365014655404,selection-conditioned OOF predictions
347,5,Chlorogenic Acid,10.90449022,10.240475945318728,0.66401427468127139,0.12603679380607982,-0.1397024354102811,0.26573922921636089,selection-conditioned OOF predictions
347,5,Cryptochlorogenic Acid,2.5365037560000001,2.3677533350178752,0.16875042098212489,0.16798845364339024,-0.14478620832118455,0.31277466196457482,selection-conditioned OOF predictions
347,5,Scopoletin,0.25838497399999999,0.2601607009602574,-0.0017757269602574066,-0.61351411123528077,-0.5991518050629655,-0.014362306172315304,selection-conditioned OOF predictions
347,5,Rutin,7.7703093120000002,8.2930167856442054,-0.52270747364420522,-0.55846782799915184,-0.31195108076203198,-0.24651674723711986,selection-conditioned OOF predictions
