predictor,component,loading
10001.0283203125,1,-1.9677618665696426
9997.17138687565,1,-1.9838289398563032
9993.31445343881,1,-1.9934459575084893
9989.45752000196,1,-2.0139709487586397
9985.60058656511,1,-2.0418273626770445
9981.74365312826,1,-2.050439817585632
9977.88671969142,1,-2.0533850204717345
9974.02978625457,1,-2.0704575434102384
9970.17285281772,1,-2.0875717592255665
9966.31591938088,1,-2.1004871451838572
9962.45898594403,1,-2.1142500866603662
9958.60205250718,1,-2.1244784863314545
9954.74511907033,1,-2.1424441203119349
9950.88818563349,1,-2.1583523569534897
9947.03125219664,1,-2.1709795966022587
9943.17431875979,1,-2.1785022332987296
9939.31738532294,1,-2.1829033713674457
9935.4604518861,1,-2.201828716038873
9931.60351844925,1,-2.2148162715117854
9927.7465850124,1,-2.2222789270158096
9923.88965157556,1,-2.2366190850008763
9920.03271813871,1,-2.2552454079961923
9916.17578470186,1,-2.2673117367789848
9912.31885126501,1,-2.2729971126472361
9908.46191782817,1,-2.2800283275145756
9904.60498439132,1,-2.2869484854480575
9900.74805095447,1,-2.2981623737866284
9896.89111751762,1,-2.3198548549164109
9893.03418408078,1,-2.3349100881766982
9889.17725064393,1,-2.346495483929095
9885.32031720708,1,-2.359845039770442
9881.46338377024,1,-2.3726809858099553
9877.60645033339,1,-2.3907836196437557
9873.74951689654,1,-2.4022318423906084
9869.89258345969,1,-2.4003657787611923
9866.03565002284,1,-2.4106132087453318
9862.178716586,1,-2.4229855208342639
9858.32178314915,1,-2.4333567129000686
9854.4648497123,1,-2.445440089288025
9850.60791627546,1,-2.4530375262587518
9846.75098283861,1,-2.4592330941507998
9842.89404940176,1,-2.4797410209473734
9839.03711596492,1,-2.494935177060603
9835.18018252807,1,-2.5031489107719156
9831.32324909122,1,-2.5181385432931158
9827.46631565437,1,-2.5317946816589734
9823.60938221752,1,-2.5429314226436928
9819.75244878068,1,-2.556934136474005
9815.89551534383,1,-2.5628955515043694
9812.03858190698,1,-2.5690263660757533
9808.18164847014,1,-2.587748924928694
9804.32471503329,1,-2.6019348054168061
9800.46778159644,1,-2.6103384623230217
9796.6108481596,1,-2.6226672269597389
9792.75391472275,1,-2.6358383928260936
9788.8969812859,1,-2.6499900800930081
9785.04004784905,1,-2.6727888010421545
9781.1831144122,1,-2.6813845907682627
9777.32618097536,1,-2.6931390192957974
9773.46924753851,1,-2.7125084442087912
9769.61231410166,1,-2.721297523573504
9765.75538066482,1,-2.7229403945681483
9761.89844722797,1,-2.7307630810180585
9758.04151379112,1,-2.7488873644239722
9754.18458035428,1,-2.7642599705047468
9750.32764691743,1,-2.78270054511415
9746.47071348058,1,-2.8026364746524064
9742.61378004373,1,-2.8098429673708392
9738.75684660688,1,-2.8197034618557231
9734.89991317004,1,-2.834630917149898
9731.04297973319,1,-2.8475226073270195
9727.18604629634,1,-2.8560334576720798
9723.3291128595,1,-2.8705631557493683
9719.47217942265,1,-2.8757948541988472
9715.6152459858,1,-2.8825045337474995
9711.75831254896,1,-2.9017906952496308
9707.90137911211,1,-2.923278513947746
9704.04444567526,1,-2.9320442392919639
9700.18751223841,1,-2.943955929118538
9696.33057880156,1,-2.9599347749295086
9692.47364536472,1,-2.9682037658379175
9688.61671192787,1,-2.9762631423299006
9684.75977849102,1,-2.9890501673936813
9680.90284505418,1,-2.9985888769594715
9677.04591161733,1,-3.0147447003052759
9673.18897818048,1,-3.0272183191073543
9669.33204474363,1,-3.0297442896881268
9665.47511130679,1,-3.0432072147133509
9661.61817786994,1,-3.0679253533777762
9657.76124443309,1,-3.0883483441441277
9653.90431099624,1,-3.0951287893408077
9650.0473775594,1,-3.1023592982364545
9646.19044412255,1,-3.1180867493299815
9642.3335106857,1,-3.1269866321376538
9638.47657724886,1,-3.130542904841247
9634.61964381201,1,-3.1433590518165939
9630.76271037516,1,-3.1547887701778903
9626.90577693831,1,-3.162934677484055
9623.04884350147,1,-3.1756483794067338
9619.19191006462,1,-3.1929187394468865
9615.33497662777,1,-3.2054713867277544
9611.47804319092,1,-3.2162237549042101
9607.62110975408,1,-3.2349896224094752
9603.76417631723,1,-3.2448552131782669
9599.90724288038,1,-3.2563518542284848
9596.05030944354,1,-3.2702973674077822
9592.19337600669,1,-3.2780133230484663
9588.33644256984,1,-3.2858397638163317
9584.47950913299,1,-3.293665590098203
9580.62257569615,1,-3.3076228374818735
9576.7656422593,1,-3.3291322511516332
9572.90870882245,1,-3.3473818739723025
9569.0517753856,1,-3.3555933607036827
9565.19484194876,1,-3.3592461120259336
9561.33790851191,1,-3.3697937268590223
9557.48097507506,1,-3.384824398746725
9553.62404163822,1,-3.4028375805579638
9549.76710820137,1,-3.4164663865896623
9545.91017476452,1,-3.4279856271111089
9542.05324132767,1,-3.4408068837224812
9538.19630789083,1,-3.4520132061974538
9534.33937445398,1,-3.4592856141828596
9530.48244101713,1,-3.471499165314627
9526.62550758028,1,-3.487227306654288
9522.76857414344,1,-3.5038580078786961
9518.91164070659,1,-3.5132754257058516
9515.05470726974,1,-3.5182278311061497
9511.1977738329,1,-3.5265445539462279
9507.34084039605,1,-3.5438035956744889
9503.4839069592,1,-3.5619489611371691
9499.62697352235,1,-3.5718097890036984
9495.77004008551,1,-3.5765437001525355
9491.91310664866,1,-3.5917516298840586
9488.05617321181,1,-3.6021970284464029
9484.19923977496,1,-3.6090341847383969
9480.34230633812,1,-3.6224841853206593
9476.48537290127,1,-3.6340822808177835
9472.62843946442,1,-3.6466667108037303
9468.77150602758,1,-3.661284599744588
9464.91457259073,1,-3.6802540115563773
9461.05763915388,1,-3.6936009659159654
9457.20070571703,1,-3.7034634043145926
9453.34377228019,1,-3.7079843232200367
9449.48683884334,1,-3.7146945732528378
9445.62990540649,1,-3.7205902352968874
9441.77297196964,1,-3.7320476702661312
9437.9160385328,1,-3.7553151646856171
9434.05910509595,1,-3.7697062522775333
9430.2021716591,1,-3.7815181128409106
9426.34523822226,1,-3.7929056858049952
9422.48830478541,1,-3.8004553390738094
9418.63137134856,1,-3.8142807705576036
9414.77443791171,1,-3.8318436680677426
9410.91750447487,1,-3.8439046770577563
9407.06057103802,1,-3.8538322618426899
9403.20363760117,1,-3.8587215380748767
9399.34670416432,1,-3.8621393538060707
9395.48977072748,1,-3.8817761679582707
9391.63283729063,1,-3.8961392724798722
9387.77590385378,1,-3.9058382187367062
9383.91897041694,1,-3.9119562057853958
9380.06203698009,1,-3.9189969257147368
9376.20510354324,1,-3.9308025917969984
9372.34817010639,1,-3.9363323230513227
9368.49123666955,1,-3.9471538840329021
9364.6343032327,1,-3.9682730096053889
9360.77736979585,1,-3.9828727596398283
9356.920436359,1,-3.987948983212084
9353.06350292216,1,-3.9986340763714723
9349.20656948531,1,-4.0103729365924288
9345.34963604846,1,-4.0171262570868578
9341.49270261162,1,-4.0334653387261268
9337.63576917477,1,-4.0503506710211425
9333.77883573792,1,-4.0546785465548814
9329.92190230107,1,-4.0649513262297603
9326.06496886423,1,-4.076876717002456
9322.20803542738,1,-4.0810154457331285
9318.35110199053,1,-4.0901252898285412
9314.49416855368,1,-4.1073774900942075
9310.63723511684,1,-4.1194095473296901
9306.78030167999,1,-4.1323950205979418
9302.92336824314,1,-4.1478312914169333
9299.0664348063,1,-4.1536110372348496
9295.20950136945,1,-4.1578151461320552
9291.3525679326,1,-4.1777123099317119
9287.49563449575,1,-4.1888603707896603
9283.63870105891,1,-4.1965689177743535
9279.78176762206,1,-4.2096737812558525
9275.92483418521,1,-4.2138632160267475
9272.06790074836,1,-4.2169969241022223
9268.21096731152,1,-4.2266234039863839
9264.35403387467,1,-4.242886314511825
9260.49710043782,1,-4.2587733039483817
9256.64016700098,1,-4.2658948864168114
9252.78323356413,1,-4.2763571097411681
9248.92630012728,1,-4.2888448489529223
9245.06936669043,1,-4.3018336164364754
9241.21243325358,1,-4.3081697314477507
9237.35549981674,1,-4.3175994990476045
9233.49856637989,1,-4.3262580834394742
9229.64163294304,1,-4.3389078487600585
9225.7846995062,1,-4.3498546275556897
9221.92776606935,1,-4.3611980436577671
9218.0708326325,1,-4.3686377236091971
9214.21389919565,1,-4.3760624740882514
9210.35696575881,1,-4.3826817630167367
9206.50003232196,1,-4.3992220998612872
9202.64309888511,1,-4.4086110932100473
9198.78616544826,1,-4.4092876767807292
9194.92923201142,1,-4.4179638840806001
9191.07229857457,1,-4.436437806793065
9187.21536513772,1,-4.4479731432896958
9183.35843170088,1,-4.4530970368426912
9179.50149826403,1,-4.4570084727621513
9175.64456482718,1,-4.4682696488323552
9171.78763139033,1,-4.4800849582321831
9167.93069795349,1,-4.486575987008397
9164.07376451664,1,-4.486741727043591
9160.21683107979,1,-4.4980673889674057
9156.35989764294,1,-4.5148148590786086
9152.5029642061,1,-4.5272257058816541
9148.64603076925,1,-4.5333612300687731
9144.7890973324,1,-4.5347998827041831
9140.93216389556,1,-4.5433511125013641
9137.07523045871,1,-4.5499694161253572
9133.21829702186,1,-4.5532926628886843
9129.36136358501,1,-4.5598601220391961
9125.50443014817,1,-4.5722703734313814
9121.64749671132,1,-4.5869454484275982
9117.79056327447,1,-4.5973464809196987
9113.93362983762,1,-4.6010741204600372
9110.07669640078,1,-4.6082955221088833
9106.21976296393,1,-4.6164817290237892
9102.36282952708,1,-4.6241884006645027
9098.50589609024,1,-4.6329905530174305
9094.64896265339,1,-4.6353907229915992
9090.79202921654,1,-4.6369446013659141
9086.93509577969,1,-4.6463356454822513
9083.07816234285,1,-4.6611038630206556
9079.221228906,1,-4.6691525481197589
9075.36429546915,1,-4.6736466913886083
9071.5073620323,1,-4.6811495703034955
9067.65042859546,1,-4.6882387842199416
9063.79349515861,1,-4.6959196109447934
9059.93656172176,1,-4.7041003789487883
9056.07962828492,1,-4.7075656005514048
9052.22269484807,1,-4.705439596944168
9048.36576141122,1,-4.7135872274909918
9044.50882797437,1,-4.7248524726363588
9040.65189453753,1,-4.7333551945427992
9036.79496110068,1,-4.7346561057258638
9032.93802766383,1,-4.7387662880524362
9029.08109422698,1,-4.7498806378645755
9025.22416079014,1,-4.7612338800189624
9021.36722735329,1,-4.7644746427322433
9017.51029391644,1,-4.7739314015467773
9013.6533604796,1,-4.7785588774916272
9009.79642704275,1,-4.7755927152420989
9005.9394936059,1,-4.7809567018382024
9002.08256016905,1,-4.7886437145269278
8998.22562673221,1,-4.7933522583003922
8994.36869329536,1,-4.7993743213557005
8990.51175985851,1,-4.8080767181616331
8986.65482642166,1,-4.8132129793131107
8982.79789298482,1,-4.8174819608049209
8978.94095954797,1,-4.8262310916620015
8975.08402611112,1,-4.8299328999850664
8971.22709267428,1,-4.8292526174572288
8967.37015923743,1,-4.8354648327172107
8963.51322580058,1,-4.8497673897771456
8959.65629236373,1,-4.8520797959685309
8955.79935892689,1,-4.854759248040823
8951.94242549004,1,-4.8614279656603969
8948.08549205319,1,-4.8640040465902965
8944.22855861634,1,-4.8697522042561925
8940.3716251795,1,-4.8729317190395749
8936.51469174265,1,-4.8769942683593266
8932.6577583058,1,-4.8860886988495134
8928.80082486896,1,-4.8910196669884138
8924.94389143211,1,-4.8947517499648843
8921.08695799526,1,-4.8960709629223818
8917.23002455841,1,-4.8994951088845253
8913.37309112157,1,-4.9061750187555271
8909.51615768472,1,-4.9108084564600549
8905.65922424787,1,-4.9165442693700854
8901.80229081102,1,-4.9198546243931789
8897.94535737418,1,-4.9201261638129283
8894.08842393733,1,-4.9209856919525814
8890.23149050048,1,-4.9302521875196268
8886.37455706364,1,-4.9372015715605455
8882.51762362679,1,-4.9410301282063331
8878.66069018994,1,-4.9437318504943546
8874.80375675309,1,-4.9464685192371594
8870.94682331625,1,-4.9491748600789158
8867.0898898794,1,-4.9470114749264278
8863.23295644255,1,-4.9498540620398206
8859.3760230057,1,-4.9557558951274023
8855.51908956886,1,-4.9605340445884334
8851.66215613201,1,-4.9598862277089459
8847.80522269516,1,-4.9572302983170484
8843.94828925832,1,-4.9567002437094496
8840.09135582147,1,-4.9595708513244334
8836.23442238462,1,-4.9615490041619958
8832.37748894777,1,-4.9599847213200734
8828.52055551093,1,-4.9598068388913354
8824.66362207408,1,-4.9635433778709199
8820.80668863723,1,-4.9617001795438878
8816.94975520038,1,-4.9614576383947462
8813.09282176354,1,-4.9580260246438188
8809.23588832669,1,-4.9542573451285277
8805.37895488984,1,-4.9533249920326918
8801.522021453,1,-4.9547805541446355
8797.66508801615,1,-4.9550993709727171
8793.8081545793,1,-4.9525298914769245
8789.95122114245,1,-4.9511644054605801
8786.09428770561,1,-4.9486159543707053
8782.23735426876,1,-4.9444352726171825
8778.38042083191,1,-4.9330771361655854
8774.52348739506,1,-4.9264540500376421
8770.66655395822,1,-4.9236396514666296
8766.80962052137,1,-4.9141794968865025
8762.95268708452,1,-4.9029235504188211
8759.09575364767,1,-4.8984159621693015
8755.23882021083,1,-4.9000413802912473
8751.38188677398,1,-4.9021997571654463
8747.52495333713,1,-4.8954215431328434
8743.66801990029,1,-4.885027955633654
8739.81108646344,1,-4.8862798750977836
8735.95415302659,1,-4.8849328058355104
8732.09721958974,1,-4.8720238306206882
8728.2402861529,1,-4.8617150841386456
8724.38335271605,1,-4.8578435725088873
8720.5264192792,1,-4.8513934458273669
8716.66948584235,1,-4.8449151859465953
8712.81255240551,1,-4.8392623540563449
8708.95561896866,1,-4.8332143172629687
8705.09868553181,1,-4.8235721012465174
8701.24175209497,1,-4.8129476572830923
8697.38481865812,1,-4.8053052125810707
8693.52788522127,1,-4.7997619599892518
8689.67095178442,1,-4.7936505941210727
8685.81401834758,1,-4.7888684373376877
8681.95708491073,1,-4.7765131926245958
8678.10015147388,1,-4.7640688421554636
8674.24321803703,1,-4.7555208188498899
8670.38628460019,1,-4.7535365279762782
8666.52935116334,1,-4.7527330167587971
8662.67241772649,1,-4.7336333277654878
8658.81548428965,1,-4.7213285719770566
8654.9585508528,1,-4.7202273760510192
8651.10161741595,1,-4.7095817781811879
8647.2446839791,1,-4.6957011186126918
8643.38775054226,1,-4.6838430282208181
8639.53081710541,1,-4.6657876217531555
8635.67388366856,1,-4.649451186042544
8631.81695023171,1,-4.6363411450914613
8627.96001679487,1,-4.6219027368863399
8624.10308335802,1,-4.6037918527358039
8620.24614992117,1,-4.5872919202686901
8616.38921648433,1,-4.5724271930032456
8612.53228304748,1,-4.5609951245470288
8608.67534961063,1,-4.5435820839355552
8604.81841617378,1,-4.5295110212193253
8600.96148273694,1,-4.5156895361019718
8597.10454930009,1,-4.5023635476741326
8593.24761586324,1,-4.489389194100422
8589.39068242639,1,-4.4708315390625604
8585.53374898955,1,-4.4591764282685507
8581.6768155527,1,-4.4468272599422951
8577.81988211585,1,-4.4303299865728105
8573.96294867901,1,-4.4151898387171808
8570.10601524216,1,-4.4053449162756753
8566.24908180531,1,-4.3972703422064106
8562.39214836846,1,-4.3943072038544049
8558.53521493162,1,-4.382633003781053
8554.67828149477,1,-4.369477415695834
8550.82134805792,1,-4.3638157960616377
8546.96441462107,1,-4.3590542095581757
8543.10748118423,1,-4.3548596726004023
8539.25054774738,1,-4.3489158273324309
8535.39361431053,1,-4.3425052303673333
8531.53668087368,1,-4.3399206572631446
8527.67974743684,1,-4.3350923448129688
8523.82281399999,1,-4.328705147577395
8519.96588056314,1,-4.3283372643362892
8516.1089471263,1,-4.3285285333830963
8512.25201368945,1,-4.3208242231013099
8508.3950802526,1,-4.3152614080477711
8504.53814681575,1,-4.3140957920759968
8500.68121337891,1,-4.308619568135172
8496.82427994206,1,-4.3021022445544324
8492.96734650521,1,-4.2937124397165549
8489.11041306836,1,-4.2832056351532799
8485.25347963152,1,-4.2747935575792999
8481.39654619467,1,-4.2650359568675187
8477.53961275782,1,-4.2509724880916204
8473.68267932098,1,-4.2476276747926738
8469.82574588413,1,-4.248596507263203
8465.96881244728,1,-4.2407713838672896
8462.11187901043,1,-4.2269700017573424
8458.25494557359,1,-4.2161665309779579
8454.39801213674,1,-4.2043404606066632
8450.54107869989,1,-4.1918227718121228
8446.68414526304,1,-4.1813005940281025
8442.8272118262,1,-4.1738420038138484
8438.97027838935,1,-4.162660482734597
8435.1133449525,1,-4.1500136704107176
8431.25641151566,1,-4.1433199607064708
8427.39947807881,1,-4.1321404243231212
8423.54254464196,1,-4.1188978443346818
8419.68561120511,1,-4.1105039008311355
8415.82867776827,1,-4.1105083574593486
8411.97174433142,1,-4.1046696601606163
8408.11481089457,1,-4.0908961610298942
8404.25787745772,1,-4.0747357096480243
8400.40094402088,1,-4.0711722420773064
8396.54401058403,1,-4.0645423083669483
8392.68707714718,1,-4.0515175924469515
8388.83014371034,1,-4.0499054108547226
8384.97321027349,1,-4.0487909442752592
8381.11627683664,1,-4.0371042241708501
8377.25934339979,1,-4.0264125575904188
8373.40240996295,1,-4.0214246637778164
8369.5454765261,1,-4.0115251639827649
8365.68854308925,1,-3.9970286352472706
8361.8316096524,1,-3.9885486555427976
8357.97467621556,1,-3.9801291458513264
8354.11774277871,1,-3.9694716184475394
8350.26080934186,1,-3.9660947307247936
8346.40387590502,1,-3.9588659470308025
8342.54694246817,1,-3.9403006020416176
8338.69000903132,1,-3.9295645611625862
8334.83307559447,1,-3.9229563998668864
8330.97614215763,1,-3.9167156055165808
8327.11920872078,1,-3.9143501499084308
8323.26227528393,1,-3.9162300141644035
8319.40534184708,1,-3.9206898659476219
8315.54840841024,1,-3.9306196780764906
8311.69147497339,1,-3.9413047464420039
8307.83454153654,1,-3.9592335383751367
8303.97760809969,1,-3.9814930013941079
8300.12067466285,1,-4.0085709287749198
8296.263741226,1,-4.0382396050237856
8292.40680778915,1,-4.073551067097954
8288.54987435231,1,-4.1044196350333859
8284.69294091546,1,-4.1262579932057815
8280.83600747861,1,-4.1525120114655634
8276.97907404176,1,-4.1817912767516843
8273.12214060492,1,-4.2116238397659025
8269.26520716807,1,-4.2395584005369074
8265.40827373122,1,-4.2634753971366877
8261.55134029437,1,-4.2827503465880987
8257.69440685753,1,-4.2988721662864702
8253.83747342068,1,-4.3204832910678901
8249.98053998383,1,-4.3478888105628339
8246.12360654699,1,-4.3697619199711975
8242.26667311014,1,-4.3868269460584317
8238.40973967329,1,-4.4068994251383486
8234.55280623644,1,-4.4343406493990276
8230.6958727996,1,-4.4637014031975752
8226.83893936275,1,-4.4880304995579907
8222.9820059259,1,-4.514089105790843
8219.12507248905,1,-4.5447153063529839
8215.26813905221,1,-4.5735555440645701
8211.41120561536,1,-4.6003153946903694
8207.55427217851,1,-4.6305251331420685
8203.69733874167,1,-4.6589152719071807
8199.84040530482,1,-4.6880092493408467
8195.98347186797,1,-4.7167874637238576
8192.12653843112,1,-4.75233185249812
8188.26960499428,1,-4.782226002485312
8184.41267155743,1,-4.8139127907015258
8180.55573812058,1,-4.8441356506338815
8176.69880468373,1,-4.8694970629990637
8172.84187124689,1,-4.8974287429501917
8168.98493781004,1,-4.9286184666478787
8165.12800437319,1,-4.9578473655022064
8161.27107093635,1,-4.9843863992181259
8157.4141374995,1,-5.007858717604833
8153.55720406265,1,-5.0364104841047146
8149.7002706258,1,-5.065904851633289
8145.84333718896,1,-5.093690875151526
8141.98640375211,1,-5.1134550005474866
8138.12947031526,1,-5.1395163124418284
8134.27253687841,1,-5.1685716216170796
8130.41560344157,1,-5.1884386213974691
8126.55867000472,1,-5.2079485987266878
8122.70173656787,1,-5.233317665252506
8118.84480313103,1,-5.2611986717513419
8114.98786969418,1,-5.2817750244112611
8111.13093625733,1,-5.2976899057039981
8107.27400282048,1,-5.320450464761759
8103.41706938364,1,-5.3441019189106429
8099.56013594679,1,-5.3679394477330264
8095.70320250994,1,-5.3856116512464753
8091.84626907309,1,-5.4009404257581988
8087.98933563625,1,-5.4171958237775764
8084.1324021994,1,-5.4385624432613495
8080.27546876255,1,-5.4545059685203698
8076.41853532571,1,-5.4740272336023725
8072.56160188886,1,-5.4883779580781962
8068.70466845201,1,-5.5026565033236006
8064.84773501516,1,-5.5197814373512841
8060.99080157832,1,-5.5378961463505787
8057.13386814147,1,-5.556361704286453
8053.27693470462,1,-5.5689985896264051
8049.42000126777,1,-5.580499997297415
8045.56306783093,1,-5.5945518817648905
8041.70613439408,1,-5.6111715461755978
8037.84920095723,1,-5.6272695348913135
8033.99226752039,1,-5.6401168248438962
8030.13533408354,1,-5.6524205010335526
8026.27840064669,1,-5.6682245941834646
8022.42146720984,1,-5.6804684404629215
8018.564533773,1,-5.6904925643149733
8014.70760033615,1,-5.7011725597986391
8010.8506668993,1,-5.713675158956721
8006.99373346245,1,-5.7291501128710864
8003.13680002561,1,-5.7400068341033395
7999.27986658876,1,-5.7511301559378314
7995.42293315191,1,-5.7601128665487815
7991.56599971507,1,-5.7693531755230758
7987.70906627822,1,-5.782238141430172
7983.85213284137,1,-5.7938786235389248
7979.99519940452,1,-5.8046806710062988
7976.13826596768,1,-5.8137795469058888
7972.28133253083,1,-5.819526250544298
7968.42439909398,1,-5.8273686800116602
7964.56746565713,1,-5.8382247826944029
7960.71053222029,1,-5.8497652285531707
7956.85359878344,1,-5.8600345785853403
7952.99666534659,1,-5.8666732971359323
7949.13973190975,1,-5.8753230405441119
7945.2827984729,1,-5.8814450652773793
7941.42586503605,1,-5.8919410753655894
7937.5689315992,1,-5.9018282481379876
7933.71199816236,1,-5.9066000411745412
7929.85506472551,1,-5.9130028285749932
7925.99813128866,1,-5.9178317121518047
7922.14119785181,1,-5.926722346341748
7918.28426441497,1,-5.9329788237828476
7914.42733097812,1,-5.9401520834080728
7910.57039754127,1,-5.9472092614169112
7906.71346410443,1,-5.9547742539577095
7902.85653066758,1,-5.9624851379122061
7898.99959723073,1,-5.9761134350395277
7895.14266379388,1,-5.9791257059820815
7891.28573035704,1,-5.9810379817594859
7887.42879692019,1,-5.9886164797311592
7883.57186348334,1,-5.9973287709097107
7879.71493004649,1,-6.0027416141289365
7875.85799660965,1,-6.0085453424044513
7872.0010631728,1,-6.0143423511848635
7868.14412973595,1,-6.016503430724887
7864.28719629911,1,-6.0212433270999171
7860.43026286226,1,-6.0306490134175101
7856.57332942541,1,-6.0365220328729476
7852.71639598856,1,-6.0437410158939517
7848.85946255172,1,-6.0498158087605995
7845.00252911487,1,-6.0494977061212953
7841.14559567802,1,-6.0505973625717218
7837.28866224117,1,-6.0570125671544099
7833.43172880433,1,-6.0668377864390655
7829.57479536748,1,-6.0769072832054247
7825.71786193063,1,-6.0842287205279746
7821.86092849379,1,-6.0871520054022401
7818.00399505694,1,-6.0903286349373138
7814.14706162009,1,-6.0957234631168067
7810.29012818324,1,-6.1001221358769095
7806.4331947464,1,-6.1067045213501254
7802.57626130955,1,-6.1108463648335718
7798.7193278727,1,-6.1139608616463983
7794.86239443585,1,-6.1158708552297361
7791.00546099901,1,-6.1205547593688587
7787.14852756216,1,-6.1305019357787396
7783.29159412531,1,-6.1347723023291039
7779.43466068847,1,-6.1370314068357619
7775.57772725162,1,-6.1425295148292305
7771.72079381477,1,-6.1452231554890071
7767.86386037792,1,-6.1495684208154566
7764.00692694107,1,-6.1565006058899474
7760.14999350423,1,-6.1574251360663945
7756.29306006738,1,-6.1593315085655176
7752.43612663053,1,-6.1661190964196386
7748.57919319369,1,-6.1677347316844156
7744.72225975684,1,-6.1696093172240234
7740.86532631999,1,-6.1711197496702983
7737.00839288315,1,-6.1791007617538929
7733.1514594463,1,-6.1847122028746888
7729.29452600945,1,-6.1874092230291717
7725.4375925726,1,-6.1885102054229648
7721.58065913575,1,-6.1912310878643639
7717.72372569891,1,-6.1953682105348546
7713.86679226206,1,-6.2001961086656445
7710.00985882521,1,-6.2034470073617198
7706.15292538837,1,-6.2007707160692407
7702.29599195152,1,-6.2021259222760721
7698.43905851467,1,-6.2055330770339197
7694.58212507782,1,-6.2066485016740138
7690.72519164098,1,-6.2088123548101741
7686.86825820413,1,-6.2110068271470205
7683.01132476728,1,-6.2116696431037814
7679.15439133043,1,-6.2124280751660947
7675.29745789359,1,-6.2168717914039258
7671.44052445674,1,-6.2213739921462539
7667.58359101989,1,-6.2251367640494912
7663.72665758305,1,-6.2285525654363472
7659.8697241462,1,-6.2301293970495948
7656.01279070935,1,-6.2316872843528035
7652.1558572725,1,-6.2332081035813447
7648.29892383566,1,-6.2353667899550338
7644.44199039881,1,-6.2340170395725227
7640.58505696196,1,-6.2322779555704617
7636.72812352511,1,-6.2360467341234278
7632.87119008827,1,-6.2348869187647455
7629.01425665142,1,-6.2311214373695574
7625.15732321457,1,-6.2285918015357273
7621.30038977773,1,-6.2287255151910728
7617.44345634088,1,-6.2281038997577145
7613.58652290403,1,-6.2249710445663782
7609.72958946718,1,-6.2227565828808302
7605.87265603034,1,-6.2258052602751786
7602.01572259349,1,-6.2242470119772948
7598.15878915664,1,-6.2186788038315957
7594.30185571979,1,-6.2188065948267477
7590.44492228295,1,-6.21876048532976
7586.5879888461,1,-6.2149206793455578
7582.73105540925,1,-6.2116759084719151
7578.87412197241,1,-6.2062958511426602
7575.01718853556,1,-6.2061850616567114
7571.16025509871,1,-6.2036108830653713
7567.30332166186,1,-6.1984731484583886
7563.44638822502,1,-6.1916943943731484
7559.58945478817,1,-6.1880686059843191
7555.73252135132,1,-6.1876113999215763
7551.87558791447,1,-6.184269794651879
7548.01865447763,1,-6.1731730250430292
7544.16172104078,1,-6.1651317081545836
7540.30478760393,1,-6.1591561838950257
7536.44785416709,1,-6.1519358575159488
7532.59092073024,1,-6.1434363971686157
7528.73398729339,1,-6.1364275043766154
7524.87705385654,1,-6.1290557503926033
7521.0201204197,1,-6.1213152400514703
7517.16318698285,1,-6.1105204561433446
7513.306253546,1,-6.0974795003303672
7509.44932010915,1,-6.0856301440529874
7505.59238667231,1,-6.0803810126090534
7501.73545323546,1,-6.0711314766309439
7497.87851979861,1,-6.0545938907635239
7494.02158636177,1,-6.0389137779870765
7490.16465292492,1,-6.0294387023840628
7486.30771948807,1,-6.0173378341421708
7482.45078605122,1,-5.9987769701527176
7478.59385261438,1,-5.9786314513060184
7474.73691917753,1,-5.9642267471002306
7470.87998574068,1,-5.9544677167516378
7467.02305230383,1,-5.9378229028598257
7463.16611886699,1,-5.9114823285876961
7459.30918543014,1,-5.8920297457066955
7455.45225199329,1,-5.8801068519435544
7451.59531855645,1,-5.8644005093849456
7447.7383851196,1,-5.8413144249328042
7443.88145168275,1,-5.8177036010919956
7440.0245182459,1,-5.7967681977478431
7436.16758480906,1,-5.7735169629119065
7432.31065137221,1,-5.7451589602608371
7428.45371793536,1,-5.7173085328564417
7424.59678449851,1,-5.6927609984301171
7420.73985106167,1,-5.6674350057296401
7416.88291762482,1,-5.6369343766652626
7413.02598418797,1,-5.6128586491195653
7409.16905075113,1,-5.5850523232994078
7405.31211731428,1,-5.5516074491606755
7401.45518387743,1,-5.5204579512401821
7397.59825044058,1,-5.4920082773430998
7393.74131700374,1,-5.4594042814443178
7389.88438356689,1,-5.4303931766753912
7386.02745013004,1,-5.3957390747443021
7382.17051669319,1,-5.3468338575629817
7378.31358325635,1,-5.3032571892229274
7374.4566498195,1,-5.2829730236749777
7370.59971638265,1,-5.2575595617648423
7366.74278294581,1,-5.2122679049793819
7362.88584950896,1,-5.1733715986162974
7359.02891607211,1,-5.1417196813349157
7355.17198263526,1,-5.1084523892541052
7351.31504919842,1,-5.0692503018808415
7347.45811576157,1,-5.0033538420577344
7343.60118232472,1,-4.9403458318883784
7339.74424888787,1,-4.9212688617128117
7335.88731545103,1,-4.9235675060696202
7332.03038201418,1,-4.8826093892330986
7328.17344857733,1,-4.81571333049774
7324.31651514049,1,-4.7847160198790188
7320.45958170364,1,-4.7823858686787144
7316.60264826679,1,-4.7626776791398049
7312.74571482994,1,-4.7148872260824559
7308.8887813931,1,-4.6789851907078681
7305.03184795625,1,-4.6696575142478283
7301.1749145194,1,-4.6505013567280056
7297.31798108255,1,-4.6196456427194263
7293.46104764571,1,-4.5823416155228216
7289.60411420886,1,-4.5540207920167468
7285.74718077201,1,-4.5343995580126686
7281.89024733516,1,-4.5142556617861294
7278.03331389832,1,-4.4756219062592608
7274.17638046147,1,-4.433594015988632
7270.31944702462,1,-4.3935119743143716
7266.46251358778,1,-4.3604570497258734
7262.60558015093,1,-4.3290380858304456
7258.74864671408,1,-4.2955386745199453
7254.89171327723,1,-4.2467631388615983
7251.03477984039,1,-4.209915057339038
7247.17784640354,1,-4.1730398146352705
7243.32091296669,1,-4.1027903626544555
7239.46397952984,1,-4.0745007756573539
7235.607046093,1,-4.0274140324472594
7231.75011265615,1,-3.9462280191848782
7227.8931792193,1,-3.9369957760099181
7224.03624578246,1,-3.9053239161504751
7220.17931234561,1,-3.8476541321220639
7216.32237890876,1,-3.798609461577259
7212.46544547191,1,-3.7597948799883691
7208.60851203507,1,-3.7078504755196708
7204.75157859822,1,-3.6315627219820428
7200.89464516137,1,-3.5896680476064993
7197.03771172452,1,-3.5523958424382549
7193.18077828768,1,-3.4935090806551115
7189.32384485083,1,-3.4327405178608807
7185.46691141398,1,-3.3637869245650025
7181.60997797714,1,-3.2887120456764083
7177.75304454029,1,-3.2520589773513877
7173.89611110344,1,-3.2037931551160534
7170.03917766659,1,-3.1256727988930342
7166.18224422975,1,-3.0499866639647193
7162.3253107929,1,-2.9922236861149205
7158.46837735605,1,-2.955218209712323
7154.6114439192,1,-2.9062964371644804
7150.75451048236,1,-2.830444134740965
7146.89757704551,1,-2.7319575615630196
7143.04064360866,1,-2.6233313603884367
7139.18371017182,1,-2.5414672979905952
7135.32677673497,1,-2.4809523848567796
7131.46984329812,1,-2.4062417685660877
7127.61290986127,1,-2.3097535967242759
7123.75597642443,1,-2.202373968885408
7119.89904298758,1,-2.0842146071732071
7116.04210955073,1,-1.9912738232366847
7112.18517611388,1,-1.9079101344399401
7108.32824267704,1,-1.7938087775088092
7104.47130924019,1,-1.6930899212333868
7100.61437580334,1,-1.6076974019513277
7096.7574423665,1,-1.4984979616225149
7092.90050892965,1,-1.401787646074953
7089.0435754928,1,-1.3259282540369872
7085.18664205595,1,-1.2402978983394028
7081.32970861911,1,-1.1571691965195161
7077.47277518226,1,-1.0766022880007562
7073.61584174541,1,-0.98981340755172531
7069.75890830856,1,-0.90443354020560018
7065.90197487172,1,-0.83651452944606963
7062.04504143487,1,-0.75373810997045876
7058.18810799802,1,-0.66175135539587426
7054.33117456117,1,-0.57957006047063286
7050.47424112433,1,-0.51455414791043508
7046.61730768748,1,-0.45839614655162103
7042.76037425063,1,-0.42119547326333123
7038.90344081379,1,-0.38960957269125968
7035.04650737694,1,-0.36002381742761475
7031.18957394009,1,-0.33067910900685649
7027.33264050324,1,-0.30434298658424186
7023.4757070664,1,-0.28334265960349458
7019.61877362955,1,-0.26676552428229933
7015.7618401927,1,-0.24616283731882546
7011.90490675585,1,-0.22614133525920493
7008.04797331901,1,-0.20836507590204284
7004.19103988216,1,-0.18983803478889744
7000.33410644531,1,-0.17484591475539846
6996.47717300847,1,-0.16537435746788975
6992.62023957162,1,-0.15381026426160033
6988.76330613477,1,-0.13568087115324279
6984.90637269792,1,-0.11899254042636372
6981.04943926108,1,-0.10920429033830191
6977.19250582423,1,-0.10462173133789067
6973.33557238738,1,-0.090946054086797096
6969.47863895053,1,-0.082607705593044214
6965.62170551369,1,-0.080652782152862257
6961.76477207684,1,-0.071949219019287677
6957.90783863999,1,-0.064560552686928674
6954.05090520315,1,-0.059754124683566695
6950.1939717663,1,-0.056797290427703262
6946.33703832945,1,-0.054601061852175801
6942.4801048926,1,-0.053468021047366587
6938.62317145576,1,-0.051786903093369759
6934.76623801891,1,-0.052425677853682698
6930.90930458206,1,-0.053156826008076953
6927.05237114521,1,-0.054364849694353318
6923.19543770837,1,-0.054074671323963888
6919.33850427152,1,-0.049663898121865543
6915.48157083467,1,-0.053038538749287087
6911.62463739783,1,-0.061154712882357819
6907.76770396098,1,-0.067633859265944576
6903.91077052413,1,-0.072522739078791074
6900.05383708728,1,-0.07482795337486231
6896.19690365044,1,-0.074630295799661406
6892.33997021359,1,-0.075554885379761821
6888.48303677674,1,-0.080865823898999253
6884.62610333989,1,-0.085780414159906268
6880.76916990305,1,-0.091384572653792004
6876.9122364662,1,-0.093676686779015042
6873.05530302935,1,-0.096083046034915923
6869.19836959251,1,-0.10118352065127825
6865.34143615566,1,-0.1075817769389399
6861.48450271881,1,-0.11177085724888058
6857.62756928196,1,-0.11565437918969286
6853.77063584512,1,-0.11726739534380753
6849.91370240827,1,-0.11872403120749304
6846.05676897142,1,-0.12120934273717839
6842.19983553457,1,-0.12575631196892192
6838.34290209773,1,-0.12908803137310007
6834.48596866088,1,-0.13198003220975466
6830.62903522403,1,-0.13620728642600333
6826.77210178718,1,-0.13837514746125457
6822.91516835034,1,-0.13800834799269154
6819.05823491349,1,-0.14249940858861088
6815.20130147664,1,-0.14920843080319521
6811.3443680398,1,-0.15268137425041617
6807.48743460295,1,-0.15467834339032632
6803.6305011661,1,-0.15821481664720641
6799.77356772925,1,-0.16105517815318524
6795.91663429241,1,-0.1636159109665157
6792.05970085556,1,-0.16523917396738988
6788.20276741871,1,-0.16913592219780135
6784.34583398186,1,-0.17829199533407747
6780.48890054502,1,-0.18662285121130326
6776.63196710817,1,-0.18911765897924146
6772.77503367132,1,-0.193931627316696
6768.91810023448,1,-0.19582435413786423
6765.06116679763,1,-0.19983241632183688
6761.20423336078,1,-0.20717079278886522
6757.34729992393,1,-0.21355514194471212
6753.49036648709,1,-0.21779082440053235
6749.63343305024,1,-0.22121170776739324
6745.77649961339,1,-0.22350898567070568
6741.91956617654,1,-0.22958491016493149
6738.0626327397,1,-0.23555813899157396
6734.20569930285,1,-0.23959525737664594
6730.348765866,1,-0.2438714400732008
6726.49183242916,1,-0.24906797806916706
6722.63489899231,1,-0.25461321239836082
6718.77796555546,1,-0.26025022239865653
6714.92103211861,1,-0.26412027098559399
6711.06409868177,1,-0.26746103525064502
6707.20716524492,1,-0.26942561480984678
6703.35023180807,1,-0.27582577222864024
6699.49329837122,1,-0.28317782049763329
6695.63636493438,1,-0.29083453211860455
6691.77943149753,1,-0.2977076346788094
6687.92249806068,1,-0.30554862655142734
6684.06556462384,1,-0.31098719443328388
6680.20863118699,1,-0.31503902130543726
6676.35169775014,1,-0.3229552651967933
6672.49476431329,1,-0.33463906428939666
6668.63783087645,1,-0.34234098151724601
6664.7808974396,1,-0.35060835664876433
6660.92396400275,1,-0.35923126586060988
6657.0670305659,1,-0.36749011251269936
6653.21009712906,1,-0.37787374075583768
6649.35316369221,1,-0.38520547461502674
6645.49623025536,1,-0.39325667258639768
6641.63929681852,1,-0.40224597916855809
6637.78236338167,1,-0.41374698621180683
6633.92542994482,1,-0.42411020199028127
6630.06849650797,1,-0.4355864524739112
6626.21156307113,1,-0.44723987360537287
6622.35462963428,1,-0.45576038536009256
6618.49769619743,1,-0.46614564108648637
6614.64076276058,1,-0.47944183412413272
6610.78382932374,1,-0.49003981819736103
6606.92689588689,1,-0.50067899464069343
6603.06996245004,1,-0.51226856076187999
6599.2130290132,1,-0.52182612501162928
6595.35609557635,1,-0.53107308496814354
6591.4991621395,1,-0.54161744193474548
6587.64222870265,1,-0.55383836018443888
6583.78529526581,1,-0.56361318557356099
6579.92836182896,1,-0.57666952023285045
6576.07142839211,1,-0.58858226722307572
6572.21449495526,1,-0.5977133442314263
6568.35756151842,1,-0.60716201993558083
6564.50062808157,1,-0.61571172295214915
6560.64369464472,1,-0.62864738761993666
6556.78676120788,1,-0.63678198036243228
6552.92982777103,1,-0.64409188031613396
6549.07289433418,1,-0.65688816087973023
6545.21596089733,1,-0.66933947215075995
6541.35902746049,1,-0.68059581992387641
6537.50209402364,1,-0.6885790368861191
6533.64516058679,1,-0.69587250921062327
6529.78822714994,1,-0.70485979721179326
6525.9312937131,1,-0.7133511386994591
6522.07436027625,1,-0.72268130299828881
6518.2174268394,1,-0.73167525192525207
6514.36049340256,1,-0.74061198859723454
6510.50355996571,1,-0.75024466526481559
6506.64662652886,1,-0.75956110041732272
6502.78969309201,1,-0.76757869320991767
6498.93275965517,1,-0.77325816863611319
6495.07582621832,1,-0.77901920394509738
6491.21889278147,1,-0.78680676831222629
6487.36195934462,1,-0.79413026471889503
6483.50502590778,1,-0.8006506649333538
6479.64809247093,1,-0.80906160475620115
6475.79115903408,1,-0.82225299195619694
6471.93422559724,1,-0.83361816473991757
6468.07729216039,1,-0.84080869982319051
6464.22035872354,1,-0.84911083135151011
6460.36342528669,1,-0.85885024526147902
6456.50649184985,1,-0.86936147708948797
6452.649558413,1,-0.88028700196252718
6448.79262497615,1,-0.89098941854268954
6444.9356915393,1,-0.90061855601895813
6441.07875810246,1,-0.91209709838061848
6437.22182466561,1,-0.92103353524803844
6433.36489122876,1,-0.93022418404744689
6429.50795779192,1,-0.93784961634222708
6425.65102435507,1,-0.9462907979999492
6421.79409091822,1,-0.95449882789254581
6417.93715748137,1,-0.96292106271825684
6414.08022404453,1,-0.97032045361586217
6410.22329060768,1,-0.9809564333292784
6406.36635717083,1,-0.99036512029913537
6402.50942373398,1,-0.99698239844308589
6398.65249029714,1,-1.003616508368723
6394.79555686029,1,-1.0090935851848863
6390.93862342344,1,-1.0134772569419186
6387.08168998659,1,-1.0192749390784874
6383.22475654975,1,-1.0270179381136593
6379.3678231129,1,-1.0325029021158769
6375.51088967605,1,-1.0374934706327923
6371.6539562392,1,-1.0451139416380146
6367.79702280236,1,-1.0520491004336259
6363.94008936551,1,-1.0576268591411022
6360.08315592866,1,-1.0643215294347981
6356.22622249182,1,-1.0733152936061454
6352.36928905497,1,-1.0829543880719434
6348.51235561812,1,-1.0914668219290589
6344.65542218127,1,-1.1005163191978813
6340.79848874443,1,-1.1118356251382766
6336.94155530758,1,-1.1239431073902904
6333.08462187073,1,-1.1356679582608629
6329.22768843388,1,-1.1464476535757282
6325.37075499704,1,-1.1575513356109064
6321.51382156019,1,-1.1681870292634919
6317.65688812334,1,-1.1798367909644318
6313.7999546865,1,-1.1918817353279267
6309.94302124965,1,-1.2029741980276794
6306.0860878128,1,-1.2160116901981053
6302.22915437595,1,-1.2292730343871785
6298.37222093911,1,-1.2434512582442223
6294.51528750226,1,-1.2568444358626529
6290.65835406541,1,-1.2742874646661437
6286.80142062856,1,-1.292895245534043
6282.94448719172,1,-1.3096143015937569
6279.08755375487,1,-1.3241009875675334
6275.23062031802,1,-1.3404510760447923
6271.37368688118,1,-1.3584728055419635
6267.51675344433,1,-1.3777116159983949
6263.65982000748,1,-1.3958324006684495
6259.80288657063,1,-1.4111502529650075
6255.94595313379,1,-1.4283111625970153
6252.08901969694,1,-1.449913323489191
6248.23208626009,1,-1.4686939069923119
6244.37515282324,1,-1.4884804913626142
6240.5182193864,1,-1.5081402498762571
6236.66128594955,1,-1.5295629965152011
6232.8043525127,1,-1.5504805191869477
6228.94741907586,1,-1.5696203198754317
6225.09048563901,1,-1.5877281317178618
6221.23355220216,1,-1.6097253055139771
6217.37661876531,1,-1.6327442299134953
6213.51968532847,1,-1.6509854598763443
6209.66275189162,1,-1.6669722582270057
6205.80581845477,1,-1.6859164656615986
6201.94888501792,1,-1.7047062765139325
6198.09195158108,1,-1.7238795755142589
6194.23501814423,1,-1.7388707704112887
6190.37808470738,1,-1.7524245569141792
6186.52115127054,1,-1.7693596065996742
6182.66421783369,1,-1.7881930392645398
6178.80728439684,1,-1.7998321007097804
6174.95035095999,1,-1.8125756004055771
6171.09341752315,1,-1.8237467893801143
6167.2364840863,1,-1.8307979332705182
6163.37955064945,1,-1.8380429783660683
6159.5226172126,1,-1.8431393268699843
6155.66568377576,1,-1.8467597056240335
6151.80875033891,1,-1.8510415164171456
6147.95181690206,1,-1.852616625058723
6144.09488346522,1,-1.852376286385736
6140.23795002837,1,-1.849553037245059
6136.38101659152,1,-1.8487067809626057
6132.52408315467,1,-1.8515111672565008
6128.66714971783,1,-1.8558439290153752
6124.81021628098,1,-1.8573657768461826
6120.95328284413,1,-1.8600758487016236
6117.09634940728,1,-1.8649552800732394
6113.23941597044,1,-1.8737132997389969
6109.38248253359,1,-1.8843658155483984
6105.52554909674,1,-1.8934872201982751
6101.6686156599,1,-1.8985048496342458
6097.81168222305,1,-1.904704194206287
6093.9547487862,1,-1.9100493173438
6090.09781534935,1,-1.9174010637298173
6086.24088191251,1,-1.9230499407338382
6082.38394847566,1,-1.9265498619922967
6078.52701503881,1,-1.9278041925609171
6074.67008160196,1,-1.9252419314469478
6070.81314816512,1,-1.9199912430663126
6066.95621472827,1,-1.9162067767585302
6063.09928129142,1,-1.9115849368810514
6059.24234785458,1,-1.9028809445152253
6055.38541441773,1,-1.8948265310099606
6051.52848098088,1,-1.8869294977309823
6047.67154754403,1,-1.8758201169778961
6043.81461410719,1,-1.8649954984827568
6039.95768067034,1,-1.852661430652687
6036.10074723349,1,-1.8396506853353647
6032.24381379664,1,-1.822941589976993
6028.3868803598,1,-1.803342567684511
6024.52994692295,1,-1.7810953325939671
6020.6730134861,1,-1.7581186026629723
6016.81608004926,1,-1.7322932344626796
6012.95914661241,1,-1.7024399671736821
6009.10221317556,1,-1.6656978744712314
6005.24527973871,1,-1.6315194957098389
6001.38834630187,1,-1.6012354786442664
5997.53141286502,1,-1.568355732155287
5993.67447942817,1,-1.5325537447862889
5989.81754599132,1,-1.4954301184393635
5985.96061255448,1,-1.4573164628429915
5982.10367911763,1,-1.4192114403033267
5978.24674568078,1,-1.3737843888456605
5974.38981224394,1,-1.3246448186478332
5970.53287880709,1,-1.2733115214161441
5966.67594537024,1,-1.2161564173514465
5962.81901193339,1,-1.1532609694169962
5958.96207849655,1,-1.0819063045247628
5955.1051450597,1,-1.0033750065261338
5951.24821162285,1,-0.92217193234230899
5947.391278186,1,-0.83993371963084951
5943.53434474916,1,-0.75214850226349261
5939.67741131231,1,-0.66027204109423898
5935.82047787546,1,-0.56248060303258618
5931.96354443862,1,-0.45691319027276511
5928.10661100177,1,-0.34256424774553418
5924.24967756492,1,-0.22033339174067729
5920.39274412807,1,-0.09238159097547631
5916.53581069123,1,0.041176601824649973
5912.67887725438,1,0.17541129437213274
5908.82194381753,1,0.29839637598022267
5904.96501038068,1,0.40732409171637451
5901.10807694384,1,0.5003883978660213
5897.25114350699,1,0.57444184374171814
5893.39421007014,1,0.63034332787162772
5889.5372766333,1,0.6740405786188669
5885.68034319645,1,0.71815933381155639
5881.8234097596,1,0.7693726414976384
5877.96647632275,1,0.82920909942790455
5874.10954288591,1,0.90114379056359484
5870.25260944906,1,0.98837777811706451
5866.39567601221,1,1.0872895788967809
5862.53874257536,1,1.1932544760294512
5858.68180913852,1,1.300175229292039
5854.82487570167,1,1.4041123752381277
5850.96794226482,1,1.5003079763793405
5847.11100882798,1,1.5820027151216696
5843.25407539113,1,1.6428470937860531
5839.39714195428,1,1.6805532356669992
5835.54020851743,1,1.6977777729847128
5831.68327508059,1,1.7020383405160955
5827.82634164374,1,1.6921212446277394
5823.96940820689,1,1.6754712140779224
5820.11247477004,1,1.6553048959314383
5816.2555413332,1,1.6348484514256476
5812.39860789635,1,1.6131713269064418
5808.5416744595,1,1.5905954193532861
5804.68474102266,1,1.5618354078142067
5800.82780758581,1,1.5264056860802786
5796.97087414896,1,1.4912903572690621
5793.11394071211,1,1.4545358563380777
5789.25700727527,1,1.4145163205834888
5785.40007383842,1,1.3731211353638737
5781.54314040157,1,1.3290357607307035
5777.68620696472,1,1.2779812037412599
5773.82927352788,1,1.2119346778631452
5769.97234009103,1,1.1274367428784045
5766.11540665418,1,1.0361499249991195
5762.25847321733,1,0.94490756315999946
5758.40153978049,1,0.86162657385356189
5754.54460634364,1,0.79246834518064735
5750.68767290679,1,0.73813548366425763
5746.83073946995,1,0.6997053518766807
5742.9738060331,1,0.67308368463537704
5739.11687259625,1,0.65874463556626495
5735.2599391594,1,0.66484335713914788
5731.40300572256,1,0.6860722836856078
5727.54607228571,1,0.71579812436295742
5723.68913884886,1,0.7487046408117235
5719.83220541201,1,0.77743197569744282
5715.97527197517,1,0.80526221163519174
5712.11833853832,1,0.82825201747592725
5708.26140510147,1,0.84807405719443552
5704.40447166463,1,0.86215538355661947
5700.54753822778,1,0.86924493883462794
5696.69060479093,1,0.86583002238194329
5692.83367135408,1,0.85435405010497556
5688.97673791724,1,0.83269971760012707
5685.11980448039,1,0.80428428664483997
5681.26287104354,1,0.77090228673120231
5677.40593760669,1,0.73967677518462438
5673.54900416985,1,0.71685014034122752
5669.692070733,1,0.70489947870170555
5665.83513729615,1,0.69336819014271511
5661.97820385931,1,0.67836696027132892
5658.12127042246,1,0.66211529231563526
5654.26433698561,1,0.65151658144636071
5650.40740354876,1,0.6443253344110712
5646.55047011192,1,0.64151143327044191
5642.69353667507,1,0.64215921403923171
5638.83660323822,1,0.64405871414367843
5634.97966980137,1,0.64620585134966368
5631.12273636453,1,0.64579702405832429
5627.26580292768,1,0.63869733593549027
5623.40886949083,1,0.62872565075721432
5619.55193605399,1,0.61379140526415599
5615.69500261714,1,0.58441991837798568
5611.83806918029,1,0.53891609578318667
5607.98113574344,1,0.48324262087116315
5604.1242023066,1,0.42088015897147441
5600.26726886975,1,0.35311555772644504
5596.4103354329,1,0.27544318880045643
5592.55340199605,1,0.19951136060803895
5588.69646855921,1,0.1234166848118524
5584.83953512236,1,0.05459629132238638
5580.98260168551,1,-0.009865533703636466
5577.12566824867,1,-0.068993232000232024
5573.26873481182,1,-0.12688740597242698
5569.41180137497,1,-0.178903166544015
5565.55486793812,1,-0.22514402498267919
5561.69793450128,1,-0.26343114346785379
5557.84100106443,1,-0.29993406993209965
5553.98406762758,1,-0.33071666592131266
5550.12713419073,1,-0.35991552524337439
5546.27020075389,1,-0.38641825638585958
5542.41326731704,1,-0.41283351188229833
5538.55633388019,1,-0.43331680520872506
5534.69940044334,1,-0.45774519877645331
5530.8424670065,1,-0.47961986326721306
5526.98553356965,1,-0.50119244983688915
5523.1286001328,1,-0.51896963982914279
5519.27166669596,1,-0.5399466328638266
5515.41473325911,1,-0.56071391370675594
5511.55779982226,1,-0.581676499522637
5507.70086638541,1,-0.5937738542225609
5503.84393294857,1,-0.6157962762597996
5499.98699951172,1,-0.62641213141016117
5496.13006607487,1,-0.62720648341171925
5492.27313263802,1,-0.62728614364162016
5488.41619920118,1,-0.65185151909925909
5484.55926576433,1,-0.67702885887616149
5480.70233232748,1,-0.68776970253160152
5476.84539889064,1,-0.69069135536952597
5472.98846545379,1,-0.7102801540568916
5469.13153201694,1,-0.72487086357663955
5465.27459858009,1,-0.73081609720727136
5461.41766514325,1,-0.7469487807721974
5457.5607317064,1,-0.77302201612760035
5453.70379826955,1,-0.78882762509253324
5449.8468648327,1,-0.78587609429199201
5445.98993139586,1,-0.7784956017425515
5442.13299795901,1,-0.80076714185441522
5438.27606452216,1,-0.82674403902424665
5434.41913108532,1,-0.828901640931207
5430.56219764847,1,-0.82034836044523396
5426.70526421162,1,-0.84625640720222239
5422.84833077477,1,-0.87978039670278518
5418.99139733793,1,-0.88366997593887897
5415.13446390108,1,-0.8625798087608374
5411.27753046423,1,-0.85145248824944519
5407.42059702738,1,-0.88646605228838971
5403.56366359054,1,-0.91046608020229103
5399.70673015369,1,-0.90770585058787623
5395.84979671684,1,-0.88749675886052826
5391.99286328,1,-0.8856484892554628
5388.13592984315,1,-0.89140388992056108
5384.2789964063,1,-0.88605922440031615
5380.42206296945,1,-0.8762493318811938
5376.56512953261,1,-0.84313660374340926
5372.70819609576,1,-0.83902875809428856
5368.85126265891,1,-0.84110574675500627
5364.99432922206,1,-0.81923423942248252
5361.13739578522,1,-0.79228285413706923
5357.28046234837,1,-0.76399721633585072
5353.42352891152,1,-0.71336653798020522
5349.56659547468,1,-0.68674425418544049
5345.70966203783,1,-0.6377438722570562
5341.85272860098,1,-0.58549423072458051
5337.99579516413,1,-0.53425843072745838
5334.13886172729,1,-0.49430788227231043
5330.28192829044,1,-0.43883118506668872
5326.42499485359,1,-0.37236538817465614
5322.56806141674,1,-0.31126358621414202
5318.7111279799,1,-0.24063464578044497
5314.85419454305,1,-0.1560335605185611
5310.9972611062,1,-0.071359474948867532
5307.14032766935,1,0.028988925983449515
5303.28339423251,1,0.1317560009100012
5299.42646079566,1,0.24130602222188752
5295.56952735881,1,0.34995772807036418
5291.71259392197,1,0.46814499301533291
5287.85566048512,1,0.58527020084240211
5283.99872704827,1,0.69375931572030081
5280.14179361142,1,0.79814418380203378
5276.28486017458,1,0.89238000917848637
5272.42792673773,1,0.99028805430633182
5268.57099330088,1,1.0894602757446123
5264.71405986403,1,1.1823812693181024
5260.85712642719,1,1.2553024823683234
5257.00019299034,1,1.3210266835066162
5253.14325955349,1,1.38598065085459
5249.28632611665,1,1.4535348463278142
5245.4293926798,1,1.5110903760573697
5241.57245924295,1,1.5526639826031015
5237.7155258061,1,1.5936429168833952
5233.85859236926,1,1.6425313801722425
5230.00165893241,1,1.6849848732019939
5226.14472549556,1,1.7168786180401667
5222.28779205871,1,1.7409962628223496
5218.43085862187,1,1.7677197763241017
5214.57392518502,1,1.7931821473034923
5210.71699174817,1,1.8239809567139187
5206.86005831133,1,1.8483619520015548
5203.00312487448,1,1.8586259386283766
5199.14619143763,1,1.8752802890560654
5195.28925800078,1,1.8935633596561707
5191.43232456394,1,1.9091460936900795
5187.57539112709,1,1.9243389198648853
5183.71845769024,1,1.9305916459379622
5179.86152425339,1,1.9392076915142105
5176.00459081655,1,1.9473321968975266
5172.1476573797,1,1.9534594594096664
5168.29072394285,1,1.9539264617399914
5164.43379050601,1,1.9553459049505049
5160.57685706916,1,1.9584120730041139
5156.71992363231,1,1.9616952114700279
5152.86299019546,1,1.9582665656030496
5149.00605675862,1,1.9511405703487346
5145.14912332177,1,1.9463332210455018
5141.29218988492,1,1.9447520249996955
5137.43525644807,1,1.9415175555392423
5133.57832301123,1,1.9390865434523523
5129.72138957438,1,1.9320810004878033
5125.86445613753,1,1.9258869603354039
5122.00752270069,1,1.9235151292745793
5118.15058926384,1,1.9241677600047644
5114.29365582699,1,1.9212669944263587
5110.43672239014,1,1.9163004949073041
5106.5797889533,1,1.9120262005802939
5102.72285551645,1,1.9085883549962666
5098.8659220796,1,1.9066359562200679
5095.00898864275,1,1.9041397614440545
5091.15205520591,1,1.8990651373480796
5087.29512176906,1,1.8961810074811198
5083.43818833221,1,1.8945968070631702
5079.58125489536,1,1.8927366009649838
5075.72432145852,1,1.890293535646554
5071.86738802167,1,1.8886468333117783
5068.01045458482,1,1.8875333546478077
5064.15352114798,1,1.8869971431049228
5060.29658771113,1,1.8870170432620592
5056.43965427428,1,1.8865169968718603
5052.58272083743,1,1.8852785430089067
5048.72578740059,1,1.8843926699731215
5044.86885396374,1,1.882827128829103
5041.01192052689,1,1.8821044444557227
5037.15498709004,1,1.8808886233862139
5033.2980536532,1,1.878933721971592
5029.44112021635,1,1.8732844718215595
5025.5841867795,1,1.8660672016067181
5021.72725334266,1,1.8554480239466937
5017.87031990581,1,1.841815046767697
5014.01338646896,1,1.8257159608194393
5010.15645303211,1,1.8071921974471086
5006.29951959527,1,1.7821970943205536
5002.44258615842,1,1.7539097713922931
4998.58565272157,1,1.722916927032401
4994.72871928472,1,1.6919934264102634
4990.87178584788,1,1.659169641171405
4987.01485241103,1,1.6253153452415317
4983.15791897418,1,1.5892936982859938
4979.30098553734,1,1.5543353253535426
4975.44405210049,1,1.5229126949346443
4971.58711866364,1,1.4918136972734022
4967.73018522679,1,1.4595114246640302
4963.87325178995,1,1.4288243496021469
4960.0163183531,1,1.3983338504796616
4956.15938491625,1,1.3698021326920364
4952.3024514794,1,1.3430955122440444
4948.44551804256,1,1.3163009988263137
4944.58858460571,1,1.2872009711170569
4940.73165116886,1,1.2598434960278206
4936.87471773202,1,1.2376283666965244
4933.01778429517,1,1.2157214429146228
4929.16085085832,1,1.1905345309738982
4925.30391742147,1,1.1668412071157639
4921.44698398463,1,1.1452066063691506
4917.59005054778,1,1.1246443452007382
4913.73311711093,1,1.1072068937872455
4909.87618367408,1,1.0913431647407039
4906.01925023724,1,1.0736993271934068
4902.16231680039,1,1.057610772104729
4898.30538336354,1,1.0425834580933282
4894.4484499267,1,1.0331081291322266
4890.59151648985,1,1.0262832668233035
4886.734583053,1,1.0180320677360948
4882.87764961615,1,1.0091617480620223
4879.02071617931,1,1.0021390835370307
4875.16378274246,1,0.99531307439929761
4871.30684930561,1,0.99064454493425202
4867.44991586876,1,0.98196745434237609
4863.59298243192,1,0.96765672512444678
4859.73604899507,1,0.95180286299560757
4855.87911555822,1,0.93425474696536703
4852.02218212137,1,0.91709143771995205
4848.16524868453,1,0.89762530224448456
4844.30831524768,1,0.87551348536258999
4840.45138181083,1,0.85221165619835448
4836.59444837399,1,0.8305324714294352
4832.73751493714,1,0.81000140728618286
4828.88058150029,1,0.78850180221241273
4825.02364806344,1,0.76905642828775944
4821.1667146266,1,0.75073414031183283
4817.30978118975,1,0.73332313181231712
4813.4528477529,1,0.71463233924124703
4809.59591431605,1,0.69683565688107019
4805.73898087921,1,0.67927597878115686
4801.88204744236,1,0.66258698026703022
4798.02511400551,1,0.64473359340614922
4794.16818056867,1,0.62750320169284646
4790.31124713182,1,0.6093149602146577
4786.45431369497,1,0.59060482467349495
4782.59738025812,1,0.57270608720425076
4778.74044682128,1,0.55771997031621812
4774.88351338443,1,0.54259055487314978
4771.02657994758,1,0.53021123318578456
4767.16964651073,1,0.51883533535388227
4763.31271307389,1,0.50938399652774558
4759.45577963704,1,0.50137655153870586
4755.59884620019,1,0.49561697356587459
4751.74191276335,1,0.49169013555268043
4747.8849793265,1,0.4900938889429548
4744.02804588965,1,0.4878868526165509
4740.1711124528,1,0.4863082371852846
4736.31417901596,1,0.48402896044288535
4732.45724557911,1,0.48313504520928796
4728.60031214226,1,0.48293456879278618
4724.74337870541,1,0.48212746445784233
4720.88644526857,1,0.48051405490829419
4717.02951183172,1,0.47870212505142318
4713.17257839487,1,0.47464991316485894
4709.31564495803,1,0.46997648620536814
4705.45871152118,1,0.46665996004232613
4701.60177808433,1,0.46616090191183396
4697.74484464748,1,0.46587933424611189
4693.88791121064,1,0.4629473817072669
4690.03097777379,1,0.45926123896931731
4686.17404433694,1,0.45781535052882855
4682.31711090009,1,0.45852028135588696
4678.46017746325,1,0.45902116695708811
4674.6032440264,1,0.46221298005352057
4670.74631058955,1,0.46769422738536154
4666.88937715271,1,0.47410045249549149
4663.03244371586,1,0.48163427379646184
4659.17551027901,1,0.49021271659209376
4655.31857684216,1,0.50237008474959022
4651.46164340532,1,0.51173694365782296
4647.60470996847,1,0.51932429950704639
4643.74777653162,1,0.52387612431088815
4639.89084309477,1,0.52556089150428653
4636.03390965793,1,0.52688799659812813
4632.17697622108,1,0.52906119897288706
4628.32004278423,1,0.53109219086659065
4624.46310934739,1,0.53645262530911808
4620.60617591054,1,0.54569222659372074
4616.74924247369,1,0.55556786751757203
4612.89230903684,1,0.56328812619103663
4609.0353756,1,0.56976915078565726
4605.17844216315,1,0.5747653431618851
4601.3215087263,1,0.58279707252208457
4597.46457528945,1,0.59089229402130961
4593.60764185261,1,0.59710009802164576
4589.75070841576,1,0.60318946067062218
4585.89377497891,1,0.61113388993775974
4582.03684154207,1,0.61524666305923981
4578.17990810522,1,0.61498293650765212
4574.32297466837,1,0.61074313496121468
4570.46604123152,1,0.60689810051959625
4566.60910779468,1,0.60848444225254172
4562.75217435783,1,0.61093718813396825
4558.89524092098,1,0.61501144014708109
4555.03830748413,1,0.62365979706638164
4551.18137404729,1,0.63700098335474509
4547.32444061044,1,0.65321807335910009
4543.46750717359,1,0.6649021449151945
4539.61057373675,1,0.67748190599464952
4535.7536402999,1,0.69256081268363978
4531.89670686305,1,0.70765211840008213
4528.0397734262,1,0.72722117048083179
4524.18283998936,1,0.75229911645783121
4520.32590655251,1,0.78116958756520638
4516.46897311566,1,0.80880820249073782
4512.61203967881,1,0.83104276229637497
4508.75510624197,1,0.84914380019360225
4504.89817280512,1,0.86607204015484729
4501.04123936827,1,0.88356494178646305
4497.18430593143,1,0.90069627107618977
4493.32737249458,1,0.9201585010408031
4489.47043905773,1,0.9484563801101179
4485.61350562088,1,0.9878724206337971
4481.75657218404,1,1.0314260719561033
4477.89963874719,1,1.0781247006749237
4474.04270531034,1,1.128727236110157
4470.18577187349,1,1.1814845749004423
4466.32883843665,1,1.239676142675354
4462.4719049998,1,1.3057395982668694
4458.61497156295,1,1.3781393727705269
4454.75803812611,1,1.4585317700102749
4450.90110468926,1,1.546707492029856
4447.04417125241,1,1.6438471723053296
4443.18723781556,1,1.7504030964612625
4439.33030437872,1,1.8679317231516532
4435.47337094187,1,1.9935661650700496
4431.61643750502,1,2.1248565241919652
4427.75950406817,1,2.2524119701549878
4423.90257063133,1,2.3730325568391248
4420.04563719448,1,2.4859826330451948
4416.18870375763,1,2.5891923949787587
4412.33177032078,1,2.6753177720875629
4408.47483688394,1,2.7393023078740559
4404.61790344709,1,2.7819088407256802
4400.76097001024,1,2.8152260118550751
4396.9040365734,1,2.8509727594917158
4393.04710313655,1,2.8933408352403891
4389.1901696997,1,2.9520737352636246
4385.33323626285,1,3.027580239151626
4381.47630282601,1,3.1184086206985064
4377.61936938916,1,3.2207550754918439
4373.76243595231,1,3.3315438617537105
4369.90550251546,1,3.4459304728441822
4366.04856907862,1,3.5636202561738211
4362.19163564177,1,3.6820375759044039
4358.33470220492,1,3.7972902101650829
4354.47776876808,1,3.9106537941506554
4350.62083533123,1,4.0183088780246949
4346.76390189438,1,4.115861793088964
4342.90696845753,1,4.1987228968312813
4339.05003502069,1,4.2605407077814093
4335.19310158384,1,4.297182724408672
4331.33616814699,1,4.3015690200336811
4327.47923471014,1,4.2876893970234882
4323.6223012733,1,4.2633104613790032
4319.76536783645,1,4.194567821505764
4315.9084343996,1,4.085280487282847
4312.05150096276,1,4.0044278803534405
4308.19456752591,1,3.9590046495074431
4304.33763408906,1,3.9354239461966234
4300.48070065221,1,3.9247100329918698
4296.62376721537,1,3.928011786268415
4292.76683377852,1,3.9374216319708104
4288.90990034167,1,3.9498074572872537
4285.05296690482,1,3.9547053707348048
4281.19603346798,1,3.9498908464851916
4277.33910003113,1,3.9351251862303505
4273.48216659428,1,3.9228230334220009
4269.62523315744,1,3.9149736647084881
4265.76829972059,1,3.9193872899889937
4261.91136628374,1,3.9325031788879623
4258.05443284689,1,3.9481282560560591
4254.19749941005,1,3.9644586650755458
4250.3405659732,1,3.961013705402014
4246.48363253635,1,3.9234322325201769
4242.6266990995,1,3.8811109082965842
4238.76976566266,1,3.8421081904841463
4234.91283222581,1,3.8012826681954159
4231.05589878896,1,3.7559605667651468
4227.19896535212,1,3.7055638442861669
4223.34203191527,1,3.6486558363170594
4219.48509847842,1,3.5829460784665073
4215.62816504157,1,3.5085923460834398
4211.77123160473,1,3.4363431786077125
4207.91429816788,1,3.3663689008577533
4204.05736473103,1,3.3057039438510296
4200.20043129418,1,3.2526157883776143
4196.34349785734,1,3.2092975948249074
4192.48656442049,1,3.1705686873301935
4188.62963098364,1,3.1359354954460481
4184.7726975468,1,3.1095910542445235
4180.91576410995,1,3.0884176115175186
4177.0588306731,1,3.062066256342578
4173.20189723625,1,3.0319228783326944
4169.34496379941,1,2.9947568113917695
4165.48803036256,1,2.9586982474544574
4161.63109692571,1,2.9260210070107289
4157.77416348886,1,2.897482583634106
4153.91723005202,1,2.8675193700275936
4150.06029661517,1,2.8411624152329837
4146.20336317832,1,2.8092766952092783
4142.34642974148,1,2.7797402703380309
4138.48949630463,1,2.7552470090250241
4134.63256286778,1,2.7344972106985614
4130.77562943093,1,2.7114572910779424
4126.91869599409,1,2.690071770992271
4123.06176255724,1,2.6632542509098878
4119.20482912039,1,2.6334713674736263
4115.34789568354,1,2.6042119576856178
4111.4909622467,1,2.5768099319957227
4107.63402880985,1,2.5513848032107633
4103.777095373,1,2.5307155416107685
4099.92016193616,1,2.5132497232002806
4096.06322849931,1,2.5023795230130017
4092.20629506246,1,2.4883550272712252
4088.34936162561,1,2.4691414595507633
4084.49242818877,1,2.4433549878633527
4080.63549475192,1,2.4205632621065662
4076.77856131507,1,2.3969447449665404
4072.92162787822,1,2.375926804055736
4069.06469444138,1,2.3532194607815011
4065.20776100453,1,2.3234403380943358
4061.35082756768,1,2.2788012304486571
4057.49389413083,1,2.2179520480552055
4053.63696069399,1,2.1453486889562905
4049.78002725714,1,2.0734125194099291
4045.92309382029,1,2.0067958326066053
4042.06616038345,1,1.9344522970106139
4038.2092269466,1,1.8585268089870532
4034.35229350975,1,1.790706763441821
4030.4953600729,1,1.7322207326795978
4026.63842663606,1,1.6836247378859222
4022.78149319921,1,1.6406488671416455
4018.92455976236,1,1.6067047756983948
4015.06762632551,1,1.5797402680378481
4011.21069288867,1,1.5657579423732162
4007.35375945182,1,1.5603163646345
4003.49682601497,1,1.5603524907095068
3999.63989257813,1,1.5666578440664611
10001.0283203125,2,-9.2578482805357005
9997.17138687565,2,-9.2660284749325985
9993.31445343881,2,-9.2659845509796561
9989.45752000196,2,-9.2597491799782574
9985.60058656511,2,-9.2489128291447855
9981.74365312826,2,-9.237302244850234
9977.88671969142,2,-9.2306623206774514
9974.02978625457,2,-9.2372336578209655
9970.17285281772,2,-9.2445077957050046
9966.31591938088,2,-9.2339298859489212
9962.45898594403,2,-9.2188003912168064
9958.60205250718,2,-9.2298678124819773
9954.74511907033,2,-9.2374003107101075
9950.88818563349,2,-9.228401692527088
9947.03125219664,2,-9.2142361317234176
9943.17431875979,2,-9.2049794505463822
9939.31738532294,2,-9.2129703329710395
9935.4604518861,2,-9.2195688359533428
9931.60351844925,2,-9.2213536003985173
9927.7465850124,2,-9.2191659872723868
9923.88965157556,2,-9.1909299454340232
9920.03271813871,2,-9.1731197481806728
9916.17578470186,2,-9.1697025722845922
9912.31885126501,2,-9.1560560072210286
9908.46191782817,2,-9.1580441456671604
9904.60498439132,2,-9.1660857653661552
9900.74805095447,2,-9.1594174789220464
9896.89111751762,2,-9.1578052908345846
9893.03418408078,2,-9.1527148040385988
9889.17725064393,2,-9.1477642461612838
9885.32031720708,2,-9.1521161170397587
9881.46338377024,2,-9.1539784227486631
9877.60645033339,2,-9.152255717995061
9873.74951689654,2,-9.1533501284693912
9869.89258345969,2,-9.141527832401529
9866.03565002284,2,-9.1318762063567345
9862.178716586,2,-9.1200038442072255
9858.32178314915,2,-9.116889069868531
9854.4648497123,2,-9.1048754431208678
9850.60791627546,2,-9.0908541473351221
9846.75098283861,2,-9.0847782515104178
9842.89404940176,2,-9.0826614465046962
9839.03711596492,2,-9.0755894981432395
9835.18018252807,2,-9.0766308963899043
9831.32324909122,2,-9.0850254550247378
9827.46631565437,2,-9.0828424558796961
9823.60938221752,2,-9.0786958086570024
9819.75244878068,2,-9.0771157663724935
9815.89551534383,2,-9.0711261853273264
9812.03858190698,2,-9.0647785961424123
9808.18164847014,2,-9.0655326374104028
9804.32471503329,2,-9.0580272511493831
9800.46778159644,2,-9.0553828518906059
9796.6108481596,2,-9.0642699251107182
9792.75391472275,2,-9.0602513708995289
9788.8969812859,2,-9.0441245466443672
9785.04004784905,2,-9.0404266633537027
9781.1831144122,2,-9.0340349945525169
9777.32618097536,2,-9.0270422045782333
9773.46924753851,2,-9.0229662232615269
9769.61231410166,2,-9.0239943864269723
9765.75538066482,2,-9.0181172008543928
9761.89844722797,2,-9.0138790043267036
9758.04151379112,2,-9.0183518029825649
9754.18458035428,2,-9.0172942792447088
9750.32764691743,2,-9.0079275113533974
9746.47071348058,2,-8.9994211368626882
9742.61378004373,2,-8.9900659642292347
9738.75684660688,2,-8.9833422467539208
9734.89991317004,2,-8.9746843704016346
9731.04297973319,2,-8.9773538680974649
9727.18604629634,2,-8.9776655841385669
9723.3291128595,2,-8.9749494726924226
9719.47217942265,2,-8.9773025230600592
9715.6152459858,2,-8.9719011209523813
9711.75831254896,2,-8.9502543595246298
9707.90137911211,2,-8.944647201919576
9704.04444567526,2,-8.9456833744672739
9700.18751223841,2,-8.9479042148373331
9696.33057880156,2,-8.942355708003813
9692.47364536472,2,-8.9426908467839503
9688.61671192787,2,-8.950038870651202
9684.75977849102,2,-8.9401643919585894
9680.90284505418,2,-8.9297003533903538
9677.04591161733,2,-8.9363262760424966
9673.18897818048,2,-8.9375074047079988
9669.33204474363,2,-8.9378190223978393
9665.47511130679,2,-8.9376077503709599
9661.61817786994,2,-8.9296129141201845
9657.76124443309,2,-8.9151589757867065
9653.90431099624,2,-8.9066118636766536
9650.0473775594,2,-8.9006503080666555
9646.19044412255,2,-8.8936470125305576
9642.3335106857,2,-8.8916932776654267
9638.47657724886,2,-8.8880554115718891
9634.61964381201,2,-8.8810714444517345
9630.76271037516,2,-8.8819894923107512
9626.90577693831,2,-8.8820484748056643
9623.04884350147,2,-8.8736058138546383
9619.19191006462,2,-8.868022665420046
9615.33497662777,2,-8.873188326387762
9611.47804319092,2,-8.8644430916428512
9607.62110975408,2,-8.8523872125306386
9603.76417631723,2,-8.8536587347101943
9599.90724288038,2,-8.8513537785710774
9596.05030944354,2,-8.849588010012118
9592.19337600669,2,-8.8518553591957332
9588.33644256984,2,-8.8528609103360534
9584.47950913299,2,-8.8474935053099699
9580.62257569615,2,-8.8359794472574897
9576.7656422593,2,-8.8324205179883872
9572.90870882245,2,-8.8289254229849128
9569.0517753856,2,-8.8210356093134195
9565.19484194876,2,-8.8271675009368735
9561.33790851191,2,-8.8192399819667493
9557.48097507506,2,-8.8015878478589329
9553.62404163822,2,-8.7983012088074783
9549.76710820137,2,-8.7874932323745973
9545.91017476452,2,-8.7927420929903022
9542.05324132767,2,-8.7992805759281865
9538.19630789083,2,-8.8009222627611532
9534.33937445398,2,-8.7957091914270116
9530.48244101713,2,-8.7934136144218176
9526.62550758028,2,-8.8005517520446901
9522.76857414344,2,-8.7987325513005814
9518.91164070659,2,-8.7848964931116029
9515.05470726974,2,-8.7775331920076844
9511.1977738329,2,-8.7796220460105108
9507.34084039605,2,-8.7842135045501823
9503.4839069592,2,-8.7805995409420277
9499.62697352235,2,-8.7710584849906059
9495.77004008551,2,-8.7631125857890968
9491.91310664866,2,-8.7677475823905517
9488.05617321181,2,-8.7704552776403837
9484.19923977496,2,-8.7653425121725235
9480.34230633812,2,-8.7630279717140773
9476.48537290127,2,-8.7561433767248573
9472.62843946442,2,-8.7478260511398922
9468.77150602758,2,-8.7533876465611407
9464.91457259073,2,-8.754947945221442
9461.05763915388,2,-8.7505573148418225
9457.20070571703,2,-8.7459643783766694
9453.34377228019,2,-8.7464552347036673
9449.48683884334,2,-8.750423024576115
9445.62990540649,2,-8.7476388084661423
9441.77297196964,2,-8.7435602464884177
9437.9160385328,2,-8.7373786683007406
9434.05910509595,2,-8.7274261331681657
9430.2021716591,2,-8.7251774029057714
9426.34523822226,2,-8.7220189430156179
9422.48830478541,2,-8.723220204207097
9418.63137134856,2,-8.7293166159518982
9414.77443791171,2,-8.7310097665269524
9410.91750447487,2,-8.7203815344457496
9407.06057103802,2,-8.7204321658253789
9403.20363760117,2,-8.7372382360582748
9399.34670416432,2,-8.7381060036403486
9395.48977072748,2,-8.7220217924864105
9391.63283729063,2,-8.7143711255947043
9387.77590385378,2,-8.7202139695689134
9383.91897041694,2,-8.7218325697756249
9380.06203698009,2,-8.7113987508598374
9376.20510354324,2,-8.7081177164591779
9372.34817010639,2,-8.7179461456423475
9368.49123666955,2,-8.7104242996503203
9364.6343032327,2,-8.7025215901086561
9360.77736979585,2,-8.708878608772352
9356.920436359,2,-8.7144167582600858
9353.06350292216,2,-8.7067673850650973
9349.20656948531,2,-8.6988007555166895
9345.34963604846,2,-8.6990446376577815
9341.49270261162,2,-8.7012080465395929
9337.63576917477,2,-8.696400965097121
9333.77883573792,2,-8.6778983228448325
9329.92190230107,2,-8.669099063254901
9326.06496886423,2,-8.6787017342951867
9322.20803542738,2,-8.681401556294718
9318.35110199053,2,-8.669463526427494
9314.49416855368,2,-8.672092854696146
9310.63723511684,2,-8.6760663928448594
9306.78030167999,2,-8.6819143831134031
9302.92336824314,2,-8.6832976446118764
9299.0664348063,2,-8.6708652693382771
9295.20950136945,2,-8.6648537306445412
9291.3525679326,2,-8.6744990828111685
9287.49563449575,2,-8.6690019571378212
9283.63870105891,2,-8.6552580755825819
9279.78176762206,2,-8.6515126039574479
9275.92483418521,2,-8.6513464746399222
9272.06790074836,2,-8.6598229352997755
9268.21096731152,2,-8.6559875791339724
9264.35403387467,2,-8.647907765992116
9260.49710043782,2,-8.645766516330017
9256.64016700098,2,-8.6465158065538592
9252.78323356413,2,-8.6552228744509652
9248.92630012728,2,-8.6555216219967512
9245.06936669043,2,-8.646023260811706
9241.21243325358,2,-8.6489675960974832
9237.35549981674,2,-8.6493434078999023
9233.49856637989,2,-8.6404359512567801
9229.64163294304,2,-8.6316905533065729
9225.7846995062,2,-8.6223861318349435
9221.92776606935,2,-8.6219182134116359
9218.0708326325,2,-8.6280682533917261
9214.21389919565,2,-8.6306404025068986
9210.35696575881,2,-8.6341612476776781
9206.50003232196,2,-8.6354129924024523
9202.64309888511,2,-8.6200659432616202
9198.78616544826,2,-8.6123981971839871
9194.92923201142,2,-8.6125721608292736
9191.07229857457,2,-8.6135436595128176
9187.21536513772,2,-8.61175780770815
9183.35843170088,2,-8.6121500105721793
9179.50149826403,2,-8.6066188825689132
9175.64456482718,2,-8.5995988461478348
9171.78763139033,2,-8.6026180925550619
9167.93069795349,2,-8.599988220423846
9164.07376451664,2,-8.5949571992013674
9160.21683107979,2,-8.5963542019732415
9156.35989764294,2,-8.6021090976607137
9152.5029642061,2,-8.5979910627416238
9148.64603076925,2,-8.5857618575726224
9144.7890973324,2,-8.576796553100996
9140.93216389556,2,-8.5741026548337871
9137.07523045871,2,-8.5709912120537783
9133.21829702186,2,-8.566061737546951
9129.36136358501,2,-8.5744172797115663
9125.50443014817,2,-8.5767472636376016
9121.64749671132,2,-8.5727272393777234
9117.79056327447,2,-8.5684847267809428
9113.93362983762,2,-8.5650392747509088
9110.07669640078,2,-8.5631077833111089
9106.21976296393,2,-8.5562040334792915
9102.36282952708,2,-8.5437293727419359
9098.50589609024,2,-8.5468536791754737
9094.64896265339,2,-8.5509254691242784
9090.79202921654,2,-8.5455993360744102
9086.93509577969,2,-8.5428117762821962
9083.07816234285,2,-8.5393620088450675
9079.221228906,2,-8.533464435117903
9075.36429546915,2,-8.5321854159415427
9071.5073620323,2,-8.537536706665156
9067.65042859546,2,-8.5393018235851592
9063.79349515861,2,-8.5321782106348625
9059.93656172176,2,-8.5238314085148303
9056.07962828492,2,-8.5189608257566807
9052.22269484807,2,-8.5316757659216584
9048.36576141122,2,-8.5342154606408247
9044.50882797437,2,-8.5250533858667925
9040.65189453753,2,-8.5212586962825974
9036.79496110068,2,-8.5130585808692505
9032.93802766383,2,-8.505335080154822
9029.08109422698,2,-8.5094555796997984
9025.22416079014,2,-8.511391908689296
9021.36722735329,2,-8.5031226844771588
9017.51029391644,2,-8.4909605994392656
9013.6533604796,2,-8.4913124762736771
9009.79642704275,2,-8.4967559827814263
9005.9394936059,2,-8.4909880099275341
9002.08256016905,2,-8.4863796224919206
8998.22562673221,2,-8.4793300968454748
8994.36869329536,2,-8.4789945186851519
8990.51175985851,2,-8.4835492908158407
8986.65482642166,2,-8.4803419452047013
8982.79789298482,2,-8.4750765586560011
8978.94095954797,2,-8.4756417803555948
8975.08402611112,2,-8.4675127466235391
8971.22709267428,2,-8.4578359555060612
8967.37015923743,2,-8.4580638469740563
8963.51322580058,2,-8.4561305048288542
8959.65629236373,2,-8.461820123502898
8955.79935892689,2,-8.4722877583089033
8951.94242549004,2,-8.4744083225272107
8948.08549205319,2,-8.4698385719232814
8944.22855861634,2,-8.4538501105329029
8940.3716251795,2,-8.4528249337312253
8936.51469174265,2,-8.4599961985626138
8932.6577583058,2,-8.4606458760093801
8928.80082486896,2,-8.4561871916644868
8924.94389143211,2,-8.4486390997720662
8921.08695799526,2,-8.4339982515727243
8917.23002455841,2,-8.4433389921409798
8913.37309112157,2,-8.4604420227289392
8909.51615768472,2,-8.4598855867519021
8905.65922424787,2,-8.4414969204624288
8901.80229081102,2,-8.4321894305726186
8897.94535737418,2,-8.4339705731421084
8894.08842393733,2,-8.4175371531478369
8890.23149050048,2,-8.4142273503366969
8886.37455706364,2,-8.4326946273224159
8882.51762362679,2,-8.4233246073174861
8878.66069018994,2,-8.3957474918086614
8874.80375675309,2,-8.3964061360244582
8870.94682331625,2,-8.4074997573676757
8867.0898898794,2,-8.4124175309448965
8863.23295644255,2,-8.4026146650761664
8859.3760230057,2,-8.3928182590986076
8855.51908956886,2,-8.3979024300699461
8851.66215613201,2,-8.3983131947667431
8847.80522269516,2,-8.3796260931214555
8843.94828925832,2,-8.3721648532641417
8840.09135582147,2,-8.375842265163211
8836.23442238462,2,-8.3793843390951643
8832.37748894777,2,-8.3798096964291382
8828.52055551093,2,-8.3793356357876405
8824.66362207408,2,-8.3837597551931538
8820.80668863723,2,-8.3956879001277773
8816.94975520038,2,-8.4086599852306279
8813.09282176354,2,-8.4286802089001451
8809.23588832669,2,-8.4116074732507471
8805.37895488984,2,-8.3896856055176912
8801.522021453,2,-8.391069774211811
8797.66508801615,2,-8.3781212863837595
8793.8081545793,2,-8.3724753649546173
8789.95122114245,2,-8.370824906285403
8786.09428770561,2,-8.3712121201935901
8782.23735426876,2,-8.370184995137306
8778.38042083191,2,-8.3664801649465126
8774.52348739506,2,-8.3741648756194529
8770.66655395822,2,-8.3770969651644407
8766.80962052137,2,-8.3833436143064795
8762.95268708452,2,-8.3863688348832852
8759.09575364767,2,-8.370611180515402
8755.23882021083,2,-8.3498195829708326
8751.38188677398,2,-8.3542456014422459
8747.52495333713,2,-8.3651706993973107
8743.66801990029,2,-8.3734044939155723
8739.81108646344,2,-8.3852325763962838
8735.95415302659,2,-8.3858996669843293
8732.09721958974,2,-8.3812141239646625
8728.2402861529,2,-8.3824504128242534
8724.38335271605,2,-8.3880853160437816
8720.5264192792,2,-8.4043031113070761
8716.66948584235,2,-8.39968730682447
8712.81255240551,2,-8.3813620848134924
8708.95561896866,2,-8.3751448178382937
8705.09868553181,2,-8.3873456966799846
8701.24175209497,2,-8.396763567020173
8697.38481865812,2,-8.3999979924427546
8693.52788522127,2,-8.3952199226154232
8689.67095178442,2,-8.4043301990484025
8685.81401834758,2,-8.4103515421138884
8681.95708491073,2,-8.4039680979188525
8678.10015147388,2,-8.4117986897087356
8674.24321803703,2,-8.4269809752137146
8670.38628460019,2,-8.4264479374339381
8666.52935116334,2,-8.4351958788704948
8662.67241772649,2,-8.4307737820716362
8658.81548428965,2,-8.4202036813841801
8654.9585508528,2,-8.4269319369622302
8651.10161741595,2,-8.4414127864729362
8647.2446839791,2,-8.4464684450377412
8643.38775054226,2,-8.4451779228634258
8639.53081710541,2,-8.4445063751697571
8635.67388366856,2,-8.4463758691754514
8631.81695023171,2,-8.4509298893401024
8627.96001679487,2,-8.449059537994053
8624.10308335802,2,-8.4493731065780544
8620.24614992117,2,-8.4537259875064983
8616.38921648433,2,-8.4536505225774725
8612.53228304748,2,-8.452203486184608
8608.67534961063,2,-8.4605294321607651
8604.81841617378,2,-8.4698181421841614
8600.96148273694,2,-8.4666305795586823
8597.10454930009,2,-8.4579894001798444
8593.24761586324,2,-8.4581945639040192
8589.39068242639,2,-8.4686679085321384
8585.53374898955,2,-8.4722971636738116
8581.6768155527,2,-8.4731790362959387
8577.81988211585,2,-8.4867575706765273
8573.96294867901,2,-8.4993280449659174
8570.10601524216,2,-8.4936685352930468
8566.24908180531,2,-8.4845006619735841
8562.39214836846,2,-8.484306580575657
8558.53521493162,2,-8.4785916977484082
8554.67828149477,2,-8.4839766199210001
8550.82134805792,2,-8.4958802753929525
8546.96441462107,2,-8.5036719907073675
8543.10748118423,2,-8.5090953510988285
8539.25054774738,2,-8.5155381844874345
8535.39361431053,2,-8.5208787244329187
8531.53668087368,2,-8.5226379295160246
8527.67974743684,2,-8.5252378250087482
8523.82281399999,2,-8.5288466615813192
8519.96588056314,2,-8.5275165192909075
8516.1089471263,2,-8.5245051128031211
8512.25201368945,2,-8.5260439937917187
8508.3950802526,2,-8.5398975120358074
8504.53814681575,2,-8.5470974474606134
8500.68121337891,2,-8.5459750272804769
8496.82427994206,2,-8.5475285389647873
8492.96734650521,2,-8.5560604296145542
8489.11041306836,2,-8.5624214868408668
8485.25347963152,2,-8.5633479597790103
8481.39654619467,2,-8.5763950792948513
8477.53961275782,2,-8.5897879346775738
8473.68267932098,2,-8.5961633345865458
8469.82574588413,2,-8.5959050164324502
8465.96881244728,2,-8.6083039323905393
8462.11187901043,2,-8.6141926524413819
8458.25494557359,2,-8.6124517984899942
8454.39801213674,2,-8.6138437462239477
8450.54107869989,2,-8.6136814163712785
8446.68414526304,2,-8.6172776793051025
8442.8272118262,2,-8.6232056222447326
8438.97027838935,2,-8.630995666286152
8435.1133449525,2,-8.6369256160570327
8431.25641151566,2,-8.6458010486429338
8427.39947807881,2,-8.6449301984772173
8423.54254464196,2,-8.6426028509926454
8419.68561120511,2,-8.6424678040707086
8415.82867776827,2,-8.6459035162150286
8411.97174433142,2,-8.6534089022964018
8408.11481089457,2,-8.6582399305386577
8404.25787745772,2,-8.6559136680895588
8400.40094402088,2,-8.6618482587546524
8396.54401058403,2,-8.6636561534203587
8392.68707714718,2,-8.6623589948042543
8388.83014371034,2,-8.663666740653948
8384.97321027349,2,-8.6730973278231431
8381.11627683664,2,-8.6681719793731951
8377.25934339979,2,-8.6597810460908811
8373.40240996295,2,-8.6671734471152817
8369.5454765261,2,-8.6657453458647602
8365.68854308925,2,-8.6536229738749224
8361.8316096524,2,-8.6536520930461887
8357.97467621556,2,-8.659793074014452
8354.11774277871,2,-8.6607587043437135
8350.26080934186,2,-8.6547172856819188
8346.40387590502,2,-8.6634607719392953
8342.54694246817,2,-8.6680318139622052
8338.69000903132,2,-8.6564496464420522
8334.83307559447,2,-8.6482437231931861
8330.97614215763,2,-8.6517927603664262
8327.11920872078,2,-8.6512988936049524
8323.26227528393,2,-8.6477081745004121
8319.40534184708,2,-8.643716494698408
8315.54840841024,2,-8.6456700819857097
8311.69147497339,2,-8.6461536532873708
8307.83454153654,2,-8.6472351547561477
8303.97760809969,2,-8.6499531830099343
8300.12067466285,2,-8.6509867141919941
8296.263741226,2,-8.653710368357082
8292.40680778915,2,-8.6559981321894419
8288.54987435231,2,-8.6547977606233903
8284.69294091546,2,-8.6632759287664101
8280.83600747861,2,-8.6672896945276321
8276.97907404176,2,-8.6720735764291845
8273.12214060492,2,-8.6694335608651407
8269.26520716807,2,-8.6652117639265285
8265.40827373122,2,-8.6606113447412909
8261.55134029437,2,-8.6600850524526933
8257.69440685753,2,-8.6573898368862938
8253.83747342068,2,-8.6538941737432964
8249.98053998383,2,-8.6511397141181199
8246.12360654699,2,-8.6447918653149483
8242.26667311014,2,-8.6426494848865563
8238.40973967329,2,-8.6339507800235147
8234.55280623644,2,-8.6318580034875882
8230.6958727996,2,-8.6445701283254124
8226.83893936275,2,-8.6452259494261572
8222.9820059259,2,-8.6358092615330797
8219.12507248905,2,-8.6291908518040028
8215.26813905221,2,-8.6245909210447138
8211.41120561536,2,-8.6284580254598531
8207.55427217851,2,-8.6320007236784377
8203.69733874167,2,-8.628836791574809
8199.84040530482,2,-8.6251330647638902
8195.98347186797,2,-8.6234184222242689
8192.12653843112,2,-8.6201939037588744
8188.26960499428,2,-8.6149253176311102
8184.41267155743,2,-8.6097130532853487
8180.55573812058,2,-8.6193922134226195
8176.69880468373,2,-8.6229105816696983
8172.84187124689,2,-8.6120138424040711
8168.98493781004,2,-8.6033742800643971
8165.12800437319,2,-8.6104222149710736
8161.27107093635,2,-8.6086630615539246
8157.4141374995,2,-8.6063038277500485
8153.55720406265,2,-8.6058354049061414
8149.7002706258,2,-8.5973341316725094
8145.84333718896,2,-8.5939492904083039
8141.98640375211,2,-8.5907344573106048
8138.12947031526,2,-8.5893771915245054
8134.27253687841,2,-8.5874827559153459
8130.41560344157,2,-8.5894762305746735
8126.55867000472,2,-8.588464086084258
8122.70173656787,2,-8.5815292816242081
8118.84480313103,2,-8.5822930183604189
8114.98786969418,2,-8.5839061151141038
8111.13093625733,2,-8.5797877884697016
8107.27400282048,2,-8.5786263388718638
8103.41706938364,2,-8.5752833095643251
8099.56013594679,2,-8.5668028598085151
8095.70320250994,2,-8.5661410613488052
8091.84626907309,2,-8.5777777789377119
8087.98933563625,2,-8.5768585035974603
8084.1324021994,2,-8.5684656192181219
8080.27546876255,2,-8.5676961987133851
8076.41853532571,2,-8.5706154592969046
8072.56160188886,2,-8.5628350773198729
8068.70466845201,2,-8.5669214384797812
8064.84773501516,2,-8.5735959188645712
8060.99080157832,2,-8.5697059726975979
8057.13386814147,2,-8.5637447946655616
8053.27693470462,2,-8.5610501757339428
8049.42000126777,2,-8.5572567451025563
8045.56306783093,2,-8.5526468886619167
8041.70613439408,2,-8.5549333836343244
8037.84920095723,2,-8.5577785696555377
8033.99226752039,2,-8.5494078939556175
8030.13533408354,2,-8.5412654979646909
8026.27840064669,2,-8.5458506750803149
8022.42146720984,2,-8.5532025703213641
8018.564533773,2,-8.5551179399347603
8014.70760033615,2,-8.5416836310117148
8010.8506668993,2,-8.5285373792686521
8006.99373346245,2,-8.5354156586326582
8003.13680002561,2,-8.5382213829438491
7999.27986658876,2,-8.535553478758068
7995.42293315191,2,-8.5363658875882358
7991.56599971507,2,-8.5301766337907559
7987.70906627822,2,-8.5266237437101644
7983.85213284137,2,-8.5288459961949457
7979.99519940452,2,-8.523155266481826
7976.13826596768,2,-8.5224096602402835
7972.28133253083,2,-8.5192674747181414
7968.42439909398,2,-8.5229828671489116
7964.56746565713,2,-8.5242192100736407
7960.71053222029,2,-8.5220221389494117
7956.85359878344,2,-8.5286533977737005
7952.99666534659,2,-8.5325995051186183
7949.13973190975,2,-8.5281642136473259
7945.2827984729,2,-8.5242309882116913
7941.42586503605,2,-8.5201339058845349
7937.5689315992,2,-8.5195637438918936
7933.71199816236,2,-8.5213941116717606
7929.85506472551,2,-8.5128212836724071
7925.99813128866,2,-8.5112779281462849
7922.14119785181,2,-8.5217627502925559
7918.28426441497,2,-8.5224890885943854
7914.42733097812,2,-8.5201972097376988
7910.57039754127,2,-8.5196818387214499
7906.71346410443,2,-8.5113427257074044
7902.85653066758,2,-8.5065129827432013
7898.99959723073,2,-8.5059584009662697
7895.14266379388,2,-8.5128415895869729
7891.28573035704,2,-8.5182270076175346
7887.42879692019,2,-8.5163256601232611
7883.57186348334,2,-8.5119895230861466
7879.71493004649,2,-8.5023470514239108
7875.85799660965,2,-8.5010859750123444
7872.0010631728,2,-8.5037385182734102
7868.14412973595,2,-8.5033536071967166
7864.28719629911,2,-8.5041073117539927
7860.43026286226,2,-8.5005669249883837
7856.57332942541,2,-8.497809566318935
7852.71639598856,2,-8.4976102628174761
7848.85946255172,2,-8.5007618586002671
7845.00252911487,2,-8.5009276366834836
7841.14559567802,2,-8.4949128073478679
7837.28866224117,2,-8.4864917373266486
7833.43172880433,2,-8.4859609372326226
7829.57479536748,2,-8.4843376891280968
7825.71786193063,2,-8.4829243423843099
7821.86092849379,2,-8.480111546818458
7818.00399505694,2,-8.4769088684012139
7814.14706162009,2,-8.4746398306752688
7810.29012818324,2,-8.4708703389030244
7806.4331947464,2,-8.4729471603663882
7802.57626130955,2,-8.4781633994356316
7798.7193278727,2,-8.4752647924371534
7794.86239443585,2,-8.4707876818336505
7791.00546099901,2,-8.4631801481008608
7787.14852756216,2,-8.4620329213246759
7783.29159412531,2,-8.4571290292976826
7779.43466068847,2,-8.4470941620013775
7775.57772725162,2,-8.4408384352036556
7771.72079381477,2,-8.4444392752486817
7767.86386037792,2,-8.4524500748680147
7764.00692694107,2,-8.4499679178004712
7760.14999350423,2,-8.4363834215014855
7756.29306006738,2,-8.4260223094447184
7752.43612663053,2,-8.4207566059901104
7748.57919319369,2,-8.422031878075412
7744.72225975684,2,-8.4293809080531723
7740.86532631999,2,-8.4263913724130148
7737.00839288315,2,-8.4149661454137767
7733.1514594463,2,-8.4096752748938002
7729.29452600945,2,-8.4155514341380808
7725.4375925726,2,-8.4240675495204105
7721.58065913575,2,-8.4158481072982738
7717.72372569891,2,-8.4061134748704358
7713.86679226206,2,-8.4014779060518876
7710.00985882521,2,-8.3948388547253678
7706.15292538837,2,-8.3942029126220419
7702.29599195152,2,-8.3902984536908711
7698.43905851467,2,-8.3882966456460757
7694.58212507782,2,-8.3889966716385995
7690.72519164098,2,-8.381950655001102
7686.86825820413,2,-8.3718128669653069
7683.01132476728,2,-8.3779809637406011
7679.15439133043,2,-8.3813344608295495
7675.29745789359,2,-8.3819923688039122
7671.44052445674,2,-8.3838179992894339
7667.58359101989,2,-8.3796635791943519
7663.72665758305,2,-8.3753379921095075
7659.8697241462,2,-8.3719646950763735
7656.01279070935,2,-8.3693577315057652
7652.1558572725,2,-8.3724373090613078
7648.29892383566,2,-8.3729594510620942
7644.44199039881,2,-8.3688347911000118
7640.58505696196,2,-8.3652541013156245
7636.72812352511,2,-8.3605849925832434
7632.87119008827,2,-8.367716803319718
7629.01425665142,2,-8.3771023199164549
7625.15732321457,2,-8.3728034506526221
7621.30038977773,2,-8.3719011616060097
7617.44345634088,2,-8.3696806659727692
7613.58652290403,2,-8.3742034507877285
7609.72958946718,2,-8.3771113510744843
7605.87265603034,2,-8.3738563029456028
7602.01572259349,2,-8.3681912226255388
7598.15878915664,2,-8.3714487628893295
7594.30185571979,2,-8.3743411318201204
7590.44492228295,2,-8.3736379670026615
7586.5879888461,2,-8.3725802824216675
7582.73105540925,2,-8.3799311082292078
7578.87412197241,2,-8.3866778179902521
7575.01718853556,2,-8.3807756963680706
7571.16025509871,2,-8.3832977363913042
7567.30332166186,2,-8.3877345728169797
7563.44638822502,2,-8.3872178471701897
7559.58945478817,2,-8.3829163721078075
7555.73252135132,2,-8.3837645642680698
7551.87558791447,2,-8.3809590922165551
7548.01865447763,2,-8.3836749592091202
7544.16172104078,2,-8.3846097013597358
7540.30478760393,2,-8.3860391762784641
7536.44785416709,2,-8.3899846171794756
7532.59092073024,2,-8.3967388750446084
7528.73398729339,2,-8.4039450187870166
7524.87705385654,2,-8.4005437966391145
7521.0201204197,2,-8.4027423282891576
7517.16318698285,2,-8.4031409268146309
7513.306253546,2,-8.403353474947064
7509.44932010915,2,-8.4105188123691956
7505.59238667231,2,-8.4221313933694368
7501.73545323546,2,-8.4261052231857558
7497.87851979861,2,-8.4254263949572028
7494.02158636177,2,-8.4264728292016411
7490.16465292492,2,-8.4262608340444505
7486.30771948807,2,-8.427583177317624
7482.45078605122,2,-8.4322849620380076
7478.59385261438,2,-8.4350755747935313
7474.73691917753,2,-8.4364283713357864
7470.87998574068,2,-8.4351244982415317
7467.02305230383,2,-8.4491512849332278
7463.16611886699,2,-8.4610702046442903
7459.30918543014,2,-8.4651610189501216
7455.45225199329,2,-8.4649040006984428
7451.59531855645,2,-8.4801113958471284
7447.7383851196,2,-8.4882038817091736
7443.88145168275,2,-8.4942152044660233
7440.0245182459,2,-8.5103640084415293
7436.16758480906,2,-8.5245898206272983
7432.31065137221,2,-8.5356238847444654
7428.45371793536,2,-8.5540405419336025
7424.59678449851,2,-8.5597062165257451
7420.73985106167,2,-8.6115743591050933
7416.88291762482,2,-8.639389216352475
7413.02598418797,2,-8.6027094013695056
7409.16905075113,2,-8.6181623729358279
7405.31211731428,2,-8.6698999228133218
7401.45518387743,2,-8.6662143507545117
7397.59825044058,2,-8.6966172933229977
7393.74131700374,2,-8.7316880963633601
7389.88438356689,2,-8.727257795610452
7386.02745013004,2,-8.7636573996424154
7382.17051669319,2,-8.8828316288008935
7378.31358325635,2,-8.9090781661158758
7374.4566498195,2,-8.8383715386492021
7370.59971638265,2,-8.8138813295680443
7366.74278294581,2,-8.846707433824168
7362.88584950896,2,-8.8229002021695031
7359.02891607211,2,-8.8346234675052457
7355.17198263526,2,-8.8766884634524299
7351.31504919842,2,-8.8688500529256746
7347.45811576157,2,-8.9590179460098014
7343.60118232472,2,-9.061476825646773
7339.74424888787,2,-9.0078810011178376
7335.88731545103,2,-8.7811253409898455
7332.03038201418,2,-8.7895094206070183
7328.17344857733,2,-8.9631658394466829
7324.31651514049,2,-8.902261547576142
7320.45958170364,2,-8.752300860153106
7316.60264826679,2,-8.7673665412804276
7312.74571482994,2,-8.8786038689918811
7308.8887813931,2,-8.8913065740460286
7305.03184795625,2,-8.7984962560498072
7301.1749145194,2,-8.7581479847441415
7297.31798108255,2,-8.8022013205211493
7293.46104764571,2,-8.8192147475463454
7289.60411420886,2,-8.7805005496035982
7285.74718077201,2,-8.7308745001073049
7281.89024733516,2,-8.6781178639215
7278.03331389832,2,-8.6486592409609209
7274.17638046147,2,-8.6710736298632103
7270.31944702462,2,-8.654754052760115
7266.46251358778,2,-8.6501035313716681
7262.60558015093,2,-8.65234878478031
7258.74864671408,2,-8.6025698241931998
7254.89171327723,2,-8.6412867595290823
7251.03477984039,2,-8.6548045978959784
7247.17784640354,2,-8.6466272100585968
7243.32091296669,2,-8.8167254221119933
7239.46397952984,2,-8.7214918730340472
7235.607046093,2,-8.7487957279120643
7231.75011265615,2,-8.8878165700013785
7227.8931792193,2,-8.6876877140696269
7224.03624578246,2,-8.5623160940613854
7220.17931234561,2,-8.6065446936467893
7216.32237890876,2,-8.5547310910900656
7212.46544547191,2,-8.4535364403533109
7208.60851203507,2,-8.4410463630113242
7204.75157859822,2,-8.5435939799322487
7200.89464516137,2,-8.4259014973988151
7197.03771172452,2,-8.2891754152690069
7193.18077828768,2,-8.2733810815083331
7189.32384485083,2,-8.2174808353161701
7185.46691141398,2,-8.2724984111880886
7181.60997797714,2,-8.3347294734505084
7177.75304454029,2,-8.1690232766854276
7173.89611110344,2,-8.0834454598247305
7170.03917766659,2,-8.1887453506304269
7166.18224422975,2,-8.2244342206033547
7162.3253107929,2,-8.162755062587193
7158.46837735605,2,-8.0158135691002936
7154.6114439192,2,-7.83626029193581
7150.75451048236,2,-7.7885336510119227
7146.89757704551,2,-7.8417310489776355
7143.04064360866,2,-7.926938734793942
7139.18371017182,2,-7.890140923513961
7135.32677673497,2,-7.7168014461460874
7131.46984329812,2,-7.5344363637735592
7127.61290986127,2,-7.4653357081703735
7123.75597642443,2,-7.4594871267019496
7119.89904298758,2,-7.5215843776949143
7116.04210955073,2,-7.4400373361720842
7112.18517611388,2,-7.258541359926256
7108.32824267704,2,-7.2586199060443182
7104.47130924019,2,-7.2026872550854435
7100.61437580334,2,-7.0699099416587714
7096.7574423665,2,-7.0932052612668723
7092.90050892965,2,-7.001284627134253
7089.0435754928,2,-6.8277484468761855
7085.18664205595,2,-6.747171665981039
7081.32970861911,2,-6.6865490172396846
7077.47277518226,2,-6.6037231510976797
7073.61584174541,2,-6.5835716737702858
7069.75890830856,2,-6.5542085101040364
7065.90197487172,2,-6.3934094347274115
7062.04504143487,2,-6.2668597961926302
7058.18810799802,2,-6.2130971282363792
7054.33117456117,2,-6.1794123501139326
7050.47424112433,2,-6.1407866376896951
7046.61730768748,2,-6.1195922858862133
7042.76037425063,2,-6.0340243484298659
7038.90344081379,2,-5.9452845392292755
7035.04650737694,2,-5.8856220667486134
7031.18957394009,2,-5.8356457002945037
7027.33264050324,2,-5.8161284295594582
7023.4757070664,2,-5.7862454838628645
7019.61877362955,2,-5.7170694713688803
7015.7618401927,2,-5.6668957820475558
7011.90490675585,2,-5.623829575693998
7008.04797331901,2,-5.5858785455623705
7004.19103988216,2,-5.5683295733387395
7000.33410644531,2,-5.5296567242754842
6996.47717300847,2,-5.4775035705675394
6992.62023957162,2,-5.4321138310924688
6988.76330613477,2,-5.4138953923589739
6984.90637269792,2,-5.3995828540897879
6981.04943926108,2,-5.3633902529726765
6977.19250582423,2,-5.3136538719028383
6973.33557238738,2,-5.2918559125691083
6969.47863895053,2,-5.2575910427588006
6965.62170551369,2,-5.2183890606081826
6961.76477207684,2,-5.1980857963127596
6957.90783863999,2,-5.186775253292832
6954.05090520315,2,-5.1673629613036258
6950.1939717663,2,-5.1379282141666147
6946.33703832945,2,-5.1290492697232297
6942.4801048926,2,-5.1047985732391599
6938.62317145576,2,-5.0889954070486789
6934.76623801891,2,-5.072121426464796
6930.90930458206,2,-5.05147216588015
6927.05237114521,2,-5.030831090891648
6923.19543770837,2,-5.020425023482245
6919.33850427152,2,-5.0338067711102408
6915.48157083467,2,-5.0271585165988544
6911.62463739783,2,-4.9909825231682348
6907.76770396098,2,-4.9712933374952035
6903.91077052413,2,-4.9540526310963306
6900.05383708728,2,-4.9441411629680783
6896.19690365044,2,-4.9558516151258658
6892.33997021359,2,-4.9607537703242457
6888.48303677674,2,-4.9319700044633601
6884.62610333989,2,-4.9129955856734888
6880.76916990305,2,-4.8988879096042126
6876.9122364662,2,-4.8894935374290558
6873.05530302935,2,-4.8857563251817915
6869.19836959251,2,-4.8767823827714682
6865.34143615566,2,-4.862879970040356
6861.48450271881,2,-4.8577301571624218
6857.62756928196,2,-4.8499316649822539
6853.77063584512,2,-4.8396712967888869
6849.91370240827,2,-4.834938145714279
6846.05676897142,2,-4.8340134595925743
6842.19983553457,2,-4.8202787507572413
6838.34290209773,2,-4.8098234359817491
6834.48596866088,2,-4.808291952156182
6830.62903522403,2,-4.7967081504880404
6826.77210178718,2,-4.7898925912863817
6822.91516835034,2,-4.7881948143613462
6819.05823491349,2,-4.7812461033226441
6815.20130147664,2,-4.7767757339123378
6811.3443680398,2,-4.766763009133264
6807.48743460295,2,-4.7690915748296421
6803.6305011661,2,-4.7755614234954633
6799.77356772925,2,-4.7713127338690331
6795.91663429241,2,-4.7645008998138287
6792.05970085556,2,-4.7611640579636507
6788.20276741871,2,-4.7502859316163786
6784.34583398186,2,-4.7421664103379477
6780.48890054502,2,-4.7385535449809941
6776.63196710817,2,-4.7419453237256191
6772.77503367132,2,-4.7521666495296628
6768.91810023448,2,-4.7575630883035238
6765.06116679763,2,-4.7588806504775878
6761.20423336078,2,-4.7576735212335972
6757.34729992393,2,-4.7682170958011216
6753.49036648709,2,-4.7760823841663074
6749.63343305024,2,-4.7767947280274869
6745.77649961339,2,-4.7750210631268981
6741.91956617654,2,-4.7820787455789588
6738.0626327397,2,-4.7944186090495897
6734.20569930285,2,-4.7989744837304613
6730.348765866,2,-4.8078904727983751
6726.49183242916,2,-4.8226106250943186
6722.63489899231,2,-4.8337183324325448
6718.77796555546,2,-4.8409263066362573
6714.92103211861,2,-4.8513858110233619
6711.06409868177,2,-4.8617908396657512
6707.20716524492,2,-4.87090656102108
6703.35023180807,2,-4.8783475754425512
6699.49329837122,2,-4.8852066018104772
6695.63636493438,2,-4.8971751502830703
6691.77943149753,2,-4.9094514865630181
6687.92249806068,2,-4.9180097291512341
6684.06556462384,2,-4.9280459468638949
6680.20863118699,2,-4.9386611036824712
6676.35169775014,2,-4.945961481006341
6672.49476431329,2,-4.9562611492829731
6668.63783087645,2,-4.9672714890248262
6664.7808974396,2,-4.9773347981064182
6660.92396400275,2,-4.9847410658423961
6657.0670305659,2,-4.9973325384300615
6653.21009712906,2,-5.0092499724154784
6649.35316369221,2,-5.0188153148124037
6645.49623025536,2,-5.0259180395093983
6641.63929681852,2,-5.0329059915423029
6637.78236338167,2,-5.0435425779268641
6633.92542994482,2,-5.0562236759850681
6630.06849650797,2,-5.0618187760485522
6626.21156307113,2,-5.0674473860425664
6622.35462963428,2,-5.0744227193177442
6618.49769619743,2,-5.0793495482826172
6614.64076276058,2,-5.0837951320024057
6610.78382932374,2,-5.0933564785236412
6606.92689588689,2,-5.1041046050444221
6603.06996245004,2,-5.111315243192049
6599.2130290132,2,-5.1153715779339324
6595.35609557635,2,-5.1217471264078771
6591.4991621395,2,-5.1277726103845502
6587.64222870265,2,-5.1322794365718138
6583.78529526581,2,-5.1368016161300716
6579.92836182896,2,-5.1388202829812535
6576.07142839211,2,-5.1468426490138475
6572.21449495526,2,-5.1521056929476021
6568.35756151842,2,-5.1531617248628461
6564.50062808157,2,-5.1566238385808632
6560.64369464472,2,-5.1665023418029383
6556.78676120788,2,-5.1696825213276227
6552.92982777103,2,-5.1688908274522269
6549.07289433418,2,-5.1720802808494524
6545.21596089733,2,-5.1754955814722434
6541.35902746049,2,-5.1793414904773272
6537.50209402364,2,-5.1830357390198323
6533.64516058679,2,-5.1850334991074369
6529.78822714994,2,-5.1875203773277621
6525.9312937131,2,-5.18991735652921
6522.07436027625,2,-5.1905798356023727
6518.2174268394,2,-5.1912208971376543
6514.36049340256,2,-5.1914025898424647
6510.50355996571,2,-5.1918326324071717
6506.64662652886,2,-5.1925198531522918
6502.78969309201,2,-5.1892456170899059
6498.93275965517,2,-5.1888832110141472
6495.07582621832,2,-5.18966042138352
6491.21889278147,2,-5.1872328429482897
6487.36195934462,2,-5.1837598276499461
6483.50502590778,2,-5.1812060700182876
6479.64809247093,2,-5.1804706157635545
6475.79115903408,2,-5.1767570131155081
6471.93422559724,2,-5.1718524840744671
6468.07729216039,2,-5.1696281907131114
6464.22035872354,2,-5.1729687557102837
6460.36342528669,2,-5.1694573656303078
6456.50649184985,2,-5.1614165942205128
6452.649558413,2,-5.1605244737716571
6448.79262497615,2,-5.1549904939004891
6444.9356915393,2,-5.1499464835976365
6441.07875810246,2,-5.147125543030791
6437.22182466561,2,-5.1454230066134325
6433.36489122876,2,-5.1423801165346497
6429.50795779192,2,-5.1395130230692523
6425.65102435507,2,-5.1372332909172265
6421.79409091822,2,-5.13185414319494
6417.93715748137,2,-5.1272488901815656
6414.08022404453,2,-5.1260677868625368
6410.22329060768,2,-5.1288154436069524
6406.36635717083,2,-5.125882884617476
6402.50942373398,2,-5.1175925450172706
6398.65249029714,2,-5.1118801908392504
6394.79555686029,2,-5.1124971177169911
6390.93862342344,2,-5.1177147586075833
6387.08168998659,2,-5.120726723597639
6383.22475654975,2,-5.1193044407502848
6379.3678231129,2,-5.1106405304231499
6375.51088967605,2,-5.1093257734675568
6371.6539562392,2,-5.1128589910682489
6367.79702280236,2,-5.1132801636468148
6363.94008936551,2,-5.1123965063333108
6360.08315592866,2,-5.1093234716489464
6356.22622249182,2,-5.1042936428834516
6352.36928905497,2,-5.1029275322367038
6348.51235561812,2,-5.1025047944310344
6344.65542218127,2,-5.1036654132074837
6340.79848874443,2,-5.1017511290494006
6336.94155530758,2,-5.101313273380395
6333.08462187073,2,-5.1019121645011598
6329.22768843388,2,-5.0989653062947937
6325.37075499704,2,-5.098614661512304
6321.51382156019,2,-5.1011994551831599
6317.65688812334,2,-5.0999271595991429
6313.7999546865,2,-5.0984668566614584
6309.94302124965,2,-5.0991384896171645
6306.0860878128,2,-5.1041979318947277
6302.22915437595,2,-5.104345041077508
6298.37222093911,2,-5.1036699846246627
6294.51528750226,2,-5.1047830010189141
6290.65835406541,2,-5.1041462703408689
6286.80142062856,2,-5.1060856786779869
6282.94448719172,2,-5.1094225429086713
6279.08755375487,2,-5.1119930656223227
6275.23062031802,2,-5.1165234828504635
6271.37368688118,2,-5.1164845176777707
6267.51675344433,2,-5.1187258001694005
6263.65982000748,2,-5.1207678044041485
6259.80288657063,2,-5.1232446970061245
6255.94595313379,2,-5.124752400734506
6252.08901969694,2,-5.1301886873302696
6248.23208626009,2,-5.1367124399847244
6244.37515282324,2,-5.1396535231832567
6240.5182193864,2,-5.1423142647942566
6236.66128594955,2,-5.148605431827292
6232.8043525127,2,-5.1540966426456194
6228.94741907586,2,-5.1603606661165067
6225.09048563901,2,-5.1670771691239894
6221.23355220216,2,-5.1691650488728476
6217.37661876531,2,-5.1740797847175184
6213.51968532847,2,-5.1796885884365613
6209.66275189162,2,-5.189308563322343
6205.80581845477,2,-5.1999163109451922
6201.94888501792,2,-5.2083562180340488
6198.09195158108,2,-5.2176184503907574
6194.23501814423,2,-5.2254911475426615
6190.37808470738,2,-5.2376336406625512
6186.52115127054,2,-5.2516719332385202
6182.66421783369,2,-5.2636544106285106
6178.80728439684,2,-5.2752364669031024
6174.95035095999,2,-5.2840273903798938
6171.09341752315,2,-5.2923081185671199
6167.2364840863,2,-5.3044310282408249
6163.37955064945,2,-5.3139828953558874
6159.5226172126,2,-5.3269215653738096
6155.66568377576,2,-5.338220432820652
6151.80875033891,2,-5.3540458576708563
6147.95181690206,2,-5.3706145947147981
6144.09488346522,2,-5.3823894899335993
6140.23795002837,2,-5.3955069774780622
6136.38101659152,2,-5.4110620426454563
6132.52408315467,2,-5.4207208015519299
6128.66714971783,2,-5.4321727864967464
6124.81021628098,2,-5.4511720032434532
6120.95328284413,2,-5.4673936132631225
6117.09634940728,2,-5.4808834350710693
6113.23941597044,2,-5.4949905210433672
6109.38248253359,2,-5.5060837288305935
6105.52554909674,2,-5.5181368855992678
6101.6686156599,2,-5.5288861396326938
6097.81168222305,2,-5.5378871415275164
6093.9547487862,2,-5.5456950463299224
6090.09781534935,2,-5.5539187646195138
6086.24088191251,2,-5.5627541011322137
6082.38394847566,2,-5.5734618414323762
6078.52701503881,2,-5.5762163958114828
6074.67008160196,2,-5.5778232288109555
6070.81314816512,2,-5.5778645807202434
6066.95621472827,2,-5.5773960943144525
6063.09928129142,2,-5.574043475371985
6059.24234785458,2,-5.5690611926922235
6055.38541441773,2,-5.5646079631061491
6051.52848098088,2,-5.5638798697438245
6047.67154754403,2,-5.5589075037738711
6043.81461410719,2,-5.5570384190631898
6039.95768067034,2,-5.5588393705388333
6036.10074723349,2,-5.5624355468269968
6032.24381379664,2,-5.5677744058648528
6028.3868803598,2,-5.5697324658635656
6024.52994692295,2,-5.5678424780382487
6020.6730134861,2,-5.5751304278260152
6016.81608004926,2,-5.576716130452863
6012.95914661241,2,-5.5755419984637795
6009.10221317556,2,-5.5735801864427579
6005.24527973871,2,-5.5739395372855389
6001.38834630187,2,-5.5734677713695584
5997.53141286502,2,-5.578551966794981
5993.67447942817,2,-5.5800536619208065
5989.81754599132,2,-5.5806759391791125
5985.96061255448,2,-5.5856475653960036
5982.10367911763,2,-5.598447216382846
5978.24674568078,2,-5.6139297914338187
5974.38981224394,2,-5.6282104813828511
5970.53287880709,2,-5.6368810352179324
5966.67594537024,2,-5.6441425815095014
5962.81901193339,2,-5.6424159508053071
5958.96207849655,2,-5.6389575695548029
5955.1051450597,2,-5.6283278940631876
5951.24821162285,2,-5.6139102154518712
5947.391278186,2,-5.5975289720486021
5943.53434474916,2,-5.5751630418177598
5939.67741131231,2,-5.551206131496075
5935.82047787546,2,-5.5206867946433302
5931.96354443862,2,-5.4850040898408583
5928.10661100177,2,-5.4501887171849868
5924.24967756492,2,-5.4089283593769917
5920.39274412807,2,-5.3703504212073554
5916.53581069123,2,-5.3318082735961037
5912.67887725438,2,-5.2925361408159848
5908.82194381753,2,-5.2591830300561
5904.96501038068,2,-5.2293445147355806
5901.10807694384,2,-5.2046650180938281
5897.25114350699,2,-5.1939142256428132
5893.39421007014,2,-5.1929398633086592
5889.5372766333,2,-5.1960719509739661
5885.68034319645,2,-5.1888417648647058
5881.8234097596,2,-5.1779178574478406
5877.96647632275,2,-5.1641284070280822
5874.10954288591,2,-5.1414032428266285
5870.25260944906,2,-5.106360413297339
5866.39567601221,2,-5.0660046763781237
5862.53874257536,2,-5.0167252760649763
5858.68180913852,2,-4.9663425281553888
5854.82487570167,2,-4.9141136135472747
5850.96794226482,2,-4.8646390227830185
5847.11100882798,2,-4.8228874903927554
5843.25407539113,2,-4.791732026507022
5839.39714195428,2,-4.767913467015811
5835.54020851743,2,-4.7598115365301101
5831.68327508059,2,-4.7563225739758614
5827.82634164374,2,-4.7543778063349045
5823.96940820689,2,-4.7519001667731668
5820.11247477004,2,-4.7520052312670087
5816.2555413332,2,-4.7528866217848087
5812.39860789635,2,-4.756217314578155
5808.5416744595,2,-4.7549073086221609
5804.68474102266,2,-4.7561687087076958
5800.82780758581,2,-4.758129509914939
5796.97087414896,2,-4.7603941842155137
5793.11394071211,2,-4.7648369743811649
5789.25700727527,2,-4.7699559867967452
5785.40007383842,2,-4.7709786579814484
5781.54314040157,2,-4.7743817269895432
5777.68620696472,2,-4.7785923753729636
5773.82927352788,2,-4.7920377567770416
5769.97234009103,2,-4.8090122189560578
5766.11540665418,2,-4.8354211200558783
5762.25847321733,2,-4.8646990865601785
5758.40153978049,2,-4.8874894316010575
5754.54460634364,2,-4.9001090372211022
5750.68767290679,2,-4.9074130769701556
5746.83073946995,2,-4.9102623506390186
5742.9738060331,2,-4.9119020268399085
5739.11687259625,2,-4.9036643729001748
5735.2599391594,2,-4.8890280904089964
5731.40300572256,2,-4.8647936223962969
5727.54607228571,2,-4.8434334606378142
5723.68913884886,2,-4.821097368725713
5719.83220541201,2,-4.7913568877280204
5715.97527197517,2,-4.7621151244498821
5712.11833853832,2,-4.7390271478839265
5708.26140510147,2,-4.7154647885642502
5704.40447166463,2,-4.6923900072356295
5700.54753822778,2,-4.6712581413817871
5696.69060479093,2,-4.6567526984854162
5692.83367135408,2,-4.6461418099734297
5688.97673791724,2,-4.6372178501534131
5685.11980448039,2,-4.6290353104178958
5681.26287104354,2,-4.6288820990770905
5677.40593760669,2,-4.6306488624448976
5673.54900416985,2,-4.6307056488864067
5669.692070733,2,-4.62605245919982
5665.83513729615,2,-4.6228892339374346
5661.97820385931,2,-4.6186059694088213
5658.12127042246,2,-4.6108442785466242
5654.26433698561,2,-4.6085894430631464
5650.40740354876,2,-4.6070202752375335
5646.55047011192,2,-4.6051966211680142
5642.69353667507,2,-4.6043375331704901
5638.83660323822,2,-4.6052384132999498
5634.97966980137,2,-4.6066099613444935
5631.12273636453,2,-4.6027763301789735
5627.26580292768,2,-4.5992983634563718
5623.40886949083,2,-4.6034234142197157
5619.55193605399,2,-4.6071269318320809
5615.69500261714,2,-4.6130216584722969
5611.83806918029,2,-4.625611486701473
5607.98113574344,2,-4.6396963079228186
5604.1242023066,2,-4.6689293954440494
5600.26726886975,2,-4.6907320988261585
5596.4103354329,2,-4.7036466602239875
5592.55340199605,2,-4.7152340800509904
5588.69646855921,2,-4.7376477592753421
5584.83953512236,2,-4.766364068693556
5580.98260168551,2,-4.7885602575697552
5577.12566824867,2,-4.810177492136944
5573.26873481182,2,-4.8287125325868621
5569.41180137497,2,-4.8513027073614321
5565.55486793812,2,-4.8667982774066676
5561.69793450128,2,-4.8752637177918254
5557.84100106443,2,-4.8977411759186236
5553.98406762758,2,-4.9491395703267091
5550.12713419073,2,-4.9700849981746389
5546.27020075389,2,-4.9638219997028088
5542.41326731704,2,-4.95974976337145
5538.55633388019,2,-5.0052679241221494
5534.69940044334,2,-5.0290620111476363
5530.8424670065,2,-5.0067454790943895
5526.98553356965,2,-5.0226026369984238
5523.1286001328,2,-5.0775405055795657
5519.27166669596,2,-5.1037959630864407
5515.41473325911,2,-5.0867027036374974
5511.55779982226,2,-5.0904867567168752
5507.70086638541,2,-5.1592249707142361
5503.84393294857,2,-5.132190973258326
5499.98699951172,2,-5.1092825371543551
5496.13006607487,2,-5.1870760961230404
5492.27313263802,2,-5.2842765033891199
5488.41619920118,2,-5.2261500455615133
5484.55926576433,2,-5.1131433610534387
5480.70233232748,2,-5.0987040397090801
5476.84539889064,2,-5.2197808792639755
5472.98846545379,2,-5.2219719611002962
5469.13153201694,2,-5.190736014636359
5465.27459858009,2,-5.2414133096423861
5461.41766514325,2,-5.240042342910419
5457.5607317064,2,-5.1965744821475672
5453.70379826955,2,-5.1598179954007648
5449.8468648327,2,-5.2526578997297833
5445.98993139586,2,-5.3528669533047575
5442.13299795901,2,-5.3334027583051586
5438.27606452216,2,-5.2570419995966926
5434.41913108532,2,-5.2891463112380031
5430.56219764847,2,-5.3441869696082849
5426.70526421162,2,-5.2829635706571345
5422.84833077477,2,-5.1465072038279365
5418.99139733793,2,-5.1700259130959862
5415.13446390108,2,-5.3376906143661849
5411.27753046423,2,-5.4430512751531595
5407.42059702738,2,-5.2898424329310121
5403.56366359054,2,-5.2055575739372664
5399.70673015369,2,-5.2038066592000956
5395.84979671684,2,-5.3006512025365966
5391.99286328,2,-5.265615830568124
5388.13592984315,2,-5.2518889679685312
5384.2789964063,2,-5.2811517745977143
5380.42206296945,2,-5.2398258217835165
5376.56512953261,2,-5.3263241102313668
5372.70819609576,2,-5.2494858885181932
5368.85126265891,2,-5.1560371643321687
5364.99432922206,2,-5.2038370574268553
5361.13739578522,2,-5.1686363487585103
5357.28046234837,2,-5.1905737392531401
5353.42352891152,2,-5.3302589532517901
5349.56659547468,2,-5.2809686761905104
5345.70966203783,2,-5.301685624848437
5341.85272860098,2,-5.2735845408225721
5337.99579516413,2,-5.2210720523101974
5334.13886172729,2,-5.093262465332673
5330.28192829044,2,-5.0086804743346978
5326.42499485359,2,-4.9529452181914104
5322.56806141674,2,-4.8036439574254679
5318.7111279799,2,-4.7501868003428882
5314.85419454305,2,-4.7048541762951945
5310.9972611062,2,-4.6462384394523939
5307.14032766935,2,-4.6045619252415744
5303.28339423251,2,-4.5107733286895915
5299.42646079566,2,-4.4109385813982458
5295.56952735881,2,-4.3246428980952034
5291.71259392197,2,-4.2823521173725574
5287.85566048512,2,-4.2127797875714075
5283.99872704827,2,-4.1023397754533866
5280.14179361142,2,-4.0029188086459753
5276.28486017458,2,-3.8698619727817736
5272.42792673773,2,-3.80258209399766
5268.57099330088,2,-3.7853650170333748
5264.71405986403,2,-3.765696621883547
5260.85712642719,2,-3.6429833208673257
5257.00019299034,2,-3.5397590283879019
5253.14325955349,2,-3.4848102540859225
5249.28632611665,2,-3.4645264036844372
5245.4293926798,2,-3.4193469111652304
5241.57245924295,2,-3.2656036478445718
5237.7155258061,2,-3.1774266596221921
5233.85859236926,2,-3.159627400499553
5230.00165893241,2,-3.1378640359013321
5226.14472549556,2,-3.1069453631703601
5222.28779205871,2,-3.037497738421842
5218.43085862187,2,-2.9636718561389714
5214.57392518502,2,-2.9077623638582359
5210.71699174817,2,-2.9187235760387815
5206.86005831133,2,-2.9637077148864046
5203.00312487448,2,-2.8467024749663343
5199.14619143763,2,-2.7996247416966806
5195.28925800078,2,-2.7819839027443445
5191.43232456394,2,-2.7461879804599336
5187.57539112709,2,-2.752999518680384
5183.71845769024,2,-2.7321306797294809
5179.86152425339,2,-2.691726551358784
5176.00459081655,2,-2.6629759331403684
5172.1476573797,2,-2.6464988690678135
5168.29072394285,2,-2.6327043702584465
5164.43379050601,2,-2.6210628915319494
5160.57685706916,2,-2.6088940246078858
5156.71992363231,2,-2.5920857947581974
5152.86299019546,2,-2.5603984148038959
5149.00605675862,2,-2.5245153177149131
5145.14912332177,2,-2.5109912793012814
5141.29218988492,2,-2.4981713513186516
5137.43525644807,2,-2.472113662710743
5133.57832301123,2,-2.4531863614311087
5129.72138957438,2,-2.432895390970625
5125.86445613753,2,-2.4103396606861134
5122.00752270069,2,-2.4051182638323203
5118.15058926384,2,-2.3988497994192244
5114.29365582699,2,-2.381226299375184
5110.43672239014,2,-2.3618965708777675
5106.5797889533,2,-2.3476309172942256
5102.72285551645,2,-2.3340356995608946
5098.8659220796,2,-2.3264772730348131
5095.00898864275,2,-2.3210764326690816
5091.15205520591,2,-2.313982250434834
5087.29512176906,2,-2.3015739405492655
5083.43818833221,2,-2.2979300331715193
5079.58125489536,2,-2.294357694863062
5075.72432145852,2,-2.2924874987037476
5071.86738802167,2,-2.291375944713137
5068.01045458482,2,-2.2860323694891211
5064.15352114798,2,-2.2798535109963507
5060.29658771113,2,-2.2768604625532993
5056.43965427428,2,-2.2742825995742972
5052.58272083743,2,-2.2754475216635344
5048.72578740059,2,-2.27591596563256
5044.86885396374,2,-2.2757113348934244
5041.01192052689,2,-2.2753923966441842
5037.15498709004,2,-2.279688294000155
5033.2980536532,2,-2.2865023525176316
5029.44112021635,2,-2.2962067536855995
5025.5841867795,2,-2.3071193440656312
5021.72725334266,2,-2.3205079813795688
5017.87031990581,2,-2.3360001871845348
5014.01338646896,2,-2.3587869420741749
5010.15645303211,2,-2.3817185661303495
5006.29951959527,2,-2.4132740793250766
5002.44258615842,2,-2.4439789024234031
4998.58565272157,2,-2.4788061041713103
4994.72871928472,2,-2.5178652018469889
4990.87178584788,2,-2.5614750250312164
4987.01485241103,2,-2.607313371172487
4983.15791897418,2,-2.6564833819098514
4979.30098553734,2,-2.7081493631885412
4975.44405210049,2,-2.7660964260050438
4971.58711866364,2,-2.82555638075794
4967.73018522679,2,-2.8857787398656218
4963.87325178995,2,-2.9445608750957462
4960.0163183531,2,-3.0097682089576181
4956.15938491625,2,-3.0754333639188078
4952.3024514794,2,-3.1404671061225318
4948.44551804256,2,-3.2056791098626771
4944.58858460571,2,-3.2710544962330528
4940.73165116886,2,-3.3325677394439888
4936.87471773202,2,-3.3958069433249651
4933.01778429517,2,-3.4573646193309715
4929.16085085832,2,-3.5183573038566025
4925.30391742147,2,-3.5742886439031123
4921.44698398463,2,-3.6284952906023586
4917.59005054778,2,-3.6782452353054893
4913.73311711093,2,-3.7247114576060802
4909.87618367408,2,-3.7675936920810145
4906.01925023724,2,-3.8130814751400122
4902.16231680039,2,-3.8520369378720027
4898.30538336354,2,-3.8892547189857334
4894.4484499267,2,-3.92085141382627
4890.59151648985,2,-3.9493140175765165
4886.734583053,2,-3.9738152639969995
4882.87764961615,2,-3.9947910487550207
4879.02071617931,2,-4.008023825051521
4875.16378274246,2,-4.0192159330207087
4871.30684930561,2,-4.0228061776162214
4867.44991586876,2,-4.0247950491795663
4863.59298243192,2,-4.0213734080233277
4859.73604899507,2,-4.0141744584552583
4855.87911555822,2,-3.9999415826642015
4852.02218212137,2,-3.9829123590060158
4848.16524868453,2,-3.9628625894852911
4844.30831524768,2,-3.9431318695063311
4840.45138181083,2,-3.9191161093498659
4836.59444837399,2,-3.8969297837698349
4832.73751493714,2,-3.8749646297962688
4828.88058150029,2,-3.8557907695673492
4825.02364806344,2,-3.8362855427735401
4821.1667146266,2,-3.8210417943651249
4817.30978118975,2,-3.8059177007304781
4813.4528477529,2,-3.7946424897350122
4809.59591431605,2,-3.7844566460808471
4805.73898087921,2,-3.7766662783640128
4801.88204744236,2,-3.7685530784123498
4798.02511400551,2,-3.7662849893320041
4794.16818056867,2,-3.7661772407154306
4790.31124713182,2,-3.7653208261623896
4786.45431369497,2,-3.7649641847931004
4782.59738025812,2,-3.7686978265874873
4778.74044682128,2,-3.7724627623315845
4774.88351338443,2,-3.7769233163427192
4771.02657994758,2,-3.77798096370715
4767.16964651073,2,-3.783113175017502
4763.31271307389,2,-3.7916874142486345
4759.45577963704,2,-3.8031149568950031
4755.59884620019,2,-3.8115077703708411
4751.74191276335,2,-3.823644828791549
4747.8849793265,2,-3.8348628615162075
4744.02804588965,2,-3.8460755790534344
4740.1711124528,2,-3.8576799095957326
4736.31417901596,2,-3.8746106560581781
4732.45724557911,2,-3.8897237705512273
4728.60031214226,2,-3.9049043135663606
4724.74337870541,2,-3.9171895746704775
4720.88644526857,2,-3.9318023733610579
4717.02951183172,2,-3.949065270582877
4713.17257839487,2,-3.9687197032419319
4709.31564495803,2,-3.9871428573023975
4705.45871152118,2,-4.0116724573834528
4701.60177808433,2,-4.0359215842624359
4697.74484464748,2,-4.0573790790282356
4693.88791121064,2,-4.0776684653487827
4690.03097777379,2,-4.1044506263434366
4686.17404433694,2,-4.1300309902864107
4682.31711090009,2,-4.1555061104198687
4678.46017746325,2,-4.1799863812971889
4674.6032440264,2,-4.2040143496713522
4670.74631058955,2,-4.2254834644691783
4666.88937715271,2,-4.2468178680522692
4663.03244371586,2,-4.267511701430303
4659.17551027901,2,-4.2880574391904736
4655.31857684216,2,-4.3114902587416992
4651.46164340532,2,-4.3389664152939087
4647.60470996847,2,-4.3617106239641004
4643.74777653162,2,-4.3937019441742819
4639.89084309477,2,-4.4254224843903716
4636.03390965793,2,-4.4604566607295126
4632.17697622108,2,-4.4890733235407154
4628.32004278423,2,-4.5121989055010108
4624.46310934739,2,-4.5331291586958304
4620.60617591054,2,-4.551907692414856
4616.74924247369,2,-4.5664839904828458
4612.89230903684,2,-4.5802899486528679
4609.0353756,2,-4.5842342754200551
4605.17844216315,2,-4.5866439207148115
4601.3215087263,2,-4.5853138532215416
4597.46457528945,2,-4.5833525075038342
4593.60764185261,2,-4.5789445415045265
4589.75070841576,2,-4.5785537246118793
4585.89377497891,2,-4.5771905001652078
4582.03684154207,2,-4.5781300523939361
4578.17990810522,2,-4.5753734512841078
4574.32297466837,2,-4.5730844767151035
4570.46604123152,2,-4.5623524965955076
4566.60910779468,2,-4.5518189511179887
4562.75217435783,2,-4.5425008201875734
4558.89524092098,2,-4.5372112188410503
4555.03830748413,2,-4.5353229904200232
4551.18137404729,2,-4.5349029388683233
4547.32444061044,2,-4.5320213447880358
4543.46750717359,2,-4.5257728421073873
4539.61057373675,2,-4.5193147623499135
4535.7536402999,2,-4.5174070112534519
4531.89670686305,2,-4.5138933067255476
4528.0397734262,2,-4.5097453366076028
4524.18283998936,2,-4.4998497283969918
4520.32590655251,2,-4.4931398824368438
4516.46897311566,2,-4.485569840121399
4512.61203967881,2,-4.4804334620306117
4508.75510624197,2,-4.4681148710420118
4504.89817280512,2,-4.4528777366440018
4501.04123936827,2,-4.4384405257711128
4497.18430593143,2,-4.426708909913577
4493.32737249458,2,-4.4106331838690656
4489.47043905773,2,-4.3897228966121897
4485.61350562088,2,-4.36414112753108
4481.75657218404,2,-4.341140992489021
4477.89963874719,2,-4.3159294450317365
4474.04270531034,2,-4.2872728701289153
4470.18577187349,2,-4.2576315658301178
4466.32883843665,2,-4.2290985943299289
4462.4719049998,2,-4.2018061745412307
4458.61497156295,2,-4.187387287631382
4454.75803812611,2,-4.1790728823244985
4450.90110468926,2,-4.1777803980337378
4447.04417125241,2,-4.1825053295379542
4443.18723781556,2,-4.1982057167324278
4439.33030437872,2,-4.2150058697338153
4435.47337094187,2,-4.2293922761998815
4431.61643750502,2,-4.232004606968232
4427.75950406817,2,-4.2292103661359608
4423.90257063133,2,-4.2105874399374308
4420.04563719448,2,-4.1812266471457269
4416.18870375763,2,-4.139183017111141
4412.33177032078,2,-4.0908826087048107
4408.47483688394,2,-4.0423310495984586
4404.61790344709,2,-4.0039589315516224
4400.76097001024,2,-3.9700492771428904
4396.9040365734,2,-3.9442508876345865
4393.04710313655,2,-3.9183748038604964
4389.1901696997,2,-3.8996372200246574
4385.33323626285,2,-3.8796163088820919
4381.47630282601,2,-3.8551779577626473
4377.61936938916,2,-3.8197880237278872
4373.76243595231,2,-3.7764938327896527
4369.90550251546,2,-3.7164645834436758
4366.04856907862,2,-3.6412728654019193
4362.19163564177,2,-3.5518149839267958
4358.33470220492,2,-3.4633676969987715
4354.47776876808,2,-3.384122843049612
4350.62083533123,2,-3.3217633696496329
4346.76390189438,2,-3.2732369399762549
4342.90696845753,2,-3.2461083267327706
4339.05003502069,2,-3.2398488512056547
4335.19310158384,2,-3.2482759380080526
4331.33616814699,2,-3.2612923320120051
4327.47923471014,2,-3.2792590498596068
4323.6223012733,2,-3.2895884625181453
4319.76536783645,2,-3.3230723824805319
4315.9084343996,2,-3.3845171056755947
4312.05150096276,2,-3.4288619767771999
4308.19456752591,2,-3.4457124595577273
4304.33763408906,2,-3.4519931168859017
4300.48070065221,2,-3.4482514015683643
4296.62376721537,2,-3.4419613024501192
4292.76683377852,2,-3.4342459459622754
4288.90990034167,2,-3.4269561649749201
4285.05296690482,2,-3.4205980731507859
4281.19603346798,2,-3.4252975138960107
4277.33910003113,2,-3.4335364143154523
4273.48216659428,2,-3.4448171117739212
4269.62523315744,2,-3.4494520173993761
4265.76829972059,2,-3.4477612204885904
4261.91136628374,2,-3.4329232779451182
4258.05443284689,2,-3.4112748085678257
4254.19749941005,2,-3.3814608712736636
4250.3405659732,2,-3.363456076539086
4246.48363253635,2,-3.3562331335726898
4242.6266990995,2,-3.3515591013126969
4238.76976566266,2,-3.3381306697567306
4234.91283222581,2,-3.3287828163301145
4231.05589878896,2,-3.3249575478757025
4227.19896535212,2,-3.3296373256874139
4223.34203191527,2,-3.34038581181668
4219.48509847842,2,-3.3592536622163158
4215.62816504157,2,-3.3802277343288427
4211.77123160473,2,-3.4066316308218578
4207.91429816788,2,-3.432491922750426
4204.05736473103,2,-3.453567442349974
4200.20043129418,2,-3.4643630370629039
4196.34349785734,2,-3.4726526163526774
4192.48656442049,2,-3.4722212052934154
4188.62963098364,2,-3.4733107254270106
4184.7726975468,2,-3.4740918686489599
4180.91576410995,2,-3.4799218281390134
4177.0588306731,2,-3.4803092498666879
4173.20189723625,2,-3.4879717380715638
4169.34496379941,2,-3.5016960460412569
4165.48803036256,2,-3.5139103602332975
4161.63109692571,2,-3.5241096104984351
4157.77416348886,2,-3.53744300620943
4153.91723005202,2,-3.549581311306274
4150.06029661517,2,-3.5606305774789777
4146.20336317832,2,-3.562489298443495
4142.34642974148,2,-3.5647152063033101
4138.48949630463,2,-3.5644256999317543
4134.63256286778,2,-3.5616703037583299
4130.77562943093,2,-3.5508337169249775
4126.91869599409,2,-3.541020671619199
4123.06176255724,2,-3.5363447556726966
4119.20482912039,2,-3.5255337972304752
4115.34789568354,2,-3.5161562835986038
4111.4909622467,2,-3.5136866313949691
4107.63402880985,2,-3.5196673603176132
4103.777095373,2,-3.5208159565724526
4099.92016193616,2,-3.5098314195500855
4096.06322849931,2,-3.5101877468304714
4092.20629506246,2,-3.515247463153619
4088.34936162561,2,-3.5326567470471737
4084.49242818877,2,-3.5373901594455299
4080.63549475192,2,-3.5405601596561973
4076.77856131507,2,-3.5374439991541071
4072.92162787822,2,-3.5335676527770215
4069.06469444138,2,-3.5293308800981187
4065.20776100453,2,-3.5279555341910664
4061.35082756768,2,-3.533500635486841
4057.49389413083,2,-3.5383040314104441
4053.63696069399,2,-3.5315689705855657
4049.78002725714,2,-3.5285579112095489
4045.92309382029,2,-3.5304055127118836
4042.06616038345,2,-3.5173087189073717
4038.2092269466,2,-3.4897721602932386
4034.35229350975,2,-3.4793932812585044
4030.4953600729,2,-3.4659556870102524
4026.63842663606,2,-3.4575627924313563
4022.78149319921,2,-3.4368788156470798
4018.92455976236,2,-3.4239314650992418
4015.06762632551,2,-3.4104245632764436
4011.21069288867,2,-3.4075013492758686
4007.35375945182,2,-3.397246640776173
4003.49682601497,2,-3.3770141702182794
3999.63989257813,2,-3.3589869446170573
10001.0283203125,3,-6.0691148307172567
9997.17138687565,3,-6.0714372220802897
9993.31445343881,3,-6.0841340292865569
9989.45752000196,3,-6.1016992150000586
9985.60058656511,3,-6.1175499572938818
9981.74365312826,3,-6.1187054942147743
9977.88671969142,3,-6.1196739934120234
9974.02978625457,3,-6.1228419048076574
9970.17285281772,3,-6.122741415386006
9966.31591938088,3,-6.1318782351050363
9962.45898594403,3,-6.1480594025903859
9958.60205250718,3,-6.1535608035143223
9954.74511907033,3,-6.1619623055857424
9950.88818563349,3,-6.1685122457436998
9947.03125219664,3,-6.1651436642169868
9943.17431875979,3,-6.1674620238680085
9939.31738532294,3,-6.1708024277874856
9935.4604518861,3,-6.1877780107337763
9931.60351844925,3,-6.1939550653209849
9927.7465850124,3,-6.1942508802849048
9923.88965157556,3,-6.200968772098542
9920.03271813871,3,-6.2032472798058214
9916.17578470186,3,-6.2086908003685579
9912.31885126501,3,-6.2138570454899957
9908.46191782817,3,-6.2112353754955096
9904.60498439132,3,-6.2165950552110463
9900.74805095447,3,-6.2252273962714026
9896.89111751762,3,-6.2241834571986381
9893.03418408078,3,-6.2315038633904756
9889.17725064393,3,-6.2416825044748769
9885.32031720708,3,-6.2467566548968918
9881.46338377024,3,-6.2425859562826265
9877.60645033339,3,-6.2448853224071978
9873.74951689654,3,-6.2617915032822307
9869.89258345969,3,-6.2776389465150153
9866.03565002284,3,-6.2858976681776983
9862.178716586,3,-6.2905388161940508
9858.32178314915,3,-6.2907363368489282
9854.4648497123,3,-6.2902722069051409
9850.60791627546,3,-6.2979844993188401
9846.75098283861,3,-6.3083405422268939
9842.89404940176,3,-6.3294579386761303
9839.03711596492,3,-6.3335180311900459
9835.18018252807,3,-6.3230146490506973
9831.32324909122,3,-6.3336929123185142
9827.46631565437,3,-6.3489933855488871
9823.60938221752,3,-6.3506625725749899
9819.75244878068,3,-6.3453083933565306
9815.89551534383,3,-6.3406320088388233
9812.03858190698,3,-6.3421964276587826
9808.18164847014,3,-6.3537318211759857
9804.32471503329,3,-6.3751089295070402
9800.46778159644,3,-6.379966233246444
9796.6108481596,3,-6.3782412193880553
9792.75391472275,3,-6.3824416206009076
9788.8969812859,3,-6.3949686239511614
9785.04004784905,3,-6.4071094840174574
9781.1831144122,3,-6.4097917242280094
9777.32618097536,3,-6.4113513017746433
9773.46924753851,3,-6.4093653632164855
9769.61231410166,3,-6.4107982455240808
9765.75538066482,3,-6.4223451680844166
9761.89844722797,3,-6.4338789976397814
9758.04151379112,3,-6.4437775833835254
9754.18458035428,3,-6.4478921462591163
9750.32764691743,3,-6.4429225592595891
9746.47071348058,3,-6.4478845370890934
9742.61378004373,3,-6.4577851245670885
9738.75684660688,3,-6.4592797732671787
9734.89991317004,3,-6.4588255547354025
9731.04297973319,3,-6.4600201694989137
9727.18604629634,3,-6.464513790687084
9723.3291128595,3,-6.4822901716446815
9719.47217942265,3,-6.4889406860601371
9715.6152459858,3,-6.4875886660066246
9711.75831254896,3,-6.4928685666569157
9707.90137911211,3,-6.4960144215389395
9704.04444567526,3,-6.5071810078691161
9700.18751223841,3,-6.5153317612574098
9696.33057880156,3,-6.5177993556750016
9692.47364536472,3,-6.5167400424565329
9688.61671192787,3,-6.5213283535113673
9684.75977849102,3,-6.5283840372824855
9680.90284505418,3,-6.5357472217703343
9677.04591161733,3,-6.5460334931663162
9673.18897818048,3,-6.5470788898477075
9669.33204474363,3,-6.5418191374059482
9665.47511130679,3,-6.5449335519238296
9661.61817786994,3,-6.552907738013765
9657.76124443309,3,-6.566432870325178
9653.90431099624,3,-6.576128633999117
9650.0473775594,3,-6.5810244694874633
9646.19044412255,3,-6.5813253371728928
9642.3335106857,3,-6.5884597190929952
9638.47657724886,3,-6.5955772092738165
9634.61964381201,3,-6.5965081489061452
9630.76271037516,3,-6.5996404824467456
9626.90577693831,3,-6.6046588183204094
9623.04884350147,3,-6.6064429317642741
9619.19191006462,3,-6.6148749165489802
9615.33497662777,3,-6.6283455437015455
9611.47804319092,3,-6.6403912467538415
9607.62110975408,3,-6.6413489470843876
9603.76417631723,3,-6.633694773594442
9599.90724288038,3,-6.6352192799546952
9596.05030944354,3,-6.6502182580929894
9592.19337600669,3,-6.6626708240896688
9588.33644256984,3,-6.6602708499053556
9584.47950913299,3,-6.6662312280286198
9580.62257569615,3,-6.6754607059410915
9576.7656422593,3,-6.6682456820893172
9572.90870882245,3,-6.6723023398741894
9569.0517753856,3,-6.6817533672757801
9565.19484194876,3,-6.6860038158968473
9561.33790851191,3,-6.6960464497859764
9557.48097507506,3,-6.6994309176286118
9553.62404163822,3,-6.6992417523676995
9549.76710820137,3,-6.7145451460122487
9545.91017476452,3,-6.7197517853043465
9542.05324132767,3,-6.7126657141087795
9538.19630789083,3,-6.7187985810737638
9534.33937445398,3,-6.7310816569435659
9530.48244101713,3,-6.7310150982774761
9526.62550758028,3,-6.7359408097355722
9522.76857414344,3,-6.7483856023459481
9518.91164070659,3,-6.7489581897340649
9515.05470726974,3,-6.7426029568772972
9511.1977738329,3,-6.7443832335016314
9507.34084039605,3,-6.752477438443913
9503.4839069592,3,-6.7619380690755388
9499.62697352235,3,-6.7648986703694813
9495.77004008551,3,-6.7688324283826127
9491.91310664866,3,-6.7685537528914246
9488.05617321181,3,-6.7717229339662106
9484.19923977496,3,-6.7799632002567218
9480.34230633812,3,-6.7861175352522185
9476.48537290127,3,-6.7866337673873192
9472.62843946442,3,-6.7944062078963512
9468.77150602758,3,-6.807990492696737
9464.91457259073,3,-6.8100031765364655
9461.05763915388,3,-6.805053641692588
9457.20070571703,3,-6.8125136973987441
9453.34377228019,3,-6.8166240336793571
9449.48683884334,3,-6.8162818571123829
9445.62990540649,3,-6.8178675342455266
9441.77297196964,3,-6.8316602794811292
9437.9160385328,3,-6.8445979251329501
9434.05910509595,3,-6.8402768208776417
9430.2021716591,3,-6.831520705463908
9426.34523822226,3,-6.8376266797644991
9422.48830478541,3,-6.846524031740385
9418.63137134856,3,-6.8516704874888354
9414.77443791171,3,-6.861991246690831
9410.91750447487,3,-6.8664979635543766
9407.06057103802,3,-6.8669639830958813
9403.20363760117,3,-6.8634133021920265
9399.34670416432,3,-6.8609250029911468
9395.48977072748,3,-6.8673516435637509
9391.63283729063,3,-6.8751220603039984
9387.77590385378,3,-6.8770764301972225
9383.91897041694,3,-6.8761346043201428
9380.06203698009,3,-6.8827028034301581
9376.20510354324,3,-6.8972891559372806
9372.34817010639,3,-6.9050758116678139
9368.49123666955,3,-6.9015485243908401
9364.6343032327,3,-6.8996967117096242
9360.77736979585,3,-6.8986542772367621
9356.920436359,3,-6.8996651418316475
9353.06350292216,3,-6.9044219170005823
9349.20656948531,3,-6.9123864433724451
9345.34963604846,3,-6.9175518881370035
9341.49270261162,3,-6.9165795686784959
9337.63576917477,3,-6.9213650822693609
9333.77883573792,3,-6.9293525608040323
9329.92190230107,3,-6.9383788769579056
9326.06496886423,3,-6.9444272657031831
9322.20803542738,3,-6.9402674692279209
9318.35110199053,3,-6.9401423190045701
9314.49416855368,3,-6.9482708808095701
9310.63723511684,3,-6.9574369157688372
9306.78030167999,3,-6.9560860606696142
9302.92336824314,3,-6.9563323093024341
9299.0664348063,3,-6.9648794786457513
9295.20950136945,3,-6.9688996856766554
9291.3525679326,3,-6.9637163588699824
9287.49563449575,3,-6.9678667918233401
9283.63870105891,3,-6.976422111412206
9279.78176762206,3,-6.9848334842938824
9275.92483418521,3,-6.9838208188592379
9272.06790074836,3,-6.9831966424420404
9268.21096731152,3,-6.9874319109345091
9264.35403387467,3,-6.9878258155202788
9260.49710043782,3,-6.9878493324212219
9256.64016700098,3,-6.9915367389518908
9252.78323356413,3,-6.9991450529267656
9248.92630012728,3,-7.0043811245730963
9245.06936669043,3,-7.0118120770938042
9241.21243325358,3,-7.0191890927205813
9237.35549981674,3,-7.0179545679275899
9233.49856637989,3,-7.0232158837679286
9229.64163294304,3,-7.0204707476718475
9225.7846995062,3,-7.0174739044616192
9221.92776606935,3,-7.0198454726830857
9218.0708326325,3,-7.0280065701019652
9214.21389919565,3,-7.0305048982724685
9210.35696575881,3,-7.0329536979269154
9206.50003232196,3,-7.0349202237647006
9202.64309888511,3,-7.0342486733361937
9198.78616544826,3,-7.0414037911006293
9194.92923201142,3,-7.0455340026921913
9191.07229857457,3,-7.0447372715931227
9187.21536513772,3,-7.0432366135764397
9183.35843170088,3,-7.0443845386267245
9179.50149826403,3,-7.0515880512430478
9175.64456482718,3,-7.0538003100265332
9171.78763139033,3,-7.056762784006283
9167.93069795349,3,-7.0583860481024026
9164.07376451664,3,-7.0577843275816985
9160.21683107979,3,-7.0613866133173344
9156.35989764294,3,-7.0690730917640288
9152.5029642061,3,-7.065140386674039
9148.64603076925,3,-7.0612142766722581
9144.7890973324,3,-7.0693618042772641
9140.93216389556,3,-7.0814144878544916
9137.07523045871,3,-7.0829247081951987
9133.21829702186,3,-7.0800677791873294
9129.36136358501,3,-7.0774580347803848
9125.50443014817,3,-7.0833179581178953
9121.64749671132,3,-7.0839976001328839
9117.79056327447,3,-7.0852551242570732
9113.93362983762,3,-7.089407889375404
9110.07669640078,3,-7.0973453937120254
9106.21976296393,3,-7.1013104645604619
9102.36282952708,3,-7.1016883780399489
9098.50589609024,3,-7.1004892394355483
9094.64896265339,3,-7.0980111732637425
9090.79202921654,3,-7.0943623439894452
9086.93509577969,3,-7.0968401002822974
9083.07816234285,3,-7.1029908516547451
9079.221228906,3,-7.1072139535201799
9075.36429546915,3,-7.1009104627631761
9071.5073620323,3,-7.0975672813321795
9067.65042859546,3,-7.0980426526315883
9063.79349515861,3,-7.1030761133284681
9059.93656172176,3,-7.1034630899479279
9056.07962828492,3,-7.1032786467121278
9052.22269484807,3,-7.1062785324478641
9048.36576141122,3,-7.1114331169484899
9044.50882797437,3,-7.1150503984623628
9040.65189453753,3,-7.1160851597393524
9036.79496110068,3,-7.1167095217173078
9032.93802766383,3,-7.1231049945913085
9029.08109422698,3,-7.1235092989109354
9025.22416079014,3,-7.1201880346330757
9021.36722735329,3,-7.1204494629571311
9017.51029391644,3,-7.1261585032155175
9013.6533604796,3,-7.1259288412486654
9009.79642704275,3,-7.1240134414928988
9005.9394936059,3,-7.1231274385789831
9002.08256016905,3,-7.1272076555746793
8998.22562673221,3,-7.1250826351375878
8994.36869329536,3,-7.1161260201397862
8990.51175985851,3,-7.1169284704838134
8986.65482642166,3,-7.124196727437309
8982.79789298482,3,-7.1234262210088284
8978.94095954797,3,-7.120583712953116
8975.08402611112,3,-7.1244253560546804
8971.22709267428,3,-7.1241855353964265
8967.37015923743,3,-7.1184415657380127
8963.51322580058,3,-7.1174665224547802
8959.65629236373,3,-7.1145670302475104
8955.79935892689,3,-7.1159163292714194
8951.94242549004,3,-7.1135171521063292
8948.08549205319,3,-7.114780497194273
8944.22855861634,3,-7.1135422522534011
8940.3716251795,3,-7.107253367964864
8936.51469174265,3,-7.1016101768646607
8932.6577583058,3,-7.1014486035608488
8928.80082486896,3,-7.1015334822872731
8924.94389143211,3,-7.0913589956437839
8921.08695799526,3,-7.084655959313471
8917.23002455841,3,-7.0875572317451159
8913.37309112157,3,-7.0804078594033886
8909.51615768472,3,-7.0736760265849927
8905.65922424787,3,-7.0769877961471588
8901.80229081102,3,-7.0770192564661007
8897.94535737418,3,-7.0692623919331563
8894.08842393733,3,-7.0688297127487267
8890.23149050048,3,-7.0636006719049735
8886.37455706364,3,-7.0560743192691531
8882.51762362679,3,-7.0505762885431373
8878.66069018994,3,-7.0483459542795455
8874.80375675309,3,-7.0414342169971764
8870.94682331625,3,-7.0304567713621386
8867.0898898794,3,-7.0240235412405632
8863.23295644255,3,-7.0255421997332785
8859.3760230057,3,-7.0202919536856854
8855.51908956886,3,-7.0062295265930912
8851.66215613201,3,-6.99620446563502
8847.80522269516,3,-6.9940681847947932
8843.94828925832,3,-6.98787252371908
8840.09135582147,3,-6.9787737960436083
8836.23442238462,3,-6.9688590790920468
8832.37748894777,3,-6.9602301598784049
8828.52055551093,3,-6.95308668531103
8824.66362207408,3,-6.9477557467701425
8820.80668863723,3,-6.9344959558687806
8816.94975520038,3,-6.9192986115644484
8813.09282176354,3,-6.9095767530128427
8809.23588832669,3,-6.906520505427352
8805.37895488984,3,-6.8973961895418672
8801.522021453,3,-6.8897062957138111
8797.66508801615,3,-6.8863017572407585
8793.8081545793,3,-6.873940829281878
8789.95122114245,3,-6.86445020503026
8786.09428770561,3,-6.8606799118899673
8782.23735426876,3,-6.8472135620893244
8778.38042083191,3,-6.8345101361274576
8774.52348739506,3,-6.8298861823270745
8770.66655395822,3,-6.8139177980399044
8766.80962052137,3,-6.7965635671514715
8762.95268708452,3,-6.789333806673354
8759.09575364767,3,-6.7831434171828189
8755.23882021083,3,-6.7717271979464844
8751.38188677398,3,-6.7581288512202295
8747.52495333713,3,-6.746280419020982
8743.66801990029,3,-6.7357389050038812
8739.81108646344,3,-6.7229503650822782
8735.95415302659,3,-6.7141662078249436
8732.09721958974,3,-6.7035859372946458
8728.2402861529,3,-6.6971475423608124
8724.38335271605,3,-6.682695968872288
8720.5264192792,3,-6.6616650278834593
8716.66948584235,3,-6.6484551069704505
8712.81255240551,3,-6.6311881455091015
8708.95561896866,3,-6.6220088973801259
8705.09868553181,3,-6.6099817023529912
8701.24175209497,3,-6.5971590316185855
8697.38481865812,3,-6.5828982387140469
8693.52788522127,3,-6.577450692707508
8689.67095178442,3,-6.5624110552426229
8685.81401834758,3,-6.5451156870542375
8681.95708491073,3,-6.5275319269801031
8678.10015147388,3,-6.5010355412791725
8674.24321803703,3,-6.4741192595899566
8670.38628460019,3,-6.4667410258718121
8666.52935116334,3,-6.4584160204469221
8662.67241772649,3,-6.4489997355504869
8658.81548428965,3,-6.4303516984355653
8654.9585508528,3,-6.402820882056135
8651.10161741595,3,-6.3711026181357013
8647.2446839791,3,-6.350322656967597
8643.38775054226,3,-6.3351364533074399
8639.53081710541,3,-6.3123051406325601
8635.67388366856,3,-6.29400106075287
8631.81695023171,3,-6.2725452023947126
8627.96001679487,3,-6.2495154657076952
8624.10308335802,3,-6.2264695713767058
8620.24614992117,3,-6.2059776120555394
8616.38921648433,3,-6.1907899946692124
8612.53228304748,3,-6.1689148096372284
8608.67534961063,3,-6.1414316435229921
8604.81841617378,3,-6.1135886497905556
8600.96148273694,3,-6.093999639113747
8597.10454930009,3,-6.0812296602611582
8593.24761586324,3,-6.0620787031903083
8589.39068242639,3,-6.0323448381167015
8585.53374898955,3,-6.0114295079271702
8581.6768155527,3,-5.9951230828468809
8577.81988211585,3,-5.9794397537642681
8573.96294867901,3,-5.955530076921093
8570.10601524216,3,-5.9343201258114853
8566.24908180531,3,-5.9146972220506822
8562.39214836846,3,-5.8965205106100473
8558.53521493162,3,-5.879699776668442
8554.67828149477,3,-5.8612616953535976
8550.82134805792,3,-5.8383705801509098
8546.96441462107,3,-5.8252447182629323
8543.10748118423,3,-5.8053548609736927
8539.25054774738,3,-5.7840978355933732
8535.39361431053,3,-5.764743438227943
8531.53668087368,3,-5.7516132650503833
8527.67974743684,3,-5.7347346535363073
8523.82281399999,3,-5.7164545023472728
8519.96588056314,3,-5.6978372626380533
8516.1089471263,3,-5.68741870074237
8512.25201368945,3,-5.6765103498133112
8508.3950802526,3,-5.66506646197492
8504.53814681575,3,-5.6494086013011966
8500.68121337891,3,-5.6305709261390238
8496.82427994206,3,-5.6082163195533781
8492.96734650521,3,-5.5975273612858221
8489.11041306836,3,-5.5899647668531713
8485.25347963152,3,-5.5748242834491721
8481.39654619467,3,-5.541122882342794
8477.53961275782,3,-5.5206505711459002
8473.68267932098,3,-5.5103478344008874
8469.82574588413,3,-5.4925209545983895
8465.96881244728,3,-5.4659207054148915
8462.11187901043,3,-5.4504722634980958
8458.25494557359,3,-5.4397399385475431
8454.39801213674,3,-5.421431613728136
8450.54107869989,3,-5.3954692142778349
8446.68414526304,3,-5.3773728073798299
8442.8272118262,3,-5.3609515517868225
8438.97027838935,3,-5.3493770947779087
8435.1133449525,3,-5.330642575024739
8431.25641151566,3,-5.3079900430824942
8427.39947807881,3,-5.2874527036122903
8423.54254464196,3,-5.2738656337973051
8419.68561120511,3,-5.25472733296629
8415.82867776827,3,-5.237143702398142
8411.97174433142,3,-5.2244357042863312
8408.11481089457,3,-5.2117229107536138
8404.25787745772,3,-5.1933232465597934
8400.40094402088,3,-5.180656277350673
8396.54401058403,3,-5.1713714499218399
8392.68707714718,3,-5.1566439613432031
8388.83014371034,3,-5.1434886868283574
8384.97321027349,3,-5.1387266665653399
8381.11627683664,3,-5.1187935967414742
8377.25934339979,3,-5.1053930406078472
8373.40240996295,3,-5.0979165869522252
8369.5454765261,3,-5.0876946071411684
8365.68854308925,3,-5.0798621668212274
8361.8316096524,3,-5.0726048890369206
8357.97467621556,3,-5.0611036439833743
8354.11774277871,3,-5.0512417481590619
8350.26080934186,3,-5.0418967574773905
8346.40387590502,3,-5.0294012343071302
8342.54694246817,3,-5.0138193336402868
8338.69000903132,3,-5.0000610453079046
8334.83307559447,3,-4.994464709921953
8330.97614215763,3,-4.9966228101571959
8327.11920872078,3,-4.987391777885307
8323.26227528393,3,-4.9813505943557068
8319.40534184708,3,-4.983828838823813
8315.54840841024,3,-4.9933105990186055
8311.69147497339,3,-4.9965790907543051
8307.83454153654,3,-4.9978860920876667
8303.97760809969,3,-5.0082815229236735
8300.12067466285,3,-5.0294774190236575
8296.263741226,3,-5.0365749673892974
8292.40680778915,3,-5.0523926918313027
8288.54987435231,3,-5.0726545383240538
8284.69294091546,3,-5.0851653236434942
8280.83600747861,3,-5.1012582690960828
8276.97907404176,3,-5.118540003710212
8273.12214060492,3,-5.1307909684099258
8269.26520716807,3,-5.1444096845748284
8265.40827373122,3,-5.1614223939259958
8261.55134029437,3,-5.1790425463207876
8257.69440685753,3,-5.1949384436471062
8253.83747342068,3,-5.2093094458876177
8249.98053998383,3,-5.2175103612515219
8246.12360654699,3,-5.2306663111979583
8242.26667311014,3,-5.2466903456913858
8238.40973967329,3,-5.2639510006410015
8234.55280623644,3,-5.2833606191574018
8230.6958727996,3,-5.303726882710782
8226.83893936275,3,-5.3162491608280371
8222.9820059259,3,-5.3305699079025475
8219.12507248905,3,-5.3522193451954276
8215.26813905221,3,-5.3718414078116776
8211.41120561536,3,-5.3871669608022437
8207.55427217851,3,-5.4077390580347409
8203.69733874167,3,-5.4285910365246934
8199.84040530482,3,-5.457571252034537
8195.98347186797,3,-5.4819995322290307
8192.12653843112,3,-5.4978794971647833
8188.26960499428,3,-5.5145327430586075
8184.41267155743,3,-5.5379984117739927
8180.55573812058,3,-5.5582277840517094
8176.69880468373,3,-5.5815454822945174
8172.84187124689,3,-5.6060038315762304
8168.98493781004,3,-5.6264315837082037
8165.12800437319,3,-5.6426351181092951
8161.27107093635,3,-5.6633298421730345
8157.4141374995,3,-5.6852661123830153
8153.55720406265,3,-5.7058524965513904
8149.7002706258,3,-5.7212307467516847
8145.84333718896,3,-5.7454513128778402
8141.98640375211,3,-5.7672599514379428
8138.12947031526,3,-5.7880253975674814
8134.27253687841,3,-5.8029131394077478
8130.41560344157,3,-5.8182704499288134
8126.55867000472,3,-5.8335782068533817
8122.70173656787,3,-5.8541287802899022
8118.84480313103,3,-5.8720741661851115
8114.98786969418,3,-5.8908521603556867
8111.13093625733,3,-5.9065630435812935
8107.27400282048,3,-5.9218192564754011
8103.41706938364,3,-5.9368531898495096
8099.56013594679,3,-5.9540468207048143
8095.70320250994,3,-5.971185162595237
8091.84626907309,3,-5.9826572664649138
8087.98933563625,3,-5.9966246433106418
8084.1324021994,3,-6.0145662881454189
8080.27546876255,3,-6.0310641669392986
8076.41853532571,3,-6.0436648493753591
8072.56160188886,3,-6.0527278636669655
8068.70466845201,3,-6.0611022053680106
8064.84773501516,3,-6.0755734811696147
8060.99080157832,3,-6.0923750719175391
8057.13386814147,3,-6.103236914568571
8053.27693470462,3,-6.1140056410924304
8049.42000126777,3,-6.1278063787205479
8045.56306783093,3,-6.1354190830478839
8041.70613439408,3,-6.140733066869954
8037.84920095723,3,-6.1568656364925705
8033.99226752039,3,-6.1703630133850123
8030.13533408354,3,-6.1820653227098941
8026.27840064669,3,-6.1961880623192309
8022.42146720984,3,-6.2018963897110631
8018.564533773,3,-6.2075735345604004
8014.70760033615,3,-6.2178507764895361
8010.8506668993,3,-6.2247539859464887
8006.99373346245,3,-6.2379429246110405
8003.13680002561,3,-6.2497052583824448
7999.27986658876,3,-6.2536910657889209
7995.42293315191,3,-6.2603256256105304
7991.56599971507,3,-6.2699982250653381
7987.70906627822,3,-6.2707904077863645
7983.85213284137,3,-6.276924085945808
7979.99519940452,3,-6.2886850056183228
7976.13826596768,3,-6.2963337431249107
7972.28133253083,3,-6.2983272301209441
7968.42439909398,3,-6.3056821941282539
7964.56746565713,3,-6.3141392488695143
7960.71053222029,3,-6.3183579639170784
7956.85359878344,3,-6.3237599460000204
7952.99666534659,3,-6.3322852919870023
7949.13973190975,3,-6.3366093055895822
7945.2827984729,3,-6.3390380705082601
7941.42586503605,3,-6.3396325152344701
7937.5689315992,3,-6.3432905479207209
7933.71199816236,3,-6.3476291197886976
7929.85506472551,3,-6.3546965471242345
7925.99813128866,3,-6.3586684288891133
7922.14119785181,3,-6.3624411939372694
7918.28426441497,3,-6.3665441193348595
7914.42733097812,3,-6.3716923728872423
7910.57039754127,3,-6.3717902841221239
7906.71346410443,3,-6.3749325542043644
7902.85653066758,3,-6.3761343042704581
7898.99959723073,3,-6.3789738013333848
7895.14266379388,3,-6.3853484981445243
7891.28573035704,3,-6.3947759871554908
7887.42879692019,3,-6.3949361021214743
7883.57186348334,3,-6.40443897293415
7879.71493004649,3,-6.413006553907449
7875.85799660965,3,-6.4115722677362204
7872.0010631728,3,-6.4175337458285791
7868.14412973595,3,-6.4161221595418265
7864.28719629911,3,-6.415804485223922
7860.43026286226,3,-6.4235570227141974
7856.57332942541,3,-6.4289676280952106
7852.71639598856,3,-6.4349200029617828
7848.85946255172,3,-6.4345310659939736
7845.00252911487,3,-6.4385032573439727
7841.14559567802,3,-6.4412961826463029
7837.28866224117,3,-6.4466086598593657
7833.43172880433,3,-6.44978873939883
7829.57479536748,3,-6.4638774065336442
7825.71786193063,3,-6.4736169180034606
7821.86092849379,3,-6.4787827536555502
7818.00399505694,3,-6.486495007861695
7814.14706162009,3,-6.4851322552016502
7810.29012818324,3,-6.4762634298643658
7806.4331947464,3,-6.4804702448313307
7802.57626130955,3,-6.486880011465356
7798.7193278727,3,-6.4962461183674991
7794.86239443585,3,-6.5082949811298665
7791.00546099901,3,-6.5182863519621907
7787.14852756216,3,-6.5177721381207139
7783.29159412531,3,-6.5196198347573997
7779.43466068847,3,-6.5259617849041796
7775.57772725162,3,-6.5274806071264937
7771.72079381477,3,-6.5312003511307424
7767.86386037792,3,-6.5399134096823044
7764.00692694107,3,-6.5458233446857195
7760.14999350423,3,-6.5530192327854575
7756.29306006738,3,-6.5623289954388575
7752.43612663053,3,-6.5677827809549152
7748.57919319369,3,-6.5667167285957184
7744.72225975684,3,-6.5644389662152136
7740.86532631999,3,-6.5674177766211734
7737.00839288315,3,-6.577311262218192
7733.1514594463,3,-6.5780917985022267
7729.29452600945,3,-6.5809585094844234
7725.4375925726,3,-6.5900653273157754
7721.58065913575,3,-6.5947156107040978
7717.72372569891,3,-6.5943015593693142
7713.86679226206,3,-6.5915762325802154
7710.00985882521,3,-6.5920208545063446
7706.15292538837,3,-6.5944461296440604
7702.29599195152,3,-6.598713518496921
7698.43905851467,3,-6.6045036762806095
7694.58212507782,3,-6.6071449532981941
7690.72519164098,3,-6.6069898836823455
7686.86825820413,3,-6.6055683664261835
7683.01132476728,3,-6.607132415820411
7679.15439133043,3,-6.6054570811730429
7675.29745789359,3,-6.6062713914949533
7671.44052445674,3,-6.6102437442691446
7667.58359101989,3,-6.6101867317179677
7663.72665758305,3,-6.6044478886697258
7659.8697241462,3,-6.6050021253296389
7656.01279070935,3,-6.5989967339750244
7652.1558572725,3,-6.5940909192414967
7648.29892383566,3,-6.595862559828281
7644.44199039881,3,-6.5962652313861714
7640.58505696196,3,-6.5925679694374271
7636.72812352511,3,-6.5910481014769253
7632.87119008827,3,-6.5871701985643849
7629.01425665142,3,-6.5836358735444556
7625.15732321457,3,-6.5764005986297018
7621.30038977773,3,-6.5693223848290643
7617.44345634088,3,-6.5588343785894647
7613.58652290403,3,-6.5553126063830369
7609.72958946718,3,-6.550348228672334
7605.87265603034,3,-6.5414123593357889
7602.01572259349,3,-6.5319561304579032
7598.15878915664,3,-6.5251875659636589
7594.30185571979,3,-6.5174525187904369
7590.44492228295,3,-6.5094478602408126
7586.5879888461,3,-6.4977412959896697
7582.73105540925,3,-6.4842694757559265
7578.87412197241,3,-6.4712662290643417
7575.01718853556,3,-6.4609117372000409
7571.16025509871,3,-6.4474795968965868
7567.30332166186,3,-6.4360524040944522
7563.44638822502,3,-6.4202764718541987
7559.58945478817,3,-6.4053932692123805
7555.73252135132,3,-6.3872353486613918
7551.87558791447,3,-6.3719261559170537
7548.01865447763,3,-6.3572001331243877
7544.16172104078,3,-6.3395754296254641
7540.30478760393,3,-6.3145850244037263
7536.44785416709,3,-6.2938129162505181
7532.59092073024,3,-6.2730263090452487
7528.73398729339,3,-6.2515308574959096
7524.87705385654,3,-6.2285828493204667
7521.0201204197,3,-6.2024704742139818
7517.16318698285,3,-6.177628984131923
7513.306253546,3,-6.1486750653277458
7509.44932010915,3,-6.11913804758988
7505.59238667231,3,-6.090344220756176
7501.73545323546,3,-6.0629230970042229
7497.87851979861,3,-6.0297143634945343
7494.02158636177,3,-5.9923876571436452
7490.16465292492,3,-5.9542444126863625
7486.30771948807,3,-5.918681596479427
7482.45078605122,3,-5.8831557887122532
7478.59385261438,3,-5.844485198976896
7474.73691917753,3,-5.8103903212038777
7470.87998574068,3,-5.7766517049069712
7467.02305230383,3,-5.7374639115809014
7463.16611886699,3,-5.6997048569657309
7459.30918543014,3,-5.661795995230622
7455.45225199329,3,-5.6247933513224559
7451.59531855645,3,-5.5882267777107746
7447.7383851196,3,-5.5418898069245479
7443.88145168275,3,-5.4944476151786716
7440.0245182459,3,-5.4495804565464923
7436.16758480906,3,-5.4005029199171677
7432.31065137221,3,-5.345680707709028
7428.45371793536,3,-5.2950390118350885
7424.59678449851,3,-5.2465085705993992
7420.73985106167,3,-5.1884687811787575
7416.88291762482,3,-5.1328964631119618
7413.02598418797,3,-5.0909293400078166
7409.16905075113,3,-5.037409850361362
7405.31211731428,3,-4.9749274682162739
7401.45518387743,3,-4.9168797735643572
7397.59825044058,3,-4.8516075531727676
7393.74131700374,3,-4.79440837984688
7389.88438356689,3,-4.7426521656456302
7386.02745013004,3,-4.6686374507874948
7382.17051669319,3,-4.574304566103323
7378.31358325635,3,-4.5076343905312974
7374.4566498195,3,-4.4777197389642298
7370.59971638265,3,-4.4288497756421235
7366.74278294581,3,-4.3490832383647682
7362.88584950896,3,-4.2891071825303975
7359.02891607211,3,-4.2258794541815741
7355.17198263526,3,-4.1646401876493
7351.31504919842,3,-4.1140535746735658
7347.45811576157,3,-4.0092046215120449
7343.60118232472,3,-3.8978757749598252
7339.74424888787,3,-3.8679548750092803
7335.88731545103,3,-3.909415719469612
7332.03038201418,3,-3.8424580068138523
7328.17344857733,3,-3.7120864187592182
7324.31651514049,3,-3.6939073686144579
7320.45958170364,3,-3.7157390985707415
7316.60264826679,3,-3.6735833977713281
7312.74571482994,3,-3.5840369205495457
7308.8887813931,3,-3.5239940786399324
7305.03184795625,3,-3.5417042713433666
7301.1749145194,3,-3.5307870865171034
7297.31798108255,3,-3.4674854640229631
7293.46104764571,3,-3.4049068127512605
7289.60411420886,3,-3.3752940660420858
7285.74718077201,3,-3.3699129791596083
7281.89024733516,3,-3.363538948039801
7278.03331389832,3,-3.3241643629451887
7274.17638046147,3,-3.2770905030151249
7270.31944702462,3,-3.2439002012986382
7266.46251358778,3,-3.2060298814588655
7262.60558015093,3,-3.1518390894358892
7258.74864671408,3,-3.1072212227495193
7254.89171327723,3,-3.0552330470203679
7251.03477984039,3,-3.0100584568635433
7247.17784640354,3,-2.9526748353530201
7243.32091296669,3,-2.8264436259149188
7239.46397952984,3,-2.8178710389484385
7235.607046093,3,-2.7587947311429963
7231.75011265615,3,-2.6252363403089984
7227.8931792193,3,-2.6470577881652928
7224.03624578246,3,-2.6154879073835287
7220.17931234561,3,-2.5272900144428907
7216.32237890876,3,-2.4771312690799863
7212.46544547191,3,-2.4425082476557618
7208.60851203507,3,-2.3677454791635322
7204.75157859822,3,-2.2387407096547967
7200.89464516137,3,-2.1832535023304103
7197.03771172452,3,-2.1343000546598891
7193.18077828768,3,-2.0455880507760122
7189.32384485083,3,-1.9723025019568308
7185.46691141398,3,-1.8459345288002749
7181.60997797714,3,-1.7110990145568867
7177.75304454029,3,-1.6660559070786638
7173.89611110344,3,-1.6031021302935375
7170.03917766659,3,-1.4542500061525065
7166.18224422975,3,-1.3096469020552473
7162.3253107929,3,-1.1916012117271313
7158.46837735605,3,-1.1260530579314749
7154.6114439192,3,-1.062664606327496
7150.75451048236,3,-0.94062087558971408
7146.89757704551,3,-0.77818746016412632
7143.04064360866,3,-0.60291834014902612
7139.18371017182,3,-0.46409177119099798
7135.32677673497,3,-0.37062477288871598
7131.46984329812,3,-0.27564268824074878
7127.61290986127,3,-0.13591205886002156
7123.75597642443,3,0.0297065284101099
7119.89904298758,3,0.21863373004162545
7116.04210955073,3,0.37029621317821437
7112.18517611388,3,0.47576997596895332
7108.32824267704,3,0.63858891922256422
7104.47130924019,3,0.79082976144662798
7100.61437580334,3,0.91617040816662243
7096.7574423665,3,1.0907713646650339
7092.90050892965,3,1.2390748956823454
7089.0435754928,3,1.3497500886500775
7085.18664205595,3,1.488746434888665
7081.32970861911,3,1.632196585062708
7077.47277518226,3,1.7683991286987926
7073.61584174541,3,1.9185594982537491
7069.75890830856,3,2.0771126407306086
7065.90197487172,3,2.1923911462378691
7062.04504143487,3,2.3172243221905782
7058.18810799802,3,2.4629865127287509
7054.33117456117,3,2.6025140914091516
7050.47424112433,3,2.7237348360360185
7046.61730768748,3,2.8436329385365484
7042.76037425063,3,2.9384305238119586
7038.90344081379,3,3.0247553006252286
7035.04650737694,3,3.1026380885336629
7031.18957394009,3,3.1830503834257584
7027.33264050324,3,3.2653911489329026
7023.4757070664,3,3.3403362361827544
7019.61877362955,3,3.3982467868790183
7015.7618401927,3,3.4622018443244551
7011.90490675585,3,3.5266085384474595
7008.04797331901,3,3.5888348008714743
7004.19103988216,3,3.648191821427007
7000.33410644531,3,3.7065462928188522
6996.47717300847,3,3.7538258601842176
6992.62023957162,3,3.7943030019146908
6988.76330613477,3,3.8426575890733017
6984.90637269792,3,3.8935905516135851
6981.04943926108,3,3.931623102546121
6977.19250582423,3,3.9604615666534748
6973.33557238738,3,3.9989945574178032
6969.47863895053,3,4.0315713060191367
6965.62170551369,3,4.0519909583768179
6961.76477207684,3,4.076625692796533
6957.90783863999,3,4.1040825441066273
6954.05090520315,3,4.1280338184869176
6950.1939717663,3,4.1406124731314504
6946.33703832945,3,4.1562005504563189
6942.4801048926,3,4.1690750884256431
6938.62317145576,3,4.1849208362950812
6934.76623801891,3,4.1929282081508781
6930.90930458206,3,4.20011503566323
6927.05237114521,3,4.2051742846428999
6923.19543770837,3,4.2120866736315179
6919.33850427152,3,4.2219323200333463
6915.48157083467,3,4.2268792793450807
6911.62463739783,3,4.224431331273637
6907.76770396098,3,4.2247543708000368
6903.91077052413,3,4.2216356240212853
6900.05383708728,3,4.2226684782273951
6896.19690365044,3,4.2266936690160231
6892.33997021359,3,4.2313650755327608
6888.48303677674,3,4.2311477401384643
6884.62610333989,3,4.2300806737913561
6880.76916990305,3,4.2267055925649393
6876.9122364662,3,4.2280778784347737
6873.05530302935,3,4.2309749626645878
6869.19836959251,3,4.2316196954244667
6865.34143615566,3,4.2319625833472969
6861.48450271881,3,4.233897237238776
6857.62756928196,3,4.2314699916901697
6853.77063584512,3,4.2302481846721047
6849.91370240827,3,4.2319108664748031
6846.05676897142,3,4.2339699639293267
6842.19983553457,3,4.2307116816025179
6838.34290209773,3,4.2291403907862808
6834.48596866088,3,4.2324755261423741
6830.62903522403,3,4.2327569053991638
6826.77210178718,3,4.2301253393038412
6822.91516835034,3,4.2312115807807267
6819.05823491349,3,4.2294265091906302
6815.20130147664,3,4.2271207776080928
6811.3443680398,3,4.2235791763144857
6807.48743460295,3,4.2241097782727817
6803.6305011661,3,4.2258040280609723
6799.77356772925,3,4.2217130832798286
6795.91663429241,3,4.2153273862092622
6792.05970085556,3,4.2132998684846426
6788.20276741871,3,4.209169106771415
6784.34583398186,3,4.2020920085526772
6780.48890054502,3,4.1955515357708215
6776.63196710817,3,4.1919641958981355
6772.77503367132,3,4.1880072299201663
6768.91810023448,3,4.186944205406153
6765.06116679763,3,4.1819290833271339
6761.20423336078,3,4.1751178996231619
6757.34729992393,3,4.1738798232298269
6753.49036648709,3,4.1723189852791762
6749.63343305024,3,4.1680234398240437
6745.77649961339,3,4.1616211793404041
6741.91956617654,3,4.1562639456786634
6738.0626327397,3,4.1539905143454714
6734.20569930285,3,4.1529203635422256
6730.348765866,3,4.151985978757299
6726.49183242916,3,4.1506781394384467
6722.63489899231,3,4.145565817939274
6718.77796555546,3,4.1407021124776433
6714.92103211861,3,4.1396282483075648
6711.06409868177,3,4.1385353699030683
6707.20716524492,3,4.1340423633565573
6703.35023180807,3,4.1294648840788142
6699.49329837122,3,4.1256361212728967
6695.63636493438,3,4.1221970049008565
6691.77943149753,3,4.1177453964586093
6687.92249806068,3,4.1143274705664563
6684.06556462384,3,4.1122592987195148
6680.20863118699,3,4.1084112135057911
6676.35169775014,3,4.1019417867483909
6672.49476431329,3,4.0953485811621464
6668.63783087645,3,4.0928214562816345
6664.7808974396,3,4.0896897030703112
6660.92396400275,3,4.0841219690006358
6657.0670305659,3,4.0788649708560198
6653.21009712906,3,4.0714644333911583
6649.35316369221,3,4.0653655325695368
6645.49623025536,3,4.0601563957056701
6641.63929681852,3,4.0555018362235371
6637.78236338167,3,4.0509958296179285
6633.92542994482,3,4.0450820581124303
6630.06849650797,3,4.0410434910190602
6626.21156307113,3,4.0355397723502238
6622.35462963428,3,4.0311672568017087
6618.49769619743,3,4.0245078260708365
6614.64076276058,3,4.0186205672410384
6610.78382932374,3,4.0146043840457732
6606.92689588689,3,4.0110933468581864
6603.06996245004,3,4.0057281355820287
6599.2130290132,3,3.9977222716689043
6595.35609557635,3,3.9914120150100616
6591.4991621395,3,3.9877630454333852
6587.64222870265,3,3.9793829719095188
6583.78529526581,3,3.9732482843975792
6579.92836182896,3,3.9680010274440702
6576.07142839211,3,3.9628447697767433
6572.21449495526,3,3.9582452392185044
6568.35756151842,3,3.95524008098762
6564.50062808157,3,3.9476315847488168
6560.64369464472,3,3.9413947693403153
6556.78676120788,3,3.9345008188401809
6552.92982777103,3,3.9318594452435525
6549.07289433418,3,3.9303123076966004
6545.21596089733,3,3.9274061683530164
6541.35902746049,3,3.9243744862035519
6537.50209402364,3,3.9177131655976205
6533.64516058679,3,3.9111668733611866
6529.78822714994,3,3.909443508122683
6525.9312937131,3,3.9062968462762715
6522.07436027625,3,3.9042802408295998
6518.2174268394,3,3.9020641612339757
6514.36049340256,3,3.8995728762234161
6510.50355996571,3,3.8946698305004959
6506.64662652886,3,3.8916595212856144
6502.78969309201,3,3.8904144291502361
6498.93275965517,3,3.8898334218287114
6495.07582621832,3,3.8891261797981285
6491.21889278147,3,3.88669817874927
6487.36195934462,3,3.8856516623331094
6483.50502590778,3,3.8865665396114419
6479.64809247093,3,3.8864297103927079
6475.79115903408,3,3.883831939557683
6471.93422559724,3,3.8800804349650222
6468.07729216039,3,3.8796779690910359
6464.22035872354,3,3.8760639102008421
6460.36342528669,3,3.873033362808314
6456.50649184985,3,3.8718157343441613
6452.649558413,3,3.8699465700070412
6448.79262497615,3,3.8666450841681814
6444.9356915393,3,3.8631730822680521
6441.07875810246,3,3.860749120286243
6437.22182466561,3,3.8606620202361688
6433.36489122876,3,3.8630964261817673
6429.50795779192,3,3.862498521939334
6425.65102435507,3,3.8583478604799444
6421.79409091822,3,3.856648960963236
6417.93715748137,3,3.8545699891883358
6414.08022404453,3,3.8564621336535843
6410.22329060768,3,3.8592082783486328
6406.36635717083,3,3.8565493669378288
6402.50942373398,3,3.8542176520346421
6398.65249029714,3,3.8547478302128102
6394.79555686029,3,3.8553098338736684
6390.93862342344,3,3.8586658172508956
6387.08168998659,3,3.8592994079565459
6383.22475654975,3,3.8574600263378915
6379.3678231129,3,3.8579751259161332
6375.51088967605,3,3.8604774994696562
6371.6539562392,3,3.8617887584565174
6367.79702280236,3,3.861190764684884
6363.94008936551,3,3.859149523358977
6360.08315592866,3,3.8590582423278272
6356.22622249182,3,3.8581421336096198
6352.36928905497,3,3.8544666700604151
6348.51235561812,3,3.8540131625245428
6344.65542218127,3,3.8525554499979613
6340.79848874443,3,3.8483412187398307
6336.94155530758,3,3.8452330796925462
6333.08462187073,3,3.8451242394518941
6329.22768843388,3,3.8433869909579355
6325.37075499704,3,3.8394751310578625
6321.51382156019,3,3.8323486853419748
6317.65688812334,3,3.8264737655974832
6313.7999546865,3,3.8222589955462687
6309.94302124965,3,3.8174498334063571
6306.0860878128,3,3.8137888488862308
6302.22915437595,3,3.8092916119909477
6298.37222093911,3,3.8029275386313968
6294.51528750226,3,3.7974987617507003
6290.65835406541,3,3.7887283740495983
6286.80142062856,3,3.780102340914691
6282.94448719172,3,3.7731700769707235
6279.08755375487,3,3.7658442394089469
6275.23062031802,3,3.7575008271312322
6271.37368688118,3,3.7484748107401389
6267.51675344433,3,3.7396001221665385
6263.65982000748,3,3.7285781315381841
6259.80288657063,3,3.7197475656229906
6255.94595313379,3,3.709886977859802
6252.08901969694,3,3.6991925492470985
6248.23208626009,3,3.6909799900691507
6244.37515282324,3,3.6810939466081853
6240.5182193864,3,3.669784717538584
6236.66128594955,3,3.6598671998452614
6232.8043525127,3,3.6482524960893739
6228.94741907586,3,3.6352649946241531
6225.09048563901,3,3.6238491389329148
6221.23355220216,3,3.6129564776734573
6217.37661876531,3,3.6004518758220874
6213.51968532847,3,3.5922359985277499
6209.66275189162,3,3.5816446005706282
6205.80581845477,3,3.5698292229588113
6201.94888501792,3,3.5585432378715325
6198.09195158108,3,3.5464854412128197
6194.23501814423,3,3.5368660472310731
6190.37808470738,3,3.531691882199393
6186.52115127054,3,3.5230220475876086
6182.66421783369,3,3.5107767723389207
6178.80728439684,3,3.5019085848806517
6174.95035095999,3,3.4971318708141457
6171.09341752315,3,3.4908743634179444
6167.2364840863,3,3.4833899327331839
6163.37955064945,3,3.4774796137301545
6159.5226172126,3,3.4721143921125144
6155.66568377576,3,3.4706363785372814
6151.80875033891,3,3.467738999781071
6147.95181690206,3,3.4633266593640188
6144.09488346522,3,3.4623472526587356
6140.23795002837,3,3.4638765048145239
6136.38101659152,3,3.4640956263780396
6132.52408315467,3,3.4597631598706018
6128.66714971783,3,3.452912464511197
6124.81021628098,3,3.4489673406526711
6120.95328284413,3,3.442234643068208
6117.09634940728,3,3.4337915887597861
6113.23941597044,3,3.4246984068841133
6109.38248253359,3,3.4148993021944718
6105.52554909674,3,3.4071519564993844
6101.6686156599,3,3.3989785769330512
6097.81168222305,3,3.3926525368155391
6093.9547487862,3,3.3904810476247462
6090.09781534935,3,3.3874476794173649
6086.24088191251,3,3.3860928735776623
6082.38394847566,3,3.3861694570033309
6078.52701503881,3,3.3911843624852316
6074.67008160196,3,3.4019888293407288
6070.81314816512,3,3.4137525091160295
6066.95621472827,3,3.4296035027010023
6063.09928129142,3,3.4451046309769611
6059.24234785458,3,3.4627911885363214
6055.38541441773,3,3.4855804918300759
6051.52848098088,3,3.5072352540248275
6047.67154754403,3,3.5326024147132351
6043.81461410719,3,3.5572941173694104
6039.95768067034,3,3.5807047250207544
6036.10074723349,3,3.602184402163326
6032.24381379664,3,3.6262442050788319
6028.3868803598,3,3.6517957710663023
6024.52994692295,3,3.6780645148572932
6020.6730134861,3,3.703455238156335
6016.81608004926,3,3.7244770558887734
6012.95914661241,3,3.750131129266058
6009.10221317556,3,3.7801097953853136
6005.24527973871,3,3.8074503624051044
6001.38834630187,3,3.8271027141690603
5997.53141286502,3,3.8461874791067996
5993.67447942817,3,3.8700962227849751
5989.81754599132,3,3.8918498667274255
5985.96061255448,3,3.9070397057606154
5982.10367911763,3,3.9198062333408559
5978.24674568078,3,3.9365777877143566
5974.38981224394,3,3.9582682089826271
5970.53287880709,3,3.9795368962825486
5966.67594537024,3,4.0017346886908411
5962.81901193339,3,4.0309024186820217
5958.96207849655,3,4.0698597314342209
5955.1051450597,3,4.1135732521106458
5951.24821162285,3,4.1575121154278447
5947.391278186,3,4.2012486525981707
5943.53434474916,3,4.2527511373518632
5939.67741131231,3,4.3096197462267778
5935.82047787546,3,4.3717550220057344
5931.96354443862,3,4.4408335410620552
5928.10661100177,3,4.5163828622268802
5924.24967756492,3,4.5954785422368101
5920.39274412807,3,4.6758507465551435
5916.53581069123,3,4.7589031008618345
5912.67887725438,3,4.8427602959420959
5908.82194381753,3,4.9175506884209277
5904.96501038068,3,4.9823660091967312
5901.10807694384,3,5.0373143675093006
5897.25114350699,3,5.0802974137427528
5893.39421007014,3,5.1164890169951978
5889.5372766333,3,5.1470302089165152
5885.68034319645,3,5.174592534820099
5881.8234097596,3,5.2028100285317498
5877.96647632275,3,5.2335861234425991
5874.10954288591,3,5.2700036044835494
5870.25260944906,3,5.3140605999199373
5866.39567601221,3,5.3576084795955037
5862.53874257536,3,5.4056767293818204
5858.68180913852,3,5.4519084082719313
5854.82487570167,3,5.4929647917300226
5850.96794226482,3,5.5318915050064135
5847.11100882798,3,5.5614567538646167
5843.25407539113,3,5.5832527272641332
5839.39714195428,3,5.5950595285965044
5835.54020851743,3,5.595940271643375
5831.68327508059,3,5.5888053323737186
5827.82634164374,3,5.5767147420068603
5823.96940820689,3,5.5637867166660691
5820.11247477004,3,5.5471680418216369
5816.2555413332,3,5.5301532142700793
5812.39860789635,3,5.5159601899423638
5808.5416744595,3,5.504036141155451
5804.68474102266,3,5.4884930929253581
5800.82780758581,3,5.4723949032507777
5796.97087414896,3,5.4594607047440835
5793.11394071211,3,5.4456168696695162
5789.25700727527,3,5.4309859628112207
5785.40007383842,3,5.4160499670776883
5781.54314040157,3,5.3998893599313753
5777.68620696472,3,5.3818500367683217
5773.82927352788,3,5.3576867947839428
5769.97234009103,3,5.3316940932317838
5766.11540665418,3,5.3039947083958427
5762.25847321733,3,5.2785332094753725
5758.40153978049,3,5.2578515872282763
5754.54460634364,3,5.241207799934072
5750.68767290679,3,5.2332954378888452
5746.83073946995,3,5.2317836739260928
5742.9738060331,3,5.2324619543621802
5739.11687259625,3,5.2377062928614642
5735.2599391594,3,5.2518228123686868
5731.40300572256,3,5.2712522937937631
5727.54607228571,3,5.2913466903578223
5723.68913884886,3,5.3111113006044954
5719.83220541201,3,5.3249608970800706
5715.97527197517,3,5.3398195710024403
5712.11833853832,3,5.3546559072111695
5708.26140510147,3,5.3645002450984896
5704.40447166463,3,5.3722518662072751
5700.54753822778,3,5.376576893697381
5696.69060479093,3,5.3744303769339083
5692.83367135408,3,5.3720615500506801
5688.97673791724,3,5.3650940713497439
5685.11980448039,3,5.3558783689915526
5681.26287104354,3,5.3465162296489961
5677.40593760669,3,5.3371124786395878
5673.54900416985,3,5.3331685980743035
5669.692070733,3,5.3333184591903731
5665.83513729615,3,5.3335234941507945
5661.97820385931,3,5.3309169371878955
5658.12127042246,3,5.3298260573205472
5654.26433698561,3,5.3320058875328353
5650.40740354876,3,5.3332197453290977
5646.55047011192,3,5.335785368716758
5642.69353667507,3,5.3387080817361285
5638.83660323822,3,5.3406696533722151
5634.97966980137,3,5.3429083432633586
5631.12273636453,3,5.3427231320355641
5627.26580292768,3,5.3398925633621204
5623.40886949083,3,5.3358600021336473
5619.55193605399,3,5.3244957730405815
5615.69500261714,3,5.3089789139243369
5611.83806918029,3,5.2884703705112699
5607.98113574344,3,5.2616734877955418
5604.1242023066,3,5.231931484832101
5600.26726886975,3,5.2007741571767774
5596.4103354329,3,5.163860967160784
5592.55340199605,3,5.1237143830284619
5588.69646855921,3,5.083314876984903
5584.83953512236,3,5.0494166315604279
5580.98260168551,3,5.0186520491458522
5577.12566824867,3,4.9880857885282861
5573.26873481182,3,4.952227204387583
5569.41180137497,3,4.9224727694734725
5565.55486793812,3,4.898449594367472
5561.69793450128,3,4.8771833308063819
5557.84100106443,3,4.8496699846843327
5553.98406762758,3,4.8325636394360796
5550.12713419073,3,4.8148423508621025
5546.27020075389,3,4.7936324877613696
5542.41326731704,3,4.7692752593908203
5538.55633388019,3,4.7586475132473982
5534.69940044334,3,4.7465331661873682
5530.8424670065,3,4.7263587598419807
5526.98553356965,3,4.7105711440811762
5523.1286001328,3,4.7062893972627116
5519.27166669596,3,4.6973912355945027
5515.41473325911,3,4.6771929763018374
5511.55779982226,3,4.6648351542187303
5507.70086638541,3,4.670817924322078
5503.84393294857,3,4.6517303152355538
5499.98699951172,3,4.6384825269770324
5496.13006607487,3,4.6520487831215274
5492.27313263802,3,4.6777211747031782
5488.41619920118,3,4.6539407325200601
5484.55926576433,3,4.6088704672557519
5480.70233232748,3,4.5921998866461839
5476.84539889064,3,4.6214750895467862
5472.98846545379,3,4.6161470447177182
5469.13153201694,3,4.6012419835535798
5465.27459858009,3,4.6046991204595304
5461.41766514325,3,4.5941180081241324
5457.5607317064,3,4.5647029707431246
5453.70379826955,3,4.54531102712349
5449.8468648327,3,4.5561977168573033
5445.98993139586,3,4.5683131687925833
5442.13299795901,3,4.5456654226203721
5438.27606452216,3,4.5091771949537272
5434.41913108532,3,4.5036428128425126
5430.56219764847,3,4.5155133319986103
5426.70526421162,3,4.4756708562512237
5422.84833077477,3,4.4073953158435808
5418.99139733793,3,4.3954356203199767
5415.13446390108,3,4.4431851867951124
5411.27753046423,3,4.4616205092940842
5407.42059702738,3,4.3957686594706944
5403.56366359054,3,4.3466113178706669
5399.70673015369,3,4.3437924988130066
5395.84979671684,3,4.3806333886272224
5391.99286328,3,4.3674027907204627
5388.13592984315,3,4.3346777941649091
5384.2789964063,3,4.3296810940708905
5380.42206296945,3,4.3289346004144758
5376.56512953261,3,4.3652410729496882
5372.70819609576,3,4.3416215935032287
5368.85126265891,3,4.31272740832358
5364.99432922206,3,4.3349463979403389
5361.13739578522,3,4.3501327428156573
5357.28046234837,3,4.375630854601356
5353.42352891152,3,4.4226491924351663
5349.56659547468,3,4.4211979951179554
5345.70966203783,3,4.4689325356617022
5341.85272860098,3,4.4984696755287308
5337.99579516413,3,4.5165391028961022
5334.13886172729,3,4.5180646597744367
5330.28192829044,3,4.542872749765908
5326.42499485359,3,4.5801021486124025
5322.56806141674,3,4.5965378700390005
5318.7111279799,3,4.630915579047679
5314.85419454305,3,4.6804465199047147
5310.9972611062,3,4.733503176913251
5307.14032766935,3,4.8041295140567346
5303.28339423251,3,4.8558120610149018
5299.42646079566,3,4.9069356773126156
5295.56952735881,3,4.9661806581993133
5291.71259392197,3,5.0460558655414607
5287.85566048512,3,5.1199660242921414
5283.99872704827,3,5.1784669603047018
5280.14179361142,3,5.2345062807654958
5276.28486017458,3,5.2709019562762247
5272.42792673773,3,5.3243679758378697
5268.57099330088,3,5.3880101935500946
5264.71405986403,3,5.4470806650934689
5260.85712642719,3,5.4712484407078579
5257.00019299034,3,5.4881532862907241
5253.14325955349,3,5.5146349800483865
5249.28632611665,3,5.5488051516627461
5245.4293926798,3,5.5729435237539899
5241.57245924295,3,5.559501194220589
5237.7155258061,3,5.5513980894366926
5233.85859236926,3,5.565048324599303
5230.00165893241,3,5.5763911828383268
5226.14472549556,3,5.5829275247825922
5222.28779205871,3,5.5718866827990841
5218.43085862187,3,5.5584200794419107
5214.57392518502,3,5.5547458243727554
5210.71699174817,3,5.5669932516862106
5206.86005831133,3,5.5742784582170604
5203.00312487448,3,5.5432527832960607
5199.14619143763,3,5.5307616621231857
5195.28925800078,3,5.5227018105799903
5191.43232456394,3,5.5057322193736553
5187.57539112709,3,5.49570262560714
5183.71845769024,3,5.473991365450237
5179.86152425339,3,5.4481289654304348
5176.00459081655,3,5.4247852661627221
5172.1476573797,3,5.4000722839786803
5168.29072394285,3,5.3718181557186462
5164.43379050601,3,5.3435224758379958
5160.57685706916,3,5.3156658944169157
5156.71992363231,3,5.2872044844536958
5152.86299019546,3,5.2484197638831276
5149.00605675862,3,5.2068439811705103
5145.14912332177,3,5.174251453958953
5141.29218988492,3,5.143838519025115
5137.43525644807,3,5.1097631015132947
5133.57832301123,3,5.0782323164793066
5129.72138957438,3,5.04386673608556
5125.86445613753,3,5.011572712996859
5122.00752270069,3,4.9841496571991488
5118.15058926384,3,4.9578602312644353
5114.29365582699,3,4.9318993481271978
5110.43672239014,3,4.9066185138293861
5106.5797889533,3,4.883562406704729
5102.72285551645,3,4.8630218918077892
5098.8659220796,3,4.8438291273859013
5095.00898864275,3,4.8248480725241976
5091.15205520591,3,4.8078759637703961
5087.29512176906,3,4.791981793830427
5083.43818833221,3,4.7777992204358828
5079.58125489536,3,4.7674759443626424
5075.72432145852,3,4.7605736853686036
5071.86738802167,3,4.7529921294162243
5068.01045458482,3,4.7455851734667878
5064.15352114798,3,4.7388056953413704
5060.29658771113,3,4.7319771506675847
5056.43965427428,3,4.7260282073675528
5052.58272083743,3,4.7213319730048262
5048.72578740059,3,4.7170233445244927
5044.86885396374,3,4.7141365602586847
5041.01192052689,3,4.7116250301464815
5037.15498709004,3,4.709452290784327
5033.2980536532,3,4.7098550017920342
5029.44112021635,3,4.7113341490819041
5025.5841867795,3,4.7142645444151317
5021.72725334266,3,4.7190674317691546
5017.87031990581,3,4.725160682419288
5014.01338646896,3,4.7354590805766703
5010.15645303211,3,4.7515095697165446
5006.29951959527,3,4.7657264239394772
5002.44258615842,3,4.7813346345560142
4998.58565272157,3,4.8036918287157739
4994.72871928472,3,4.8295257777265732
4990.87178584788,3,4.858824922065617
4987.01485241103,3,4.889295406489385
4983.15791897418,3,4.9215391565553546
4979.30098553734,3,4.9584285736297939
4975.44405210049,3,5.0035597904521536
4971.58711866364,3,5.0494841525776639
4967.73018522679,3,5.0984894335952493
4963.87325178995,3,5.1474622084778385
4960.0163183531,3,5.1992706963142439
4956.15938491625,3,5.2562043949637767
4952.3024514794,3,5.3170691028283734
4948.44551804256,3,5.3767741652331749
4944.58858460571,3,5.4334723951639701
4940.73165116886,3,5.4892268012423386
4936.87471773202,3,5.5478878077076077
4933.01778429517,3,5.60867955623673
4929.16085085832,3,5.666875751599088
4925.30391742147,3,5.7205363460906549
4921.44698398463,3,5.7732830643290685
4917.59005054778,3,5.8266567748842117
4913.73311711093,3,5.8800953553963096
4909.87618367408,3,5.9292450358919044
4906.01925023724,3,5.9762909740155177
4902.16231680039,3,6.0219801544985128
4898.30538336354,3,6.0652384063464844
4894.4484499267,3,6.1065364599597167
4890.59151648985,3,6.1456664723582559
4886.734583053,3,6.1814348204312068
4882.87764961615,3,6.2153638942035361
4879.02071617931,3,6.2458340589858539
4875.16378274246,3,6.2726467395311971
4871.30684930561,3,6.2978147761844578
4867.44991586876,3,6.3192115711370311
4863.59298243192,3,6.3323258972505805
4859.73604899507,3,6.3423893122829025
4855.87911555822,3,6.347958794705109
4852.02218212137,3,6.3527474208441213
4848.16524868453,3,6.3545061604983832
4844.30831524768,3,6.3532055030787031
4840.45138181083,3,6.347144064145894
4836.59444837399,3,6.3403059635815673
4832.73751493714,3,6.3333823981321906
4828.88058150029,3,6.3259701859089379
4825.02364806344,3,6.31411400939602
4821.1667146266,3,6.304376337810341
4817.30978118975,3,6.295708971733001
4813.4528477529,3,6.2864450556576212
4809.59591431605,3,6.2778702898887779
4805.73898087921,3,6.2714191337425271
4801.88204744236,3,6.2638557691764154
4798.02511400551,3,6.2571286086503495
4794.16818056867,3,6.251229777521039
4790.31124713182,3,6.2468935190638488
4786.45431369497,3,6.2395167137193699
4782.59738025812,3,6.2350973367122426
4778.74044682128,3,6.2325270072799572
4774.88351338443,3,6.2305567390302965
4771.02657994758,3,6.2294172255037497
4767.16964651073,3,6.2278286150960325
4763.31271307389,3,6.2258532390138654
4759.45577963704,3,6.2255250855741089
4755.59884620019,3,6.2266859516726836
4751.74191276335,3,6.2291628216708084
4747.8849793265,3,6.2311085655336411
4744.02804588965,3,6.2337722326610878
4740.1711124528,3,6.2357173845694369
4736.31417901596,3,6.2379242398682422
4732.45724557911,3,6.2430091308124647
4728.60031214226,3,6.2486192533080001
4724.74337870541,3,6.2542677422817778
4720.88644526857,3,6.2601431681780006
4717.02951183172,3,6.264547052716356
4713.17257839487,3,6.2691012981986951
4709.31564495803,3,6.2731118791175318
4705.45871152118,3,6.2791307349681897
4701.60177808433,3,6.2867758611044646
4697.74484464748,3,6.2970702819097202
4693.88791121064,3,6.3077661775485652
4690.03097777379,3,6.3189726097302596
4686.17404433694,3,6.3314285768871095
4682.31711090009,3,6.3474054016696808
4678.46017746325,3,6.3633421529527716
4674.6032440264,3,6.3779295838590535
4670.74631058955,3,6.3945709840184364
4666.88937715271,3,6.4115570510425277
4663.03244371586,3,6.4246316173900997
4659.17551027901,3,6.4348275898556668
4655.31857684216,3,6.4439986219698717
4651.46164340532,3,6.4492519164849238
4647.60470996847,3,6.4494507345133769
4643.74777653162,3,6.4436338370022828
4639.89084309477,3,6.4374910916001422
4636.03390965793,3,6.4341516821360774
4632.17697622108,3,6.4280792873564589
4628.32004278423,3,6.4261335839614162
4624.46310934739,3,6.4256771572035216
4620.60617591054,3,6.4278030610384285
4616.74924247369,3,6.4310796225735167
4612.89230903684,3,6.4351978062415576
4609.0353756,3,6.438254639056467
4605.17844216315,3,6.4411721861257121
4601.3215087263,3,6.4443610593700464
4597.46457528945,3,6.4480412943018646
4593.60764185261,3,6.4477741109570701
4589.75070841576,3,6.4472461268487322
4585.89377497891,3,6.4489462002531912
4582.03684154207,3,6.447469881414202
4578.17990810522,3,6.4437261388172651
4574.32297466837,3,6.4378878830072095
4570.46604123152,3,6.4312916398810289
4566.60910779468,3,6.4304940625211078
4562.75217435783,3,6.4316832757359634
4558.89524092098,3,6.4317151712768013
4555.03830748413,3,6.4339634969381478
4551.18137404729,3,6.4362117718983836
4547.32444061044,3,6.4370983297269877
4543.46750717359,3,6.4355898867054382
4539.61057373675,3,6.4317960608049987
4535.7536402999,3,6.428180569371408
4531.89670686305,3,6.4284812379910985
4528.0397734262,3,6.4306298177001313
4524.18283998936,3,6.4367318619984992
4520.32590655251,3,6.4476521314785842
4516.46897311566,3,6.4577437645734044
4512.61203967881,3,6.4685228341418561
4508.75510624197,3,6.4751938228404953
4504.89817280512,3,6.4801750489179586
4501.04123936827,3,6.4855927892179785
4497.18430593143,3,6.4897177122165566
4493.32737249458,3,6.4926731566596283
4489.47043905773,3,6.5009235146927686
4485.61350562088,3,6.5124450217123844
4481.75657218404,3,6.5241257465744624
4477.89963874719,3,6.5333146733111676
4474.04270531034,3,6.5410544198893446
4470.18577187349,3,6.5529117458513166
4466.32883843665,3,6.5664563115064709
4462.4719049998,3,6.5776769555563011
4458.61497156295,3,6.5852108360886348
4454.75803812611,3,6.5895158525613864
4450.90110468926,3,6.5934089773057991
4447.04417125241,3,6.5944990479327465
4443.18723781556,3,6.5994652189662535
4439.33030437872,3,6.6128099646265115
4435.47337094187,3,6.636230192560868
4431.61643750502,3,6.6731610978952247
4427.75950406817,3,6.7267432759702697
4423.90257063133,3,6.7922162245603017
4420.04563719448,3,6.8650575062166252
4416.18870375763,3,6.9371166861836979
4412.33177032078,3,7.0065409726513144
4408.47483688394,3,7.0640704532017757
4404.61790344709,3,7.1111757244425533
4400.76097001024,3,7.1514587584898024
4396.9040365734,3,7.1879563323736004
4393.04710313655,3,7.2221225046027584
4389.1901696997,3,7.2618780750726213
4385.33323626285,3,7.3055688307661786
4381.47630282601,3,7.3527456937897835
4377.61936938916,3,7.3990236485313376
4373.76243595231,3,7.4480216119492706
4369.90550251546,3,7.4925685996409728
4366.04856907862,3,7.5387846548544086
4362.19163564177,3,7.5816125056596988
4358.33470220492,3,7.6218973748792997
4354.47776876808,3,7.6556435312671969
4350.62083533123,3,7.6904858837578853
4346.76390189438,3,7.7199982087523598
4342.90696845753,3,7.7478106309783739
4339.05003502069,3,7.7706984323928978
4335.19310158384,3,7.7911578293959671
4331.33616814699,3,7.8013514730869629
4327.47923471014,3,7.8017993196530089
4323.6223012733,3,7.7960639385262267
4319.76536783645,3,7.7930982790185244
4315.9084343996,3,7.7891760880118195
4312.05150096276,3,7.7911503456146782
4308.19456752591,3,7.7928367667518952
4304.33763408906,3,7.7944867080136113
4300.48070065221,3,7.79512567227136
4296.62376721537,3,7.8020408867237823
4292.76683377852,3,7.8054332156207575
4288.90990034167,3,7.8055032759307847
4285.05296690482,3,7.7986742412306942
4281.19603346798,3,7.7895813389353226
4277.33910003113,3,7.7712486407913364
4273.48216659428,3,7.7536810695725968
4269.62523315744,3,7.7355331374330154
4265.76829972059,3,7.7220491583477529
4261.91136628374,3,7.7043041077330905
4258.05443284689,3,7.6847042493342199
4254.19749941005,3,7.6657114242117039
4250.3405659732,3,7.6484903134934958
4246.48363253635,3,7.6337988589010832
4242.6266990995,3,7.6287993194913764
4238.76976566266,3,7.6220360113060215
4234.91283222581,3,7.6135524040194458
4231.05589878896,3,7.6006566484892462
4227.19896535212,3,7.5856309729230391
4223.34203191527,3,7.5638229914957797
4219.48509847842,3,7.5362681333794503
4215.62816504157,3,7.5001211695451913
4211.77123160473,3,7.4634731820836482
4207.91429816788,3,7.4189532428523268
4204.05736473103,3,7.3760758166251907
4200.20043129418,3,7.3325533941817866
4196.34349785734,3,7.2960132298247746
4192.48656442049,3,7.261882311473868
4188.62963098364,3,7.2299305369879372
4184.7726975468,3,7.2013228807993279
4180.91576410995,3,7.179282274383965
4177.0588306731,3,7.15672954341278
4173.20189723625,3,7.1362049875012303
4169.34496379941,3,7.1120182919491892
4165.48803036256,3,7.0862873182938957
4161.63109692571,3,7.0630251512008266
4157.77416348886,3,7.0438180847339993
4153.91723005202,3,7.022249392652407
4150.06029661517,3,7.0063592183533432
4146.20336317832,3,6.9906033662102214
4142.34642974148,3,6.9818742677860666
4138.48949630463,3,6.9786796930196058
4134.63256286778,3,6.980576001736452
4130.77562943093,3,6.9814531780158759
4126.91869599409,3,6.9882360398104932
4123.06176255724,3,6.9963705640306184
4119.20482912039,3,7.0084320112694769
4115.34789568354,3,7.0215441706236383
4111.4909622467,3,7.040902597724795
4107.63402880985,3,7.0590067900276949
4103.777095373,3,7.0744065194231105
4099.92016193616,3,7.0853940930603283
4096.06322849931,3,7.1028342357545302
4092.20629506246,3,7.1163903766305756
4088.34936162561,3,7.1285603386780965
4084.49242818877,3,7.1322472793502865
4080.63549475192,3,7.139978556335052
4076.77856131507,3,7.138616332813509
4072.92162787822,3,7.1354474265393293
4069.06469444138,3,7.1273763166730131
4065.20776100453,3,7.1174529352741196
4061.35082756768,3,7.0966513946536907
4057.49389413083,3,7.0679006932874167
4053.63696069399,3,7.0350324662578529
4049.78002725714,3,7.0050319406004009
4045.92309382029,3,6.9742138519409753
4042.06616038345,3,6.9351581400527937
4038.2092269466,3,6.89161649010265
4034.35229350975,3,6.8583535710911221
4030.4953600729,3,6.8244246030810167
4026.63842663606,3,6.8005695729035818
4022.78149319921,3,6.7710118266707457
4018.92455976236,3,6.7481648099894844
4015.06762632551,3,6.7289632654879137
4011.21069288867,3,6.7218216524405552
4007.35375945182,3,6.7089167560513285
4003.49682601497,3,6.6938600540580353
3999.63989257813,3,6.6799550365781641
10001.0283203125,4,2.8045244813091008
9997.17138687565,4,2.8002585299435907
9993.31445343881,4,2.7829873554995368
9989.45752000196,4,2.7714783156183485
9985.60058656511,4,2.755474718688121
9981.74365312826,4,2.7352501717494109
9977.88671969142,4,2.7256738185805638
9974.02978625457,4,2.7310189785826759
9970.17285281772,4,2.7323132626508948
9966.31591938088,4,2.7162801668818886
9962.45898594403,4,2.6989338913326004
9958.60205250718,4,2.6956814161371221
9954.74511907033,4,2.6881195614285285
9950.88818563349,4,2.6900191070783031
9947.03125219664,4,2.6961011012839786
9943.17431875979,4,2.6758628082817828
9939.31738532294,4,2.6634570817251784
9935.4604518861,4,2.6624382401591693
9931.60351844925,4,2.6619076775309782
9927.7465850124,4,2.6575749619106839
9923.88965157556,4,2.6353239744404737
9920.03271813871,4,2.6296780798869719
9916.17578470186,4,2.6272745520766545
9912.31885126501,4,2.6077479969001622
9908.46191782817,4,2.5973125632541016
9904.60498439132,4,2.5944883914981789
9900.74805095447,4,2.5970879922988219
9896.89111751762,4,2.592176714979288
9893.03418408078,4,2.5672870116873359
9889.17725064393,4,2.5618615913462364
9885.32031720708,4,2.5693118133755117
9881.46338377024,4,2.5754939703832362
9877.60645033339,4,2.5742367239041593
9873.74951689654,4,2.5587131067105751
9869.89258345969,4,2.5423264773945409
9866.03565002284,4,2.5415210860646762
9862.178716586,4,2.5288242902361846
9858.32178314915,4,2.5066282528074924
9854.4648497123,4,2.4922874956636036
9850.60791627546,4,2.4761163845657919
9846.75098283861,4,2.4726372992944237
9842.89404940176,4,2.4666221279368532
9839.03711596492,4,2.4590695994996326
9835.18018252807,4,2.4585044028560663
9831.32324909122,4,2.4382521356904845
9827.46631565437,4,2.4112513902255448
9823.60938221752,4,2.4135236891837737
9819.75244878068,4,2.4343959679366987
9815.89551534383,4,2.4313652716656149
9812.03858190698,4,2.4175965397006642
9808.18164847014,4,2.4127713322354527
9804.32471503329,4,2.3914359823364535
9800.46778159644,4,2.3908244007277517
9796.6108481596,4,2.3936429348270609
9792.75391472275,4,2.3776273948010758
9788.8969812859,4,2.3658704206305732
9785.04004784905,4,2.3585435848727352
9781.1831144122,4,2.3440458533540518
9777.32618097536,4,2.3300537002203892
9773.46924753851,4,2.3332920774878718
9769.61231410166,4,2.3314450038511461
9765.75538066482,4,2.3188628535495264
9761.89844722797,4,2.3061946092710639
9758.04151379112,4,2.3007156389769232
9754.18458035428,4,2.2870254037055684
9750.32764691743,4,2.2776986303448572
9746.47071348058,4,2.2789104874952
9742.61378004373,4,2.2735448491991805
9738.75684660688,4,2.266173723185013
9734.89991317004,4,2.2614426411883879
9731.04297973319,4,2.2735787003186445
9727.18604629634,4,2.2676229723576875
9723.3291128595,4,2.245418897665497
9719.47217942265,4,2.2281666697792333
9715.6152459858,4,2.2172430040618023
9711.75831254896,4,2.2063761769003691
9707.90137911211,4,2.2056091434572584
9704.04444567526,4,2.2019716771754263
9700.18751223841,4,2.1944603790842847
9696.33057880156,4,2.1767010680068744
9692.47364536472,4,2.1800381153603916
9688.61671192787,4,2.1868798669817435
9684.75977849102,4,2.1682218880517836
9680.90284505418,4,2.14837768283562
9677.04591161733,4,2.1464155410101622
9673.18897818048,4,2.1462632306298035
9669.33204474363,4,2.1435129106818778
9665.47511130679,4,2.141556626217815
9661.61817786994,4,2.12925412984255
9657.76124443309,4,2.1104897423379354
9653.90431099624,4,2.0967078364957086
9650.0473775594,4,2.0798280410449221
9646.19044412255,4,2.0745823502132752
9642.3335106857,4,2.0772868845219357
9638.47657724886,4,2.0659423119644353
9634.61964381201,4,2.0547194251192149
9630.76271037516,4,2.0639905702566161
9626.90577693831,4,2.0563355406846777
9623.04884350147,4,2.0270868921548577
9619.19191006462,4,2.0215628557628271
9615.33497662777,4,2.0153358946080946
9611.47804319092,4,2.0008141357404856
9607.62110975408,4,1.9922539089769591
9603.76417631723,4,1.9890315436674995
9599.90724288038,4,1.9827856556990908
9596.05030944354,4,1.9663012545881402
9592.19337600669,4,1.959533178721284
9588.33644256984,4,1.9673852018324387
9584.47950913299,4,1.9518363739554552
9580.62257569615,4,1.9352088755426886
9576.7656422593,4,1.9426553014156116
9572.90870882245,4,1.9400230147462871
9569.0517753856,4,1.9204077454599175
9565.19484194876,4,1.9148346773476763
9561.33790851191,4,1.9084082076603082
9557.48097507506,4,1.8983904075193558
9553.62404163822,4,1.8947435104392159
9549.76710820137,4,1.8718547039474351
9545.91017476452,4,1.8567169069062037
9542.05324132767,4,1.8570815835884451
9538.19630789083,4,1.8592927491417037
9534.33937445398,4,1.8645537415039806
9530.48244101713,4,1.8683409220991927
9526.62550758028,4,1.8556837735919613
9522.76857414344,4,1.8330384750846107
9518.91164070659,4,1.8216366919866396
9515.05470726974,4,1.821702200477153
9511.1977738329,4,1.8169346781592928
9507.34084039605,4,1.8080286057325567
9503.4839069592,4,1.7953414120467053
9499.62697352235,4,1.7839920236864011
9495.77004008551,4,1.7833785660692569
9491.91310664866,4,1.7905212371689565
9488.05617321181,4,1.7766525525277677
9484.19923977496,4,1.762837436791433
9480.34230633812,4,1.761890590606247
9476.48537290127,4,1.7547504980277442
9472.62843946442,4,1.7476575058407906
9468.77150602758,4,1.7443838686994391
9464.91457259073,4,1.7443934529509815
9461.05763915388,4,1.7359888507198016
9457.20070571703,4,1.7226095437015119
9453.34377228019,4,1.7134206518559991
9449.48683884334,4,1.720583387862836
9445.62990540649,4,1.7225005509218103
9441.77297196964,4,1.7084797218717493
9437.9160385328,4,1.6854177884679022
9434.05910509595,4,1.6832075969064333
9430.2021716591,4,1.6904365618885777
9426.34523822226,4,1.6805487013807707
9422.48830478541,4,1.6717098952909992
9418.63137134856,4,1.6643914720889144
9414.77443791171,4,1.658581538980717
9410.91750447487,4,1.6506299426262292
9407.06057103802,4,1.6456348437855457
9403.20363760117,4,1.6563974391920049
9399.34670416432,4,1.6553430779924181
9395.48977072748,4,1.6351787979916144
9391.63283729063,4,1.6291990953992437
9387.77590385378,4,1.6371329431837534
9383.91897041694,4,1.6294324159332276
9380.06203698009,4,1.611416798208497
9376.20510354324,4,1.5980745205914717
9372.34817010639,4,1.590030912782157
9368.49123666955,4,1.5780817686180564
9364.6343032327,4,1.582089622193003
9360.77736979585,4,1.5919831960863031
9356.920436359,4,1.5899710414188695
9353.06350292216,4,1.5812931270292701
9349.20656948531,4,1.5707645471355474
9345.34963604846,4,1.5602998525391301
9341.49270261162,4,1.565143250024907
9337.63576917477,4,1.5611562237943748
9333.77883573792,4,1.5411101910202241
9329.92190230107,4,1.520981086472492
9326.06496886423,4,1.5188489196972057
9322.20803542738,4,1.5241557588002568
9318.35110199053,4,1.5206136113688788
9314.49416855368,4,1.5222427541430612
9310.63723511684,4,1.5084468000309987
9306.78030167999,4,1.5018056327364087
9302.92336824314,4,1.5041681494409864
9299.0664348063,4,1.4891167823848692
9295.20950136945,4,1.4783281700971065
9291.3525679326,4,1.4898469102783236
9287.49563449575,4,1.4899142711342048
9283.63870105891,4,1.4748153683085634
9279.78176762206,4,1.4580642294606341
9275.92483418521,4,1.4440386540823558
9272.06790074836,4,1.4484209337543417
9268.21096731152,4,1.442555107756275
9264.35403387467,4,1.4372818684546798
9260.49710043782,4,1.4356299197089251
9256.64016700098,4,1.4314290052516498
9252.78323356413,4,1.4332619398168991
9248.92630012728,4,1.4337259134876075
9245.06936669043,4,1.4232633309774216
9241.21243325358,4,1.4201328124217927
9237.35549981674,4,1.4154784901563191
9233.49856637989,4,1.3923604452003144
9229.64163294304,4,1.3811133050118365
9225.7846995062,4,1.3828097236803907
9221.92776606935,4,1.3808937616092383
9218.0708326325,4,1.3776875659343808
9214.21389919565,4,1.3794548603389647
9210.35696575881,4,1.3842782920735472
9206.50003232196,4,1.3807695454884044
9202.64309888511,4,1.3650280380049018
9198.78616544826,4,1.3532952741558431
9194.92923201142,4,1.3512976070641027
9191.07229857457,4,1.3514462034884127
9187.21536513772,4,1.354096854673158
9183.35843170088,4,1.3488668279429183
9179.50149826403,4,1.3341248366730427
9175.64456482718,4,1.3247228940296394
9171.78763139033,4,1.3188880159635397
9167.93069795349,4,1.3090307203764193
9164.07376451664,4,1.3031421629808859
9160.21683107979,4,1.3051779842868863
9156.35989764294,4,1.3031875507743433
9152.5029642061,4,1.2977491193818107
9148.64603076925,4,1.2961035642304339
9144.7890973324,4,1.2831278793892862
9140.93216389556,4,1.2662757982538764
9137.07523045871,4,1.262613075335862
9133.21829702186,4,1.2633174945327701
9129.36136358501,4,1.2659054926489133
9125.50443014817,4,1.2599829666047802
9121.64749671132,4,1.2668039444954151
9117.79056327447,4,1.2685200924886717
9113.93362983762,4,1.2584503409132972
9110.07669640078,4,1.2435337658551784
9106.21976296393,4,1.2290963778854302
9102.36282952708,4,1.2158162347254977
9098.50589609024,4,1.2140975855610336
9094.64896265339,4,1.2183980658825904
9090.79202921654,4,1.2179398181716323
9086.93509577969,4,1.2146373764077387
9083.07816234285,4,1.2081030084220925
9079.221228906,4,1.1961711836300886
9075.36429546915,4,1.1965823245940668
9071.5073620323,4,1.2020203809691512
9067.65042859546,4,1.1998332771079963
9063.79349515861,4,1.185724761768284
9059.93656172176,4,1.1784756135570116
9056.07962828492,4,1.1731116717767569
9052.22269484807,4,1.1711002821262444
9048.36576141122,4,1.1742804405060745
9044.50882797437,4,1.1703605723626753
9040.65189453753,4,1.1597771452051184
9036.79496110068,4,1.1442895938784885
9032.93802766383,4,1.1296051498880229
9029.08109422698,4,1.1342673233838276
9025.22416079014,4,1.1400085269956302
9021.36722735329,4,1.1342943666379253
9017.51029391644,4,1.1237018154498222
9013.6533604796,4,1.115565036731915
9009.79642704275,4,1.1144221255525752
9005.9394936059,4,1.1083803338117895
9002.08256016905,4,1.1037877112425889
8998.22562673221,4,1.1064525292714202
8994.36869329536,4,1.1065265156760216
8990.51175985851,4,1.0927105202469074
8986.65482642166,4,1.082561506631375
8982.79789298482,4,1.081165789138834
8978.94095954797,4,1.0815894813521163
8975.08402611112,4,1.0669609405326748
8971.22709267428,4,1.0631000222603781
8967.37015923743,4,1.0725383051384629
8963.51322580058,4,1.0703532981801667
8959.65629236373,4,1.0694153856482669
8955.79935892689,4,1.0762870677883742
8951.94242549004,4,1.0761636529594993
8948.08549205319,4,1.0722996382333914
8944.22855861634,4,1.0615562652685935
8940.3716251795,4,1.0507201333387757
8936.51469174265,4,1.0473805237036875
8932.6577583058,4,1.0534268163390192
8928.80082486896,4,1.0491492416734818
8924.94389143211,4,1.048475518999018
8921.08695799526,4,1.0323994792815436
8917.23002455841,4,1.0300383051864384
8913.37309112157,4,1.0466446063758834
8909.51615768472,4,1.0499704453658329
8905.65922424787,4,1.0303038222680443
8901.80229081102,4,1.0234853181604504
8897.94535737418,4,1.0263664469682212
8894.08842393733,4,0.99874428015993155
8890.23149050048,4,0.99948206015203755
8886.37455706364,4,1.020401473679637
8882.51762362679,4,1.0091950128887768
8878.66069018994,4,0.98629247748348248
8874.80375675309,4,0.98477640957926549
8870.94682331625,4,0.99862805536335841
8867.0898898794,4,1.0056468417876312
8863.23295644255,4,0.99470990766624268
8859.3760230057,4,0.98827526249838216
8855.51908956886,4,0.9956966774239373
8851.66215613201,4,0.99345149761887996
8847.80522269516,4,0.97916286322782042
8843.94828925832,4,0.97396301705770627
8840.09135582147,4,0.97165040101820388
8836.23442238462,4,0.96908187018287828
8832.37748894777,4,0.97029100830399084
8828.52055551093,4,0.98653405232257607
8824.66362207408,4,1.0013150928126728
8820.80668863723,4,1.0070908289185503
8816.94975520038,4,1.0171570541658095
8813.09282176354,4,1.0233400598542093
8809.23588832669,4,1.0022049547776253
8805.37895488984,4,0.99582107212131787
8801.522021453,4,1.0030755781492833
8797.66508801615,4,0.98618168484217406
8793.8081545793,4,0.97899881622461415
8789.95122114245,4,0.98156419951220486
8786.09428770561,4,0.98466977337329009
8782.23735426876,4,0.98638298943767522
8778.38042083191,4,0.98137552702765918
8774.52348739506,4,0.98478148467637605
8770.66655395822,4,0.99831778784057601
8766.80962052137,4,1.0083208453449484
8762.95268708452,4,1.0061864942505265
8759.09575364767,4,0.99785797931810705
8755.23882021083,4,0.99826700311711858
8751.38188677398,4,1.0054393727525435
8747.52495333713,4,1.0125349899775775
8743.66801990029,4,1.0160774749307364
8739.81108646344,4,1.0344529197568566
8735.95415302659,4,1.0367296323722932
8732.09721958974,4,1.0320426784671826
8728.2402861529,4,1.0368406931527729
8724.38335271605,4,1.0503169617273527
8720.5264192792,4,1.061749348353709
8716.66948584235,4,1.061484432851737
8712.81255240551,4,1.0600731221664914
8708.95561896866,4,1.0600284871830095
8705.09868553181,4,1.0627443780733203
8701.24175209497,4,1.0670241402778942
8697.38481865812,4,1.0791555960142829
8693.52788522127,4,1.0768089548603721
8689.67095178442,4,1.0855651046501653
8685.81401834758,4,1.1026270233041116
8681.95708491073,4,1.1036968493378205
8678.10015147388,4,1.1210104839344022
8674.24321803703,4,1.1377707766207568
8670.38628460019,4,1.1361554423033593
8666.52935116334,4,1.1464690570476614
8662.67241772649,4,1.1321640288340331
8658.81548428965,4,1.1291117912324002
8654.9585508528,4,1.154419816494114
8651.10161741595,4,1.178990112973104
8647.2446839791,4,1.1912885017400516
8643.38775054226,4,1.1915311510739934
8639.53081710541,4,1.1892396065593875
8635.67388366856,4,1.1989884035203064
8631.81695023171,4,1.2131599931549548
8627.96001679487,4,1.2136022275105403
8624.10308335802,4,1.2201681078114184
8620.24614992117,4,1.2214035617004271
8616.38921648433,4,1.2232794497409349
8612.53228304748,4,1.2413199234379109
8608.67534961063,4,1.256755795962472
8604.81841617378,4,1.2682267767950697
8600.96148273694,4,1.2734377271848536
8597.10454930009,4,1.2628332790218653
8593.24761586324,4,1.2704172889849028
8589.39068242639,4,1.2910785041498731
8585.53374898955,4,1.3042271933221765
8581.6768155527,4,1.3012937821811574
8577.81988211585,4,1.3085887500320494
8573.96294867901,4,1.3265359808186912
8570.10601524216,4,1.3322825924691677
8566.24908180531,4,1.3329794376148771
8562.39214836846,4,1.3318361193767261
8558.53521493162,4,1.3236558960409317
8554.67828149477,4,1.3245910573127557
8550.82134805792,4,1.3432088831169446
8546.96441462107,4,1.3554100692642541
8543.10748118423,4,1.3608844168591925
8539.25054774738,4,1.379142780299174
8535.39361431053,4,1.3895221394600816
8531.53668087368,4,1.3876715154685488
8527.67974743684,4,1.3915945055625427
8523.82281399999,4,1.3959126082837963
8519.96588056314,4,1.4006349866663454
8516.1089471263,4,1.4131759643152608
8512.25201368945,4,1.4178314255662439
8508.3950802526,4,1.4195209860140183
8504.53814681575,4,1.4230103231770297
8500.68121337891,4,1.4312168029004089
8496.82427994206,4,1.4429914503365509
8492.96734650521,4,1.4472868328183537
8489.11041306836,4,1.4417832081825435
8485.25347963152,4,1.4468820950803276
8481.39654619467,4,1.4730761161710157
8477.53961275782,4,1.4815666531153018
8473.68267932098,4,1.4735351960064966
8469.82574588413,4,1.4810374650150973
8465.96881244728,4,1.5050562725623651
8462.11187901043,4,1.5074636801028194
8458.25494557359,4,1.4988537392082468
8454.39801213674,4,1.5060564980507618
8450.54107869989,4,1.5205500702215977
8446.68414526304,4,1.528779507809392
8442.8272118262,4,1.5385937988811524
8438.97027838935,4,1.5385780258570572
8435.1133449525,4,1.5325283176346207
8431.25641151566,4,1.5429982007391529
8427.39947807881,4,1.543950043882133
8423.54254464196,4,1.5334901778943484
8419.68561120511,4,1.5426812981932163
8415.82867776827,4,1.5608846349242966
8411.97174433142,4,1.5657119533850281
8408.11481089457,4,1.5606814020205042
8404.25787745772,4,1.5547830296599552
8400.40094402088,4,1.5635652975832937
8396.54401058403,4,1.5573744165705603
8392.68707714718,4,1.54999017174834
8388.83014371034,4,1.5555353932310989
8384.97321027349,4,1.5631160557109161
8381.11627683664,4,1.5619118280639854
8377.25934339979,4,1.5557128444970403
8373.40240996295,4,1.555927340057933
8369.5454765261,4,1.5487657308354148
8365.68854308925,4,1.5357668893405669
8361.8316096524,4,1.5279766132365356
8357.97467621556,4,1.5285022527444689
8354.11774277871,4,1.5288329214577334
8350.26080934186,4,1.5260260136445565
8346.40387590502,4,1.5340982066111939
8342.54694246817,4,1.5306104624493508
8338.69000903132,4,1.5199719203235418
8334.83307559447,4,1.5090561677035601
8330.97614215763,4,1.5061934896237084
8327.11920872078,4,1.502575298405987
8323.26227528393,4,1.4973844927402393
8319.40534184708,4,1.491741037005045
8315.54840841024,4,1.489201014983496
8311.69147497339,4,1.4907667925866155
8307.83454153654,4,1.4884853093339045
8303.97760809969,4,1.4811341827713231
8300.12067466285,4,1.4716292623213112
8296.263741226,4,1.4759215970606883
8292.40680778915,4,1.4808169396914543
8288.54987435231,4,1.4681408156342668
8284.69294091546,4,1.4595017428459141
8280.83600747861,4,1.4534406411595744
8276.97907404176,4,1.456442353799569
8273.12214060492,4,1.4600330919233422
8269.26520716807,4,1.4536250849428312
8265.40827373122,4,1.4431733096372039
8261.55134029437,4,1.432204816661701
8257.69440685753,4,1.4239069332965526
8253.83747342068,4,1.4197932417922969
8249.98053998383,4,1.4162593804675589
8246.12360654699,4,1.4112595196309745
8242.26667311014,4,1.4035776612161244
8238.40973967329,4,1.3942860434683602
8234.55280623644,4,1.3885854653960119
8230.6958727996,4,1.3857732258966204
8226.83893936275,4,1.3811730260047794
8222.9820059259,4,1.3744217589660792
8219.12507248905,4,1.3675116558196805
8215.26813905221,4,1.359340352752479
8211.41120561536,4,1.3544728609468792
8207.55427217851,4,1.3522934098674797
8203.69733874167,4,1.338090919759404
8199.84040530482,4,1.3209337737143938
8195.98347186797,4,1.3158809688247957
8192.12653843112,4,1.314293497667153
8188.26960499428,4,1.3062951390996624
8184.41267155743,4,1.3000308978198436
8180.55573812058,4,1.2943294757719797
8176.69880468373,4,1.2868085028094964
8172.84187124689,4,1.2781865740013265
8168.98493781004,4,1.2695662051607741
8165.12800437319,4,1.2658944079716754
8161.27107093635,4,1.2594977025477858
8157.4141374995,4,1.2515014474990458
8153.55720406265,4,1.2417779095636103
8149.7002706258,4,1.2313461577393991
8145.84333718896,4,1.2238804610639327
8141.98640375211,4,1.2106226107616063
8138.12947031526,4,1.2029665970550323
8134.27253687841,4,1.1977865908057559
8130.41560344157,4,1.1956628659551145
8126.55867000472,4,1.1921855305376154
8122.70173656787,4,1.1854945414900258
8118.84480313103,4,1.1803351476601935
8114.98786969418,4,1.1683051354421099
8111.13093625733,4,1.1598192226210917
8107.27400282048,4,1.1630958048072899
8103.41706938364,4,1.1592504569472664
8099.56013594679,4,1.1595600096166847
8095.70320250994,4,1.1519341967512788
8091.84626907309,4,1.1529391041746531
8087.98933563625,4,1.1502816186284188
8084.1324021994,4,1.1384056060834351
8080.27546876255,4,1.12486650262029
8076.41853532571,4,1.1254268056835646
8072.56160188886,4,1.1136761409521856
8068.70466845201,4,1.1132023599577501
8064.84773501516,4,1.1152347806151672
8060.99080157832,4,1.1001455074978921
8057.13386814147,4,1.0871790491671014
8053.27693470462,4,1.0882652010859852
8049.42000126777,4,1.0796970414159492
8045.56306783093,4,1.0721606330125835
8041.70613439408,4,1.0728542431396058
8037.84920095723,4,1.0692102834173884
8033.99226752039,4,1.0594186110489683
8030.13533408354,4,1.0492516895265602
8026.27840064669,4,1.0418843440512928
8022.42146720984,4,1.0412385273949836
8018.564533773,4,1.0430418795372782
8014.70760033615,4,1.0308923846418501
8010.8506668993,4,1.0227482834714328
8006.99373346245,4,1.0229075237650247
8003.13680002561,4,1.0156777369372785
7999.27986658876,4,1.0135669925404163
7995.42293315191,4,1.0032660236760922
7991.56599971507,4,0.98744047750856589
7987.70906627822,4,0.98722009153357138
7983.85213284137,4,0.99358058227166812
7979.99519940452,4,0.99161747225992802
7976.13826596768,4,0.98441794973186947
7972.28133253083,4,0.97212148351567129
7968.42439909398,4,0.96517896599055142
7964.56746565713,4,0.96322857998685407
7960.71053222029,4,0.96029089273700396
7956.85359878344,4,0.95746524708784286
7952.99666534659,4,0.95170719267144488
7949.13973190975,4,0.945740847788056
7945.2827984729,4,0.93879612425474179
7941.42586503605,4,0.93826153419347613
7937.5689315992,4,0.94096021667756813
7933.71199816236,4,0.94484500448120801
7929.85506472551,4,0.93817125115722044
7925.99813128866,4,0.93179396598239705
7922.14119785181,4,0.93172633957759454
7918.28426441497,4,0.92493397750431905
7914.42733097812,4,0.92151373839282069
7910.57039754127,4,0.92084284991527698
7906.71346410443,4,0.91980654384797123
7902.85653066758,4,0.91619021884862084
7898.99959723073,4,0.91447037269736309
7895.14266379388,4,0.91100704952973444
7891.28573035704,4,0.90630289609691106
7887.42879692019,4,0.90461101964756385
7883.57186348334,4,0.89568212655212331
7879.71493004649,4,0.88457000779060224
7875.85799660965,4,0.89420780331296745
7872.0010631728,4,0.89584548035619527
7868.14412973595,4,0.89027836905863444
7864.28719629911,4,0.88601947694702665
7860.43026286226,4,0.87906435544978301
7856.57332942541,4,0.88158807592275901
7852.71639598856,4,0.88584614373006443
7848.85946255172,4,0.88990474659142937
7845.00252911487,4,0.88357197844463897
7841.14559567802,4,0.87630717472497333
7837.28866224117,4,0.87061454165359775
7833.43172880433,4,0.8730509660631236
7829.57479536748,4,0.8656826143802252
7825.71786193063,4,0.86047641024772692
7821.86092849379,4,0.858082643305351
7818.00399505694,4,0.85783852780354541
7814.14706162009,4,0.85675955486620459
7810.29012818324,4,0.85308362333362875
7806.4331947464,4,0.85498653862992469
7802.57626130955,4,0.86070002822155023
7798.7193278727,4,0.8597986717466366
7794.86239443585,4,0.84828327301193629
7791.00546099901,4,0.83729637849782645
7787.14852756216,4,0.84330054759386175
7783.29159412531,4,0.84330441135631262
7779.43466068847,4,0.83272455119402089
7775.57772725162,4,0.83111942999139132
7771.72079381477,4,0.83358694460618588
7767.86386037792,4,0.83683827296472146
7764.00692694107,4,0.83597218940605633
7760.14999350423,4,0.81801994093433539
7756.29306006738,4,0.80529621788740036
7752.43612663053,4,0.80721473686545453
7748.57919319369,4,0.81307588270451103
7744.72225975684,4,0.81815145020321789
7740.86532631999,4,0.81151504550552978
7737.00839288315,4,0.79900519874911669
7733.1514594463,4,0.80424698778291948
7729.29452600945,4,0.8166436934931478
7725.4375925726,4,0.81342093735535159
7721.58065913575,4,0.80031560456110706
7717.72372569891,4,0.79850309544778297
7713.86679226206,4,0.80342034345905033
7710.00985882521,4,0.80057413741340344
7706.15292538837,4,0.79946617977698686
7702.29599195152,4,0.79232299252132443
7698.43905851467,4,0.78840938620097423
7694.58212507782,4,0.78655128605553637
7690.72519164098,4,0.78421728739203878
7686.86825820413,4,0.78040939465962755
7683.01132476728,4,0.7797495956152023
7679.15439133043,4,0.78502158419288337
7675.29745789359,4,0.78773804500015299
7671.44052445674,4,0.78894482781727304
7667.58359101989,4,0.79187005000928856
7663.72665758305,4,0.79755043472412535
7659.8697241462,4,0.79211990323022152
7656.01279070935,4,0.79121810219395305
7652.1558572725,4,0.79890124810419483
7648.29892383566,4,0.80449553431249954
7644.44199039881,4,0.80033044564292921
7640.58505696196,4,0.7958463329047567
7636.72812352511,4,0.8002880009748099
7632.87119008827,4,0.80270302300075724
7629.01425665142,4,0.80575469569329528
7625.15732321457,4,0.81225811959868155
7621.30038977773,4,0.8159694750007267
7617.44345634088,4,0.82105794274658317
7613.58652290403,4,0.82586989905017916
7609.72958946718,4,0.82891744356817165
7605.87265603034,4,0.83700412834222426
7602.01572259349,4,0.84220303037121091
7598.15878915664,4,0.84665282402466846
7594.30185571979,4,0.85375027485113097
7590.44492228295,4,0.85406038361412007
7586.5879888461,4,0.86207282861749013
7582.73105540925,4,0.8804640813786333
7578.87412197241,4,0.88929507927641294
7575.01718853556,4,0.88737126659620014
7571.16025509871,4,0.89439668473669021
7567.30332166186,4,0.90586515516707866
7563.44638822502,4,0.9148538768875909
7559.58945478817,4,0.92131636835934461
7555.73252135132,4,0.93530938925251528
7551.87558791447,4,0.94080157544143472
7548.01865447763,4,0.94571589364082187
7544.16172104078,4,0.9582554304032751
7540.30478760393,4,0.97084712070401724
7536.44785416709,4,0.97827072618565047
7532.59092073024,4,0.99355788797017719
7528.73398729339,4,1.015426228094723
7524.87705385654,4,1.0314055695403137
7521.0201204197,4,1.0448436492525095
7517.16318698285,4,1.0567083108493498
7513.306253546,4,1.0752330703885595
7509.44932010915,4,1.0901914034492186
7505.59238667231,4,1.1130805565107873
7501.73545323546,4,1.1305878973521082
7497.87851979861,4,1.1435785772408049
7494.02158636177,4,1.160467332938603
7490.16465292492,4,1.182410920972077
7486.30771948807,4,1.2023483181859018
7482.45078605122,4,1.2248700927215228
7478.59385261438,4,1.2464588006682498
7474.73691917753,4,1.2666779898604734
7470.87998574068,4,1.2819499113280297
7467.02305230383,4,1.3042336029734922
7463.16611886699,4,1.3293956722435791
7459.30918543014,4,1.3496511684076353
7455.45225199329,4,1.3644635566311281
7451.59531855645,4,1.3859577380016934
7447.7383851196,4,1.4083534708122563
7443.88145168275,4,1.4392357247591687
7440.0245182459,4,1.4704552290131117
7436.16758480906,4,1.5003186958342956
7432.31065137221,4,1.528130726427311
7428.45371793536,4,1.5594075064898658
7424.59678449851,4,1.5861832257334896
7420.73985106167,4,1.6616098106304356
7416.88291762482,4,1.7132305103868852
7413.02598418797,4,1.6970073720346051
7409.16905075113,4,1.723294002400233
7405.31211731428,4,1.7854237259721257
7401.45518387743,4,1.8072882984515044
7397.59825044058,4,1.8673681388290095
7393.74131700374,4,1.9114526346988983
7389.88438356689,4,1.9174586227174668
7386.02745013004,4,1.9866032167891885
7382.17051669319,4,2.1416399577843608
7378.31358325635,4,2.1882365898404874
7374.4566498195,4,2.1218276950910697
7370.59971638265,4,2.1148480232819438
7366.74278294581,4,2.1865391696402594
7362.88584950896,4,2.1919143836694559
7359.02891607211,4,2.2297882153416468
7355.17198263526,4,2.2910620128067229
7351.31504919842,4,2.3015115620420428
7347.45811576157,4,2.4310710407072031
7343.60118232472,4,2.5782876333639946
7339.74424888787,4,2.5324830444663711
7335.88731545103,4,2.2862463389589047
7332.03038201418,4,2.3248939059432847
7328.17344857733,4,2.5537547719823079
7324.31651514049,4,2.5073921404323816
7320.45958170364,4,2.3496954849426173
7316.60264826679,4,2.3757247298931214
7312.74571482994,4,2.5184049140825713
7308.8887813931,4,2.5626298735390214
7305.03184795625,4,2.4614255493543364
7301.1749145194,4,2.4233936430298604
7297.31798108255,4,2.4918698404529032
7293.46104764571,4,2.5489420100026248
7289.60411420886,4,2.5464852307718786
7285.74718077201,4,2.4881880618034224
7281.89024733516,4,2.4326046927946909
7278.03331389832,4,2.4413289139105268
7274.17638046147,4,2.4863624305218925
7270.31944702462,4,2.4838007802688296
7266.46251358778,4,2.5040263066253274
7262.60558015093,4,2.5448547844800107
7258.74864671408,4,2.5437180221111948
7254.89171327723,4,2.6111058639788762
7251.03477984039,4,2.6446016902609397
7247.17784640354,4,2.6803920277915116
7243.32091296669,4,2.9162241554286421
7239.46397952984,4,2.8422806831570639
7235.607046093,4,2.9112178690505375
7231.75011265615,4,3.1144331927894178
7227.8931792193,4,2.9257480719525333
7224.03624578246,4,2.8533078246126049
7220.17931234561,4,2.959737988676868
7216.32237890876,4,2.957610851217729
7212.46544547191,4,2.8974498649047016
7208.60851203507,4,2.9409154967968294
7204.75157859822,4,3.1348704518071431
7200.89464516137,4,3.0918995165991712
7197.03771172452,4,3.0189214436674563
7193.18077828768,4,3.0629302975438679
7189.32384485083,4,3.0776399032043793
7185.46691141398,4,3.2383087763700189
7181.60997797714,4,3.4056223812830413
7177.75304454029,4,3.3089545649428986
7173.89611110344,4,3.2813890968642325
7170.03917766659,4,3.4685730178644176
7166.18224422975,4,3.6158883838148181
7162.3253107929,4,3.6614759002458119
7158.46837735605,4,3.594198725610533
7154.6114439192,4,3.4985988934152519
7150.75451048236,4,3.5448804640491298
7146.89757704551,4,3.7016975085849309
7143.04064360866,4,3.9108966422572777
7139.18371017182,4,3.992062788496562
7135.32677673497,4,3.9071786837466602
7131.46984329812,4,3.8187048240682677
7127.61290986127,4,3.8583083163389702
7123.75597642443,4,3.9674949588323161
7119.89904298758,4,4.1629579946259341
7116.04210955073,4,4.2019009915441963
7112.18517611388,4,4.1171130895248913
7108.32824267704,4,4.226424739008535
7104.47130924019,4,4.276381302152827
7100.61437580334,4,4.2450678082387929
7096.7574423665,4,4.3812922084514589
7092.90050892965,4,4.3980102903874752
7089.0435754928,4,4.3220058019989001
7085.18664205595,4,4.3438402558101332
7081.32970861911,4,4.3824425677615029
7077.47277518226,4,4.3990294326601767
7073.61584174541,4,4.4851852473761991
7069.75890830856,4,4.5696426209917176
7065.90197487172,4,4.5013479774678347
7062.04504143487,4,4.455291970471837
7058.18810799802,4,4.4871584272050562
7054.33117456117,4,4.5303924660522181
7050.47424112433,4,4.5576814043403333
7046.61730768748,4,4.6087197237931452
7042.76037425063,4,4.5847950524724483
7038.90344081379,4,4.5501056385185663
7035.04650737694,4,4.5340018944057068
7031.18957394009,4,4.5331672241790928
7027.33264050324,4,4.5600643755862391
7023.4757070664,4,4.5740296996633383
7019.61877362955,4,4.5378067183126287
7015.7618401927,4,4.5165022179037733
7011.90490675585,4,4.5040121096692474
7008.04797331901,4,4.4950242096340247
7004.19103988216,4,4.5020039929992706
7000.33410644531,4,4.4954776831570582
6996.47717300847,4,4.4684743525274664
6992.62023957162,4,4.440702691405841
6988.76330613477,4,4.4399628499887509
6984.90637269792,4,4.442725898049277
6981.04943926108,4,4.4231547779910336
6977.19250582423,4,4.3883597989307335
6973.33557238738,4,4.3753722384745855
6969.47863895053,4,4.3535014435980557
6965.62170551369,4,4.3223122462326664
6961.76477207684,4,4.3054366350259672
6957.90783863999,4,4.3048480396736739
6954.05090520315,4,4.2960267774620817
6950.1939717663,4,4.2684767719993291
6946.33703832945,4,4.2621437606457846
6942.4801048926,4,4.2374631288396696
6938.62317145576,4,4.2226288571103954
6934.76623801891,4,4.2033212380326965
6930.90930458206,4,4.1845153890799098
6927.05237114521,4,4.1666777347728212
6923.19543770837,4,4.1561208812200778
6919.33850427152,4,4.1654770715781479
6915.48157083467,4,4.1560079164617409
6911.62463739783,4,4.1173096854582418
6907.76770396098,4,4.0987493955421712
6903.91077052413,4,4.081850126788062
6900.05383708728,4,4.0733401123445683
6896.19690365044,4,4.0779763966410627
6892.33997021359,4,4.078952856933749
6888.48303677674,4,4.0524586801144213
6884.62610333989,4,4.0346898212395113
6880.76916990305,4,4.0204816510996739
6876.9122364662,4,4.0117088747972653
6873.05530302935,4,4.0109074759178744
6869.19836959251,4,4.003059016869619
6865.34143615566,4,3.9891454673391826
6861.48450271881,4,3.9842045334635996
6857.62756928196,4,3.974808324243984
6853.77063584512,4,3.9701014610260246
6849.91370240827,4,3.9711717657559356
6846.05676897142,4,3.9694540481317562
6842.19983553457,4,3.9570998471880952
6838.34290209773,4,3.9494603489492341
6834.48596866088,4,3.9483406436523443
6830.62903522403,4,3.9404117819473639
6826.77210178718,4,3.9350123076030896
6822.91516835034,4,3.9354152274097549
6819.05823491349,4,3.9307295900113921
6815.20130147664,4,3.9279561133225656
6811.3443680398,4,3.9182275976965486
6807.48743460295,4,3.9204018518023132
6803.6305011661,4,3.9268116317629196
6799.77356772925,4,3.9218256942641156
6795.91663429241,4,3.9122627370059133
6792.05970085556,4,3.9092405162345436
6788.20276741871,4,3.9003805095149966
6784.34583398186,4,3.8889362730841839
6780.48890054502,4,3.8816072106446398
6776.63196710817,4,3.881385552778446
6772.77503367132,4,3.8849359392553575
6768.91810023448,4,3.8901239717074274
6765.06116679763,4,3.8866587343675256
6761.20423336078,4,3.8773713449512579
6757.34729992393,4,3.8840124192989856
6753.49036648709,4,3.8873038551245687
6749.63343305024,4,3.8845033946485596
6745.77649961339,4,3.8778480606199661
6741.91956617654,4,3.8770332374236105
6738.0626327397,4,3.8837141507247366
6734.20569930285,4,3.8827554368982575
6730.348765866,4,3.8868351287706968
6726.49183242916,4,3.8937844020910055
6722.63489899231,4,3.8943857663247163
6718.77796555546,4,3.8945423536737951
6714.92103211861,4,3.8999363467580204
6711.06409868177,4,3.9023339439288725
6707.20716524492,4,3.9053369560421221
6703.35023180807,4,3.9054433527735846
6699.49329837122,4,3.9037826861662817
6695.63636493438,4,3.9050913520767301
6691.77943149753,4,3.9056921221486367
6687.92249806068,4,3.9083079190044216
6684.06556462384,4,3.9106948943296036
6680.20863118699,4,3.9092598828943621
6676.35169775014,4,3.9072177800081294
6672.49476431329,4,3.9068187407906074
6668.63783087645,4,3.9032896857102637
6664.7808974396,4,3.9026065378368697
6660.92396400275,4,3.901253901571768
6657.0670305659,4,3.8974202268487845
6653.21009712906,4,3.8954768515618139
6649.35316369221,4,3.8928453136437753
6645.49623025536,4,3.8887640732380122
6641.63929681852,4,3.8831849793764031
6637.78236338167,4,3.8811660723321415
6633.92542994482,4,3.8784051803025088
6630.06849650797,4,3.8742989350048171
6626.21156307113,4,3.8675820682203641
6622.35462963428,4,3.8637548888412643
6618.49769619743,4,3.8563084436223929
6614.64076276058,4,3.8501757225581805
6610.78382932374,4,3.8503143952783976
6606.92689588689,4,3.8472313285638995
6603.06996245004,4,3.839093172144465
6599.2130290132,4,3.8301127350642998
6595.35609557635,4,3.8232042380541662
6591.4991621395,4,3.8198372610616294
6587.64222870265,4,3.8114324145153535
6583.78529526581,4,3.8048465118212422
6579.92836182896,4,3.7952458038230787
6576.07142839211,4,3.7861453382305719
6572.21449495526,4,3.7771475140729303
6568.35756151842,4,3.7696997424217513
6564.50062808157,4,3.7592826683678888
6560.64369464472,4,3.7573627347027716
6556.78676120788,4,3.7500689059283285
6552.92982777103,4,3.7402973735669502
6549.07289433418,4,3.7330778411622552
6545.21596089733,4,3.7266268967217875
6541.35902746049,4,3.7210893416472128
6537.50209402364,4,3.7110409276701777
6533.64516058679,4,3.6995065296430028
6529.78822714994,4,3.6950403618631391
6525.9312937131,4,3.6889324772429815
6522.07436027625,4,3.680946305672788
6518.2174268394,4,3.6730897790880688
6514.36049340256,4,3.6666474606889432
6510.50355996571,4,3.6564414781229879
6506.64662652886,4,3.6471707573237748
6502.78969309201,4,3.6373045272485247
6498.93275965517,4,3.6272793412007651
6495.07582621832,4,3.6175154091952422
6491.21889278147,4,3.605249396132808
6487.36195934462,4,3.5931886259671808
6483.50502590778,4,3.5846933962888445
6479.64809247093,4,3.5789105989002579
6475.79115903408,4,3.5707174707655014
6471.93422559724,4,3.5592145653842033
6468.07729216039,4,3.5484171407211029
6464.22035872354,4,3.5350325818445727
6460.36342528669,4,3.5235600133553104
6456.50649184985,4,3.5143210269764946
6452.649558413,4,3.5048651832616411
6448.79262497615,4,3.4906736579038729
6444.9356915393,4,3.4783224698611788
6441.07875810246,4,3.4707329400124287
6437.22182466561,4,3.4592242838819094
6433.36489122876,4,3.4511303665721398
6429.50795779192,4,3.443112797789265
6425.65102435507,4,3.4307206684021025
6421.79409091822,4,3.4164576939236637
6417.93715748137,4,3.4037353846049028
6414.08022404453,4,3.3998622024790377
6410.22329060768,4,3.3987839431261131
6406.36635717083,4,3.3871920794909851
6402.50942373398,4,3.3738224160027612
6398.65249029714,4,3.3637554690360618
6394.79555686029,4,3.3557161544929488
6390.93862342344,4,3.3537197892931943
6387.08168998659,4,3.3455248039867858
6383.22475654975,4,3.3383837101844311
6379.3678231129,4,3.3327008854969637
6375.51088967605,4,3.3273170113284265
6371.6539562392,4,3.3226877487989057
6367.79702280236,4,3.3189416050763212
6363.94008936551,4,3.3130685262059587
6360.08315592866,4,3.307473728270331
6356.22622249182,4,3.3019173225818332
6352.36928905497,4,3.2941323945740324
6348.51235561812,4,3.2872681276525482
6344.65542218127,4,3.2862303983610577
6340.79848874443,4,3.2845594635551452
6336.94155530758,4,3.2771188426554279
6333.08462187073,4,3.2701270229615709
6329.22768843388,4,3.2672982802510848
6325.37075499704,4,3.263464268852148
6321.51382156019,4,3.2588648079372344
6317.65688812334,4,3.2511357792829534
6313.7999546865,4,3.2441064626871747
6309.94302124965,4,3.2391816803470421
6306.0860878128,4,3.2382330244114068
6302.22915437595,4,3.2316188410535021
6298.37222093911,4,3.225816550352044
6294.51528750226,4,3.2226347130059363
6290.65835406541,4,3.2183171470908212
6286.80142062856,4,3.2103870165819952
6282.94448719172,4,3.2052145536620151
6279.08755375487,4,3.1985534826777804
6275.23062031802,4,3.1959593910492901
6271.37368688118,4,3.1894485094286034
6267.51675344433,4,3.1833227305360707
6263.65982000748,4,3.1757795446216308
6259.80288657063,4,3.1698018352809978
6255.94595313379,4,3.1646864925347704
6252.08901969694,4,3.160018903484775
6248.23208626009,4,3.1559238612614147
6244.37515282324,4,3.1520147880077429
6240.5182193864,4,3.1456636956152346
6236.66128594955,4,3.1411942339001935
6232.8043525127,4,3.1349440539903757
6228.94741907586,4,3.1317243813297639
6225.09048563901,4,3.1304651619185826
6221.23355220216,4,3.1267167078485332
6217.37661876531,4,3.1204189455276046
6213.51968532847,4,3.1182251544096715
6209.66275189162,4,3.1165543318081785
6205.80581845477,4,3.1164629238970605
6201.94888501792,4,3.1134060484551442
6198.09195158108,4,3.1111913236716533
6194.23501814423,4,3.1065550663902233
6190.37808470738,4,3.106635703215999
6186.52115127054,4,3.1064197729614929
6182.66421783369,4,3.1057502358385496
6178.80728439684,4,3.1073604836742232
6174.95035095999,4,3.1134274124973409
6171.09341752315,4,3.113309129893608
6167.2364840863,4,3.1092091365741377
6163.37955064945,4,3.1043653290804083
6159.5226172126,4,3.1059909619318047
6155.66568377576,4,3.1100018143655186
6151.80875033891,4,3.1141103177520053
6147.95181690206,4,3.1153260046006199
6144.09488346522,4,3.1195450267263061
6140.23795002837,4,3.1262653350195699
6136.38101659152,4,3.1330581645021764
6132.52408315467,4,3.1351032901203566
6128.66714971783,4,3.1388511887158073
6124.81021628098,4,3.1468500859691639
6120.95328284413,4,3.1471420385324058
6117.09634940728,4,3.1463945651736847
6113.23941597044,4,3.1485029274262799
6109.38248253359,4,3.1480164793572305
6105.52554909674,4,3.1503476046398271
6101.6686156599,4,3.1475106943276279
6097.81168222305,4,3.1406466160119519
6093.9547487862,4,3.1370953457037825
6090.09781534935,4,3.1387910642106367
6086.24088191251,4,3.141572443185058
6082.38394847566,4,3.1454724106575425
6078.52701503881,4,3.1464965881036022
6074.67008160196,4,3.1496356397328356
6070.81314816512,4,3.1483962844330344
6066.95621472827,4,3.1538927727874917
6063.09928129142,4,3.1583833946248685
6059.24234785458,4,3.1599035982034689
6055.38541441773,4,3.1622295864805121
6051.52848098088,4,3.1666955438356537
6047.67154754403,4,3.1709166645673483
6043.81461410719,4,3.1791736976005014
6039.95768067034,4,3.1852017362695078
6036.10074723349,4,3.1921635206640246
6032.24381379664,4,3.1992001298981374
6028.3868803598,4,3.2077313522589641
6024.52994692295,4,3.2120944074154334
6020.6730134861,4,3.2234560337351184
6016.81608004926,4,3.2258979925252591
6012.95914661241,4,3.2336554325644395
6009.10221317556,4,3.2436680995605873
6005.24527973871,4,3.2550097122591852
6001.38834630187,4,3.2673586235931991
5997.53141286502,4,3.280913866407249
5993.67447942817,4,3.3037951054180081
5989.81754599132,4,3.3213567317622577
5985.96061255448,4,3.3344392894355357
5982.10367911763,4,3.3518507005398126
5978.24674568078,4,3.3651744635047534
5974.38981224394,4,3.381088542486606
5970.53287880709,4,3.3933308104933726
5966.67594537024,4,3.3984628467581315
5962.81901193339,4,3.4031058088965822
5958.96207849655,4,3.4148308841936741
5955.1051450597,4,3.4265894163212027
5951.24821162285,4,3.4364130640094053
5947.391278186,4,3.4435514279506965
5943.53434474916,4,3.4534561547152607
5939.67741131231,4,3.4615549725374648
5935.82047787546,4,3.4702092082838991
5931.96354443862,4,3.4801493646465
5928.10661100177,4,3.4893206882467553
5924.24967756492,4,3.4917395181474542
5920.39274412807,4,3.4949619270792169
5916.53581069123,4,3.4953419083954973
5912.67887725438,4,3.4967953199235895
5908.82194381753,4,3.4940469530569107
5904.96501038068,4,3.4912698349334739
5901.10807694384,4,3.4849815703469686
5897.25114350699,4,3.4822637874637241
5893.39421007014,4,3.4874860060343629
5889.5372766333,4,3.4971424297462885
5885.68034319645,4,3.5000845295297269
5881.8234097596,4,3.5025839053817593
5877.96647632275,4,3.5053298093376881
5874.10954288591,4,3.5078328944104182
5870.25260944906,4,3.5051571212050909
5866.39567601221,4,3.4955326935478164
5862.53874257536,4,3.4826124631912094
5858.68180913852,4,3.4680473698530614
5854.82487570167,4,3.4465632443899086
5850.96794226482,4,3.428568219434633
5847.11100882798,4,3.4156695362801832
5843.25407539113,4,3.4065239342520082
5839.39714195428,4,3.4044286994807935
5835.54020851743,4,3.4099741520795428
5831.68327508059,4,3.4156017028002599
5827.82634164374,4,3.4239232365195305
5823.96940820689,4,3.4317791756318021
5820.11247477004,4,3.4396431147026609
5816.2555413332,4,3.447200739586842
5812.39860789635,4,3.4620452135586408
5808.5416744595,4,3.4741152871614585
5804.68474102266,4,3.4815784841727933
5800.82780758581,4,3.4900257873302265
5796.97087414896,4,3.4987691133194772
5793.11394071211,4,3.512110683355496
5789.25700727527,4,3.5230998717244679
5785.40007383842,4,3.5266967196854164
5781.54314040157,4,3.5357360598087713
5777.68620696472,4,3.5449506111626348
5773.82927352788,4,3.5500794200645056
5769.97234009103,4,3.5525241429702348
5766.11540665418,4,3.5519878682518247
5762.25847321733,4,3.5529195064251429
5758.40153978049,4,3.5536730202708284
5754.54460634364,4,3.5468534525282349
5750.68767290679,4,3.5441874703370866
5746.83073946995,4,3.5391734130688892
5742.9738060331,4,3.5302224005038041
5739.11687259625,4,3.5187657283190146
5735.2599391594,4,3.5061214582703109
5731.40300572256,4,3.4883114841674465
5727.54607228571,4,3.4718007961451072
5723.68913884886,4,3.4510638684610973
5719.83220541201,4,3.4243657151158846
5715.97527197517,4,3.4000731682578085
5712.11833853832,4,3.387983016347571
5708.26140510147,4,3.370442907031316
5704.40447166463,4,3.3525578198952082
5700.54753822778,4,3.3407059014087124
5696.69060479093,4,3.3329486396521792
5692.83367135408,4,3.3288711524677757
5688.97673791724,4,3.3244630173956726
5685.11980448039,4,3.3212746182920636
5681.26287104354,4,3.3285339401858018
5677.40593760669,4,3.333528216118645
5673.54900416985,4,3.3400823510241708
5669.692070733,4,3.3481952147302971
5665.83513729615,4,3.3551287864250305
5661.97820385931,4,3.3542709110186468
5658.12127042246,4,3.3468904333522551
5654.26433698561,4,3.347000210617487
5650.40740354876,4,3.3475158889255399
5646.55047011192,4,3.3472337930549854
5642.69353667507,4,3.3429814139232219
5638.83660323822,4,3.3439858565067522
5634.97966980137,4,3.3461059677084508
5631.12273636453,4,3.3480338408490029
5627.26580292768,4,3.3461923500513793
5623.40886949083,4,3.347053050751053
5619.55193605399,4,3.3483621699524635
5615.69500261714,4,3.3551165738212743
5611.83806918029,4,3.3647276736877472
5607.98113574344,4,3.3719676868643642
5604.1242023066,4,3.3932464176566688
5600.26726886975,4,3.4097042987313664
5596.4103354329,4,3.4195592157443908
5592.55340199605,4,3.4230513819235591
5588.69646855921,4,3.4307384679903938
5584.83953512236,4,3.4488520748044653
5580.98260168551,4,3.4673361065986636
5577.12566824867,4,3.482567006879723
5573.26873481182,4,3.4851202118408926
5569.41180137497,4,3.494380961471875
5565.55486793812,4,3.5066064168764592
5561.69793450128,4,3.5101458591741608
5557.84100106443,4,3.5165888429830248
5553.98406762758,4,3.5558761594690731
5550.12713419073,4,3.5704104055548487
5546.27020075389,4,3.5531620993865536
5542.41326731704,4,3.5328131503553575
5538.55633388019,4,3.5704629302022157
5534.69940044334,4,3.5897980548497443
5530.8424670065,4,3.560544965851776
5526.98553356965,4,3.5610105826460812
5523.1286001328,4,3.6080063559223854
5519.27166669596,4,3.627923310793765
5515.41473325911,4,3.5963991614257438
5511.55779982226,4,3.5936954136430628
5507.70086638541,4,3.6670250827094364
5503.84393294857,4,3.6264891189570427
5499.98699951172,4,3.5871478374283816
5496.13006607487,4,3.6652003863444618
5492.27313263802,4,3.7883927853287194
5488.41619920118,4,3.7125989030220072
5484.55926576433,4,3.5584728793577338
5480.70233232748,4,3.5254742940630699
5476.84539889064,4,3.6712099099259716
5472.98846545379,4,3.6832501969891274
5469.13153201694,4,3.6408725124501098
5465.27459858009,4,3.6871375339771264
5461.41766514325,4,3.6809566498279462
5457.5607317064,4,3.619866848044814
5453.70379826955,4,3.5681164058418755
5449.8468648327,4,3.6761281427694348
5445.98993139586,4,3.7863620793426112
5442.13299795901,4,3.7502074431442711
5438.27606452216,4,3.6390914565345724
5434.41913108532,4,3.6630130962199976
5430.56219764847,4,3.7338794930064862
5426.70526421162,4,3.6553459111832796
5422.84833077477,4,3.4708498503915743
5418.99139733793,4,3.4751874689688251
5415.13446390108,4,3.6831439116530227
5411.27753046423,4,3.8314853976123207
5407.42059702738,4,3.6223866956049449
5403.56366359054,4,3.4952520861059022
5399.70673015369,4,3.4999905029468978
5395.84979671684,4,3.6330001588196055
5391.99286328,4,3.60557433324625
5388.13592984315,4,3.5819996168470283
5384.2789964063,4,3.6135066699715779
5380.42206296945,4,3.5836462219605165
5376.56512953261,4,3.7149883588010706
5372.70819609576,4,3.6370509194502736
5368.85126265891,4,3.5432262338841136
5364.99432922206,4,3.6408546287229084
5361.13739578522,4,3.651505711738269
5357.28046234837,4,3.7151036586059565
5353.42352891152,4,3.9230048375879152
5349.56659547468,4,3.9049069776660748
5345.70966203783,4,3.9962900989603893
5341.85272860098,4,4.0255037889995249
5337.99579516413,4,4.0220021578646765
5334.13886172729,4,3.9375170846294805
5330.28192829044,4,3.9209977218238219
5326.42499485359,4,3.9580470494381803
5322.56806141674,4,3.8889771502964061
5318.7111279799,4,3.9279103953753767
5314.85419454305,4,3.9912089773053419
5310.9972611062,4,4.0574715629550173
5307.14032766935,4,4.1599635824089791
5303.28339423251,4,4.1989229679750153
5299.42646079566,4,4.2246170215361021
5295.56952735881,4,4.2744511264496348
5291.71259392197,4,4.3938471639370746
5287.85566048512,4,4.4889601329804218
5283.99872704827,4,4.5297069435632853
5280.14179361142,4,4.5737170703945882
5276.28486017458,4,4.5681971729824173
5272.42792673773,4,4.6440480768088888
5268.57099330088,4,4.7776859811964743
5264.71405986403,4,4.9071856736949018
5260.85712642719,4,4.8944290424329093
5257.00019299034,4,4.8919344624375842
5253.14325955349,4,4.9407009289194832
5249.28632611665,4,5.0338740543766338
5245.4293926798,4,5.0866951350446614
5241.57245924295,4,4.9946374028510432
5237.7155258061,4,4.9656153090204516
5233.85859236926,4,5.016159363766052
5230.00165893241,4,5.0600739695888368
5226.14472549556,4,5.0873781703952634
5222.28779205871,4,5.0550399661627576
5218.43085862187,4,5.0122820635731093
5214.57392518502,4,4.9890479472685829
5210.71699174817,4,5.0443550775079471
5206.86005831133,4,5.1199611043392519
5203.00312487448,4,5.0066470723967074
5199.14619143763,4,4.97667608261282
5195.28925800078,4,4.9742321855737233
5191.43232456394,4,4.9456087793573591
5187.57539112709,4,4.96326324685388
5183.71845769024,4,4.9442693306020713
5179.86152425339,4,4.9073842274303949
5176.00459081655,4,4.8834938915799331
5172.1476573797,4,4.869922669788509
5168.29072394285,4,4.8573884467698383
5164.43379050601,4,4.8497341307915161
5160.57685706916,4,4.8453275768416866
5156.71992363231,4,4.8377485527252961
5152.86299019546,4,4.8073813899952427
5149.00605675862,4,4.768553450499315
5145.14912332177,4,4.7614054365978271
5141.29218988492,4,4.7602532226801939
5137.43525644807,4,4.7453227052573963
5133.57832301123,4,4.7356105670529436
5129.72138957438,4,4.7248846782770269
5125.86445613753,4,4.7123522994521956
5122.00752270069,4,4.7200520517411473
5118.15058926384,4,4.7270022034134547
5114.29365582699,4,4.7226206261469068
5110.43672239014,4,4.7146660112320378
5106.5797889533,4,4.7149555917611199
5102.72285551645,4,4.7187959047641481
5098.8659220796,4,4.7329767615539318
5095.00898864275,4,4.7445377269122844
5091.15205520591,4,4.755385938723462
5087.29512176906,4,4.7637463906256023
5083.43818833221,4,4.782734396121695
5079.58125489536,4,4.8044168099021762
5075.72432145852,4,4.8335537612784494
5071.86738802167,4,4.8562084757616404
5068.01045458482,4,4.875313740943418
5064.15352114798,4,4.8935658332958347
5060.29658771113,4,4.9121779941764769
5056.43965427428,4,4.9265461042543297
5052.58272083743,4,4.9436691899008931
5048.72578740059,4,4.9550432211357034
5044.86885396374,4,4.9612100323208219
5041.01192052689,4,4.9598184506250158
5037.15498709004,4,4.9596306791289502
5033.2980536532,4,4.9549440177202158
5029.44112021635,4,4.9515720711460762
5025.5841867795,4,4.9421297458445057
5021.72725334266,4,4.9318246636183565
5017.87031990581,4,4.9145119097250252
5014.01338646896,4,4.9030540645357803
5010.15645303211,4,4.8886352283929959
5006.29951959527,4,4.874484897713379
5002.44258615842,4,4.8562965759990409
4998.58565272157,4,4.84677200822847
4994.72871928472,4,4.8343740071930625
4990.87178584788,4,4.826539887604004
4987.01485241103,4,4.8179540867989488
4983.15791897418,4,4.8149041071602987
4979.30098553734,4,4.8098325112143305
4975.44405210049,4,4.8137936034100104
4971.58711866364,4,4.817968085819234
4967.73018522679,4,4.8231322732396826
4963.87325178995,4,4.822922160046927
4960.0163183531,4,4.8242490688154449
4956.15938491625,4,4.829272141450347
4952.3024514794,4,4.8370496389391491
4948.44551804256,4,4.8391561707742419
4944.58858460571,4,4.8393597382127629
4940.73165116886,4,4.8361787675824059
4936.87471773202,4,4.837510471487815
4933.01778429517,4,4.835568166182866
4929.16085085832,4,4.8336414143191408
4925.30391742147,4,4.8265642988471038
4921.44698398463,4,4.818868293294341
4917.59005054778,4,4.8092140332458406
4913.73311711093,4,4.7989516918819124
4909.87618367408,4,4.782899784901181
4906.01925023724,4,4.7736040004690246
4902.16231680039,4,4.7627798055918369
4898.30538336354,4,4.7517738695379936
4894.4484499267,4,4.7330296308747588
4890.59151648985,4,4.7141716831350511
4886.734583053,4,4.6942377376055422
4882.87764961615,4,4.6797828491891735
4879.02071617931,4,4.6597727439361414
4875.16378274246,4,4.6372302054514876
4871.30684930561,4,4.6070067836296857
4867.44991586876,4,4.5781265146496573
4863.59298243192,4,4.541976348195929
4859.73604899507,4,4.5052750416562164
4855.87911555822,4,4.4659089160127827
4852.02218212137,4,4.427299135748604
4848.16524868453,4,4.3828606590349004
4844.30831524768,4,4.3372586830028634
4840.45138181083,4,4.2903153197513895
4836.59444837399,4,4.2516440448306279
4832.73751493714,4,4.2143937223762791
4828.88058150029,4,4.177344827464351
4825.02364806344,4,4.1369476614364382
4821.1667146266,4,4.1038795046904024
4817.30978118975,4,4.0723132292750241
4813.4528477529,4,4.0471287660421318
4809.59591431605,4,4.0224261404504489
4805.73898087921,4,4.0006517144041736
4801.88204744236,4,3.9779806797349657
4798.02511400551,4,3.9626988281087847
4794.16818056867,4,3.9472028971770321
4790.31124713182,4,3.935425269322776
4786.45431369497,4,3.9241623195673765
4782.59738025812,4,3.9178702201658409
4778.74044682128,4,3.9134689077477454
4774.88351338443,4,3.9118951678852518
4771.02657994758,4,3.9059578790536147
4767.16964651073,4,3.9075490618338984
4763.31271307389,4,3.9081357037189521
4759.45577963704,4,3.9140744949339332
4755.59884620019,4,3.9180077449745419
4751.74191276335,4,3.926643445652827
4747.8849793265,4,3.9329698999498897
4744.02804588965,4,3.9409289992387455
4740.1711124528,4,3.9474491828139326
4736.31417901596,4,3.9612177102947221
4732.45724557911,4,3.9737511856178274
4728.60031214226,4,3.9873638906457542
4724.74337870541,4,3.9965073358009175
4720.88644526857,4,4.0106199105568168
4717.02951183172,4,4.0242166017926824
4713.17257839487,4,4.0401539857835296
4709.31564495803,4,4.0560650206476865
4705.45871152118,4,4.0773851318590895
4701.60177808433,4,4.0941149491275288
4697.74484464748,4,4.1110951081962668
4693.88791121064,4,4.1284513635786286
4690.03097777379,4,4.1524366168163303
4686.17404433694,4,4.1746720355348588
4682.31711090009,4,4.1985302409122038
4678.46017746325,4,4.2185269906549347
4674.6032440264,4,4.2377757336046011
4670.74631058955,4,4.2586327841174683
4666.88937715271,4,4.2838472046593186
4663.03244371586,4,4.3084870648734341
4659.17551027901,4,4.3367068019639694
4655.31857684216,4,4.3629874010714058
4651.46164340532,4,4.398251050315908
4647.60470996847,4,4.4324816468259636
4643.74777653162,4,4.4716642029227742
4639.89084309477,4,4.5084887170783299
4636.03390965793,4,4.5476559396423974
4632.17697622108,4,4.5785498358053633
4628.32004278423,4,4.6101869090734473
4624.46310934739,4,4.6366703941739686
4620.60617591054,4,4.6675658618025295
4616.74924247369,4,4.6958912780323949
4612.89230903684,4,4.7210984952663759
4609.0353756,4,4.7362823526031557
4605.17844216315,4,4.7560734748870965
4601.3215087263,4,4.7695395172560326
4597.46457528945,4,4.7874104260195045
4593.60764185261,4,4.8031486475380802
4589.75070841576,4,4.8203677770954965
4585.89377497891,4,4.8366825393753006
4582.03684154207,4,4.853583904581356
4578.17990810522,4,4.8645498365862485
4574.32297466837,4,4.8761935500238298
4570.46604123152,4,4.8825679391163455
4566.60910779468,4,4.8931849160553833
4562.75217435783,4,4.9048202103892082
4558.89524092098,4,4.9172797612541892
4555.03830748413,4,4.9314198626902153
4551.18137404729,4,4.9474106758331216
4547.32444061044,4,4.9584836034203095
4543.46750717359,4,4.9699042659453374
4539.61057373675,4,4.9763826509537203
4535.7536402999,4,4.984776761240215
4531.89670686305,4,4.9883553330916754
4528.0397734262,4,4.9873108978029697
4524.18283998936,4,4.9782601780545779
4520.32590655251,4,4.9773478080031319
4516.46897311566,4,4.9738896307550782
4512.61203967881,4,4.9729979147927059
4508.75510624197,4,4.9617788395319469
4504.89817280512,4,4.9495342762960552
4501.04123936827,4,4.9375278088907759
4497.18430593143,4,4.9294091330663781
4493.32737249458,4,4.9180474502491771
4489.47043905773,4,4.907410794764119
4485.61350562088,4,4.8908709456153527
4481.75657218404,4,4.8752731159684881
4477.89963874719,4,4.8568369033282908
4474.04270531034,4,4.8412269285830227
4470.18577187349,4,4.8279467828274285
4466.32883843665,4,4.8158269767209942
4462.4719049998,4,4.7927177016284634
4458.61497156295,4,4.7672474292852662
4454.75803812611,4,4.7368336773530153
4450.90110468926,4,4.7119553599494433
4447.04417125241,4,4.6831332566562667
4443.18723781556,4,4.6610559776665221
4439.33030437872,4,4.6391339261447451
4435.47337094187,4,4.627684579102314
4431.61643750502,4,4.6179057416850391
4427.75950406817,4,4.6195223240972432
4423.90257063133,4,4.6181027330938722
4420.04563719448,4,4.6171440950262141
4416.18870375763,4,4.6087524918397396
4412.33177032078,4,4.6053310379260797
4408.47483688394,4,4.5928084889420813
4404.61790344709,4,4.5894285607054872
4400.76097001024,4,4.584618518551248
4396.9040365734,4,4.5796961982874178
4393.04710313655,4,4.5653706752778662
4389.1901696997,4,4.5549013408782626
4385.33323626285,4,4.5403537920771946
4381.47630282601,4,4.5264509697846247
4377.61936938916,4,4.503998408561956
4373.76243595231,4,4.4858112692201022
4369.90550251546,4,4.4690485997410345
4366.04856907862,4,4.4611847958950914
4362.19163564177,4,4.4475050040146433
4358.33470220492,4,4.4386696846412406
4354.47776876808,4,4.4254770649916386
4350.62083533123,4,4.4176177441863462
4346.76390189438,4,4.4050359181729606
4342.90696845753,4,4.401054849680925
4339.05003502069,4,4.3933977537572497
4335.19310158384,4,4.39614495655821
4331.33616814699,4,4.4015374633335442
4327.47923471014,4,4.4172923505195447
4323.6223012733,4,4.4225714916975232
4319.76536783645,4,4.4302266044631482
4315.9084343996,4,4.4360126569165965
4312.05150096276,4,4.4437697127774864
4308.19456752591,4,4.4428297519203674
4304.33763408906,4,4.4524691538304246
4300.48070065221,4,4.4599852373394668
4296.62376721537,4,4.4746246912169214
4292.76683377852,4,4.4850441560815009
4288.90990034167,4,4.5013345230180741
4285.05296690482,4,4.51654538980093
4281.19603346798,4,4.5440887535777241
4277.33910003113,4,4.5689842808123
4273.48216659428,4,4.6015513414962683
4269.62523315744,4,4.6188815659296436
4265.76829972059,4,4.6302115098549468
4261.91136628374,4,4.6333342778112181
4258.05443284689,4,4.6392166970283366
4254.19749941005,4,4.6334008391217463
4250.3405659732,4,4.6303410730664147
4246.48363253635,4,4.6268981695428133
4242.6266990995,4,4.6316791275591926
4238.76976566266,4,4.6323849381770872
4234.91283222581,4,4.6424716351933446
4231.05589878896,4,4.6473434157434363
4227.19896535212,4,4.6543567496570359
4223.34203191527,4,4.654411681442415
4219.48509847842,4,4.6552251614594313
4215.62816504157,4,4.6456516510232415
4211.77123160473,4,4.6394040603115894
4207.91429816788,4,4.6318865132962035
4204.05736473103,4,4.6294728797019022
4200.20043129418,4,4.6181012321570858
4196.34349785734,4,4.6104711259688962
4192.48656442049,4,4.5957304995580239
4188.62963098364,4,4.5821386639591974
4184.7726975468,4,4.5615585486689447
4180.91576410995,4,4.5473396032189823
4177.0588306731,4,4.526874100644414
4173.20189723625,4,4.5133295326780427
4169.34496379941,4,4.4951095301863813
4165.48803036256,4,4.4823758696410785
4161.63109692571,4,4.4669657058154462
4157.77416348886,4,4.4578958487433153
4153.91723005202,4,4.441534625320875
4150.06029661517,4,4.4322438597531617
4146.20336317832,4,4.4193249371515098
4142.34642974148,4,4.4127348572841267
4138.48949630463,4,4.4009128058766578
4134.63256286778,4,4.3968513784593384
4130.77562943093,4,4.3886085769556269
4126.91869599409,4,4.383781642848672
4123.06176255724,4,4.3801776011353963
4119.20482912039,4,4.3758560981661159
4115.34789568354,4,4.3642980716730415
4111.4909622467,4,4.3652300473852561
4107.63402880985,4,4.3742632941400776
4103.777095373,4,4.3731916951030518
4099.92016193616,4,4.3492396216460607
4096.06322849931,4,4.3392897365792216
4092.20629506246,4,4.3281293957270641
4088.34936162561,4,4.3349399331475791
4084.49242818877,4,4.3295274054025779
4080.63549475192,4,4.3366874967776301
4076.77856131507,4,4.3326091341295623
4072.92162787822,4,4.324113198344298
4069.06469444138,4,4.3118684112717514
4065.20776100453,4,4.3094175662518612
4061.35082756768,4,4.3045016614312184
4057.49389413083,4,4.2997309488900024
4053.63696069399,4,4.2794374138424995
4049.78002725714,4,4.2681315719257995
4045.92309382029,4,4.2572624368826499
4042.06616038345,4,4.2313051387447995
4038.2092269466,4,4.1894875604419441
4034.35229350975,4,4.173684854703442
4030.4953600729,4,4.1504176436781357
4026.63842663606,4,4.1423204521122976
4022.78149319921,4,4.1185338398873377
4018.92455976236,4,4.1040557118749073
4015.06762632551,4,4.0853553520069479
4011.21069288867,4,4.0869732815852524
4007.35375945182,4,4.0786634236401902
4003.49682601497,4,4.0612609658761345
3999.63989257813,4,4.0474933997635114
10001.0283203125,5,6.8425309840920949
9997.17138687565,5,6.8486751382782085
9993.31445343881,5,6.8468505455821429
9989.45752000196,5,6.8473999587655126
9985.60058656511,5,6.8523445669590082
9981.74365312826,5,6.846715321791593
9977.88671969142,5,6.8476689344307742
9974.02978625457,5,6.8559505489827659
9970.17285281772,5,6.8524236259322278
9966.31591938088,5,6.853959411288348
9962.45898594403,5,6.8457375702204386
9958.60205250718,5,6.8392612464001887
9954.74511907033,5,6.8401138479098478
9950.88818563349,5,6.829688182635465
9947.03125219664,5,6.8249501610315928
9943.17431875979,5,6.8399416408428309
9939.31738532294,5,6.8398594908447805
9935.4604518861,5,6.8425255335034789
9931.60351844925,5,6.8375999965069276
9927.7465850124,5,6.835472425159197
9923.88965157556,5,6.835399877934476
9920.03271813871,5,6.8375414550782656
9916.17578470186,5,6.8408214442126978
9912.31885126501,5,6.8313428581966296
9908.46191782817,5,6.8232079219387183
9904.60498439132,5,6.8247801151967904
9900.74805095447,5,6.8152744578496955
9896.89111751762,5,6.8167809893318232
9893.03418408078,5,6.8239345775900029
9889.17725064393,5,6.8344487367143678
9885.32031720708,5,6.8401551138458281
9881.46338377024,5,6.8349006513378159
9877.60645033339,5,6.8282069756347461
9873.74951689654,5,6.823491238869547
9869.89258345969,5,6.8227371302608084
9866.03565002284,5,6.8303872014581604
9862.178716586,5,6.8275806411238289
9858.32178314915,5,6.8195898417450218
9854.4648497123,5,6.8064657494556844
9850.60791627546,5,6.805481289302314
9846.75098283861,5,6.8048230493617288
9842.89404940176,5,6.81177183659028
9839.03711596492,5,6.8087371409242472
9835.18018252807,5,6.7971636482188948
9831.32324909122,5,6.807386101878234
9827.46631565437,5,6.8206689042539121
9823.60938221752,5,6.8153528921075743
9819.75244878068,5,6.7980791275578252
9815.89551534383,5,6.7908576238347242
9812.03858190698,5,6.7882873301996902
9808.18164847014,5,6.7895003307492576
9804.32471503329,5,6.7938092586162568
9800.46778159644,5,6.7921791961514915
9796.6108481596,5,6.7922527006967783
9792.75391472275,5,6.7845478982418435
9788.8969812859,5,6.7806654691090085
9785.04004784905,5,6.7918289910503642
9781.1831144122,5,6.7939142830279184
9777.32618097536,5,6.7869842774141391
9773.46924753851,5,6.785760953572483
9769.61231410166,5,6.782005134220201
9765.75538066482,5,6.783404619862198
9761.89844722797,5,6.7784736605001221
9758.04151379112,5,6.7628332553882284
9754.18458035428,5,6.7720531464997631
9750.32764691743,5,6.7910174959480969
9746.47071348058,5,6.7842611298624433
9742.61378004373,5,6.7712502217934496
9738.75684660688,5,6.7698258409625458
9734.89991317004,5,6.771523998634974
9731.04297973319,5,6.764056233425821
9727.18604629634,5,6.7590113434348584
9723.3291128595,5,6.7558900642927551
9719.47217942265,5,6.7534748324247982
9715.6152459858,5,6.7570259764555782
9711.75831254896,5,6.7589404750478197
9707.90137911211,5,6.7491314434576299
9704.04444567526,5,6.7433733092298054
9700.18751223841,5,6.737102298183121
9696.33057880156,5,6.7358515469733824
9692.47364536472,5,6.7325723184992485
9688.61671192787,5,6.7416617152532208
9684.75977849102,5,6.7427750556670336
9680.90284505418,5,6.731783864156812
9677.04591161733,5,6.7264710012713396
9673.18897818048,5,6.7275959102439247
9669.33204474363,5,6.7196034847438799
9665.47511130679,5,6.7108568026081228
9661.61817786994,5,6.7110040311505861
9657.76124443309,5,6.7150076420192235
9653.90431099624,5,6.7199338926466075
9650.0473775594,5,6.7174659284708138
9646.19044412255,5,6.7033135141031774
9642.3335106857,5,6.7041325733955777
9638.47657724886,5,6.7104713820937274
9634.61964381201,5,6.7061038203840617
9630.76271037516,5,6.6926613788096843
9626.90577693831,5,6.686178984837893
9623.04884350147,5,6.6874211804837351
9619.19191006462,5,6.6983805881147394
9615.33497662777,5,6.6997850797484624
9611.47804319092,5,6.6912806034701546
9607.62110975408,5,6.6849916451605216
9603.76417631723,5,6.6853867983394322
9599.90724288038,5,6.6806837688538581
9596.05030944354,5,6.6819263241926983
9592.19337600669,5,6.6878335155927582
9588.33644256984,5,6.6786024043688741
9584.47950913299,5,6.6702730139286137
9580.62257569615,5,6.6675105642349441
9576.7656422593,5,6.6593934436176845
9572.90870882245,5,6.6574097254579092
9569.0517753856,5,6.6587709465121483
9565.19484194876,5,6.6643129678016795
9561.33790851191,5,6.6609119179163558
9557.48097507506,5,6.6549617399334604
9553.62404163822,5,6.6574227994553974
9549.76710820137,5,6.6520052299791157
9545.91017476452,5,6.6460522714904764
9542.05324132767,5,6.6530153499292224
9538.19630789083,5,6.6532308348337885
9534.33937445398,5,6.6475978705367567
9530.48244101713,5,6.6407228821008468
9526.62550758028,5,6.6401243487206791
9522.76857414344,5,6.6467195349027106
9518.91164070659,5,6.6428385206072669
9515.05470726974,5,6.6318556731229208
9511.1977738329,5,6.6293580571291892
9507.34084039605,5,6.6348341038155176
9503.4839069592,5,6.6358100321674289
9499.62697352235,5,6.633410334564017
9495.77004008551,5,6.6323778769015727
9491.91310664866,5,6.6304843967003491
9488.05617321181,5,6.6262363291983526
9484.19923977496,5,6.6115108067914283
9480.34230633812,5,6.6184549281609169
9476.48537290127,5,6.6284461074678056
9472.62843946442,5,6.6232024530555975
9468.77150602758,5,6.6170889069854955
9464.91457259073,5,6.6212649866336344
9461.05763915388,5,6.6280946264875737
9457.20070571703,5,6.62831023543042
9453.34377228019,5,6.6211304482926154
9449.48683884334,5,6.6150791359463037
9445.62990540649,5,6.6122243050362233
9441.77297196964,5,6.610424910702525
9437.9160385328,5,6.6125342962108489
9434.05910509595,5,6.6029419135880421
9430.2021716591,5,6.5988724445869389
9426.34523822226,5,6.6000388668334207
9422.48830478541,5,6.601959610638982
9418.63137134856,5,6.6067688940577671
9414.77443791171,5,6.5991368466192171
9410.91750447487,5,6.5890336818067929
9407.06057103802,5,6.5950735917715004
9403.20363760117,5,6.5990527198574025
9399.34670416432,5,6.5976617625588752
9395.48977072748,5,6.597462118646928
9391.63283729063,5,6.5912375120207294
9387.77590385378,5,6.5893056407539996
9383.91897041694,5,6.5821918273203686
9380.06203698009,5,6.5768102676889271
9376.20510354324,5,6.5809469867472279
9372.34817010639,5,6.5823207113262026
9368.49123666955,5,6.5791003811305515
9364.6343032327,5,6.5804439339234042
9360.77736979585,5,6.5837937510100968
9356.920436359,5,6.5848986142459447
9353.06350292216,5,6.5759685228235769
9349.20656948531,5,6.5754164189607742
9345.34963604846,5,6.5753284876782541
9341.49270261162,5,6.5749466009522104
9337.63576917477,5,6.5738858019009268
9333.77883573792,5,6.5699631186929039
9329.92190230107,5,6.5716905472523335
9326.06496886423,5,6.5692189626775583
9322.20803542738,5,6.5655245251378176
9318.35110199053,5,6.5620291474360117
9314.49416855368,5,6.558194471132504
9310.63723511684,5,6.5547188536073513
9306.78030167999,5,6.552927684729398
9302.92336824314,5,6.5595010319732587
9299.0664348063,5,6.5665288282756062
9295.20950136945,5,6.5604752483611364
9291.3525679326,5,6.5552501352217387
9287.49563449575,5,6.5458291010114475
9283.63870105891,5,6.5451473552537758
9279.78176762206,5,6.5529289591005115
9275.92483418521,5,6.5472630163229963
9272.06790074836,5,6.5443457709405841
9268.21096731152,5,6.5500072957485909
9264.35403387467,5,6.5504532124840456
9260.49710043782,5,6.5392418130070062
9256.64016700098,5,6.5353341285097013
9252.78323356413,5,6.5393888183343636
9248.92630012728,5,6.540502303614768
9245.06936669043,5,6.540071445584295
9241.21243325358,5,6.5389281452002219
9237.35549981674,5,6.5332773962335233
9233.49856637989,5,6.5309857969701515
9229.64163294304,5,6.529625207503873
9225.7846995062,5,6.5240022935808391
9221.92776606935,5,6.5176300546430932
9218.0708326325,5,6.5199815547421398
9214.21389919565,5,6.5237324466390252
9210.35696575881,5,6.526091134195954
9206.50003232196,5,6.5267683819318369
9202.64309888511,5,6.5255443434975824
9198.78616544826,5,6.5174315615116551
9194.92923201142,5,6.5094957836997587
9191.07229857457,5,6.5154916239435918
9187.21536513772,5,6.5195863256623339
9183.35843170088,5,6.5061933495424347
9179.50149826403,5,6.5001241156408813
9175.64456482718,5,6.4981782759921174
9171.78763139033,5,6.5011191806727391
9167.93069795349,5,6.4979006169192068
9164.07376451664,5,6.4925857032408212
9160.21683107979,5,6.4927341753409227
9156.35989764294,5,6.4957108041628846
9152.5029642061,5,6.4946669333598255
9148.64603076925,5,6.490112034244639
9144.7890973324,5,6.4879269949062071
9140.93216389556,5,6.493334073919578
9137.07523045871,5,6.4918753737726078
9133.21829702186,5,6.4848036223948382
9129.36136358501,5,6.4900546126045686
9125.50443014817,5,6.4994856878295515
9121.64749671132,5,6.4938141787069066
9117.79056327447,5,6.4914023105055625
9113.93362983762,5,6.4890437082689791
9110.07669640078,5,6.4875581558178848
9106.21976296393,5,6.4889177687061723
9102.36282952708,5,6.4859735772551579
9098.50589609024,5,6.4879442467138215
9094.64896265339,5,6.4802305691483548
9090.79202921654,5,6.4711537250815896
9086.93509577969,5,6.4749209109412513
9083.07816234285,5,6.478248796769412
9079.221228906,5,6.4790786472159843
9075.36429546915,5,6.4729094427204616
9071.5073620323,5,6.4702140947108839
9067.65042859546,5,6.4643905659692402
9063.79349515861,5,6.4638193615620194
9059.93656172176,5,6.4671176823914429
9056.07962828492,5,6.4678152003158189
9052.22269484807,5,6.4633648428857153
9048.36576141122,5,6.4614794455018165
9044.50882797437,5,6.4588560462325715
9040.65189453753,5,6.4658068940988089
9036.79496110068,5,6.4678371510685064
9032.93802766383,5,6.4642657021103052
9029.08109422698,5,6.46087181883059
9025.22416079014,5,6.4635074750946302
9021.36722735329,5,6.4634836813196666
9017.51029391644,5,6.4650943106052017
9013.6533604796,5,6.4621391677443425
9009.79642704275,5,6.459866976943438
9005.9394936059,5,6.4604366315854769
9002.08256016905,5,6.4611006164038312
8998.22562673221,5,6.4552980647682903
8994.36869329536,5,6.4511829972529338
8990.51175985851,5,6.4482513320981312
8986.65482642166,5,6.45589381887262
8982.79789298482,5,6.4606313844852608
8978.94095954797,5,6.4612413722450439
8975.08402611112,5,6.4617813958837651
8971.22709267428,5,6.4604245841186234
8967.37015923743,5,6.4609257819405803
8963.51322580058,5,6.4607740660432817
8959.65629236373,5,6.4655388709307164
8955.79935892689,5,6.4821807931885358
8951.94242549004,5,6.4805003832369259
8948.08549205319,5,6.472181531246382
8944.22855861634,5,6.4657910905597484
8940.3716251795,5,6.4742026312193035
8936.51469174265,5,6.4750377149580354
8932.6577583058,5,6.4726174842449824
8928.80082486896,5,6.4727881314987288
8924.94389143211,5,6.4790184311113217
8921.08695799526,5,6.4741208987053014
8917.23002455841,5,6.4801674804480687
8913.37309112157,5,6.4962908024872394
8909.51615768472,5,6.5024152777395017
8905.65922424787,5,6.4843487761441825
8901.80229081102,5,6.4803953349611181
8897.94535737418,5,6.4918528582449264
8894.08842393733,5,6.4847901471528369
8890.23149050048,5,6.4762129519967733
8886.37455706364,5,6.4921103711415755
8882.51762362679,5,6.4985207835885266
8878.66069018994,5,6.4893231259476476
8874.80375675309,5,6.4834100119678251
8870.94682331625,5,6.4874993346483931
8867.0898898794,5,6.4935946835164735
8863.23295644255,5,6.4936483866185775
8859.3760230057,5,6.491185370677961
8855.51908956886,5,6.4938335127432119
8851.66215613201,5,6.4974524982803104
8847.80522269516,5,6.4948449658548224
8843.94828925832,5,6.4905763442852535
8840.09135582147,5,6.4859099106603706
8836.23442238462,5,6.48733731952633
8832.37748894777,5,6.4920921102562916
8828.52055551093,5,6.4916903951776721
8824.66362207408,5,6.4985157785916607
8820.80668863723,5,6.5094293939047336
8816.94975520038,5,6.5261900532493016
8813.09282176354,5,6.5474408518684557
8809.23588832669,5,6.5416876975015574
8805.37895488984,5,6.5248945684364994
8801.522021453,5,6.5306245554849989
8797.66508801615,5,6.5243707653584124
8793.8081545793,5,6.5169949907631004
8789.95122114245,5,6.5197149169018935
8786.09428770561,5,6.532382034668057
8782.23735426876,5,6.5376734390221438
8778.38042083191,5,6.5381286273633199
8774.52348739506,5,6.5514027559803836
8770.66655395822,5,6.5592157500783976
8766.80962052137,5,6.5566751880123721
8762.95268708452,5,6.5597836542275711
8759.09575364767,5,6.5646092521957771
8755.23882021083,5,6.5710004466343026
8751.38188677398,5,6.5789569680927809
8747.52495333713,5,6.5832125969020989
8743.66801990029,5,6.5853301383124068
8739.81108646344,5,6.5998764308746605
8735.95415302659,5,6.6105403581538855
8732.09721958974,5,6.6106951723870733
8728.2402861529,5,6.6104929924884939
8724.38335271605,5,6.6195748514962842
8720.5264192792,5,6.6331474992077242
8716.66948584235,5,6.6349805450003245
8712.81255240551,5,6.6376311440079743
8708.95561896866,5,6.6441231143146524
8705.09868553181,5,6.64956107430221
8701.24175209497,5,6.6634323673996052
8697.38481865812,5,6.6777879110341454
8693.52788522127,5,6.6894293197198627
8689.67095178442,5,6.6971394277899323
8685.81401834758,5,6.7145686420637363
8681.95708491073,5,6.7228551451771139
8678.10015147388,5,6.7245451075211529
8674.24321803703,5,6.7282344257803057
8670.38628460019,5,6.7423304554858401
8666.52935116334,5,6.7636488455583512
8662.67241772649,5,6.7753467844674136
8658.81548428965,5,6.7844214170551291
8654.9585508528,5,6.8036822506840782
8651.10161741595,5,6.81159825197334
8647.2446839791,5,6.8147873678781652
8643.38775054226,5,6.8292702217966248
8639.53081710541,5,6.8508942792929819
8635.67388366856,5,6.8632917698915454
8631.81695023171,5,6.8673306788466943
8627.96001679487,5,6.869738524808862
8624.10308335802,5,6.8719900598064161
8620.24614992117,5,6.8887800879072163
8616.38921648433,5,6.9130397988269916
8612.53228304748,5,6.9246653946880139
8608.67534961063,5,6.9381829016012109
8604.81841617378,5,6.9432352618485478
8600.96148273694,5,6.9570525501588181
8597.10454930009,5,6.9752017149370991
8593.24761586324,5,6.9827744239844982
8589.39068242639,5,6.9838998639018657
8585.53374898955,5,6.9941968435002435
8581.6768155527,5,7.0088460019717118
8577.81988211585,5,7.0230532232079153
8573.96294867901,5,7.0348414768322325
8570.10601524216,5,7.0508133607187364
8566.24908180531,5,7.0656177977287768
8562.39214836846,5,7.0735003708521136
8558.53521493162,5,7.0731442927369512
8554.67828149477,5,7.0746328481182967
8550.82134805792,5,7.0743577114187932
8546.96441462107,5,7.0844216409729244
8543.10748118423,5,7.0871407913362834
8539.25054774738,5,7.1013397016780022
8535.39361431053,5,7.1147836177678796
8531.53668087368,5,7.1223204352732035
8527.67974743684,5,7.1224256651342888
8523.82281399999,5,7.1295679331934805
8519.96588056314,5,7.1369214056887653
8516.1089471263,5,7.1513232722535314
8512.25201368945,5,7.1599849682085086
8508.3950802526,5,7.1693620998685503
8504.53814681575,5,7.1720715873068093
8500.68121337891,5,7.1747186562886958
8496.82427994206,5,7.173125253362266
8492.96734650521,5,7.1875196551521086
8489.11041306836,5,7.1959808437645965
8485.25347963152,5,7.2015129129995579
8481.39654619467,5,7.1984328245651676
8477.53961275782,5,7.2006371855224938
8473.68267932098,5,7.2186336305269974
8469.82574588413,5,7.2190769734392211
8465.96881244728,5,7.2171665810838297
8462.11187901043,5,7.2355085733586684
8458.25494557359,5,7.2542647183828972
8454.39801213674,5,7.2537563585630256
8450.54107869989,5,7.2452986443603775
8446.68414526304,5,7.2432278723012349
8442.8272118262,5,7.2490731219610893
8438.97027838935,5,7.2559812346905144
8435.1133449525,5,7.2626694314286055
8431.25641151566,5,7.2691745231126363
8427.39947807881,5,7.2650707022136594
8423.54254464196,5,7.2735200288798616
8419.68561120511,5,7.2850688381802309
8415.82867776827,5,7.2944294478179081
8411.97174433142,5,7.2900745585179996
8408.11481089457,5,7.2919491673453711
8404.25787745772,5,7.2935147094509905
8400.40094402088,5,7.2936764254366198
8396.54401058403,5,7.2985588028882216
8392.68707714718,5,7.3069651605807895
8388.83014371034,5,7.3114824643243637
8384.97321027349,5,7.3181799884193657
8381.11627683664,5,7.3131648334856205
8377.25934339979,5,7.3095395723913326
8373.40240996295,5,7.3176173948182299
8369.5454765261,5,7.3245191342248894
8365.68854308925,5,7.3221297527299889
8361.8316096524,5,7.3320300845428905
8357.97467621556,5,7.33995931643069
8354.11774277871,5,7.3476957790989319
8350.26080934186,5,7.3537214570145233
8346.40387590502,5,7.3580117596761214
8342.54694246817,5,7.3561431937342094
8338.69000903132,5,7.3563324472409386
8334.83307559447,5,7.3566889261027564
8330.97614215763,5,7.3680191719970232
8327.11920872078,5,7.3778118151030467
8323.26227528393,5,7.3810574743739235
8319.40534184708,5,7.3804685720260794
8315.54840841024,5,7.3810406978843766
8311.69147497339,5,7.3703866552992006
8307.83454153654,5,7.3643105418912809
8303.97760809969,5,7.3628014394586145
8300.12067466285,5,7.368792177818464
8296.263741226,5,7.3624154326576035
8292.40680778915,5,7.3570855914485636
8288.54987435231,5,7.3535732792820196
8284.69294091546,5,7.3455187570167864
8280.83600747861,5,7.3320129354569312
8276.97907404176,5,7.3286063682365565
8273.12214060492,5,7.323983049237734
8269.26520716807,5,7.3232871668644304
8265.40827373122,5,7.3221863540840566
8261.55134029437,5,7.3152887800630175
8257.69440685753,5,7.3095864061245424
8253.83747342068,5,7.3138883182676944
8249.98053998383,5,7.3126056730312277
8246.12360654699,5,7.3056510761443025
8242.26667311014,5,7.2917775490020222
8238.40973967329,5,7.2817503111761495
8234.55280623644,5,7.2783391856625643
8230.6958727996,5,7.2857838984245813
8226.83893936275,5,7.2760716571172965
8222.9820059259,5,7.2659058726051597
8219.12507248905,5,7.2595995323514702
8215.26813905221,5,7.2584105265990821
8211.41120561536,5,7.2491735273833822
8207.55427217851,5,7.2342206121109953
8203.69733874167,5,7.2254678632768634
8199.84040530482,5,7.2214130751559233
8195.98347186797,5,7.2128423128003325
8192.12653843112,5,7.2082599624158297
8188.26960499428,5,7.2012553732739315
8184.41267155743,5,7.1998369297764331
8180.55573812058,5,7.19343793693825
8176.69880468373,5,7.1844622556846165
8172.84187124689,5,7.1789422070572222
8168.98493781004,5,7.1739007563503412
8165.12800437319,5,7.1652562583063952
8161.27107093635,5,7.1561494150517593
8157.4141374995,5,7.1452283539961625
8153.55720406265,5,7.140665038939618
8149.7002706258,5,7.1375745549123941
8145.84333718896,5,7.1342384581954468
8141.98640375211,5,7.1231292861075106
8138.12947031526,5,7.1130513722929294
8134.27253687841,5,7.1062462587805033
8130.41560344157,5,7.0993154169941386
8126.55867000472,5,7.08659026952476
8122.70173656787,5,7.0747307782312649
8118.84480313103,5,7.0769702116031965
8114.98786969418,5,7.076042665706451
8111.13093625733,5,7.0576276044406985
8107.27400282048,5,7.0465143605320399
8103.41706938364,5,7.0398631709065285
8099.56013594679,5,7.0360070255676828
8095.70320250994,5,7.0318949523615739
8091.84626907309,5,7.0252690162625617
8087.98933563625,5,7.0204558055347528
8084.1324021994,5,7.013422261750021
8080.27546876255,5,7.0060479273109646
8076.41853532571,5,7.0026666907604085
8072.56160188886,5,6.9912382273992533
8068.70466845201,5,6.9805104193020773
8064.84773501516,5,6.9796110713664179
8060.99080157832,5,6.9776489170327896
8057.13386814147,5,6.9670707966938199
8053.27693470462,5,6.9588660998967091
8049.42000126777,5,6.9547592641421101
8045.56306783093,5,6.9489729861519329
8041.70613439408,5,6.9443232005978341
8037.84920095723,5,6.9514625339087841
8033.99226752039,5,6.942975987771824
8030.13533408354,5,6.9371325122725169
8026.27840064669,5,6.9343738439567995
8022.42146720984,5,6.9310514790698443
8018.564533773,5,6.930820821643831
8014.70760033615,5,6.9262231225786284
8010.8506668993,5,6.912622574072083
8006.99373346245,5,6.9093139736184597
8003.13680002561,5,6.907310263884936
7999.27986658876,5,6.9070055463029725
7995.42293315191,5,6.906045660438437
7991.56599971507,5,6.904797031164696
7987.70906627822,5,6.8975978102940303
7983.85213284137,5,6.8941729979211432
7979.99519940452,5,6.8942321237875088
7976.13826596768,5,6.8921651254087291
7972.28133253083,5,6.8816627880607761
7968.42439909398,5,6.8809498633256787
7964.56746565713,5,6.8838693301709704
7960.71053222029,5,6.8814035657035912
7956.85359878344,5,6.8786899244635853
7952.99666534659,5,6.8810183080909786
7949.13973190975,5,6.8797183374289697
7945.2827984729,5,6.8724100196273694
7941.42586503605,5,6.8655047384027483
7937.5689315992,5,6.8687449865095003
7933.71199816236,5,6.8627889741459649
7929.85506472551,5,6.8574218679078127
7925.99813128866,5,6.8581649427229445
7922.14119785181,5,6.8551503554297541
7918.28426441497,5,6.8552309806471934
7914.42733097812,5,6.858576672803653
7910.57039754127,5,6.8529130592393273
7906.71346410443,5,6.8537741805226196
7902.85653066758,5,6.8534725232039877
7898.99959723073,5,6.8524758374916104
7895.14266379388,5,6.8420889099185915
7891.28573035704,5,6.840007119704941
7887.42879692019,5,6.844382522916014
7883.57186348334,5,6.850273797805559
7879.71493004649,5,6.8459508749441733
7875.85799660965,5,6.842603416283449
7872.0010631728,5,6.8397420793677748
7868.14412973595,5,6.8388710846188747
7864.28719629911,5,6.832928436951228
7860.43026286226,5,6.8304020723433352
7856.57332942541,5,6.8232191795666486
7852.71639598856,5,6.8267867679522816
7848.85946255172,5,6.8293556980741164
7845.00252911487,5,6.8282112490153484
7841.14559567802,5,6.8198394443629127
7837.28866224117,5,6.8148451387319824
7833.43172880433,5,6.8128861055547238
7829.57479536748,5,6.8115493238705689
7825.71786193063,5,6.8103363410255371
7821.86092849379,5,6.8077920109461667
7818.00399505694,5,6.8029818325207074
7814.14706162009,5,6.8051513797495646
7810.29012818324,5,6.8027521998281699
7806.4331947464,5,6.7988716738642543
7802.57626130955,5,6.794663908869059
7798.7193278727,5,6.79320284909506
7794.86239443585,5,6.790181249271849
7791.00546099901,5,6.7874356448806141
7787.14852756216,5,6.7838499891745583
7783.29159412531,5,6.7851337661232591
7779.43466068847,5,6.780928525443537
7775.57772725162,5,6.7804205436337845
7771.72079381477,5,6.7820443881291634
7767.86386037792,5,6.7794862091375512
7764.00692694107,5,6.7793580639596547
7760.14999350423,5,6.7806163914770101
7756.29306006738,5,6.7736548223576767
7752.43612663053,5,6.7730037287918243
7748.57919319369,5,6.7706903953352215
7744.72225975684,5,6.7683333729116768
7740.86532631999,5,6.7696406140275451
7737.00839288315,5,6.769299208268218
7733.1514594463,5,6.7628387028973433
7729.29452600945,5,6.7676496299651507
7725.4375925726,5,6.7703106450132173
7721.58065913575,5,6.7670508972012477
7717.72372569891,5,6.7655795250879178
7713.86679226206,5,6.7643327472209869
7710.00985882521,5,6.7632191072115786
7706.15292538837,5,6.7556396669302439
7702.29599195152,5,6.7495528402118996
7698.43905851467,5,6.7572522032845672
7694.58212507782,5,6.7615162243584592
7690.72519164098,5,6.7615644333193456
7686.86825820413,5,6.7583604161186113
7683.01132476728,5,6.75867561090661
7679.15439133043,5,6.763296170284451
7675.29745789359,5,6.7637017325685882
7671.44052445674,5,6.7588289022961714
7667.58359101989,5,6.7632440719114904
7663.72665758305,5,6.7624269360710425
7659.8697241462,5,6.7617432870968033
7656.01279070935,5,6.7640708213981791
7652.1558572725,5,6.7657732694529829
7648.29892383566,5,6.7660011136038332
7644.44199039881,5,6.7694752535441864
7640.58505696196,5,6.769990019696122
7636.72812352511,5,6.7759578756037566
7632.87119008827,5,6.7792702385314456
7629.01425665142,5,6.7821846194508844
7625.15732321457,5,6.7798027024363412
7621.30038977773,5,6.7837070918736675
7617.44345634088,5,6.7851321871407011
7613.58652290403,5,6.7923210692271399
7609.72958946718,5,6.7963889328671803
7605.87265603034,5,6.7958284408622989
7602.01572259349,5,6.7918700141940027
7598.15878915664,5,6.7962309864517909
7594.30185571979,5,6.8063881398517712
7590.44492228295,5,6.8152097326927743
7586.5879888461,5,6.8160609742195195
7582.73105540925,5,6.8166524557373531
7578.87412197241,5,6.8201576308109866
7575.01718853556,5,6.829934905677586
7571.16025509871,5,6.8391948814762156
7567.30332166186,5,6.8473038702203057
7563.44638822502,5,6.8456249916479655
7559.58945478817,5,6.8542403829031437
7555.73252135132,5,6.8657936303764391
7551.87558791447,5,6.8719685041104821
7548.01865447763,5,6.8777468629190039
7544.16172104078,5,6.8870432109858175
7540.30478760393,5,6.8899698480251121
7536.44785416709,5,6.8978447468321811
7532.59092073024,5,6.908791416622452
7528.73398729339,5,6.9179484918501197
7524.87705385654,5,6.9244299670338982
7521.0201204197,5,6.9344535377891079
7517.16318698285,5,6.9394319960551982
7513.306253546,5,6.9431804350652708
7509.44932010915,5,6.957593300687253
7505.59238667231,5,6.9780300888352214
7501.73545323546,5,6.9910810917438422
7497.87851979861,5,6.9939613147179447
7494.02158636177,5,6.995638457776181
7490.16465292492,5,7.00703978794074
7486.30771948807,5,7.0247702547562056
7482.45078605122,5,7.0351757044056411
7478.59385261438,5,7.0392366767399244
7474.73691917753,5,7.0499382999682147
7470.87998574068,5,7.0629822435750258
7467.02305230383,5,7.0800693372304409
7463.16611886699,5,7.0946391514411165
7459.30918543014,5,7.1055869617938878
7455.45225199329,5,7.1184939505662586
7451.59531855645,5,7.1379056056520147
7447.7383851196,5,7.140573655110571
7443.88145168275,5,7.1475239796492316
7440.0245182459,5,7.1695952663560032
7436.16758480906,5,7.1896666289075295
7432.31065137221,5,7.1987259130696692
7428.45371793536,5,7.2141676129220178
7424.59678449851,5,7.2325082497282862
7420.73985106167,5,7.2702433815402454
7416.88291762482,5,7.285440943977215
7413.02598418797,5,7.2747801259122475
7409.16905075113,5,7.2865211738689135
7405.31211731428,5,7.3191572111863312
7401.45518387743,5,7.3155506757194688
7397.59825044058,5,7.3324463890829712
7393.74131700374,5,7.3700520578280351
7389.88438356689,5,7.3883930913654412
7386.02745013004,5,7.3972513181569628
7382.17051669319,5,7.4472235799260771
7378.31358325635,5,7.4674321596082169
7374.4566498195,5,7.4564503934791464
7370.59971638265,5,7.453860255495826
7366.74278294581,5,7.4697055147913876
7362.88584950896,5,7.4571328202390257
7359.02891607211,5,7.4778404376757051
7355.17198263526,5,7.5233783711666842
7351.31504919842,5,7.5225563774674793
7347.45811576157,5,7.5665935391128292
7343.60118232472,5,7.6312244574477521
7339.74424888787,5,7.6344735567258182
7335.88731545103,5,7.5280040365796888
7332.03038201418,5,7.5289883124215784
7328.17344857733,5,7.6435468848337109
7324.31651514049,5,7.6344479668312957
7320.45958170364,5,7.5600937540401301
7316.60264826679,5,7.5751497774374261
7312.74571482994,5,7.644445064525156
7308.8887813931,5,7.6603948825609924
7305.03184795625,5,7.6199773996500184
7301.1749145194,5,7.59860054859843
7297.31798108255,5,7.6346882604636548
7293.46104764571,5,7.6489414812957559
7289.60411420886,5,7.6315047076188431
7285.74718077201,5,7.6112423551749346
7281.89024733516,5,7.5967215691599934
7278.03331389832,5,7.5851546496782936
7274.17638046147,5,7.6040744091542551
7270.31944702462,5,7.6004130117817041
7266.46251358778,5,7.6130022702105524
7262.60558015093,5,7.6322514000636037
7258.74864671408,5,7.606009003819227
7254.89171327723,5,7.641365968764835
7251.03477984039,5,7.6705730137314347
7247.17784640354,5,7.6577183898683305
7243.32091296669,5,7.7808472373024822
7239.46397952984,5,7.7402730931515045
7235.607046093,5,7.7400508808507809
7231.75011265615,5,7.8440103983121769
7227.8931792193,5,7.7623668285700136
7224.03624578246,5,7.678135762971297
7220.17931234561,5,7.7016278901286475
7216.32237890876,5,7.6863346760026952
7212.46544547191,5,7.634234976400303
7208.60851203507,5,7.6419314160600234
7204.75157859822,5,7.7278372290639803
7200.89464516137,5,7.6674895050183798
7197.03771172452,5,7.5860717440716625
7193.18077828768,5,7.5824370406263446
7189.32384485083,5,7.5652660187032659
7185.46691141398,5,7.6046537398626173
7181.60997797714,5,7.6543402349453089
7177.75304454029,5,7.561131313321126
7173.89611110344,5,7.5078344758332412
7170.03917766659,5,7.5689723885554034
7166.18224422975,5,7.5919833686030618
7162.3253107929,5,7.5410257118187776
7158.46837735605,5,7.4625852992963706
7154.6114439192,5,7.3610186269413802
7150.75451048236,5,7.3241781594229867
7146.89757704551,5,7.3353494495464568
7143.04064360866,5,7.3673966630155627
7139.18371017182,5,7.3500478985302902
7135.32677673497,5,7.2613332807116473
7131.46984329812,5,7.1354175413734513
7127.61290986127,5,7.0681940374240959
7123.75597642443,5,7.0403756436267484
7119.89904298758,5,7.0501029295973181
7116.04210955073,5,6.9916059925624596
7112.18517611388,5,6.8888948546591218
7108.32824267704,5,6.8719134308624001
7104.47130924019,5,6.806787029242729
7100.61437580334,5,6.7029671632518157
7096.7574423665,5,6.6980230041001985
7092.90050892965,5,6.6259014855105258
7089.0435754928,5,6.5145006419156264
7085.18664205595,5,6.4506156414945881
7081.32970861911,5,6.4051335034934258
7077.47277518226,5,6.3457117052516949
7073.61584174541,5,6.322424452403566
7069.75890830856,5,6.284391421033261
7065.90197487172,5,6.1690914170830418
7062.04504143487,5,6.0467351719782902
7058.18810799802,5,5.9527086384794492
7054.33117456117,5,5.8680861220809435
7050.47424112433,5,5.8006057589709092
7046.61730768748,5,5.7389651669384012
7042.76037425063,5,5.6502530529963533
7038.90344081379,5,5.552628963728873
7035.04650737694,5,5.4784712534143747
7031.18957394009,5,5.4049542136480291
7027.33264050324,5,5.3609053428773166
7023.4757070664,5,5.3061540147191719
7019.61877362955,5,5.2335740532817239
7015.7618401927,5,5.1645716420348498
7011.90490675585,5,5.1063301839314867
7008.04797331901,5,5.0443250079973563
7004.19103988216,5,5.0007294215266898
7000.33410644531,5,4.9437065819508845
6996.47717300847,5,4.8880282198363831
6992.62023957162,5,4.8324795946190191
6988.76330613477,5,4.7998602732735307
6984.90637269792,5,4.7623374060788652
6981.04943926108,5,4.7209604636398197
6977.19250582423,5,4.6703102217734136
6973.33557238738,5,4.6402096220987534
6969.47863895053,5,4.597551043120748
6965.62170551369,5,4.5572135875612059
6961.76477207684,5,4.52927382279369
6957.90783863999,5,4.5126781441020372
6954.05090520315,5,4.4837503957620761
6950.1939717663,5,4.4507627098956535
6946.33703832945,5,4.4313633836978017
6942.4801048926,5,4.4068063178055423
6938.62317145576,5,4.3895180111266932
6934.76623801891,5,4.3790567675719529
6930.90930458206,5,4.3558729625901265
6927.05237114521,5,4.336734751674145
6923.19543770837,5,4.3208660423536251
6919.33850427152,5,4.324629848204852
6915.48157083467,5,4.3107299949281037
6911.62463739783,5,4.2797783998925985
6907.76770396098,5,4.2609325216655076
6903.91077052413,5,4.254447478209423
6900.05383708728,5,4.2496713962025172
6896.19690365044,5,4.2572896682647361
6892.33997021359,5,4.25044319435818
6888.48303677674,5,4.2301600632401293
6884.62610333989,5,4.2160235137572366
6880.76916990305,5,4.209076703731375
6876.9122364662,5,4.1971228315248386
6873.05530302935,5,4.1979500651889676
6869.19836959251,5,4.195904564191145
6865.34143615566,5,4.1886109076918263
6861.48450271881,5,4.1830544369907638
6857.62756928196,5,4.1803047366091084
6853.77063584512,5,4.1732751432225035
6849.91370240827,5,4.177256091709598
6846.05676897142,5,4.1766860616032391
6842.19983553457,5,4.1754895606108997
6838.34290209773,5,4.1722572999502434
6834.48596866088,5,4.1728665036429566
6830.62903522403,5,4.1685239208607427
6826.77210178718,5,4.1710053720404456
6822.91516835034,5,4.1739761211128119
6819.05823491349,5,4.1745526113315137
6815.20130147664,5,4.1717160196775813
6811.3443680398,5,4.1691546671225783
6807.48743460295,5,4.1735985995134985
6803.6305011661,5,4.1854306506127266
6799.77356772925,5,4.1882229933766055
6795.91663429241,5,4.1867648227005878
6792.05970085556,5,4.1865670993350044
6788.20276741871,5,4.1875967079098952
6784.34583398186,5,4.1836468897237946
6780.48890054502,5,4.1879149013255415
6776.63196710817,5,4.1949103725151913
6772.77503367132,5,4.2052138362511107
6768.91810023448,5,4.2080735681915797
6765.06116679763,5,4.2111314639343735
6761.20423336078,5,4.2132807460750872
6757.34729992393,5,4.2271779658599407
6753.49036648709,5,4.2295487827728673
6749.63343305024,5,4.2317482951646124
6745.77649961339,5,4.23283428420444
6741.91956617654,5,4.2388563689158563
6738.0626327397,5,4.248761154595341
6734.20569930285,5,4.2574189042804127
6730.348765866,5,4.2634191806667099
6726.49183242916,5,4.2756380163982
6722.63489899231,5,4.2825956844731117
6718.77796555546,5,4.2892261159918741
6714.92103211861,5,4.2935384349450825
6711.06409868177,5,4.3023817359283205
6707.20716524492,5,4.3070862667922221
6703.35023180807,5,4.3176640081037094
6699.49329837122,5,4.3245325495168041
6695.63636493438,5,4.336161744120365
6691.77943149753,5,4.3448175633845239
6687.92249806068,5,4.353302236884117
6684.06556462384,5,4.3600866984452233
6680.20863118699,5,4.3687298032817079
6676.35169775014,5,4.3766061089332284
6672.49476431329,5,4.3858009885332958
6668.63783087645,5,4.392390645672192
6664.7808974396,5,4.4040662184366557
6660.92396400275,5,4.4112544446515134
6657.0670305659,5,4.4247396470342917
6653.21009712906,5,4.4342141691693691
6649.35316369221,5,4.4418380125384163
6645.49623025536,5,4.4502683939758549
6641.63929681852,5,4.4598414740871268
6637.78236338167,5,4.467001085775868
6633.92542994482,5,4.4782896868979236
6630.06849650797,5,4.4880771726592155
6626.21156307113,5,4.4982586082453224
6622.35462963428,5,4.5036796510608577
6618.49769619743,5,4.5143772103530448
6614.64076276058,5,4.5259917245742542
6610.78382932374,5,4.5354308570886515
6606.92689588689,5,4.5415110855356993
6603.06996245004,5,4.5507505206800696
6599.2130290132,5,4.5584453476741729
6595.35609557635,5,4.5687176183343006
6591.4991621395,5,4.5787806759961818
6587.64222870265,5,4.5912477124294417
6583.78529526581,5,4.6002935014661759
6579.92836182896,5,4.6094556060199254
6576.07142839211,5,4.6149998928778082
6572.21449495526,5,4.6244290717206065
6568.35756151842,5,4.6321508273961252
6564.50062808157,5,4.6406838385305891
6560.64369464472,5,4.6463446112721201
6556.78676120788,5,4.6537098918568933
6552.92982777103,5,4.6608944985429659
6549.07289433418,5,4.6692654796028448
6545.21596089733,5,4.6770303181001296
6541.35902746049,5,4.6832659594518189
6537.50209402364,5,4.6877439334744215
6533.64516058679,5,4.6953205226581298
6529.78822714994,5,4.7013018854924979
6525.9312937131,5,4.7092887100711653
6522.07436027625,5,4.7154122298313883
6518.2174268394,5,4.7199988906520982
6514.36049340256,5,4.7221031959458353
6510.50355996571,5,4.7272888306764083
6506.64662652886,5,4.72991568024913
6502.78969309201,5,4.7344475552223635
6498.93275965517,5,4.7392905722108436
6495.07582621832,5,4.7429217360805662
6491.21889278147,5,4.749047646167079
6487.36195934462,5,4.7527573361985969
6483.50502590778,5,4.7505792737565375
6479.64809247093,5,4.7509489521996304
6475.79115903408,5,4.7563406938982773
6471.93422559724,5,4.7627694212249265
6468.07729216039,5,4.7625362307096832
6464.22035872354,5,4.7638585642480553
6460.36342528669,5,4.7638826437991639
6456.50649184985,5,4.7661121358026994
6452.649558413,5,4.7666526231717157
6448.79262497615,5,4.7704724079856993
6444.9356915393,5,4.7717230984243164
6441.07875810246,5,4.7726093177480555
6437.22182466561,5,4.77147034107906
6433.36489122876,5,4.7703262980168013
6429.50795779192,5,4.7693132742237259
6425.65102435507,5,4.7717636368860621
6421.79409091822,5,4.7715085166067013
6417.93715748137,5,4.7739193315896982
6414.08022404453,5,4.7719153869224362
6410.22329060768,5,4.7722339241664269
6406.36635717083,5,4.7747041198042179
6402.50942373398,5,4.7809564817071593
6398.65249029714,5,4.7813994580747128
6394.79555686029,5,4.7825846389804569
6390.93862342344,5,4.7822132514227933
6387.08168998659,5,4.7867730378275581
6383.22475654975,5,4.7931337145130497
6379.3678231129,5,4.7957030349966212
6375.51088967605,5,4.7956020928363809
6371.6539562392,5,4.8007996240641804
6367.79702280236,5,4.8079528628776398
6363.94008936551,5,4.8141860068659978
6360.08315592866,5,4.8195497968219874
6356.22622249182,5,4.8250732596537
6352.36928905497,5,4.832595000805167
6348.51235561812,5,4.8420342989827043
6344.65542218127,5,4.8465090271257889
6340.79848874443,5,4.8524148024124383
6336.94155530758,5,4.8638734500105789
6333.08462187073,5,4.8739161586984903
6329.22768843388,5,4.8785201186992682
6325.37075499704,5,4.8887530335270029
6321.51382156019,5,4.9006546532560291
6317.65688812334,5,4.9122858003517491
6313.7999546865,5,4.9206982028501507
6309.94302124965,5,4.931869583103734
6306.0860878128,5,4.9443704791486773
6302.22915437595,5,4.9576515174293396
6298.37222093911,5,4.9687037481724641
6294.51528750226,5,4.9807245614544922
6290.65835406541,5,4.9959451880907872
6286.80142062856,5,5.0115000912949892
6282.94448719172,5,5.0268419551469119
6279.08755375487,5,5.0442843500417833
6275.23062031802,5,5.0542911517847688
6271.37368688118,5,5.067224211538603
6267.51675344433,5,5.083410136531084
6263.65982000748,5,5.1009488568977517
6259.80288657063,5,5.1174207042358022
6255.94595313379,5,5.1354222246306209
6252.08901969694,5,5.1549799505659601
6248.23208626009,5,5.1734686458724664
6244.37515282324,5,5.1915072226325263
6240.5182193864,5,5.2103481027307836
6236.66128594955,5,5.2298413076435608
6232.8043525127,5,5.2520057161884885
6228.94741907586,5,5.2710739198411858
6225.09048563901,5,5.2884258169770977
6221.23355220216,5,5.3098281219637684
6217.37661876531,5,5.3328906960610185
6213.51968532847,5,5.3510116548979187
6209.66275189162,5,5.3691007381861962
6205.80581845477,5,5.3897640578844115
6201.94888501792,5,5.4124257252706798
6198.09195158108,5,5.4371287122129761
6194.23501814423,5,5.4610878131220035
6190.37808470738,5,5.4821219432486297
6186.52115127054,5,5.5052637401427731
6182.66421783369,5,5.5313375960928255
6178.80728439684,5,5.5521525936026208
6174.95035095999,5,5.5732209184715131
6171.09341752315,5,5.5978503899619261
6167.2364840863,5,5.6246696813000776
6163.37955064945,5,5.6504151257909676
6159.5226172126,5,5.6752266040676851
6155.66568377576,5,5.6965471960296439
6151.80875033891,5,5.7241403791423684
6147.95181690206,5,5.7530347645689162
6144.09488346522,5,5.7779949608077725
6140.23795002837,5,5.8007372978294374
6136.38101659152,5,5.8263086436001554
6132.52408315467,5,5.851746941658921
6128.66714971783,5,5.8780244728894218
6124.81021628098,5,5.899985020232795
6120.95328284413,5,5.9222824305706201
6117.09634940728,5,5.9452174010771479
6113.23941597044,5,5.9678834972379846
6109.38248253359,5,5.9895492922642148
6105.52554909674,5,6.0122996670717024
6101.6686156599,5,6.0339972617093096
6097.81168222305,5,6.0553523582128364
6093.9547487862,5,6.0765721968680566
6090.09781534935,5,6.0969965148023118
6086.24088191251,5,6.1183462711762484
6082.38394847566,5,6.1415255591017495
6078.52701503881,5,6.1580274159868678
6074.67008160196,5,6.1749406051029201
6070.81314816512,5,6.1908408554790455
6066.95621472827,5,6.2068859394105207
6063.09928129142,5,6.2194563954578133
6059.24234785458,5,6.2317322589333308
6055.38541441773,5,6.2425964818793638
6051.52848098088,5,6.2560699356375551
6047.67154754403,5,6.2611454078257411
6043.81461410719,5,6.2689816220381021
6039.95768067034,5,6.2821407835757199
6036.10074723349,5,6.2931505170951745
6032.24381379664,5,6.295152098793654
6028.3868803598,5,6.296329047148137
6024.52994692295,5,6.3006835236794192
6020.6730134861,5,6.3119829952078437
6016.81608004926,5,6.3211636795176105
6012.95914661241,5,6.3225847029057594
6009.10221317556,5,6.3165704426341005
6005.24527973871,5,6.3186875200474208
6001.38834630187,5,6.3238612619118584
5997.53141286502,5,6.3269850052382441
5993.67447942817,5,6.3245414865377834
5989.81754599132,5,6.3241040409003757
5985.96061255448,5,6.3292904711339375
5982.10367911763,5,6.3371567969787677
5978.24674568078,5,6.3395180955753538
5974.38981224394,5,6.3380238410099459
5970.53287880709,5,6.337106112201865
5966.67594537024,5,6.3378773543990468
5962.81901193339,5,6.3354411569089857
5958.96207849655,5,6.3299431216988751
5955.1051450597,5,6.3190440486030308
5951.24821162285,5,6.3139412307358107
5947.391278186,5,6.3084387342515722
5943.53434474916,5,6.2991654523614038
5939.67741131231,5,6.2869473410189762
5935.82047787546,5,6.2747629481195961
5931.96354443862,5,6.2601693381333998
5928.10661100177,5,6.2417167236874249
5924.24967756492,5,6.2238865397633418
5920.39274412807,5,6.2096727379499619
5916.53581069123,5,6.1879248816291401
5912.67887725438,5,6.1658629222558226
5908.82194381753,5,6.147973589201551
5904.96501038068,5,6.1350742034295722
5901.10807694384,5,6.1172389521378205
5897.25114350699,5,6.1052643421247597
5893.39421007014,5,6.093913019676978
5889.5372766333,5,6.0857304098890577
5885.68034319645,5,6.0748074112712249
5881.8234097596,5,6.0679636291169334
5877.96647632275,5,6.0587353350031767
5874.10954288591,5,6.0483526092730928
5870.25260944906,5,6.0385130819040835
5866.39567601221,5,6.0346415017915849
5862.53874257536,5,6.0280664931138599
5858.68180913852,5,6.0240789122813139
5854.82487570167,5,6.0193748367161968
5850.96794226482,5,6.016985422597509
5847.11100882798,5,6.009656050847207
5843.25407539113,5,6.0069393781323033
5839.39714195428,5,6.0057442469959943
5835.54020851743,5,6.0085595175101698
5831.68327508059,5,6.0119906566614763
5827.82634164374,5,6.0182779718226191
5823.96940820689,5,6.0233049952130644
5820.11247477004,5,6.0318795009769666
5816.2555413332,5,6.0393211437834085
5812.39860789635,5,6.0489919328088062
5808.5416744595,5,6.0562216112028384
5804.68474102266,5,6.0704668563783564
5800.82780758581,5,6.0854050751444415
5796.97087414896,5,6.0997485327940018
5793.11394071211,5,6.110175611747021
5789.25700727527,5,6.1232047224259318
5785.40007383842,5,6.1380865245635752
5781.54314040157,5,6.154440085795609
5777.68620696472,5,6.1673622920376836
5773.82927352788,5,6.187721861882479
5769.97234009103,5,6.2010686322659465
5766.11540665418,5,6.2141113728969515
5762.25847321733,5,6.2249227227720105
5758.40153978049,5,6.2360436822032428
5754.54460634364,5,6.2436778343546306
5750.68767290679,5,6.2491901525859781
5746.83073946995,5,6.2494517760745305
5742.9738060331,5,6.2567917363021843
5739.11687259625,5,6.264167492054403
5735.2599391594,5,6.2690416025936875
5731.40300572256,5,6.2710180150914328
5727.54607228571,5,6.2757985867756121
5723.68913884886,5,6.2770158414832089
5719.83220541201,5,6.2836194660620182
5715.97527197517,5,6.2894135938504006
5712.11833853832,5,6.2958282447716876
5708.26140510147,5,6.2989490531036951
5704.40447166463,5,6.3047298171037989
5700.54753822778,5,6.3074431813810961
5696.69060479093,5,6.3144817484732929
5692.83367135408,5,6.316666293537831
5688.97673791724,5,6.322926270708801
5685.11980448039,5,6.3214009083777185
5681.26287104354,5,6.3227975997036774
5677.40593760669,5,6.3254290349566169
5673.54900416985,5,6.3285541490086681
5669.692070733,5,6.3227850010635152
5665.83513729615,5,6.3258244732893818
5661.97820385931,5,6.3286977611876685
5658.12127042246,5,6.3339132764478974
5654.26433698561,5,6.3325239416086019
5650.40740354876,5,6.3339769625850639
5646.55047011192,5,6.3339231846174675
5642.69353667507,5,6.3405351524055265
5638.83660323822,5,6.3438391396493019
5634.97966980137,5,6.34918777637502
5631.12273636453,5,6.3499720111166003
5627.26580292768,5,6.3611860219715339
5623.40886949083,5,6.3681917971760127
5619.55193605399,5,6.3766050733327457
5615.69500261714,5,6.3809662323076202
5611.83806918029,5,6.3949284393919283
5607.98113574344,5,6.4094978805880807
5604.1242023066,5,6.4325820571989265
5600.26726886975,5,6.4368879876080909
5596.4103354329,5,6.4445669366688092
5592.55340199605,5,6.45517991381677
5588.69646855921,5,6.4738521872664547
5584.83953512236,5,6.4825726835676578
5580.98260168551,5,6.4962473530082798
5577.12566824867,5,6.512486422302838
5573.26873481182,5,6.5372569195734336
5569.41180137497,5,6.5518133239332377
5565.55486793812,5,6.5625457934467697
5561.69793450128,5,6.5627087731336768
5557.84100106443,5,6.5905387173223602
5553.98406762758,5,6.630341419278615
5550.12713419073,5,6.6520224570200401
5546.27020075389,5,6.6474472771738204
5542.41326731704,5,6.6549135982248924
5538.55633388019,5,6.6922191219129985
5534.69940044334,5,6.7222530691670972
5530.8424670065,5,6.7041417882074938
5526.98553356965,5,6.7166455864930654
5523.1286001328,5,6.7514530074346313
5519.27166669596,5,6.7813467546350523
5515.41473325911,5,6.7765341408525197
5511.55779982226,5,6.7857823331120288
5507.70086638541,5,6.8324270022428628
5503.84393294857,5,6.8322571727980206
5499.98699951172,5,6.8184514164461589
5496.13006607487,5,6.873676916349023
5492.27313263802,5,6.9416716875752202
5488.41619920118,5,6.9275116140781368
5484.55926576433,5,6.8611878017455963
5480.70233232748,5,6.8600277108717078
5476.84539889064,5,6.9384056510594068
5472.98846545379,5,6.974935828099877
5469.13153201694,5,6.965515943164438
5465.27459858009,5,7.0037022000890934
5461.41766514325,5,7.0145659377847371
5457.5607317064,5,7.0296363840671274
5453.70379826955,5,7.0080654993435614
5449.8468648327,5,7.0759318649706451
5445.98993139586,5,7.1527689829675882
5442.13299795901,5,7.192060787196862
5438.27606452216,5,7.1603772179141876
5434.41913108532,5,7.1919197594451116
5430.56219764847,5,7.2282664967847445
5426.70526421162,5,7.2301844667543218
5422.84833077477,5,7.1550913950825983
5418.99139733793,5,7.1731597246410015
5415.13446390108,5,7.2740345905203307
5411.27753046423,5,7.3768836230930042
5407.42059702738,5,7.2995546261655706
5403.56366359054,5,7.2619427104235195
5399.70673015369,5,7.2551297631202294
5395.84979671684,5,7.3199890511248178
5391.99286328,5,7.3021805130844371
5388.13592984315,5,7.3118418970846548
5384.2789964063,5,7.3448030536850606
5380.42206296945,5,7.3146691683026734
5376.56512953261,5,7.35627654626626
5372.70819609576,5,7.3282369635068214
5368.85126265891,5,7.2603101375460968
5364.99432922206,5,7.2999562323096869
5361.13739578522,5,7.2648367926495521
5357.28046234837,5,7.273257996878284
5353.42352891152,5,7.3405266866835284
5349.56659547468,5,7.3353188274910215
5345.70966203783,5,7.3094915767142785
5341.85272860098,5,7.2924366897340551
5337.99579516413,5,7.2464750221928593
5334.13886172729,5,7.176708488186482
5330.28192829044,5,7.1056764469388112
5326.42499485359,5,7.0603175286328215
5322.56806141674,5,6.92824719008477
5318.7111279799,5,6.8854870505142429
5314.85419454305,5,6.8102927441606367
5310.9972611062,5,6.7572893083113454
5307.14032766935,5,6.6839538247937176
5303.28339423251,5,6.5930551467580205
5299.42646079566,5,6.4723453700601175
5295.56952735881,5,6.3770938611797874
5291.71259392197,5,6.2913268674180509
5287.85566048512,5,6.1913259729969088
5283.99872704827,5,6.0554548536267356
5280.14179361142,5,5.9342177657866451
5276.28486017458,5,5.7799244598436736
5272.42792673773,5,5.6904755537420986
5268.57099330088,5,5.6124898486619932
5264.71405986403,5,5.5216865081181625
5260.85712642719,5,5.3642209707784918
5257.00019299034,5,5.2700245481111851
5253.14325955349,5,5.1746530675218025
5249.28632611665,5,5.1143501049358147
5245.4293926798,5,5.0126824620813721
5241.57245924295,5,4.8837274511928044
5237.7155258061,5,4.819000558735536
5233.85859236926,5,4.7782706204549514
5230.00165893241,5,4.7245578220093503
5226.14472549556,5,4.6711625240936669
5222.28779205871,5,4.6026685210877982
5218.43085862187,5,4.5451743552604453
5214.57392518502,5,4.481718833454253
5210.71699174817,5,4.4691825806503696
5206.86005831133,5,4.4634325431443242
5203.00312487448,5,4.3877225655204892
5199.14619143763,5,4.3633573681428484
5195.28925800078,5,4.3351224371080521
5191.43232456394,5,4.3056296106897189
5187.57539112709,5,4.3048505407151589
5183.71845769024,5,4.2911166907389369
5179.86152425339,5,4.272863406318173
5176.00459081655,5,4.2577469853362588
5172.1476573797,5,4.250040380228941
5168.29072394285,5,4.2503214585049722
5164.43379050601,5,4.2559873249880313
5160.57685706916,5,4.2707678200656725
5156.71992363231,5,4.277535783009986
5152.86299019546,5,4.2829786177729119
5149.00605675862,5,4.2793546334747319
5145.14912332177,5,4.2997838016836765
5141.29218988492,5,4.3184420169598106
5137.43525644807,5,4.3326050723730622
5133.57832301123,5,4.3449535247642279
5129.72138957438,5,4.3670242616254455
5125.86445613753,5,4.3785568583086736
5122.00752270069,5,4.4049951549296367
5118.15058926384,5,4.4220143266780472
5114.29365582699,5,4.4415630499083525
5110.43672239014,5,4.4553905567340557
5106.5797889533,5,4.4783671886911876
5102.72285551645,5,4.4905782000841583
5098.8659220796,5,4.5103942671885511
5095.00898864275,5,4.5247801077734779
5091.15205520591,5,4.5458029833269435
5087.29512176906,5,4.5524043436869324
5083.43818833221,5,4.569712355057483
5079.58125489536,5,4.5792892804196077
5075.72432145852,5,4.5963611333370036
5071.86738802167,5,4.60511179199694
5068.01045458482,5,4.6211593360327168
5064.15352114798,5,4.6279560737723981
5060.29658771113,5,4.6477258509059673
5056.43965427428,5,4.6601934501469149
5052.58272083743,5,4.6839528861383624
5048.72578740059,5,4.6978474274020243
5044.86885396374,5,4.7197892012284868
5041.01192052689,5,4.7355997875078053
5037.15498709004,5,4.7637419344634999
5033.2980536532,5,4.7834038954723281
5029.44112021635,5,4.8113426110209438
5025.5841867795,5,4.8326221041458908
5021.72725334266,5,4.8642310519009655
5017.87031990581,5,4.8856281765896652
5014.01338646896,5,4.915150945573397
5010.15645303211,5,4.932957024477135
5006.29951959527,5,4.9634123044824685
5002.44258615842,5,4.9842732428717627
4998.58565272157,5,5.0092261793166175
4994.72871928472,5,5.0227269640509178
4990.87178584788,5,5.0427749895924663
4987.01485241103,5,5.0545527926130465
4983.15791897418,5,5.0715857534794386
4979.30098553734,5,5.0741069947176136
4975.44405210049,5,5.0819414378985552
4971.58711866364,5,5.0804420896716156
4967.73018522679,5,5.0859694637745498
4963.87325178995,5,5.0808314762583899
4960.0163183531,5,5.0826987997063728
4956.15938491625,5,5.0681946670366429
4952.3024514794,5,5.0565439878496656
4948.44551804256,5,5.035957340122728
4944.58858460571,5,5.0244860196475614
4940.73165116886,5,4.9997819886999162
4936.87471773202,5,4.9771171466665658
4933.01778429517,5,4.9414317862000265
4929.16085085832,5,4.9155430467610728
4925.30391742147,5,4.8785205103458198
4921.44698398463,5,4.8463842383302085
4917.59005054778,5,4.8005351626547306
4913.73311711093,5,4.7614108246618079
4909.87618367408,5,4.7120125366848269
4906.01925023724,5,4.6736471337728975
4902.16231680039,5,4.6241526604624204
4898.30538336354,5,4.5829067497990872
4894.4484499267,5,4.5311872077176156
4890.59151648985,5,4.4889195480109079
4886.734583053,5,4.4389048629838843
4882.87764961615,5,4.3995178847758112
4879.02071617931,5,4.3532807197588559
4875.16378274246,5,4.3157547354427477
4871.30684930561,5,4.268842332122885
4867.44991586876,5,4.2330183829241923
4863.59298243192,5,4.195270608453658
4859.73604899507,5,4.1658118649847617
4855.87911555822,5,4.1251577223171871
4852.02218212137,5,4.0948847568593498
4848.16524868453,5,4.057633424198527
4844.30831524768,5,4.0317187527991445
4840.45138181083,5,3.9992995892986136
4836.59444837399,5,3.975484620847809
4832.73751493714,5,3.9434115271045576
4828.88058150029,5,3.9229535352114744
4825.02364806344,5,3.8953730061902112
4821.1667146266,5,3.8776784992124216
4817.30978118975,5,3.8511225908883722
4813.4528477529,5,3.8349058365895328
4809.59591431605,5,3.8132766881483287
4805.73898087921,5,3.8007239319412705
4801.88204744236,5,3.7797071462951406
4798.02511400551,5,3.7699013824687158
4794.16818056867,5,3.7519989332347365
4790.31124713182,5,3.745740369187756
4786.45431369497,5,3.7323456628852067
4782.59738025812,5,3.728231308292806
4778.74044682128,5,3.7181478342197805
4774.88351338443,5,3.7184249692229567
4771.02657994758,5,3.707983934618492
4767.16964651073,5,3.7084800284027319
4763.31271307389,5,3.7040712022468516
4759.45577963704,5,3.7120314374064756
4755.59884620019,5,3.7125279040057824
4751.74191276335,5,3.7204550304470203
4747.8849793265,5,3.7220195881990898
4744.02804588965,5,3.7370500429640949
4740.1711124528,5,3.7449075795866524
4736.31417901596,5,3.7633438817017817
4732.45724557911,5,3.7715428552360417
4728.60031214226,5,3.7896738957752576
4724.74337870541,5,3.8017828976145851
4720.88644526857,5,3.8231026867602749
4717.02951183172,5,3.8362393075023249
4713.17257839487,5,3.8608370099787162
4709.31564495803,5,3.8777301339948238
4705.45871152118,5,3.9034917324417964
4701.60177808433,5,3.918629997193896
4697.74484464748,5,3.9426272004581362
4693.88791121064,5,3.9595455647711981
4690.03097777379,5,3.9883417781845338
4686.17404433694,5,4.0087935582572598
4682.31711090009,5,4.0355502048743794
4678.46017746325,5,4.0543762308313802
4674.6032440264,5,4.0835968429823506
4670.74631058955,5,4.1032401702180099
4666.88937715271,5,4.1339041646508354
4663.03244371586,5,4.1573806566672733
4659.17551027901,5,4.1930123950066234
4655.31857684216,5,4.2156632217049621
4651.46164340532,5,4.2441454220654826
4647.60470996847,5,4.2604399773388071
4643.74777653162,5,4.288128294814614
4639.89084309477,5,4.305703662130357
4636.03390965793,5,4.3296110200917104
4632.17697622108,5,4.3428860090226902
4628.32004278423,5,4.3674377031070168
4624.46310934739,5,4.3843710230087414
4620.60617591054,5,4.4095142361923019
4616.74924247369,5,4.4240706015628222
4612.89230903684,5,4.4499122175753723
4609.0353756,5,4.4696429597355767
4605.17844216315,5,4.4980583882156155
4601.3215087263,5,4.5105645602505833
4597.46457528945,5,4.5348550303899859
4593.60764185261,5,4.5572546407103243
4589.75070841576,5,4.5874473386684338
4585.89377497891,5,4.6012705978895161
4582.03684154207,5,4.6226643776933809
4578.17990810522,5,4.6381109798561653
4574.32297466837,5,4.6647840826253217
4570.46604123152,5,4.6799767350601282
4566.60910779468,5,4.7030148836304768
4562.75217435783,5,4.7163347603044272
4558.89524092098,5,4.7417577663402648
4555.03830748413,5,4.756686392168846
4551.18137404729,5,4.7776939688664335
4547.32444061044,5,4.7882868828260445
4543.46750717359,5,4.8089045950526641
4539.61057373675,5,4.8206389649927068
4535.7536402999,5,4.8431517801704906
4531.89670686305,5,4.8534092364222348
4528.0397734262,5,4.8678277045432763
4524.18283998936,5,4.8647153775774745
4520.32590655251,5,4.8591316416757229
4516.46897311566,5,4.8397471372949195
4512.61203967881,5,4.8287825719944122
4508.75510624197,5,4.8102653684234804
4504.89817280512,5,4.7985263848792181
4501.04123936827,5,4.7704845694064346
4497.18430593143,5,4.7513553280606446
4493.32737249458,5,4.7179939425490138
4489.47043905773,5,4.6885725631105384
4485.61350562088,5,4.6412550441667788
4481.75657218404,5,4.6011345697599877
4477.89963874719,5,4.5504249869898281
4474.04270531034,5,4.5093987203936248
4470.18577187349,5,4.456772123471084
4466.32883843665,5,4.4161090339291302
4462.4719049998,5,4.3661294086474118
4458.61497156295,5,4.3352739486988296
4454.75803812611,5,4.3009605016552044
4450.90110468926,5,4.2854608752413172
4447.04417125241,5,4.2733825461707244
4443.18723781556,5,4.2849444441170927
4439.33030437872,5,4.2899104565173838
4435.47337094187,5,4.3044393330582755
4431.61643750502,5,4.3057900311970663
4427.75950406817,5,4.3146384392344501
4423.90257063133,5,4.3066571121050696
4420.04563719448,5,4.3017887212073909
4416.18870375763,5,4.2785905935245641
4412.33177032078,5,4.2623931969998878
4408.47483688394,5,4.2427837101309258
4404.61790344709,5,4.2424333074521829
4400.76097001024,5,4.2301570363627254
4396.9040365734,5,4.2305619208990493
4393.04710313655,5,4.2227592102749529
4389.1901696997,5,4.2267484648020917
4385.33323626285,5,4.2145856385366125
4381.47630282601,5,4.2114424900924137
4377.61936938916,5,4.1994477951907907
4373.76243595231,5,4.2037734056327238
4369.90550251546,5,4.1967886089039652
4366.04856907862,5,4.2013502293535954
4362.19163564177,5,4.1878172346649354
4358.33470220492,5,4.184090050993384
4354.47776876808,5,4.1654888544898441
4350.62083533123,5,4.1489532018581103
4346.76390189438,5,4.113357359748842
4342.90696845753,5,4.0854412089587768
4339.05003502069,5,4.0473847896778192
4335.19310158384,5,4.0242229674142953
4331.33616814699,5,3.9955877568887446
4327.47923471014,5,3.9891803117057982
4323.6223012733,5,3.9788059971167735
4319.76536783645,5,3.988237354512258
4315.9084343996,5,3.9908900607923008
4312.05150096276,5,3.9991915638199629
4308.19456752591,5,3.9909163868915214
4304.33763408906,5,3.9952317162431763
4300.48070065221,5,3.987112409907009
4296.62376721537,5,3.9884956644923899
4292.76683377852,5,3.9770357636958442
4288.90990034167,5,3.979336348502486
4285.05296690482,5,3.9739806302971559
4281.19603346798,5,3.9792448395276727
4277.33910003113,5,3.9774410289190341
4273.48216659428,5,3.9892299308348531
4269.62523315744,5,3.9893716099701084
4265.76829972059,5,3.9956148347653242
4261.91136628374,5,3.9902468747894013
4258.05443284689,5,4.00604460904598
4254.19749941005,5,4.0139992950186105
4250.3405659732,5,4.0374271822294876
4246.48363253635,5,4.047726224661071
4242.6266990995,5,4.0630457844593328
4238.76976566266,5,4.0589183050047923
4234.91283222581,5,4.0686364592520325
4231.05589878896,5,4.066128379933839
4227.19896535212,5,4.0777916813193853
4223.34203191527,5,4.0780500505651442
4219.48509847842,5,4.0940584214862437
4215.62816504157,5,4.1016009921824148
4211.77123160473,5,4.1268431803398489
4207.91429816788,5,4.1435927994177009
4204.05736473103,5,4.1717483412653511
4200.20043129418,5,4.1842975540548579
4196.34349785734,5,4.2089419339887115
4192.48656442049,5,4.2201662023757356
4188.62963098364,5,4.2431514794212841
4184.7726975468,5,4.2523885403801076
4180.91576410995,5,4.2703712408599062
4177.0588306731,5,4.2690784218396347
4173.20189723625,5,4.2791908121893858
4169.34496379941,5,4.2768841852032828
4165.48803036256,5,4.2856015890037176
4161.63109692571,5,4.2789702086303123
4157.77416348886,5,4.2831070432536116
4153.91723005202,5,4.2731617714173193
4150.06029661517,5,4.2711304871525329
4146.20336317832,5,4.2537247673101115
4142.34642974148,5,4.2484737692782168
4138.48949630463,5,4.2286910727440699
4134.63256286778,5,4.2164922178479216
4130.77562943093,5,4.1875318479910577
4126.91869599409,5,4.1677550450036538
4123.06176255724,5,4.1363113793111541
4119.20482912039,5,4.1157739336599324
4115.34789568354,5,4.0811712283997421
4111.4909622467,5,4.0604140215000042
4107.63402880985,5,4.0371663133425173
4103.777095373,5,4.018443121233692
4099.92016193616,5,3.9814173318056305
4096.06322849931,5,3.9628435040632399
4092.20629506246,5,3.9350241244774447
4088.34936162561,5,3.9242010864265109
4084.49242818877,5,3.8973887428479284
4080.63549475192,5,3.8809687196300131
4076.77856131507,5,3.8492869342757632
4072.92162787822,5,3.8299822256896787
4069.06469444138,5,3.7984927618263953
4065.20776100453,5,3.7827854868379429
4061.35082756768,5,3.7619064596881335
4057.49389413083,5,3.7538987469703087
4053.63696069399,5,3.7326971993197819
4049.78002725714,5,3.7284675985443338
4045.92309382029,5,3.7218845461985097
4042.06616038345,5,3.718355332366889
4038.2092269466,5,3.7025187416968404
4034.35229350975,5,3.7122888019093514
4030.4953600729,5,3.7070633937294271
4026.63842663606,5,3.7144432439209547
4022.78149319921,5,3.7097781630713476
4018.92455976236,5,3.7186598294784683
4015.06762632551,5,3.7140782277449005
4011.21069288867,5,3.7243520997899675
4007.35375945182,5,3.7224796508413833
4003.49682601497,5,3.7215828641145845
3999.63989257813,5,3.7206523323037275
10001.0283203125,6,7.6418438052802378
9997.17138687565,6,7.6679217060223062
9993.31445343881,6,7.6827919143211787
9989.45752000196,6,7.684290254959822
9985.60058656511,6,7.6883565789213177
9981.74365312826,6,7.6963533378037816
9977.88671969142,6,7.7107942030122123
9974.02978625457,6,7.7216378619980377
9970.17285281772,6,7.7324538906653757
9966.31591938088,6,7.7395157310299671
9962.45898594403,6,7.7381112518376192
9958.60205250718,6,7.7567307162905701
9954.74511907033,6,7.7686434602462144
9950.88818563349,6,7.7671064659648419
9947.03125219664,6,7.7791895689478521
9943.17431875979,6,7.7885766421138625
9939.31738532294,6,7.7868486150866776
9935.4604518861,6,7.7993722396281564
9931.60351844925,6,7.8076720442508236
9927.7465850124,6,7.8234230922669727
9923.88965157556,6,7.8257677916204402
9920.03271813871,6,7.828990972192563
9916.17578470186,6,7.8422030205839715
9912.31885126501,6,7.8443577472153381
9908.46191782817,6,7.853585611755598
9904.60498439132,6,7.874207267783782
9900.74805095447,6,7.8875438772678699
9896.89111751762,6,7.9001024125899759
9893.03418408078,6,7.8995286941450322
9889.17725064393,6,7.9101870695042864
9885.32031720708,6,7.9258212420282685
9881.46338377024,6,7.9481188220393815
9877.60645033339,6,7.9585138776899669
9873.74951689654,6,7.9404450518620102
9869.89258345969,6,7.9302317059293639
9866.03565002284,6,7.9527456716613081
9862.178716586,6,7.9582561520512813
9858.32178314915,6,7.9659712538516025
9854.4648497123,6,7.9718822532076539
9850.60791627546,6,7.9769095106834662
9846.75098283861,6,7.976686324212853
9842.89404940176,6,7.977890916579935
9839.03711596492,6,7.9948706061116397
9835.18018252807,6,8.0050847057772998
9831.32324909122,6,8.0103816960404437
9827.46631565437,6,8.0298419915152977
9823.60938221752,6,8.0378614077507891
9819.75244878068,6,8.0401243395748843
9815.89551534383,6,8.0539721220458205
9812.03858190698,6,8.0586450784563777
9808.18164847014,6,8.070988965020204
9804.32471503329,6,8.0722176427551027
9800.46778159644,6,8.0737268547654502
9796.6108481596,6,8.0855115696301478
9792.75391472275,6,8.0858985826855587
9788.8969812859,6,8.0956678888823799
9785.04004784905,6,8.1074475285022594
9781.1831144122,6,8.1160375058032539
9777.32618097536,6,8.1194377449779793
9773.46924753851,6,8.1289034509584805
9769.61231410166,6,8.1282211195070264
9765.75538066482,6,8.1330548140520413
9761.89844722797,6,8.1510009587675274
9758.04151379112,6,8.1549663787395144
9754.18458035428,6,8.1670791965894534
9750.32764691743,6,8.1768354152810048
9746.47071348058,6,8.1703747102498365
9742.61378004373,6,8.171114963220063
9738.75684660688,6,8.1784370936971929
9734.89991317004,6,8.1963449145034009
9731.04297973319,6,8.2148787785550716
9727.18604629634,6,8.2121429800705972
9723.3291128595,6,8.2104192405241179
9719.47217942265,6,8.2138184843516999
9715.6152459858,6,8.2156349897204315
9711.75831254896,6,8.221612651706586
9707.90137911211,6,8.2333003054027483
9704.04444567526,6,8.2481636254558079
9700.18751223841,6,8.2562927478414494
9696.33057880156,6,8.2520415856275893
9692.47364536472,6,8.2536281333778252
9688.61671192787,6,8.267229053977621
9684.75977849102,6,8.2692079846742814
9680.90284505418,6,8.2770305843110883
9677.04591161733,6,8.2945714879361852
9673.18897818048,6,8.2968884616500773
9669.33204474363,6,8.3052800861795575
9665.47511130679,6,8.3135830495347847
9661.61817786994,6,8.3191233955692052
9657.76124443309,6,8.3263678306233935
9653.90431099624,6,8.3273478682448836
9650.0473775594,6,8.3332469634897048
9646.19044412255,6,8.3301262890719077
9642.3335106857,6,8.3323230801373267
9638.47657724886,6,8.3341119509777783
9634.61964381201,6,8.3349318014655669
9630.76271037516,6,8.3373719818764727
9626.90577693831,6,8.3461354990810452
9623.04884350147,6,8.3498008685843406
9619.19191006462,6,8.3724687493546668
9615.33497662777,6,8.3848950670448961
9611.47804319092,6,8.3799190323995525
9607.62110975408,6,8.3818870134990071
9603.76417631723,6,8.3834468271884273
9599.90724288038,6,8.3879723712908767
9596.05030944354,6,8.3994775843350311
9592.19337600669,6,8.415544545334992
9588.33644256984,6,8.4152151958802506
9584.47950913299,6,8.4023203800805533
9580.62257569615,6,8.403363307236015
9576.7656422593,6,8.4106709065267466
9572.90870882245,6,8.4193260650203712
9569.0517753856,6,8.4278048108426056
9565.19484194876,6,8.440118904982624
9561.33790851191,6,8.4392419071487446
9557.48097507506,6,8.4348500406999953
9553.62404163822,6,8.4464506931578924
9549.76710820137,6,8.4446639792770402
9545.91017476452,6,8.4422797230470401
9542.05324132767,6,8.4683080163743991
9538.19630789083,6,8.4855008671045251
9534.33937445398,6,8.4857399185446098
9530.48244101713,6,8.4896577915890692
9526.62550758028,6,8.4962819828721887
9522.76857414344,6,8.502763477253735
9518.91164070659,6,8.5081442585986231
9515.05470726974,6,8.5029712534068533
9511.1977738329,6,8.5110252098311836
9507.34084039605,6,8.5274674690742529
9503.4839069592,6,8.533501078392824
9499.62697352235,6,8.5386923313681926
9495.77004008551,6,8.5456321206414341
9491.91310664866,6,8.5553538790895018
9488.05617321181,6,8.5614603592977687
9484.19923977496,6,8.5512849030335492
9480.34230633812,6,8.5586200194294211
9476.48537290127,6,8.5612381686699752
9472.62843946442,6,8.5654734158756725
9468.77150602758,6,8.570594329214531
9464.91457259073,6,8.5835075042901821
9461.05763915388,6,8.6057352500476014
9457.20070571703,6,8.6129685585735203
9453.34377228019,6,8.6120079832481142
9449.48683884334,6,8.6136118005093856
9445.62990540649,6,8.6177115321873661
9441.77297196964,6,8.6249229415351198
9437.9160385328,6,8.6207383671299773
9434.05910509595,6,8.6141252601620319
9430.2021716591,6,8.6257203153803701
9426.34523822226,6,8.6437360789270041
9422.48830478541,6,8.6578890461050442
9418.63137134856,6,8.6601320779199291
9414.77443791171,6,8.6600312968741573
9410.91750447487,6,8.6642937309588
9407.06057103802,6,8.6660953923750181
9403.20363760117,6,8.6795123624522539
9399.34670416432,6,8.6927988255015247
9395.48977072748,6,8.7001530068285344
9391.63283729063,6,8.7039199996768524
9387.77590385378,6,8.7080308856481601
9383.91897041694,6,8.7091232199840594
9380.06203698009,6,8.703417153933696
9376.20510354324,6,8.7097249688218188
9372.34817010639,6,8.7239804296351107
9368.49123666955,6,8.7244171174734895
9364.6343032327,6,8.7262283154232332
9360.77736979585,6,8.7408265332211368
9356.920436359,6,8.7501682515221813
9353.06350292216,6,8.7522991184161292
9349.20656948531,6,8.7548371663626003
9345.34963604846,6,8.761511046913105
9341.49270261162,6,8.7701595380742798
9337.63576917477,6,8.7726272589506014
9333.77883573792,6,8.769008483057668
9329.92190230107,6,8.7733993662534857
9326.06496886423,6,8.7815557325386582
9322.20803542738,6,8.7824528316430417
9318.35110199053,6,8.7823149344250346
9314.49416855368,6,8.7896472049939298
9310.63723511684,6,8.7966424241973762
9306.78030167999,6,8.8008129735859182
9302.92336824314,6,8.8106929733227517
9299.0664348063,6,8.8202801889743139
9295.20950136945,6,8.8152251078563317
9291.3525679326,6,8.8179425782424889
9287.49563449575,6,8.8258653302315988
9283.63870105891,6,8.8373235767394327
9279.78176762206,6,8.8415283568220691
9275.92483418521,6,8.8255098243541923
9272.06790074836,6,8.8268590798627429
9268.21096731152,6,8.8457723282642782
9264.35403387467,6,8.8573175556933599
9260.49710043782,6,8.8567367072945515
9256.64016700098,6,8.8623057312263853
9252.78323356413,6,8.8778315945499173
9248.92630012728,6,8.8813402007815085
9245.06936669043,6,8.8758006190072614
9241.21243325358,6,8.8774515771331277
9237.35549981674,6,8.8781464760312616
9233.49856637989,6,8.8793056712554197
9229.64163294304,6,8.8917180209582547
9225.7846995062,6,8.8920322588636846
9221.92776606935,6,8.8875168182841122
9218.0708326325,6,8.8950062391551175
9214.21389919565,6,8.907582453814225
9210.35696575881,6,8.9183636497541769
9206.50003232196,6,8.9256465994614533
9202.64309888511,6,8.9179273737799498
9198.78616544826,6,8.912516457967568
9194.92923201142,6,8.9197730264986692
9191.07229857457,6,8.9355556108144167
9187.21536513772,6,8.9425873081199416
9183.35843170088,6,8.9341911637821347
9179.50149826403,6,8.9309432078546092
9175.64456482718,6,8.9337067670637165
9171.78763139033,6,8.9432272337342162
9167.93069795349,6,8.942865340250421
9164.07376451664,6,8.9376328617436176
9160.21683107979,6,8.9377808186849759
9156.35989764294,6,8.9462493733524546
9152.5029642061,6,8.9537677659619987
9148.64603076925,6,8.9529809890380854
9144.7890973324,6,8.9445070459861675
9140.93216389556,6,8.9490702845598999
9137.07523045871,6,8.9567557530972088
9133.21829702186,6,8.9683523101466829
9129.36136358501,6,8.9787755722097895
9125.50443014817,6,8.9793467152093758
9121.64749671132,6,8.9787810348647898
9117.79056327447,6,8.9822062918427701
9113.93362983762,6,8.9829624857000478
9110.07669640078,6,8.9835898168256705
9106.21976296393,6,8.9900955816653436
9102.36282952708,6,8.9940499439052193
9098.50589609024,6,8.9988294830086595
9094.64896265339,6,8.9992406245614607
9090.79202921654,6,8.9881782630007265
9086.93509577969,6,8.9902997498264572
9083.07816234285,6,8.999283410567509
9079.221228906,6,9.0043654960767476
9075.36429546915,6,9.0043092033443504
9071.5073620323,6,9.0069567915232476
9067.65042859546,6,9.0088064824706784
9063.79349515861,6,9.0104811394187738
9059.93656172176,6,9.0102942905135333
9056.07962828492,6,9.0154353754481793
9052.22269484807,6,9.0141760848224415
9048.36576141122,6,9.0133532992992436
9044.50882797437,6,9.0151284994417065
9040.65189453753,6,9.0190169334490253
9036.79496110068,6,9.0168392322053457
9032.93802766383,6,9.0128216954747575
9029.08109422698,6,9.0182155516294475
9025.22416079014,6,9.0243077076770373
9021.36722735329,6,9.0284098645490563
9017.51029391644,6,9.0383515331931843
9013.6533604796,6,9.0392675448092596
9009.79642704275,6,9.035707743858314
9005.9394936059,6,9.0399052391594221
9002.08256016905,6,9.043312664286308
8998.22562673221,6,9.0378375149416765
8994.36869329536,6,9.0323099702558007
8990.51175985851,6,9.0296558799261248
8986.65482642166,6,9.0397731771200469
8982.79789298482,6,9.047292329975253
8978.94095954797,6,9.0471214961255235
8975.08402611112,6,9.0456533921574866
8971.22709267428,6,9.0480970100156295
8967.37015923743,6,9.0502940195334496
8963.51322580058,6,9.0510442325671345
8959.65629236373,6,9.0619001746592556
8955.79935892689,6,9.0870384318816591
8951.94242549004,6,9.0950998826151395
8948.08549205319,6,9.0903766869835518
8944.22855861634,6,9.0775595074118396
8940.3716251795,6,9.0808430553485202
8936.51469174265,6,9.0838558603386481
8932.6577583058,6,9.0860238410718992
8928.80082486896,6,9.0895714156904575
8924.94389143211,6,9.0983995727436806
8921.08695799526,6,9.089268668805456
8917.23002455841,6,9.0928437366332062
8913.37309112157,6,9.1162041943235028
8909.51615768472,6,9.1236517914247219
8905.65922424787,6,9.1038959460599944
8901.80229081102,6,9.1025402095859071
8897.94535737418,6,9.1148301084751804
8894.08842393733,6,9.1022511351716702
8890.23149050048,6,9.0970480255347592
8886.37455706364,6,9.125205107107643
8882.51762362679,6,9.1279267789825198
8878.66069018994,6,9.1147436950344023
8874.80375675309,6,9.1155518302686254
8870.94682331625,6,9.1313019840167424
8867.0898898794,6,9.140061518008924
8863.23295644255,6,9.139554661763178
8859.3760230057,6,9.1408502971875869
8855.51908956886,6,9.1462384399338728
8851.66215613201,6,9.1421477029520783
8847.80522269516,6,9.1321376199593978
8843.94828925832,6,9.1303891081973259
8840.09135582147,6,9.1339314853192146
8836.23442238462,6,9.1404597127902552
8832.37748894777,6,9.1454093464510446
8828.52055551093,6,9.1528858587473696
8824.66362207408,6,9.1604277605406939
8820.80668863723,6,9.1690912760378787
8816.94975520038,6,9.1862657525788496
8813.09282176354,6,9.2025361983306393
8809.23588832669,6,9.1978346532593811
8805.37895488984,6,9.1918340693500973
8801.522021453,6,9.1991630117276522
8797.66508801615,6,9.1885942618652194
8793.8081545793,6,9.1826716994193252
8789.95122114245,6,9.1917020540604426
8786.09428770561,6,9.2002241296860952
8782.23735426876,6,9.1933466465909373
8778.38042083191,6,9.1935986736281663
8774.52348739506,6,9.2104487093700431
8770.66655395822,6,9.2289197431997021
8766.80962052137,6,9.2367098112926378
8762.95268708452,6,9.2401481795968241
8759.09575364767,6,9.2417463133162538
8755.23882021083,6,9.2460212991612138
8751.38188677398,6,9.2565373656986178
8747.52495333713,6,9.2690275870652474
8743.66801990029,6,9.272829389181414
8739.81108646344,6,9.2896546433976663
8735.95415302659,6,9.2965005771543598
8732.09721958974,6,9.2993607002071599
8728.2402861529,6,9.3031469854280591
8724.38335271605,6,9.3164249793145402
8720.5264192792,6,9.3333599396893234
8716.66948584235,6,9.3420411516643238
8712.81255240551,6,9.3401298259506085
8708.95561896866,6,9.3374103072279055
8705.09868553181,6,9.342685018755434
8701.24175209497,6,9.3531473078928205
8697.38481865812,6,9.3674373547423606
8693.52788522127,6,9.3770401895764799
8689.67095178442,6,9.3913658892616318
8685.81401834758,6,9.4095879966699698
8681.95708491073,6,9.4059575856694586
8678.10015147388,6,9.4093110192968457
8674.24321803703,6,9.4207546324841989
8670.38628460019,6,9.4328830663585261
8666.52935116334,6,9.4565401019143742
8662.67241772649,6,9.4538097154333336
8658.81548428965,6,9.4481217710615475
8654.9585508528,6,9.4666018453818292
8651.10161741595,6,9.4815158765259202
8647.2446839791,6,9.4928583905687116
8643.38775054226,6,9.5010612467161586
8639.53081710541,6,9.5113055852040791
8635.67388366856,6,9.5197439852428136
8631.81695023171,6,9.5213623531158724
8627.96001679487,6,9.5214532261504381
8624.10308335802,6,9.5310116176667599
8620.24614992117,6,9.542513514309455
8616.38921648433,6,9.5489580762417621
8612.53228304748,6,9.5525176658645066
8608.67534961063,6,9.5638546512337381
8604.81841617378,6,9.5669646349705992
8600.96148273694,6,9.5842252080627617
8597.10454930009,6,9.5918110276794391
8593.24761586324,6,9.5874414004875135
8589.39068242639,6,9.5872386701340169
8585.53374898955,6,9.5973526559631654
8581.6768155527,6,9.6065819088227844
8577.81988211585,6,9.6149676962267332
8573.96294867901,6,9.6239910494442427
8570.10601524216,6,9.6289585202293075
8566.24908180531,6,9.6354810086939118
8562.39214836846,6,9.6401342686853511
8558.53521493162,6,9.6242676950800625
8554.67828149477,6,9.6261339680163935
8550.82134805792,6,9.6347884749628658
8546.96441462107,6,9.6389939059160188
8543.10748118423,6,9.6385862582605881
8539.25054774738,6,9.6461669080517467
8535.39361431053,6,9.6524416364036156
8531.53668087368,6,9.6611188255635465
8527.67974743684,6,9.6641032667566709
8523.82281399999,6,9.6647527621921494
8519.96588056314,6,9.6625555638519476
8516.1089471263,6,9.675876862266195
8512.25201368945,6,9.6776564471769664
8508.3950802526,6,9.6781415792210321
8504.53814681575,6,9.674451329309889
8500.68121337891,6,9.6722512507573555
8496.82427994206,6,9.671522214785611
8492.96734650521,6,9.6788374134142909
8489.11041306836,6,9.6753363745212297
8485.25347963152,6,9.6789519075067343
8481.39654619467,6,9.6888830601323406
8477.53961275782,6,9.6920520999730932
8473.68267932098,6,9.6976674656828781
8469.82574588413,6,9.6928013688301053
8465.96881244728,6,9.6986437795346454
8462.11187901043,6,9.7211474417838506
8458.25494557359,6,9.7295594705699973
8454.39801213674,6,9.7265372056486594
8450.54107869989,6,9.7310008207808796
8446.68414526304,6,9.7344825428610378
8442.8272118262,6,9.7397134009195412
8438.97027838935,6,9.7479489110099671
8435.1133449525,6,9.7518848331488464
8431.25641151566,6,9.7658953887852427
8427.39947807881,6,9.7704596123885832
8423.54254464196,6,9.7764960787106094
8419.68561120511,6,9.789977242540699
8415.82867776827,6,9.8107319190470683
8411.97174433142,6,9.8116100532374642
8408.11481089457,6,9.8126058110717054
8404.25787745772,6,9.8202511043086087
8400.40094402088,6,9.8380713984010431
8396.54401058403,6,9.8450363337175926
8392.68707714718,6,9.8489794413993046
8388.83014371034,6,9.8575581411535058
8384.97321027349,6,9.869380046792827
8381.11627683664,6,9.8689801751064579
8377.25934339979,6,9.8747609506007112
8373.40240996295,6,9.8948486998532807
8369.5454765261,6,9.907136097046255
8365.68854308925,6,9.9029857690594447
8361.8316096524,6,9.9089009609923373
8357.97467621556,6,9.9280758778870659
8354.11774277871,6,9.9499220022529826
8350.26080934186,6,9.9623627870739089
8346.40387590502,6,9.9785860496524741
8342.54694246817,6,9.9850145948133768
8338.69000903132,6,9.9909049497275806
8334.83307559447,6,9.9986310677137329
8330.97614215763,6,10.007812570065823
8327.11920872078,6,10.02357323839667
8323.26227528393,6,10.035098322495447
8319.40534184708,6,10.034960290443504
8315.54840841024,6,10.038094739376461
8311.69147497339,6,10.03642019615868
8307.83454153654,6,10.035207928766454
8303.97760809969,6,10.032328571077826
8300.12067466285,6,10.028636477812837
8296.263741226,6,10.028481040058949
8292.40680778915,6,10.03338578445501
8288.54987435231,6,10.030185911519215
8284.69294091546,6,10.021093872530832
8280.83600747861,6,10.007791794996162
8276.97907404176,6,10.011160893280504
8273.12214060492,6,10.007840159848952
8269.26520716807,6,10.014711883503219
8265.40827373122,6,10.011749813685046
8261.55134029437,6,10.00179762825344
8257.69440685753,6,10.00447893123641
8253.83747342068,6,10.007746625152377
8249.98053998383,6,10.006930010350187
8246.12360654699,6,9.9993352470964503
8242.26667311014,6,9.9904318984571709
8238.40973967329,6,9.9795010000435607
8234.55280623644,6,9.9763391599310349
8230.6958727996,6,9.9885263543260248
8226.83893936275,6,9.9817086939083879
8222.9820059259,6,9.9712396375708465
8219.12507248905,6,9.9641787211610833
8215.26813905221,6,9.9627215264755016
8211.41120561536,6,9.9629723580501164
8207.55427217851,6,9.9581531276834632
8203.69733874167,6,9.944095291106926
8199.84040530482,6,9.9329861763551843
8195.98347186797,6,9.9220599826971245
8192.12653843112,6,9.9175278859723353
8188.26960499428,6,9.9097049633901477
8184.41267155743,6,9.9071771118550824
8180.55573812058,6,9.9082407516478668
8176.69880468373,6,9.9111847819862788
8172.84187124689,6,9.9020049965110122
8168.98493781004,6,9.8913768886699565
8165.12800437319,6,9.8892570250286091
8161.27107093635,6,9.8776420451541913
8157.4141374995,6,9.8680840516234003
8153.55720406265,6,9.8637367168917809
8149.7002706258,6,9.8609028157555603
8145.84333718896,6,9.8564772716523734
8141.98640375211,6,9.8414082910975971
8138.12947031526,6,9.8286510548971222
8134.27253687841,6,9.8174512181556572
8130.41560344157,6,9.822516682495424
8126.55867000472,6,9.8183357326775624
8122.70173656787,6,9.8014492213961546
8118.84480313103,6,9.8009860408219751
8114.98786969418,6,9.7996157722732669
8111.13093625733,6,9.7821541307667417
8107.27400282048,6,9.7772676660144011
8103.41706938364,6,9.775663109278991
8099.56013594679,6,9.7706229189614984
8095.70320250994,6,9.7571866246884795
8091.84626907309,6,9.7480279894697759
8087.98933563625,6,9.7460325035761741
8084.1324021994,6,9.739449755823177
8080.27546876255,6,9.7306384405166302
8076.41853532571,6,9.7352257056448863
8072.56160188886,6,9.7248488642048887
8068.70466845201,6,9.7146833076710131
8064.84773501516,6,9.7139825237039865
8060.99080157832,6,9.7075826426675444
8057.13386814147,6,9.6963913793133862
8053.27693470462,6,9.6908672926168151
8049.42000126777,6,9.686177565325897
8045.56306783093,6,9.6862944293775488
8041.70613439408,6,9.6882347045194805
8037.84920095723,6,9.6892308825901683
8033.99226752039,6,9.6829862668427822
8030.13533408354,6,9.681767387466099
8026.27840064669,6,9.6756580142682314
8022.42146720984,6,9.6711830797386842
8018.564533773,6,9.6745993680897531
8014.70760033615,6,9.6727110087199897
8010.8506668993,6,9.6637609025986038
8006.99373346245,6,9.6613891505816056
8003.13680002561,6,9.6542006252989498
7999.27986658876,6,9.6583802791473232
7995.42293315191,6,9.6611182815232652
7991.56599971507,6,9.6547252909441088
7987.70906627822,6,9.6469978845658968
7983.85213284137,6,9.6488525308821824
7979.99519940452,6,9.6486897956485649
7976.13826596768,6,9.648790687053884
7972.28133253083,6,9.641781963513596
7968.42439909398,6,9.6395706962462615
7964.56746565713,6,9.6448625847413183
7960.71053222029,6,9.6420273344999519
7956.85359878344,6,9.6355230494663875
7952.99666534659,6,9.6330610806888295
7949.13973190975,6,9.63756646435065
7945.2827984729,6,9.6381929363643088
7941.42586503605,6,9.6302272908281612
7937.5689315992,6,9.6339892737138531
7933.71199816236,6,9.6350202038927772
7929.85506472551,6,9.6259674863267399
7925.99813128866,6,9.6204628999496418
7922.14119785181,6,9.6263700400670995
7918.28426441497,6,9.6231953962032204
7914.42733097812,6,9.6178476936141113
7910.57039754127,6,9.6111305649038083
7906.71346410443,6,9.6137982602025627
7902.85653066758,6,9.6148251678407863
7898.99959723073,6,9.6146170588791104
7895.14266379388,6,9.6077030934014616
7891.28573035704,6,9.6109072543261416
7887.42879692019,6,9.6072924171487344
7883.57186348334,6,9.6077541696804882
7879.71493004649,6,9.6022638050230373
7875.85799660965,6,9.6075127437662129
7872.0010631728,6,9.6091011237031196
7868.14412973595,6,9.6026514596053882
7864.28719629911,6,9.5987904999474836
7860.43026286226,6,9.597374670746003
7856.57332942541,6,9.5943757670871435
7852.71639598856,6,9.5980750320006702
7848.85946255172,6,9.60172931224397
7845.00252911487,6,9.6005869397304906
7841.14559567802,6,9.5949716807551546
7837.28866224117,6,9.5898614405585878
7833.43172880433,6,9.5866868153690916
7829.57479536748,6,9.581823270767531
7825.71786193063,6,9.5839706888280354
7821.86092849379,6,9.5853324864234217
7818.00399505694,6,9.5801193906246311
7814.14706162009,6,9.5795022157638972
7810.29012818324,6,9.5790926442068844
7806.4331947464,6,9.580070781146734
7802.57626130955,6,9.5807227736005718
7798.7193278727,6,9.5830695326907129
7794.86239443585,6,9.5822854471098768
7791.00546099901,6,9.5829176481347265
7787.14852756216,6,9.5869430843938677
7783.29159412531,6,9.5846832874030881
7779.43466068847,6,9.576365932408418
7775.57772725162,6,9.5740051555936727
7771.72079381477,6,9.5738524983094351
7767.86386037792,6,9.5733243273449968
7764.00692694107,6,9.5729395588195043
7760.14999350423,6,9.5678251688660723
7756.29306006738,6,9.5635003750464556
7752.43612663053,6,9.569904438248015
7748.57919319369,6,9.5702597637933504
7744.72225975684,6,9.5742381317595235
7740.86532631999,6,9.572361217101033
7737.00839288315,6,9.5708813799619694
7733.1514594463,6,9.568379810284485
7729.29452600945,6,9.5728569444697573
7725.4375925726,6,9.5785079858470308
7721.58065913575,6,9.5714034038224174
7717.72372569891,6,9.5695655766579613
7713.86679226206,6,9.5733120328703354
7710.00985882521,6,9.5699191461832953
7706.15292538837,6,9.5617004191256978
7702.29599195152,6,9.5548923334957827
7698.43905851467,6,9.5613448054227188
7694.58212507782,6,9.5622032299508781
7690.72519164098,6,9.5593512266071325
7686.86825820413,6,9.5568602391878681
7683.01132476728,6,9.5602681404769978
7679.15439133043,6,9.5616153437509137
7675.29745789359,6,9.5606878538783064
7671.44052445674,6,9.5626253092116364
7667.58359101989,6,9.5656291025132116
7663.72665758305,6,9.5605134372085487
7659.8697241462,6,9.5598089489470244
7656.01279070935,6,9.5619888796723789
7652.1558572725,6,9.5622580470456491
7648.29892383566,6,9.5623272499534586
7644.44199039881,6,9.5605881002701967
7640.58505696196,6,9.5489917676796274
7636.72812352511,6,9.5511886166768818
7632.87119008827,6,9.5598712844470057
7629.01425665142,6,9.5672113441671804
7625.15732321457,6,9.5593180916073432
7621.30038977773,6,9.5588356261841216
7617.44345634088,6,9.5615823923167529
7613.58652290403,6,9.5664110403904079
7609.72958946718,6,9.5640144395869697
7605.87265603034,6,9.5648570801717483
7602.01572259349,6,9.5610755518295818
7598.15878915664,6,9.5655878127840595
7594.30185571979,6,9.5714435154654289
7590.44492228295,6,9.5716826154215671
7586.5879888461,6,9.5721810489649695
7582.73105540925,6,9.5748416605781834
7578.87412197241,6,9.578340136451633
7575.01718853556,6,9.5760439458857594
7571.16025509871,6,9.5764576027976265
7567.30332166186,6,9.5853237245004408
7563.44638822502,6,9.5828297248699243
7559.58945478817,6,9.5830964619044039
7555.73252135132,6,9.5873936626981724
7551.87558791447,6,9.5871222664462614
7548.01865447763,6,9.5848084382920504
7544.16172104078,6,9.588717416803016
7540.30478760393,6,9.5878845987390804
7536.44785416709,6,9.5935697395664867
7532.59092073024,6,9.6024401369292036
7528.73398729339,6,9.6053612305997067
7524.87705385654,6,9.6066294537644339
7521.0201204197,6,9.607620773622715
7517.16318698285,6,9.6065468533217562
7513.306253546,6,9.6101786642291245
7509.44932010915,6,9.6175244474768498
7505.59238667231,6,9.6307648347483461
7501.73545323546,6,9.6341594344922363
7497.87851979861,6,9.6290561771354533
7494.02158636177,6,9.630905779526147
7490.16465292492,6,9.6401549564298534
7486.30771948807,6,9.6453922040644819
7482.45078605122,6,9.6459390457825425
7478.59385261438,6,9.6463906706913889
7474.73691917753,6,9.6528118431345789
7470.87998574068,6,9.6515124144156168
7467.02305230383,6,9.6543697107434259
7463.16611886699,6,9.6546049803451091
7459.30918543014,6,9.6595172511348153
7455.45225199329,6,9.6620526904659307
7451.59531855645,6,9.6625050097396219
7447.7383851196,6,9.6558036132685068
7443.88145168275,6,9.6548936447179763
7440.0245182459,6,9.6627821316313565
7436.16758480906,6,9.6702582188633333
7432.31065137221,6,9.6682440103000769
7428.45371793536,6,9.6705905583623597
7424.59678449851,6,9.6719748048041509
7420.73985106167,6,9.7037886398892415
7416.88291762482,6,9.7125605748282524
7413.02598418797,6,9.6770465368098222
7409.16905075113,6,9.6788892156645101
7405.31211731428,6,9.7042926493392407
7401.45518387743,6,9.6846446135816873
7397.59825044058,6,9.6973485149806358
7393.74131700374,6,9.7120499613114681
7389.88438356689,6,9.7030636255543268
7386.02745013004,6,9.7116249209710901
7382.17051669319,6,9.7664336245596655
7378.31358325635,6,9.7711676370828489
7374.4566498195,6,9.730510997554088
7370.59971638265,6,9.7105305507637105
7366.74278294581,6,9.723991222317661
7362.88584950896,6,9.7003515360878882
7359.02891607211,6,9.7081393002147909
7355.17198263526,6,9.7393557766932641
7351.31504919842,6,9.7198957273491651
7347.45811576157,6,9.7643859646528472
7343.60118232472,6,9.829532278700162
7339.74424888787,6,9.7996683178629542
7335.88731545103,6,9.654250022856429
7332.03038201418,6,9.6452991854259444
7328.17344857733,6,9.7467680995610504
7324.31651514049,6,9.7156187432801886
7320.45958170364,6,9.625561268562981
7316.60264826679,6,9.6274528926619496
7312.74571482994,6,9.6828899947785807
7308.8887813931,6,9.6803804166186769
7305.03184795625,6,9.6289215450432959
7301.1749145194,6,9.597131643156839
7297.31798108255,6,9.6101453962721362
7293.46104764571,6,9.6260508021585007
7289.60411420886,6,9.6066816427984492
7285.74718077201,6,9.5641708117521027
7281.89024733516,6,9.5307469207625477
7278.03331389832,6,9.5096427650165722
7274.17638046147,6,9.53148162267542
7270.31944702462,6,9.5155235789402415
7266.46251358778,6,9.5108976659093667
7262.60558015093,6,9.5311837000963919
7258.74864671408,6,9.5043051677734702
7254.89171327723,6,9.5290776018307124
7251.03477984039,6,9.5507601400059752
7247.17784640354,6,9.5319557387895184
7243.32091296669,6,9.6394447290669909
7239.46397952984,6,9.5729578393777057
7235.607046093,6,9.5766575952907722
7231.75011265615,6,9.6692801378017794
7227.8931792193,6,9.5436214045171361
7224.03624578246,6,9.4440109929505649
7220.17931234561,6,9.4684704567596008
7216.32237890876,6,9.4208115494277429
7212.46544547191,6,9.3453484802328113
7208.60851203507,6,9.3293658523033027
7204.75157859822,6,9.3833507882512013
7200.89464516137,6,9.2845525104435058
7197.03771172452,6,9.1739043313304087
7193.18077828768,6,9.1435589487467848
7189.32384485083,6,9.0870001743359339
7185.46691141398,6,9.0992552628240038
7181.60997797714,6,9.1188004184429108
7177.75304454029,6,8.9776408589641008
7173.89611110344,6,8.8822245446225878
7170.03917766659,6,8.9109859994027385
7166.18224422975,6,8.8917707724094512
7162.3253107929,6,8.8096306895771477
7158.46837735605,6,8.6849284732026284
7154.6114439192,6,8.5170189513843777
7150.75451048236,6,8.4292425692253179
7146.89757704551,6,8.4099611971194417
7143.04064360866,6,8.4127269700482081
7139.18371017182,6,8.3448346293292399
7135.32677673497,6,8.1936455575747775
7131.46984329812,6,8.0096499743458516
7127.61290986127,6,7.8961288916883863
7123.75597642443,6,7.8331446436083212
7119.89904298758,6,7.8107037831521788
7116.04210955073,6,7.6979842163324141
7112.18517611388,6,7.5396950686816542
7108.32824267704,6,7.4770371937972513
7104.47130924019,6,7.3657234555151483
7100.61437580334,6,7.2192146168365241
7096.7574423665,6,7.1814750179702029
7092.90050892965,6,7.059253563504746
7089.0435754928,6,6.9021114188411081
7085.18664205595,6,6.8007520939578354
7081.32970861911,6,6.7125989477096022
7077.47277518226,6,6.605352459756106
7073.61584174541,6,6.5447390239488028
7069.75890830856,6,6.4664574795532541
7065.90197487172,6,6.3032843394015599
7062.04504143487,6,6.1420571177977941
7058.18810799802,6,6.0162782301488775
7054.33117456117,6,5.901711341713523
7050.47424112433,6,5.80102418083729
7046.61730768748,6,5.7114777470136815
7042.76037425063,6,5.5885615705047869
7038.90344081379,6,5.4583601083932729
7035.04650737694,6,5.3579548233152661
7031.18957394009,6,5.2584024775575768
7027.33264050324,6,5.1844201455219459
7023.4757070664,6,5.107516237290616
7019.61877362955,6,5.0070716265907889
7015.7618401927,6,4.9138358914922176
7011.90490675585,6,4.8327246186313282
7008.04797331901,6,4.7549425436482711
7004.19103988216,6,4.6969567461576602
7000.33410644531,6,4.6228163395718953
6996.47717300847,6,4.5449289886432798
6992.62023957162,6,4.4717166028453814
6988.76330613477,6,4.4224546339162147
6984.90637269792,6,4.3702911815199839
6981.04943926108,6,4.3159156647388999
6977.19250582423,6,4.2530654915139969
6973.33557238738,6,4.2063382199148487
6969.47863895053,6,4.150558552880792
6965.62170551369,6,4.0958236934359133
6961.76477207684,6,4.0544023170216574
6957.90783863999,6,4.0252729224617285
6954.05090520315,6,3.9852732045313601
6950.1939717663,6,3.9394770541401107
6946.33703832945,6,3.9096315378228321
6942.4801048926,6,3.872472637911577
6938.62317145576,6,3.8399851534906442
6934.76623801891,6,3.8115480125563748
6930.90930458206,6,3.7761556106758514
6927.05237114521,6,3.7441584432831614
6923.19543770837,6,3.7192845307484541
6919.33850427152,6,3.7136591465120103
6915.48157083467,6,3.6864717474907489
6911.62463739783,6,3.6446310964713238
6907.76770396098,6,3.621213356546682
6903.91077052413,6,3.602751840315912
6900.05383708728,6,3.5885690492177771
6896.19690365044,6,3.5916484757274132
6892.33997021359,6,3.5804082131012329
6888.48303677674,6,3.5490527724604815
6884.62610333989,6,3.5289767514714474
6880.76916990305,6,3.5155564330854521
6876.9122364662,6,3.5008092296904145
6873.05530302935,6,3.4997047689514527
6869.19836959251,6,3.4925491739255472
6865.34143615566,6,3.481282914051774
6861.48450271881,6,3.4735035688332268
6857.62756928196,6,3.4680311659648315
6853.77063584512,6,3.4597598495469928
6849.91370240827,6,3.4580516276700735
6846.05676897142,6,3.459508945799568
6842.19983553457,6,3.4542990260337945
6838.34290209773,6,3.4445500751358655
6834.48596866088,6,3.4443584081787124
6830.62903522403,6,3.4388999977046764
6826.77210178718,6,3.4389972388926298
6822.91516835034,6,3.4406564550593268
6819.05823491349,6,3.4379205326162579
6815.20130147664,6,3.4373457458699419
6811.3443680398,6,3.4355289346730142
6807.48743460295,6,3.4391468962220642
6803.6305011661,6,3.4517914062848027
6799.77356772925,6,3.4562531897749853
6795.91663429241,6,3.4562301413852152
6792.05970085556,6,3.4572934921013196
6788.20276741871,6,3.4587945414459869
6784.34583398186,6,3.4579883306996839
6780.48890054502,6,3.4620188101390621
6776.63196710817,6,3.4677863736954264
6772.77503367132,6,3.4825411471823742
6768.91810023448,6,3.4900223925502711
6765.06116679763,6,3.4942500071483305
6761.20423336078,6,3.497827309284784
6757.34729992393,6,3.5157672182223285
6753.49036648709,6,3.5260505602660985
6749.63343305024,6,3.5300610983756551
6745.77649961339,6,3.5319372078011924
6741.91956617654,6,3.5412863102073966
6738.0626327397,6,3.556870834532639
6734.20569930285,6,3.5680519510266109
6730.348765866,6,3.5776970308569935
6726.49183242916,6,3.5912499455879225
6722.63489899231,6,3.6048088516481065
6718.77796555546,6,3.6163267622571809
6714.92103211861,6,3.6266403660618121
6711.06409868177,6,3.6378868577326022
6707.20716524492,6,3.6481578498441412
6703.35023180807,6,3.6605530400725743
6699.49329837122,6,3.669347165978269
6695.63636493438,6,3.681874062671612
6691.77943149753,6,3.6924435220595697
6687.92249806068,6,3.7037728845594819
6684.06556462384,6,3.7165282062126903
6680.20863118699,6,3.7278187151975128
6676.35169775014,6,3.7362729680378655
6672.49476431329,6,3.7475900034242735
6668.63783087645,6,3.7594632994017783
6664.7808974396,6,3.7742647986329341
6660.92396400275,6,3.7818339257752744
6657.0670305659,6,3.7908594876371549
6653.21009712906,6,3.8005568317689411
6649.35316369221,6,3.8097121586024829
6645.49623025536,6,3.8205995382181785
6641.63929681852,6,3.8306058890861867
6637.78236338167,6,3.8426474889515894
6633.92542994482,6,3.8577736922618664
6630.06849650797,6,3.8682863596527528
6626.21156307113,6,3.8756766321027127
6622.35462963428,6,3.8860187693155694
6618.49769619743,6,3.8997548392614561
6614.64076276058,6,3.913128196092579
6610.78382932374,6,3.923198708733421
6606.92689588689,6,3.9310919787239262
6603.06996245004,6,3.9408465266466326
6599.2130290132,6,3.9489369808278676
6595.35609557635,6,3.9597965516227744
6591.4991621395,6,3.9729470919964274
6587.64222870265,6,3.9814908908229407
6583.78529526581,6,3.9911327862207138
6579.92836182896,6,3.9961603198500342
6576.07142839211,6,4.0027338624112092
6572.21449495526,6,4.0140304279102086
6568.35756151842,6,4.0220813180326038
6564.50062808157,6,4.0253357734587603
6560.64369464472,6,4.0322485570371986
6556.78676120788,6,4.0397377914317438
6552.92982777103,6,4.0452171739603369
6549.07289433418,6,4.0489401026317964
6545.21596089733,6,4.0534920782340071
6541.35902746049,6,4.0601957100162434
6537.50209402364,6,4.062940723167058
6533.64516058679,6,4.0684255800231597
6529.78822714994,6,4.0743067161226829
6525.9312937131,6,4.0805879080180105
6522.07436027625,6,4.0853581664751095
6518.2174268394,6,4.0880628281019558
6514.36049340256,6,4.086531625168945
6510.50355996571,6,4.0853785561179885
6506.64662652886,6,4.0847932964497264
6502.78969309201,6,4.0830136958353842
6498.93275965517,6,4.0833779991954788
6495.07582621832,6,4.0865267525663311
6491.21889278147,6,4.0896484740581753
6487.36195934462,6,4.0877857527153374
6483.50502590778,6,4.0830524785733386
6479.64809247093,6,4.0829781754084937
6475.79115903408,6,4.0857101966205152
6471.93422559724,6,4.0847614486246124
6468.07729216039,6,4.0800468491912838
6464.22035872354,6,4.0799732693873008
6460.36342528669,6,4.0783328123352902
6456.50649184985,6,4.0770079158462078
6452.649558413,6,4.0778510654360698
6448.79262497615,6,4.0737012501413101
6444.9356915393,6,4.0713794090733417
6441.07875810246,6,4.0725158710644038
6437.22182466561,6,4.0699180189302613
6433.36489122876,6,4.0704849464370882
6429.50795779192,6,4.0683306295338415
6425.65102435507,6,4.0658873308787076
6421.79409091822,6,4.0622049623112
6417.93715748137,6,4.0590594010704022
6414.08022404453,6,4.05830495239341
6410.22329060768,6,4.0638088210777532
6406.36635717083,6,4.0618917830394583
6402.50942373398,6,4.0622494174853774
6398.65249029714,6,4.0626415423003737
6394.79555686029,6,4.060503270560865
6390.93862342344,6,4.0579707071066933
6387.08168998659,6,4.0613794962989775
6383.22475654975,6,4.0682284883150928
6379.3678231129,6,4.0684846304624687
6375.51088967605,6,4.0641499223509197
6371.6539562392,6,4.065097016735133
6367.79702280236,6,4.0704028685171121
6363.94008936551,6,4.0747440443321343
6360.08315592866,6,4.0738392326967237
6356.22622249182,6,4.0761533443018356
6352.36928905497,6,4.0821517299791896
6348.51235561812,6,4.0893671274641061
6344.65542218127,6,4.0944565431908018
6340.79848874443,6,4.0950449351729379
6336.94155530758,6,4.0990645391236074
6333.08462187073,6,4.1053825818328917
6329.22768843388,6,4.1099530858027382
6325.37075499704,6,4.1134079186056862
6321.51382156019,6,4.116108255839924
6317.65688812334,6,4.1193293283021077
6313.7999546865,6,4.1245602678982545
6309.94302124965,6,4.1314955759138412
6306.0860878128,6,4.1402376671867023
6302.22915437595,6,4.1449807044613625
6298.37222093911,6,4.1518608218426936
6294.51528750226,6,4.1593907405316131
6290.65835406541,6,4.1686274351752859
6286.80142062856,6,4.1764400023706694
6282.94448719172,6,4.1833330143102323
6279.08755375487,6,4.1941506453103603
6275.23062031802,6,4.2020888728528156
6271.37368688118,6,4.2082101598708963
6267.51675344433,6,4.2159676728043438
6263.65982000748,6,4.2236429705612482
6259.80288657063,6,4.2297596089175276
6255.94595313379,6,4.2397136342725767
6252.08901969694,6,4.2534466505612389
6248.23208626009,6,4.2650136057204486
6244.37515282324,6,4.2745607338642913
6240.5182193864,6,4.2790827100391393
6236.66128594955,6,4.2883403422698407
6232.8043525127,6,4.301506488042647
6228.94741907586,6,4.3112187094927918
6225.09048563901,6,4.3197709169289791
6221.23355220216,6,4.3286704551249553
6217.37661876531,6,4.3404485315506669
6213.51968532847,6,4.3465896479919177
6209.66275189162,6,4.3498847483944516
6205.80581845477,6,4.3599035606738772
6201.94888501792,6,4.3696881063100879
6198.09195158108,6,4.3808445024607394
6194.23501814423,6,4.3875496671037402
6190.37808470738,6,4.3973942917859414
6186.52115127054,6,4.4077983348646068
6182.66421783369,6,4.4190746955009903
6178.80728439684,6,4.4256553846254372
6174.95035095999,6,4.4346531243957097
6171.09341752315,6,4.4421344862361369
6167.2364840863,6,4.4532808016284315
6163.37955064945,6,4.4576244872823398
6159.5226172126,6,4.4632996991403475
6155.66568377576,6,4.4675940233072229
6151.80875033891,6,4.4758077473258622
6147.95181690206,6,4.483120604055828
6144.09488346522,6,4.4851576818108541
6140.23795002837,6,4.4841714332613165
6136.38101659152,6,4.4899216718053649
6132.52408315467,6,4.4895878719199258
6128.66714971783,6,4.4862143817945466
6124.81021628098,6,4.4818852111506295
6120.95328284413,6,4.4823234094239037
6117.09634940728,6,4.4852877321792661
6113.23941597044,6,4.489250818782252
6109.38248253359,6,4.4887801822825812
6105.52554909674,6,4.4924891962260212
6101.6686156599,6,4.4967160769137289
6097.81168222305,6,4.5022577754467266
6093.9547487862,6,4.5071649402899681
6090.09781534935,6,4.5172049181718243
6086.24088191251,6,4.5276734218507588
6082.38394847566,6,4.5406503971023318
6078.52701503881,6,4.5488158933423612
6074.67008160196,6,4.5569791175406191
6070.81314816512,6,4.563293692431504
6066.95621472827,6,4.5740068156582643
6063.09928129142,6,4.5791721230914471
6059.24234785458,6,4.5870154310173188
6055.38541441773,6,4.5937865847008608
6051.52848098088,6,4.6052567347098368
6047.67154754403,6,4.6109150614289049
6043.81461410719,6,4.6194882089772653
6039.95768067034,6,4.6296863547117306
6036.10074723349,6,4.639798302580159
6032.24381379664,6,4.639865734148481
6028.3868803598,6,4.6409015633288746
6024.52994692295,6,4.6450321514661006
6020.6730134861,6,4.6615525827951574
6016.81608004926,6,4.6701679947467092
6012.95914661241,6,4.6750216022820066
6009.10221317556,6,4.6755531167596338
6005.24527973871,6,4.6835728142457587
6001.38834630187,6,4.6903783156982515
5997.53141286502,6,4.6942287898761004
5993.67447942817,6,4.6855869103785386
5989.81754599132,6,4.6735770914208734
5985.96061255448,6,4.66353509490812
5982.10367911763,6,4.6544953225185566
5978.24674568078,6,4.634872380247776
5974.38981224394,6,4.6140765130527246
5970.53287880709,6,4.5969770984590737
5966.67594537024,6,4.5839150463653704
5962.81901193339,6,4.565032078700126
5958.96207849655,6,4.5504328243615122
5955.1051450597,6,4.5315149707802327
5951.24821162285,6,4.5193675387972414
5947.391278186,6,4.5079142121477052
5943.53434474916,6,4.4928631282735196
5939.67741131231,6,4.4741840354177542
5935.82047787546,6,4.4544441281401648
5931.96354443862,6,4.4340631194516771
5928.10661100177,6,4.4126668827560982
5924.24967756492,6,4.39107523808633
5920.39274412807,6,4.3806401763396439
5916.53581069123,6,4.361614648312063
5912.67887725438,6,4.3457881168166779
5908.82194381753,6,4.3396063199786656
5904.96501038068,6,4.3416475673005976
5901.10807694384,6,4.3396717837648611
5897.25114350699,6,4.3421153901791101
5893.39421007014,6,4.348938998169622
5889.5372766333,6,4.3596532157024219
5885.68034319645,6,4.3569583448120222
5881.8234097596,6,4.3556495027745523
5877.96647632275,6,4.3558164169804341
5874.10954288591,6,4.3545193750836111
5870.25260944906,6,4.3490965911251402
5866.39567601221,6,4.3499077536491644
5862.53874257536,6,4.3489574295959734
5858.68180913852,6,4.3519595310607562
5854.82487570167,6,4.347765853332378
5850.96794226482,6,4.3430025937283352
5847.11100882798,6,4.3348436927228056
5843.25407539113,6,4.3272853830002944
5839.39714195428,6,4.3175985500729519
5835.54020851743,6,4.3110272075444263
5831.68327508059,6,4.2965115617268346
5827.82634164374,6,4.2810599702556429
5823.96940820689,6,4.2609359863121288
5820.11247477004,6,4.2377247690869577
5816.2555413332,6,4.2149597564173229
5812.39860789635,6,4.1958636092242898
5808.5416744595,6,4.167264638962684
5804.68474102266,6,4.144404217119666
5800.82780758581,6,4.1272894546787091
5796.97087414896,6,4.105421023867402
5793.11394071211,6,4.0792358525432224
5789.25700727527,6,4.0554296096326841
5785.40007383842,6,4.0359953020882351
5781.54314040157,6,4.0234441259563374
5777.68620696472,6,4.0047060389928122
5773.82927352788,6,3.990873370218146
5769.97234009103,6,3.9707646079945595
5766.11540665418,6,3.954824790000218
5762.25847321733,6,3.9421838473451003
5758.40153978049,6,3.9320273542840152
5754.54460634364,6,3.9225681907968681
5750.68767290679,6,3.9175321552406928
5746.83073946995,6,3.9059087973380366
5742.9738060331,6,3.9054150392986742
5739.11687259625,6,3.911780418909268
5735.2599391594,6,3.9162947383250053
5731.40300572256,6,3.9153201326467122
5727.54607228571,6,3.9227531739887631
5723.68913884886,6,3.9291979741042988
5719.83220541201,6,3.9389358035941862
5715.97527197517,6,3.9471474192270555
5712.11833853832,6,3.9587902786546811
5708.26140510147,6,3.9633947894066215
5704.40447166463,6,3.9714787589182654
5700.54753822778,6,3.9777585186530882
5696.69060479093,6,3.9850698208468094
5692.83367135408,6,3.9851596680603891
5688.97673791724,6,3.9844469102237481
5685.11980448039,6,3.9781009943693126
5681.26287104354,6,3.9728492246802336
5677.40593760669,6,3.9681919834754464
5673.54900416985,6,3.9682182510438366
5669.692070733,6,3.9608030085259855
5665.83513729615,6,3.958281301523646
5661.97820385931,6,3.9553836300918599
5658.12127042246,6,3.9561992372634642
5654.26433698561,6,3.9533914257055396
5650.40740354876,6,3.9510189059865533
5646.55047011192,6,3.9499998217505401
5642.69353667507,6,3.95377327733621
5638.83660323822,6,3.9552049473466342
5634.97966980137,6,3.9557767630251042
5631.12273636453,6,3.954271012320461
5627.26580292768,6,3.9641052610881804
5623.40886949083,6,3.9690847828843783
5619.55193605399,6,3.9657163205778887
5615.69500261714,6,3.9565926098919677
5611.83806918029,6,3.9567257493811181
5607.98113574344,6,3.9525381580370111
5604.1242023066,6,3.9509757616452013
5600.26726886975,6,3.9332751638534016
5596.4103354329,6,3.9182589255229558
5592.55340199605,6,3.9027824970978755
5588.69646855921,6,3.8939252404106641
5584.83953512236,6,3.8799457498822552
5580.98260168551,6,3.8700648771998045
5577.12566824867,6,3.8632893161719739
5573.26873481182,6,3.8580692392538856
5569.41180137497,6,3.8519535442826527
5565.55486793812,6,3.8412514541703815
5561.69793450128,6,3.8227726784208116
5557.84100106443,6,3.8226046678342041
5553.98406762758,6,3.8439278661036957
5550.12713419073,6,3.847092271643342
5546.27020075389,6,3.8200162341573165
5542.41326731704,6,3.8026474883831161
5538.55633388019,6,3.8214899866916103
5534.69940044334,6,3.8320377100519289
5530.8424670065,6,3.7935986828740269
5526.98553356965,6,3.7871976418182731
5523.1286001328,6,3.8167243286173562
5519.27166669596,6,3.833516205634544
5515.41473325911,6,3.803872715488382
5511.55779982226,6,3.797368315604507
5507.70086638541,6,3.841499277989568
5503.84393294857,6,3.8180124416885137
5499.98699951172,6,3.7857561088837106
5496.13006607487,6,3.8424833124630484
5492.27313263802,6,3.9172309800556158
5488.41619920118,6,3.8802829401719721
5484.55926576433,6,3.7900459559053394
5480.70233232748,6,3.7724689543518997
5476.84539889064,6,3.8614979825109033
5472.98846545379,6,3.8775141613546187
5469.13153201694,6,3.8452095705670239
5465.27459858009,6,3.8822720717397043
5461.41766514325,6,3.8881101809217222
5457.5607317064,6,3.8724262367104973
5453.70379826955,6,3.8358946498542164
5449.8468648327,6,3.8965237412954354
5445.98993139586,6,3.9725450582368742
5442.13299795901,6,3.9840378728652364
5438.27606452216,6,3.9164641414356813
5434.41913108532,6,3.9310540179381048
5430.56219764847,6,3.966551103517844
5426.70526421162,6,3.9304272608947892
5422.84833077477,6,3.8184027258959561
5418.99139733793,6,3.8185358087454677
5415.13446390108,6,3.9358106146378051
5411.27753046423,6,4.0396808706812539
5407.42059702738,6,3.9089135642433086
5403.56366359054,6,3.8457098498100972
5399.70673015369,6,3.827094173122052
5395.84979671684,6,3.8969030218849379
5391.99286328,6,3.8645871371026095
5388.13592984315,6,3.8562273984112716
5384.2789964063,6,3.8754165855006444
5380.42206296945,6,3.8307841232819726
5376.56512953261,6,3.8826903355286682
5372.70819609576,6,3.8344867293123173
5368.85126265891,6,3.7552173125339658
5364.99432922206,6,3.7989665376258612
5361.13739578522,6,3.7577147776914335
5357.28046234837,6,3.7709611282528805
5353.42352891152,6,3.8752674764600337
5349.56659547468,6,3.8463660859539401
5345.70966203783,6,3.8400484754979587
5341.85272860098,6,3.8230796710144213
5337.99579516413,6,3.7850042783173681
5334.13886172729,6,3.7054628328532782
5330.28192829044,6,3.6437525276538025
5326.42499485359,6,3.604501495245823
5322.56806141674,6,3.4858471924478498
5318.7111279799,6,3.4594623911765687
5314.85419454305,6,3.4161847588389684
5310.9972611062,6,3.3841206931082413
5307.14032766935,6,3.3548035913486256
5303.28339423251,6,3.2972020354472154
5299.42646079566,6,3.2130378016547168
5295.56952735881,6,3.1522524066409132
5291.71259392197,6,3.1181985073366345
5287.85566048512,6,3.0640353204415729
5283.99872704827,6,2.9746981495486793
5280.14179361142,6,2.8938405507695335
5276.28486017458,6,2.7726327390643606
5272.42792673773,6,2.7185296666373233
5268.57099330088,6,2.6906751655570833
5264.71405986403,6,2.6585599753402418
5260.85712642719,6,2.544357397179815
5257.00019299034,6,2.4753895570631119
5253.14325955349,6,2.4225585211508207
5249.28632611665,6,2.4051650844783339
5245.4293926798,6,2.3565927523612693
5241.57245924295,6,2.2457256167764021
5237.7155258061,6,2.2018198086315346
5233.85859236926,6,2.2008405952352432
5230.00165893241,6,2.1887004520731672
5226.14472549556,6,2.1818242059896482
5222.28779205871,6,2.1480885090263668
5218.43085862187,6,2.1144454371903114
5214.57392518502,6,2.0876445105370594
5210.71699174817,6,2.1147859168656491
5206.86005831133,6,2.1593261561997084
5203.00312487448,6,2.0949379175962202
5199.14619143763,6,2.0892470691327172
5195.28925800078,6,2.0927963696739673
5191.43232456394,6,2.0869376217979956
5187.57539112709,6,2.1136437974281446
5183.71845769024,6,2.1254163809416626
5179.86152425339,6,2.1195365443051175
5176.00459081655,6,2.1222132046409983
5172.1476573797,6,2.136204522111592
5168.29072394285,6,2.1560723735741685
5164.43379050601,6,2.1794673245614433
5160.57685706916,6,2.2043006599427737
5156.71992363231,6,2.2216527709547211
5152.86299019546,6,2.234308623137629
5149.00605675862,6,2.2417303820297909
5145.14912332177,6,2.27184414911315
5141.29218988492,6,2.2962055762196139
5137.43525644807,6,2.3144837103663463
5133.57832301123,6,2.3334225441376804
5129.72138957438,6,2.3589175244157379
5125.86445613753,6,2.3777758306927845
5122.00752270069,6,2.40742502392823
5118.15058926384,6,2.4308739453012391
5114.29365582699,6,2.4538997110946599
5110.43672239014,6,2.4728734722706984
5106.5797889533,6,2.4997301986924456
5102.72285551645,6,2.5182477483840224
5098.8659220796,6,2.54298814178554
5095.00898864275,6,2.5652101159640712
5091.15205520591,6,2.5947306221017086
5087.29512176906,6,2.6119042281674409
5083.43818833221,6,2.6390192221658686
5079.58125489536,6,2.6617242430595547
5075.72432145852,6,2.6915195004752053
5071.86738802167,6,2.7149438192888815
5068.01045458482,6,2.7427229505299211
5064.15352114798,6,2.7629210179102968
5060.29658771113,6,2.7931859384552693
5056.43965427428,6,2.8153087841452598
5052.58272083743,6,2.844013832953427
5048.72578740059,6,2.8627209814348857
5044.86885396374,6,2.8873810950705501
5041.01192052689,6,2.9060902347891067
5037.15498709004,6,2.9319820911437486
5033.2980536532,6,2.9469689562202328
5029.44112021635,6,2.9659266911459414
5025.5841867795,6,2.9768810954434097
5021.72725334266,6,2.9974734519342814
5017.87031990581,6,3.0066679260596856
5014.01338646896,6,3.0174043726161588
5010.15645303211,6,3.0193147905564661
5006.29951959527,6,3.0302395185733619
5002.44258615842,6,3.030860958612704
4998.58565272157,6,3.0351644751894624
4994.72871928472,6,3.0288150558583671
4990.87178584788,6,3.0264367263282304
4987.01485241103,6,3.0215656174276644
4983.15791897418,6,3.0169137975081157
4979.30098553734,6,3.0014610887743736
4975.44405210049,6,2.9941664160209935
4971.58711866364,6,2.9807824976418473
4967.73018522679,6,2.9709799732010356
4963.87325178995,6,2.9517347085621304
4960.0163183531,6,2.9369909614397169
4956.15938491625,6,2.9134536504790307
4952.3024514794,6,2.8909932736166382
4948.44551804256,6,2.8629827576661206
4944.58858460571,6,2.8388873796131984
4940.73165116886,6,2.8056964670821261
4936.87471773202,6,2.7769801393352456
4933.01778429517,6,2.7403279016453554
4929.16085085832,6,2.7111085138260584
4925.30391742147,6,2.6748421825404654
4921.44698398463,6,2.6447875259887974
4917.59005054778,6,2.6078413800553877
4913.73311711093,6,2.5739547553566111
4909.87618367408,6,2.5351622377150203
4906.01925023724,6,2.5094380906126581
4902.16231680039,6,2.4761535778418686
4898.30538336354,6,2.4505171018565113
4894.4484499267,6,2.4153623844204271
4890.59151648985,6,2.3860296878505638
4886.734583053,6,2.3540113417089295
4882.87764961615,6,2.3307877950745803
4879.02071617931,6,2.3013063052872722
4875.16378274246,6,2.2770686436486263
4871.30684930561,6,2.2446960485352356
4867.44991586876,6,2.219961282462863
4863.59298243192,6,2.1931107883716781
4859.73604899507,6,2.1699440280609248
4855.87911555822,6,2.1379239970876833
4852.02218212137,6,2.113548159571832
4848.16524868453,6,2.0841215147078973
4844.30831524768,6,2.0602108654189459
4840.45138181083,6,2.031278956393916
4836.59444837399,6,2.0107754412823637
4832.73751493714,6,1.9848967703031579
4828.88058150029,6,1.9646982878045502
4825.02364806344,6,1.9411401345626187
4821.1667146266,6,1.9262829162967692
4817.30978118975,6,1.9027854086054654
4813.4528477529,6,1.8861174565916781
4809.59591431605,6,1.8690058438241577
4805.73898087921,6,1.8596387222080937
4801.88204744236,6,1.8424886053022449
4798.02511400551,6,1.8338641995313116
4794.16818056867,6,1.8192027655356453
4790.31124713182,6,1.8110298706162204
4786.45431369497,6,1.798992751904072
4782.59738025812,6,1.7923441125237358
4778.74044682128,6,1.782717479315107
4774.88351338443,6,1.7786239180404015
4771.02657994758,6,1.7633047459076305
4767.16964651073,6,1.7562762173014903
4763.31271307389,6,1.7457966892169172
4759.45577963704,6,1.7424997691926896
4755.59884620019,6,1.7335719359300685
4751.74191276335,6,1.7299919978164908
4747.8849793265,6,1.7205670398180013
4744.02804588965,6,1.7216062483621686
4740.1711124528,6,1.7164836341802605
4736.31417901596,6,1.7192102894195351
4732.45724557911,6,1.7134713753813682
4728.60031214226,6,1.7156004344895464
4724.74337870541,6,1.7146351906718516
4720.88644526857,6,1.718252818814995
4717.02951183172,6,1.7160664890015127
4713.17257839487,6,1.7199294116334061
4709.31564495803,6,1.7182865605741495
4705.45871152118,6,1.7236576968719024
4701.60177808433,6,1.7206906873968137
4697.74484464748,6,1.7228842048062449
4693.88791121064,6,1.7256852140494481
4690.03097777379,6,1.7411625213176514
4686.17404433694,6,1.7513041918342047
4682.31711090009,6,1.7664240237629312
4678.46017746325,6,1.7784858720550618
4674.6032440264,6,1.7984177073448553
4670.74631058955,6,1.8142997413258823
4666.88937715271,6,1.8369434004816461
4663.03244371586,6,1.853452017858201
4659.17551027901,6,1.8753944068143424
4655.31857684216,6,1.8868110954497439
4651.46164340532,6,1.8963766294265301
4647.60470996847,6,1.8912429367754813
4643.74777653162,6,1.8956686372576179
4639.89084309477,6,1.8974596429463175
4636.03390965793,6,1.9072502623333472
4632.17697622108,6,1.911576775800905
4628.32004278423,6,1.9260935627020417
4624.46310934739,6,1.9382689839607279
4620.60617591054,6,1.956300662249173
4616.74924247369,6,1.9697918780221579
4612.89230903684,6,1.9949596019246996
4609.0353756,6,2.0157577008771717
4605.17844216315,6,2.0420069268319629
4601.3215087263,6,2.0545326527698542
4597.46457528945,6,2.0752742703755889
4593.60764185261,6,2.0961778360117354
4589.75070841576,6,2.12265184848019
4585.89377497891,6,2.135902286404241
4582.03684154207,6,2.1530431107133485
4578.17990810522,6,2.1690380302196619
4574.32297466837,6,2.1925173836081751
4570.46604123152,6,2.2065539822647047
4566.60910779468,6,2.2278642434863869
4562.75217435783,6,2.2446507511172871
4558.89524092098,6,2.2678460460165062
4555.03830748413,6,2.2833809564897569
4551.18137404729,6,2.300631130524208
4547.32444061044,6,2.3116304186655006
4543.46750717359,6,2.3298648416279657
4539.61057373675,6,2.3416473550139969
4535.7536402999,6,2.3632907112886223
4531.89670686305,6,2.3850029530742067
4528.0397734262,6,2.4155513006858378
4524.18283998936,6,2.4356051813762321
4520.32590655251,6,2.4579197093701044
4516.46897311566,6,2.4783829191939977
4512.61203967881,6,2.5114568714012848
4508.75510624197,6,2.5424230358850575
4504.89817280512,6,2.5802515314756649
4501.04123936827,6,2.6123725925538075
4497.18430593143,6,2.6520203551087569
4493.32737249458,6,2.6851017442247951
4489.47043905773,6,2.7239102887104676
4485.61350562088,6,2.754490020406037
4481.75657218404,6,2.7911676243200643
4477.89963874719,6,2.8187307658321092
4474.04270531034,6,2.8485845561331034
4470.18577187349,6,2.8637227157257361
4466.32883843665,6,2.8758426523811504
4462.4719049998,6,2.8722545402420265
4458.61497156295,6,2.8695404471935495
4454.75803812611,6,2.8462052541179861
4450.90110468926,6,2.8215910271282665
4447.04417125241,6,2.7827907556148501
4443.18723781556,6,2.7472467271101317
4439.33030437872,6,2.6911956756711719
4435.47337094187,6,2.6338262744707412
4431.61643750502,6,2.5588332436764016
4427.75950406817,6,2.4898189603258172
4423.90257063133,6,2.421415868620755
4420.04563719448,6,2.3701819495185039
4416.18870375763,6,2.3195690711436736
4412.33177032078,6,2.2827112430282761
4408.47483688394,6,2.243463124512584
4404.61790344709,6,2.2156949047264374
4400.76097001024,6,2.178280983327916
4396.9040365734,6,2.1519879084066424
4393.04710313655,6,2.1231395149225833
4389.1901696997,6,2.1057837969422337
4385.33323626285,6,2.0837718165573529
4381.47630282601,6,2.0715661814849047
4377.61936938916,6,2.0537061496393729
4373.76243595231,6,2.0490227012453879
4369.90550251546,6,2.0383164962763507
4366.04856907862,6,2.0354407112078441
4362.19163564177,6,2.0176622194757092
4358.33470220492,6,2.0073541690287255
4354.47776876808,6,1.9933006099139501
4350.62083533123,6,1.9923191312310775
4346.76390189438,6,1.9855834942244375
4342.90696845753,6,1.9932358801350625
4339.05003502069,6,2.0011388721722407
4335.19310158384,6,2.0175599438963543
4331.33616814699,6,2.0202881959339876
4327.47923471014,6,2.0332964800079427
4323.6223012733,6,2.0374465463249285
4319.76536783645,6,2.0444152006281064
4315.9084343996,6,2.0434158468659809
4312.05150096276,6,2.0508852730249534
4308.19456752591,6,2.0490634490747133
4304.33763408906,6,2.0549656329218933
4300.48070065221,6,2.0502446021269378
4296.62376721537,6,2.0521521111221839
4292.76683377852,6,2.0455817928509807
4288.90990034167,6,2.0441784108942942
4285.05296690482,6,2.0297268199078067
4281.19603346798,6,2.0188938800118064
4277.33910003113,6,1.9996397154695216
4273.48216659428,6,1.9932463137176999
4269.62523315744,6,1.9826321033425318
4265.76829972059,6,1.977284229067322
4261.91136628374,6,1.9691809503576938
4258.05443284689,6,1.9851864921423199
4254.19749941005,6,1.9955892920117819
4250.3405659732,6,2.0172053552695042
4246.48363253635,6,2.0264716476688838
4242.6266990995,6,2.0401611069525876
4238.76976566266,6,2.0459985510824827
4234.91283222581,6,2.0638325668788426
4231.05589878896,6,2.0745654402109381
4227.19896535212,6,2.0976719119942175
4223.34203191527,6,2.1123399548192641
4219.48509847842,6,2.132026937024571
4215.62816504157,6,2.1383861125777024
4211.77123160473,6,2.15475724888862
4207.91429816788,6,2.1591551492576473
4204.05736473103,6,2.1691554927975609
4200.20043129418,6,2.1662978956179151
4196.34349785734,6,2.1676805387860547
4192.48656442049,6,2.155332568167414
4188.62963098364,6,2.1494226349767587
4184.7726975468,6,2.1331066126000908
4180.91576410995,6,2.1282097494134757
4177.0588306731,6,2.1082400923484741
4173.20189723625,6,2.1018515317751807
4169.34496379941,6,2.0874556414222103
4165.48803036256,6,2.0774119677843581
4161.63109692571,6,2.0618388658052718
4157.77416348886,6,2.0601808476625645
4153.91723005202,6,2.0488277163549991
4150.06029661517,6,2.0465325056099877
4146.20336317832,6,2.034983447215331
4142.34642974148,6,2.0325539815703104
4138.48949630463,6,2.0237974625063795
4134.63256286778,6,2.0207064472451335
4130.77562943093,6,2.0026008500331463
4126.91869599409,6,1.9900202231483406
4123.06176255724,6,1.9718238984100434
4119.20482912039,6,1.959901711131484
4115.34789568354,6,1.9367731275917799
4111.4909622467,6,1.9241622780648979
4107.63402880985,6,1.9147356977343164
4103.777095373,6,1.9084755828498325
4099.92016193616,6,1.8833561778748329
4096.06322849931,6,1.8695376656956366
4092.20629506246,6,1.8500798028639991
4088.34936162561,6,1.8451947266265671
4084.49242818877,6,1.821548774208392
4080.63549475192,6,1.7995723873793048
4076.77856131507,6,1.7600038565137859
4072.92162787822,6,1.723232159201916
4069.06469444138,6,1.6752231910819155
4065.20776100453,6,1.6368166366401666
4061.35082756768,6,1.5955520951496394
4057.49389413083,6,1.5615720277380205
4053.63696069399,6,1.5172434098035266
4049.78002725714,6,1.4895721925033345
4045.92309382029,6,1.4619336637779543
4042.06616038345,6,1.4339282201458019
4038.2092269466,6,1.3965599391562722
4034.35229350975,6,1.378637042139206
4030.4953600729,6,1.3529474090899225
4026.63842663606,6,1.3420184930224779
4022.78149319921,6,1.3189857110115386
4018.92455976236,6,1.3092503148232022
4015.06762632551,6,1.2922097483593151
4011.21069288867,6,1.2902912918079923
4007.35375945182,6,1.2801813799621644
4003.49682601497,6,1.2726405213327157
3999.63989257813,6,1.2683307572840259
10001.0283203125,7,1.5607763688827143
9997.17138687565,7,1.5629551131406139
9993.31445343881,7,1.5629330827577661
9989.45752000196,7,1.5591735040721915
9985.60058656511,7,1.560016662868672
9981.74365312826,7,1.5644053120084935
9977.88671969142,7,1.5647009774185205
9974.02978625457,7,1.5618777096011423
9970.17285281772,7,1.5648277763655818
9966.31591938088,7,1.5639803015931051
9962.45898594403,7,1.5622059322683848
9958.60205250718,7,1.5665011319292468
9954.74511907033,7,1.5675591193548959
9950.88818563349,7,1.5638671667396826
9947.03125219664,7,1.5629390727278434
9943.17431875979,7,1.5643551414686625
9939.31738532294,7,1.5659256935757648
9935.4604518861,7,1.5653311250973125
9931.60351844925,7,1.5636086178215756
9927.7465850124,7,1.5637294682317586
9923.88965157556,7,1.5666219939797168
9920.03271813871,7,1.5665529062081021
9916.17578470186,7,1.5681473387481866
9912.31885126501,7,1.5740080563591876
9908.46191782817,7,1.5784895600932805
9904.60498439132,7,1.5765227092294678
9900.74805095447,7,1.5747844433440008
9896.89111751762,7,1.5789490183800376
9893.03418408078,7,1.5805283662632545
9889.17725064393,7,1.5787284456034953
9885.32031720708,7,1.5775902467778034
9881.46338377024,7,1.5826106135806981
9877.60645033339,7,1.5854964623427366
9873.74951689654,7,1.5800682267987121
9869.89258345969,7,1.5770897378243447
9866.03565002284,7,1.5780730404763084
9862.178716586,7,1.5780555286313058
9858.32178314915,7,1.5814567433804418
9854.4648497123,7,1.5873412077834415
9850.60791627546,7,1.5908093215271562
9846.75098283861,7,1.5889399926647902
9842.89404940176,7,1.5827464357125933
9839.03711596492,7,1.5873443013685273
9835.18018252807,7,1.5926817232605472
9831.32324909122,7,1.5909175190185616
9827.46631565437,7,1.5929297924001888
9823.60938221752,7,1.5957644700735987
9819.75244878068,7,1.5974550604043305
9815.89551534383,7,1.6009163216597573
9812.03858190698,7,1.6023517549854587
9808.18164847014,7,1.602792897477527
9804.32471503329,7,1.6016056013556126
9800.46778159644,7,1.6001339365998968
9796.6108481596,7,1.6010616556355366
9792.75391472275,7,1.6030845824778064
9788.8969812859,7,1.6037937316262605
9785.04004784905,7,1.6047250853530439
9781.1831144122,7,1.6073506526979937
9777.32618097536,7,1.610441961196222
9773.46924753851,7,1.6135983220499357
9769.61231410166,7,1.6139889588207588
9765.75538066482,7,1.6110050819054686
9761.89844722797,7,1.6126128494857728
9758.04151379112,7,1.6143085242908377
9754.18458035428,7,1.6155878242821355
9750.32764691743,7,1.6188991481533206
9746.47071348058,7,1.618801560651554
9742.61378004373,7,1.6186361247747802
9738.75684660688,7,1.6205817605024055
9734.89991317004,7,1.6239546630836426
9731.04297973319,7,1.6275688620705608
9727.18604629634,7,1.6255904447898759
9723.3291128595,7,1.6223946912313973
9719.47217942265,7,1.624247229190475
9715.6152459858,7,1.6268330332784968
9711.75831254896,7,1.6285193471142385
9707.90137911211,7,1.6303453480273467
9704.04444567526,7,1.6307123941584658
9700.18751223841,7,1.6344799604979094
9696.33057880156,7,1.637435193149317
9692.47364536472,7,1.6372527685114768
9688.61671192787,7,1.6357311297405932
9684.75977849102,7,1.6363450082914177
9680.90284505418,7,1.6378856019245891
9677.04591161733,7,1.6375147693211627
9673.18897818048,7,1.6369934592638584
9669.33204474363,7,1.6398727782769997
9665.47511130679,7,1.6425441891638846
9661.61817786994,7,1.6435710861604864
9657.76124443309,7,1.6444559134125223
9653.90431099624,7,1.6424415057266222
9650.0473775594,7,1.6421812459567606
9646.19044412255,7,1.6455990901273472
9642.3335106857,7,1.6445391516099885
9638.47657724886,7,1.6399633054024427
9634.61964381201,7,1.641042993340327
9630.76271037516,7,1.6417572823254343
9626.90577693831,7,1.6425594157995356
9623.04884350147,7,1.6457503572276773
9619.19191006462,7,1.6479671701394301
9615.33497662777,7,1.6465282851891816
9611.47804319092,7,1.6439964615309419
9607.62110975408,7,1.6445546791191088
9603.76417631723,7,1.6461459535281548
9599.90724288038,7,1.6482265237533094
9596.05030944354,7,1.6468908172393864
9592.19337600669,7,1.645748099323133
9588.33644256984,7,1.6467291256949546
9584.47950913299,7,1.6434881284722485
9580.62257569615,7,1.6414903275306694
9576.7656422593,7,1.645822355584845
9572.90870882245,7,1.6487744016579926
9569.0517753856,7,1.6494163442026757
9565.19484194876,7,1.6470287884684343
9561.33790851191,7,1.6427569935715765
9557.48097507506,7,1.6437575763246226
9553.62404163822,7,1.646827745659821
9549.76710820137,7,1.6453704740687884
9545.91017476452,7,1.6452781364413269
9542.05324132767,7,1.6494874830331856
9538.19630789083,7,1.6488407567136818
9534.33937445398,7,1.6447825550541797
9530.48244101713,7,1.6447864611313934
9526.62550758028,7,1.6449714182916377
9522.76857414344,7,1.6426389331008098
9518.91164070659,7,1.6426794099375481
9515.05470726974,7,1.6442498322091312
9511.1977738329,7,1.6454180284856363
9507.34084039605,7,1.6439086403480863
9503.4839069592,7,1.6426030217756065
9499.62697352235,7,1.6440270257002467
9495.77004008551,7,1.6416610057933738
9491.91310664866,7,1.6420036903237056
9488.05617321181,7,1.6451281379443019
9484.19923977496,7,1.6422576435386409
9480.34230633812,7,1.6389427960751037
9476.48537290127,7,1.6383394715818973
9472.62843946442,7,1.6372779129070238
9468.77150602758,7,1.6321209377729806
9464.91457259073,7,1.6328453028795975
9461.05763915388,7,1.6403315653773394
9457.20070571703,7,1.6394983615270116
9453.34377228019,7,1.6372808636538938
9449.48683884334,7,1.6355772864405829
9445.62990540649,7,1.63284223265644
9441.77297196964,7,1.6300779868829522
9437.9160385328,7,1.6279848202388552
9434.05910509595,7,1.629704308827904
9430.2021716591,7,1.6330848897981038
9426.34523822226,7,1.6333912055441324
9422.48830478541,7,1.6323967807064541
9418.63137134856,7,1.6303687977212693
9414.77443791171,7,1.6265926404724578
9410.91750447487,7,1.6258640850930899
9407.06057103802,7,1.6256015597149904
9403.20363760117,7,1.6268210249163495
9399.34670416432,7,1.6264354200376321
9395.48977072748,7,1.627849105370518
9391.63283729063,7,1.6276061039668273
9387.77590385378,7,1.6256561879462295
9383.91897041694,7,1.6249895436422657
9380.06203698009,7,1.6221782030081542
9376.20510354324,7,1.619621789995815
9372.34817010639,7,1.6193651079710909
9368.49123666955,7,1.6187148470590964
9364.6343032327,7,1.6183869324234363
9360.77736979585,7,1.6194277565876094
9356.920436359,7,1.6184345085973373
9353.06350292216,7,1.6170380794304391
9349.20656948531,7,1.6154523132051848
9345.34963604846,7,1.614586793782566
9341.49270261162,7,1.6152444567973001
9337.63576917477,7,1.6146796688187175
9333.77883573792,7,1.6117457033571929
9329.92190230107,7,1.6086908508691193
9326.06496886423,7,1.6068918278018751
9322.20803542738,7,1.6063467001762053
9318.35110199053,7,1.6063121841577237
9314.49416855368,7,1.6045732730490867
9310.63723511684,7,1.6029122060831016
9306.78030167999,7,1.6035647985581916
9302.92336824314,7,1.6045871583681377
9299.0664348063,7,1.6033971115975589
9295.20950136945,7,1.6005496114629949
9291.3525679326,7,1.5996777226603474
9287.49563449575,7,1.598814220912101
9283.63870105891,7,1.5988630554776764
9279.78176762206,7,1.5969154542134225
9275.92483418521,7,1.5945546734101423
9272.06790074836,7,1.5929557024389709
9268.21096731152,7,1.5919729808497651
9264.35403387467,7,1.5936806202592626
9260.49710043782,7,1.5953737898956577
9256.64016700098,7,1.5930729178129832
9252.78323356413,7,1.591268964641805
9248.92630012728,7,1.590722831792629
9245.06936669043,7,1.5881336296335729
9241.21243325358,7,1.5845858355253073
9237.35549981674,7,1.5852954818917651
9233.49856637989,7,1.586226350902475
9229.64163294304,7,1.5884484138186705
9225.7846995062,7,1.5877870523692632
9221.92776606935,7,1.5857203543179592
9218.0708326325,7,1.583083487397718
9214.21389919565,7,1.5819037836400582
9210.35696575881,7,1.5810582462786993
9206.50003232196,7,1.581455224528324
9202.64309888511,7,1.5811955853558173
9198.78616544826,7,1.5776704425203372
9194.92923201142,7,1.5779501143258337
9191.07229857457,7,1.5782611098404544
9187.21536513772,7,1.5772712463651661
9183.35843170088,7,1.5764976659542747
9179.50149826403,7,1.575188564158573
9175.64456482718,7,1.5756924871425531
9171.78763139033,7,1.5754743889972378
9167.93069795349,7,1.5750936852115069
9164.07376451664,7,1.5746036750180803
9160.21683107979,7,1.5713441605385849
9156.35989764294,7,1.5696166814439216
9152.5029642061,7,1.5720347693521841
9148.64603076925,7,1.5722889771253055
9144.7890973324,7,1.5680013083429127
9140.93216389556,7,1.5664291460831299
9137.07523045871,7,1.566186130755904
9133.21829702186,7,1.5672951104978825
9129.36136358501,7,1.5670532780920903
9125.50443014817,7,1.564402759469381
9121.64749671132,7,1.5625033490991136
9117.79056327447,7,1.5613604186229875
9113.93362983762,7,1.5607354289778277
9110.07669640078,7,1.5617879787404521
9106.21976296393,7,1.5623261270294728
9102.36282952708,7,1.5632820774631719
9098.50589609024,7,1.5636721468228139
9094.64896265339,7,1.5624164857885594
9090.79202921654,7,1.5592215614208609
9086.93509577969,7,1.5575250000438965
9083.07816234285,7,1.5567462359766369
9079.221228906,7,1.5561834570895048
9075.36429546915,7,1.5567234939332977
9071.5073620323,7,1.5581551854916347
9067.65042859546,7,1.5569026097175502
9063.79349515861,7,1.5573923755889538
9059.93656172176,7,1.5572992162170269
9056.07962828492,7,1.556424974621339
9052.22269484807,7,1.5519155645266292
9048.36576141122,7,1.5485615017227667
9044.50882797437,7,1.5488002280526878
9040.65189453753,7,1.5497475566086427
9036.79496110068,7,1.5490296268780295
9032.93802766383,7,1.547032942249821
9029.08109422698,7,1.5461166219738329
9025.22416079014,7,1.5454758955425651
9021.36722735329,7,1.5458107877360581
9017.51029391644,7,1.5464042832589904
9013.6533604796,7,1.5454531643939458
9009.79642704275,7,1.5441679876468921
9005.9394936059,7,1.5449357232085683
9002.08256016905,7,1.5442923385647012
8998.22562673221,7,1.5424501264905564
8994.36869329536,7,1.5436949490907432
8990.51175985851,7,1.5439519422142469
8986.65482642166,7,1.5429798707204263
8982.79789298482,7,1.5426974169646019
8978.94095954797,7,1.5429884568372829
8975.08402611112,7,1.5434488046576389
8971.22709267428,7,1.5427598121771506
8967.37015923743,7,1.5397743865880864
8963.51322580058,7,1.5394954030796297
8959.65629236373,7,1.5410732275070034
8955.79935892689,7,1.5418339773302598
8951.94242549004,7,1.5418253665428248
8948.08549205319,7,1.5393064753948202
8944.22855861634,7,1.5373994661991768
8940.3716251795,7,1.5408360136585619
8936.51469174265,7,1.5433819580951429
8932.6577583058,7,1.5424886498402888
8928.80082486896,7,1.539875768419698
8924.94389143211,7,1.5421484874853144
8921.08695799526,7,1.5428006520825353
8917.23002455841,7,1.5412552345684594
8913.37309112157,7,1.5430546171468391
8909.51615768472,7,1.5456680013368551
8905.65922424787,7,1.543187591152094
8901.80229081102,7,1.5427243617056723
8897.94535737418,7,1.5443560614022616
8894.08842393733,7,1.5417502531569856
8890.23149050048,7,1.5407368073810268
8886.37455706364,7,1.5438552521433397
8882.51762362679,7,1.5449140443421099
8878.66069018994,7,1.5439844525818085
8874.80375675309,7,1.5436880271637206
8870.94682331625,7,1.5465869455770243
8867.0898898794,7,1.5492267175962757
8863.23295644255,7,1.5466267243125493
8859.3760230057,7,1.5464602170666781
8855.51908956886,7,1.5506502923445806
8851.66215613201,7,1.5523299220368498
8847.80522269516,7,1.5484236320743943
8843.94828925832,7,1.5458876731629827
8840.09135582147,7,1.5469595475881643
8836.23442238462,7,1.5497483010784388
8832.37748894777,7,1.5517443691902928
8828.52055551093,7,1.5498259406820152
8824.66362207408,7,1.5491891943322083
8820.80668863723,7,1.5509418672098318
8816.94975520038,7,1.5550349489976725
8813.09282176354,7,1.5582630179642845
8809.23588832669,7,1.5552807434697868
8805.37895488984,7,1.5525197279439462
8801.522021453,7,1.553563409667678
8797.66508801615,7,1.5493628985849686
8793.8081545793,7,1.5469041475300411
8789.95122114245,7,1.5464886045533524
8786.09428770561,7,1.5461252386146702
8782.23735426876,7,1.5456972692481683
8778.38042083191,7,1.5451340831625666
8774.52348739506,7,1.5431242467513275
8770.66655395822,7,1.545436918446434
8766.80962052137,7,1.5449682274685319
8762.95268708452,7,1.5418879198117441
8759.09575364767,7,1.5403694386470494
8755.23882021083,7,1.5403754795811064
8751.38188677398,7,1.5382815211184209
8747.52495333713,7,1.5361170565131328
8743.66801990029,7,1.5341516468145606
8739.81108646344,7,1.5348161879983682
8735.95415302659,7,1.5320507832418571
8732.09721958974,7,1.527271379530621
8728.2402861529,7,1.5218393608775251
8724.38335271605,7,1.5207280662229161
8720.5264192792,7,1.5204234328529296
8716.66948584235,7,1.5180533613637719
8712.81255240551,7,1.5142733446988599
8708.95561896866,7,1.5075494437854129
8705.09868553181,7,1.5022285205178951
8701.24175209497,7,1.4985864719399533
8697.38481865812,7,1.4959736290501073
8693.52788522127,7,1.4888839163583212
8689.67095178442,7,1.4855556132171479
8685.81401834758,7,1.4820855314148575
8681.95708491073,7,1.4765552568981519
8678.10015147388,7,1.47479417247858
8674.24321803703,7,1.4703781593156382
8670.38628460019,7,1.4625434218459743
8666.52935116334,7,1.4582510399072204
8662.67241772649,7,1.4513412409984952
8658.81548428965,7,1.4446256641422099
8654.9585508528,7,1.4442222367655528
8651.10161741595,7,1.4421646388315157
8647.2446839791,7,1.4364887740095496
8643.38775054226,7,1.430823483267778
8639.53081710541,7,1.429892162795972
8635.67388366856,7,1.4261844177327161
8631.81695023171,7,1.4224879442159253
8627.96001679487,7,1.4185881142650887
8624.10308335802,7,1.4133767191595688
8620.24614992117,7,1.4082847212526532
8616.38921648433,7,1.4016919310978802
8612.53228304748,7,1.3959666392906209
8608.67534961063,7,1.3934317328166497
8604.81841617378,7,1.3900496187582849
8600.96148273694,7,1.3877671086846179
8597.10454930009,7,1.3830376962513302
8593.24761586324,7,1.3785454009915048
8589.39068242639,7,1.3742487064403406
8585.53374898955,7,1.3697866156508125
8581.6768155527,7,1.3633146005391712
8577.81988211585,7,1.3565976515770881
8573.96294867901,7,1.3514630744146077
8570.10601524216,7,1.348720489490451
8566.24908180531,7,1.3469034489092291
8562.39214836846,7,1.3447969365354577
8558.53521493162,7,1.338886364850767
8554.67828149477,7,1.3332818716589516
8550.82134805792,7,1.3285813985431485
8546.96441462107,7,1.3244362169732007
8543.10748118423,7,1.3197646196979704
8539.25054774738,7,1.3130925149721868
8535.39361431053,7,1.3076757188617716
8531.53668087368,7,1.3044524562634701
8527.67974743684,7,1.2993293241219526
8523.82281399999,7,1.2934717159113518
8519.96588056314,7,1.2864519440207731
8516.1089471263,7,1.2783348009936653
8512.25201368945,7,1.2687512827585632
8508.3950802526,7,1.2598150378762192
8504.53814681575,7,1.2514846747755248
8500.68121337891,7,1.245120944889373
8496.82427994206,7,1.2389990483599025
8492.96734650521,7,1.2284859258834295
8489.11041306836,7,1.2167549409006746
8485.25347963152,7,1.2097775789782572
8481.39654619467,7,1.2065745751016967
8477.53961275782,7,1.2010687921346408
8473.68267932098,7,1.194822212004758
8469.82574588413,7,1.1882212331702995
8465.96881244728,7,1.1806707902854541
8462.11187901043,7,1.1776127334826283
8458.25494557359,7,1.1729501850419526
8454.39801213674,7,1.1639094345884171
8450.54107869989,7,1.1571008152509119
8446.68414526304,7,1.1514540273588096
8442.8272118262,7,1.1450298720210048
8438.97027838935,7,1.1382583088280693
8435.1133449525,7,1.132742978753229
8431.25641151566,7,1.131567516241339
8427.39947807881,7,1.1273158146124622
8423.54254464196,7,1.1212028407898176
8419.68561120511,7,1.1145739579348444
8415.82867776827,7,1.1088410405059399
8411.97174433142,7,1.1011430892859959
8408.11481089457,7,1.0940534911773225
8404.25787745772,7,1.0896780354417048
8400.40094402088,7,1.0878013501912251
8396.54401058403,7,1.0810194063909258
8392.68707714718,7,1.0736153527182255
8388.83014371034,7,1.0692674605413313
8384.97321027349,7,1.0628408985166002
8381.11627683664,7,1.0589407687560906
8377.25934339979,7,1.0553978464893499
8373.40240996295,7,1.0520334205829203
8369.5454765261,7,1.0500466780721762
8365.68854308925,7,1.0431017024252229
8361.8316096524,7,1.0375474168506678
8357.97467621556,7,1.0344476345365532
8354.11774277871,7,1.0315633689019306
8350.26080934186,7,1.0308998956986608
8346.40387590502,7,1.0298059773440489
8342.54694246817,7,1.0271224423850134
8338.69000903132,7,1.027134892025547
8334.83307559447,7,1.0242786473374199
8330.97614215763,7,1.0188325521511725
8327.11920872078,7,1.0165815606436084
8323.26227528393,7,1.0143227664386361
8319.40534184708,7,1.0076298987749279
8315.54840841024,7,1.000347662699375
8311.69147497339,7,0.99328112470133245
8307.83454153654,7,0.98980877197357575
8303.97760809969,7,0.98388090098300829
8300.12067466285,7,0.97314114762449666
8296.263741226,7,0.96556405612179308
8292.40680778915,7,0.95927640236660938
8288.54987435231,7,0.95035457783368482
8284.69294091546,7,0.94042545890552187
8280.83600747861,7,0.93058827206119865
8276.97907404176,7,0.92524589955072845
8273.12214060492,7,0.91981013035708337
8269.26520716807,7,0.91710643104402845
8265.40827373122,7,0.91266539942268476
8261.55134029437,7,0.90722401671542841
8257.69440685753,7,0.90159835011070921
8253.83747342068,7,0.89748034568847768
8249.98053998383,7,0.89647416898699106
8246.12360654699,7,0.89510689636347962
8242.26667311014,7,0.89286473182067638
8238.40973967329,7,0.88951123136566057
8234.55280623644,7,0.88510231396884453
8230.6958727996,7,0.88275662183180614
8226.83893936275,7,0.88072625304268914
8222.9820059259,7,0.87971918188373177
8219.12507248905,7,0.87689415493893286
8215.26813905221,7,0.8740654203580247
8211.41120561536,7,0.87308409756695315
8207.55427217851,7,0.8716445237995698
8203.69733874167,7,0.87060392727118341
8199.84040530482,7,0.867276993514837
8195.98347186797,7,0.86360897436864281
8192.12653843112,7,0.86401139001579974
8188.26960499428,7,0.86259712951254741
8184.41267155743,7,0.86079582094588503
8180.55573812058,7,0.85978468451523327
8176.69880468373,7,0.85802042646488363
8172.84187124689,7,0.85708942994168069
8168.98493781004,7,0.85815102618470895
8165.12800437319,7,0.85711767697071028
8161.27107093635,7,0.85419884185723749
8157.4141374995,7,0.85226381927406525
8153.55720406265,7,0.85337354004341925
8149.7002706258,7,0.85568829731257523
8145.84333718896,7,0.852877737479802
8141.98640375211,7,0.84857158014073253
8138.12947031526,7,0.84637139810741768
8134.27253687841,7,0.84763918578496966
8130.41560344157,7,0.84924468864904856
8126.55867000472,7,0.84821963456080685
8122.70173656787,7,0.84490345330853778
8118.84480313103,7,0.84476717268754253
8114.98786969418,7,0.84721879536542666
8111.13093625733,7,0.84596204789448493
8107.27400282048,7,0.84389616811020662
8103.41706938364,7,0.84239599494581618
8099.56013594679,7,0.84134039010484418
8095.70320250994,7,0.83843619840012273
8091.84626907309,7,0.83460943334818261
8087.98933563625,7,0.83361118064211404
8084.1324021994,7,0.83580688690248017
8080.27546876255,7,0.83483420632553784
8076.41853532571,7,0.83644519385493954
8072.56160188886,7,0.83620050833918569
8068.70466845201,7,0.83381250258562645
8064.84773501516,7,0.83127087767240404
8060.99080157832,7,0.83138683505764366
8057.13386814147,7,0.83183126595849544
8053.27693470462,7,0.82867222314354017
8049.42000126777,7,0.82538959186833161
8045.56306783093,7,0.82797363264752999
8041.70613439408,7,0.82970873870970419
8037.84920095723,7,0.82614646676899639
8033.99226752039,7,0.82339328779593934
8030.13533408354,7,0.82354458726667268
8026.27840064669,7,0.82171688587405356
8022.42146720984,7,0.82126865081963452
8018.564533773,7,0.81946027658597309
8014.70760033615,7,0.81868759489883125
8010.8506668993,7,0.81946028248609259
8006.99373346245,7,0.81707642185520335
8003.13680002561,7,0.81356933411820798
7999.27986658876,7,0.81480607668390803
7995.42293315191,7,0.81459553737331625
7991.56599971507,7,0.81332568844896169
7987.70906627822,7,0.81340574121922771
7983.85213284137,7,0.81090421513880973
7979.99519940452,7,0.80640591825464369
7976.13826596768,7,0.80703609863437897
7972.28133253083,7,0.80798513898827196
7968.42439909398,7,0.80764157138675241
7964.56746565713,7,0.80676465629508876
7960.71053222029,7,0.80709412649088907
7956.85359878344,7,0.80348736046167435
7952.99666534659,7,0.79935967665018204
7949.13973190975,7,0.7990624438509748
7945.2827984729,7,0.80100881634266674
7941.42586503605,7,0.80060583398362883
7937.5689315992,7,0.79957649110067308
7933.71199816236,7,0.79942162561591612
7929.85506472551,7,0.79752865634100178
7925.99813128866,7,0.79374757017570019
7922.14119785181,7,0.79451822266741168
7918.28426441497,7,0.79515558389877228
7914.42733097812,7,0.79507576437160488
7910.57039754127,7,0.79495615802005304
7906.71346410443,7,0.79424303956736697
7902.85653066758,7,0.79306304075409528
7898.99959723073,7,0.79222441747436267
7895.14266379388,7,0.79275374233805795
7891.28573035704,7,0.79427614277990166
7887.42879692019,7,0.79245453242400998
7883.57186348334,7,0.79177292116678277
7879.71493004649,7,0.79349786566772451
7875.85799660965,7,0.79570435603152223
7872.0010631728,7,0.79581613641822102
7868.14412973595,7,0.79608194737434879
7864.28719629911,7,0.79420506996733753
7860.43026286226,7,0.7961155845663006
7856.57332942541,7,0.79870534424237771
7852.71639598856,7,0.79855687691059529
7848.85946255172,7,0.79919206506650475
7845.00252911487,7,0.80219438217271222
7841.14559567802,7,0.80205584741346581
7837.28866224117,7,0.80273863682550317
7833.43172880433,7,0.80470565529990079
7829.57479536748,7,0.80635440502741496
7825.71786193063,7,0.80797696079839998
7821.86092849379,7,0.81045062285248903
7818.00399505694,7,0.80784127302074005
7814.14706162009,7,0.8071845896933505
7810.29012818324,7,0.81130188425071381
7806.4331947464,7,0.81303892915211406
7802.57626130955,7,0.81310859150981951
7798.7193278727,7,0.81468626540393885
7794.86239443585,7,0.81611347466892425
7791.00546099901,7,0.81794230360302134
7787.14852756216,7,0.82091371022651494
7783.29159412531,7,0.82201707283404168
7779.43466068847,7,0.82338630885252595
7775.57772725162,7,0.82660469300332107
7771.72079381477,7,0.82558393841900024
7767.86386037792,7,0.82664554642181365
7764.00692694107,7,0.82761273842182348
7760.14999350423,7,0.82943117205665473
7756.29306006738,7,0.83142707521327708
7752.43612663053,7,0.8338557007489884
7748.57919319369,7,0.83394917701256066
7744.72225975684,7,0.83601302589855653
7740.86532631999,7,0.83589685646307998
7737.00839288315,7,0.83780010615605072
7733.1514594463,7,0.84049303298150591
7729.29452600945,7,0.84082812745211299
7725.4375925726,7,0.84194023888911929
7721.58065913575,7,0.8434358774493349
7717.72372569891,7,0.8451015196528644
7713.86679226206,7,0.84715601423064424
7710.00985882521,7,0.84720314676668895
7706.15292538837,7,0.84635843525430232
7702.29599195152,7,0.84776955764626738
7698.43905851467,7,0.84948398814608073
7694.58212507782,7,0.84894398971319252
7690.72519164098,7,0.84878454270681836
7686.86825820413,7,0.84907034775877932
7683.01132476728,7,0.84971754683589307
7679.15439133043,7,0.84957737923527876
7675.29745789359,7,0.85002295780498383
7671.44052445674,7,0.84943863740449643
7667.58359101989,7,0.8492120925183464
7663.72665758305,7,0.84944910565313947
7659.8697241462,7,0.85192877112582988
7656.01279070935,7,0.85337929403465029
7652.1558572725,7,0.85280173457894737
7648.29892383566,7,0.85135556639477983
7644.44199039881,7,0.85015579724021784
7640.58505696196,7,0.8475998488022416
7636.72812352511,7,0.84639389901062856
7632.87119008827,7,0.84578537724589786
7629.01425665142,7,0.84476216436743723
7625.15732321457,7,0.84313422692394546
7621.30038977773,7,0.84282807831800799
7617.44345634088,7,0.84241500692750293
7613.58652290403,7,0.84127511379156683
7609.72958946718,7,0.83933952310991611
7605.87265603034,7,0.83844582387634325
7602.01572259349,7,0.83613501175914706
7598.15878915664,7,0.83436239904220688
7594.30185571979,7,0.83198633775300479
7590.44492228295,7,0.83007568222219419
7586.5879888461,7,0.82887243270017219
7582.73105540925,7,0.82765055292060463
7578.87412197241,7,0.82467294907044408
7575.01718853556,7,0.82157160507074067
7571.16025509871,7,0.81758130248479333
7567.30332166186,7,0.81443459197632162
7563.44638822502,7,0.81084474741615864
7559.58945478817,7,0.80633919442968782
7555.73252135132,7,0.80314418652009056
7551.87558791447,7,0.7999562351799705
7548.01865447763,7,0.79255728004483128
7544.16172104078,7,0.78706287850531353
7540.30478760393,7,0.78351591306578694
7536.44785416709,7,0.78058973823295386
7532.59092073024,7,0.77488390246631322
7528.73398729339,7,0.76761387924153013
7524.87705385654,7,0.7615148579611084
7521.0201204197,7,0.7552524755835277
7517.16318698285,7,0.74810022365853968
7513.306253546,7,0.74190696415635493
7509.44932010915,7,0.73548023170548049
7505.59238667231,7,0.72941873952232328
7501.73545323546,7,0.72110273652584489
7497.87851979861,7,0.71451467254969359
7494.02158636177,7,0.70908037663906676
7490.16465292492,7,0.70404901635708139
7486.30771948807,7,0.69665558825393692
7482.45078605122,7,0.68713760940333213
7478.59385261438,7,0.67651280262621594
7474.73691917753,7,0.66760194525569627
7470.87998574068,7,0.65931710999009319
7467.02305230383,7,0.64943281067104763
7463.16611886699,7,0.63576786019873754
7459.30918543014,7,0.62600256202768101
7455.45225199329,7,0.61563367063485153
7451.59531855645,7,0.60271588435312218
7447.7383851196,7,0.59189287599927454
7443.88145168275,7,0.58095968705182965
7440.0245182459,7,0.56818394959290952
7436.16758480906,7,0.55618218394694097
7432.31065137221,7,0.54250332886987263
7428.45371793536,7,0.52863129674387732
7424.59678449851,7,0.51630633462690945
7420.73985106167,7,0.50694493889752401
7416.88291762482,7,0.49107758595441808
7413.02598418797,7,0.47167651505643082
7409.16905075113,7,0.4593464333584798
7405.31211731428,7,0.44981128909488532
7401.45518387743,7,0.43281354622648838
7397.59825044058,7,0.4191558566812752
7393.74131700374,7,0.40252506083558615
7389.88438356689,7,0.38575890905115973
7386.02745013004,7,0.37203361428107407
7382.17051669319,7,0.36525416510685549
7378.31358325635,7,0.34975465557524021
7374.4566498195,7,0.32682360728573556
7370.59971638265,7,0.30809600575311435
7366.74278294581,7,0.29569586787482827
7362.88584950896,7,0.27683183474623707
7359.02891607211,7,0.26451888503317633
7355.17198263526,7,0.25665189026760338
7351.31504919842,7,0.2425625596409775
7347.45811576157,7,0.23987543186198224
7343.60118232472,7,0.24442170519344142
7339.74424888787,7,0.22568958612013112
7335.88731545103,7,0.18621470841473542
7332.03038201418,7,0.1788085764781
7328.17344857733,7,0.19087488911412009
7324.31651514049,7,0.17336142036840929
7320.45958170364,7,0.14642753952406107
7316.60264826679,7,0.13634295524341145
7312.74571482994,7,0.1422659865687157
7308.8887813931,7,0.13455293245031363
7305.03184795625,7,0.10983585450400035
7301.1749145194,7,0.097003017070432129
7297.31798108255,7,0.096975429362150756
7293.46104764571,7,0.093173009753074965
7289.60411420886,7,0.082642228302687748
7285.74718077201,7,0.06738359696933216
7281.89024733516,7,0.055128355216688796
7278.03331389832,7,0.047327569286028215
7274.17638046147,7,0.046408335590334637
7270.31944702462,7,0.041650112586311572
7266.46251358778,7,0.041104111428366785
7262.60558015093,7,0.046374202738344472
7258.74864671408,7,0.045248869673641501
7254.89171327723,7,0.046010144307226497
7251.03477984039,7,0.045628611829791943
7247.17784640354,7,0.047652373123427516
7243.32091296669,7,0.074173991287031171
7239.46397952984,7,0.054698995748036161
7235.607046093,7,0.05688115839672836
7231.75011265615,7,0.078490510642181377
7227.8931792193,7,0.048982513648625492
7224.03624578246,7,0.032618606386190407
7220.17931234561,7,0.035830107018715474
7216.32237890876,7,0.021411449861977516
7212.46544547191,7,0.0030584986330444153
7208.60851203507,7,-0.0018996463848708345
7204.75157859822,7,0.0065088697914603699
7200.89464516137,7,-0.015700366125372511
7197.03771172452,7,-0.037683417364956284
7193.18077828768,7,-0.05111954389585005
7189.32384485083,7,-0.072480420564263071
7185.46691141398,7,-0.077467648244400777
7181.60997797714,7,-0.081102580274087899
7177.75304454029,7,-0.11832782133033248
7173.89611110344,7,-0.14447786539277541
7170.03917766659,7,-0.14860689237470748
7166.18224422975,7,-0.16272038284428891
7162.3253107929,7,-0.18672885740202627
7158.46837735605,7,-0.22601683036436437
7154.6114439192,7,-0.27087793670687255
7150.75451048236,7,-0.29766962417653176
7146.89757704551,7,-0.31490377084523669
7143.04064360866,7,-0.32883983556902763
7139.18371017182,7,-0.35759641521481456
7135.32677673497,7,-0.39897524934858986
7131.46984329812,7,-0.44714349799463182
7127.61290986127,7,-0.48508992829851039
7123.75597642443,7,-0.5124973981476364
7119.89904298758,7,-0.53082688716493376
7116.04210955073,7,-0.572270510605561
7112.18517611388,7,-0.62057321043786295
7108.32824267704,7,-0.65163871767871306
7104.47130924019,7,-0.69351128116868743
7100.61437580334,7,-0.74126325085420675
7096.7574423665,7,-0.76860607131510239
7092.90050892965,7,-0.81431378373165231
7089.0435754928,7,-0.86825923411657246
7085.18664205595,7,-0.91271841910830975
7081.32970861911,7,-0.95413378653527836
7077.47277518226,7,-1.000254935782106
7073.61584174541,7,-1.0427280845995748
7069.75890830856,7,-1.0912605143965317
7065.90197487172,7,-1.1538650631146075
7062.04504143487,7,-1.2150064722535157
7058.18810799802,7,-1.2729088147331695
7054.33117456117,7,-1.3298789090631891
7050.47424112433,7,-1.3834300332773388
7046.61730768748,7,-1.4364800582657495
7042.76037425063,7,-1.4941925393157693
7038.90344081379,7,-1.5507983237980492
7035.04650737694,7,-1.6058439302849927
7031.18957394009,7,-1.6592762210901491
7027.33264050324,7,-1.7070810405056913
7023.4757070664,7,-1.7555524445621913
7019.61877362955,7,-1.8080299494719201
7015.7618401927,7,-1.8567661350128244
7011.90490675585,7,-1.9013322677037099
7008.04797331901,7,-1.9432837287094999
7004.19103988216,7,-1.9823999568539108
7000.33410644531,7,-2.0222802595277947
6996.47717300847,7,-2.0610576583177269
6992.62023957162,7,-2.0999420267515969
6988.76330613477,7,-2.1340751426464819
6984.90637269792,7,-2.1661383235868144
6981.04943926108,7,-2.1974697714913365
6977.19250582423,7,-2.2299585497333179
6973.33557238738,7,-2.257165381214195
6969.47863895053,7,-2.2852406364977362
6965.62170551369,7,-2.3132590453281368
6961.76477207684,7,-2.3383978883094514
6957.90783863999,7,-2.3609108748338623
6954.05090520315,7,-2.383781083357658
6950.1939717663,7,-2.4076879683325809
6946.33703832945,7,-2.4295877405591644
6942.4801048926,7,-2.4498475749646329
6938.62317145576,7,-2.4674962935071481
6934.76623801891,7,-2.4853832900011401
6930.90930458206,7,-2.5034329318018758
6927.05237114521,7,-2.5206661262620069
6923.19543770837,7,-2.5365876089422694
6919.33850427152,7,-2.5500503211206786
6915.48157083467,7,-2.564637585034991
6911.62463739783,7,-2.5800453845611631
6907.76770396098,7,-2.5934236173444396
6903.91077052413,7,-2.6067789883164805
6900.05383708728,7,-2.6179443724873184
6896.19690365044,7,-2.6261291461559999
6892.33997021359,7,-2.636576920586966
6888.48303677674,7,-2.6474850906108851
6884.62610333989,7,-2.6568841658496076
6880.76916990305,7,-2.6657742192165395
6876.9122364662,7,-2.673372255599443
6873.05530302935,7,-2.679044329784174
6869.19836959251,7,-2.6845973057507697
6865.34143615566,7,-2.6891637576554706
6861.48450271881,7,-2.6934955699022218
6857.62756928196,7,-2.6985520415834405
6853.77063584512,7,-2.7045628247523821
6849.91370240827,7,-2.7073529352013783
6846.05676897142,7,-2.7092378176810366
6842.19983553457,7,-2.7135209336692836
6838.34290209773,7,-2.718045653752311
6834.48596866088,7,-2.7190377289934657
6830.62903522403,7,-2.7218158826373164
6826.77210178718,7,-2.7243763308776741
6822.91516835034,7,-2.7260641365237701
6819.05823491349,7,-2.7282721875524181
6815.20130147664,7,-2.7307625903753818
6811.3443680398,7,-2.7326589969543043
6807.48743460295,7,-2.7330955842603166
6803.6305011661,7,-2.7316552561537115
6799.77356772925,7,-2.7331114241719408
6795.91663429241,7,-2.7355268495563334
6792.05970085556,7,-2.7372420510740425
6788.20276741871,7,-2.7376612610909059
6784.34583398186,7,-2.7380850265376333
6780.48890054502,7,-2.7381407058734473
6776.63196710817,7,-2.7388310475467303
6772.77503367132,7,-2.7377753781688394
6768.91810023448,7,-2.7373048103642885
6765.06116679763,7,-2.7369050462694702
6761.20423336078,7,-2.7359688184509809
6757.34729992393,7,-2.7325706058805386
6753.49036648709,7,-2.7301373242341302
6749.63343305024,7,-2.7284236146896874
6745.77649961339,7,-2.7278906826349472
6741.91956617654,7,-2.7247632751612927
6738.0626327397,7,-2.7207340980921391
6734.20569930285,7,-2.7166115809130686
6730.348765866,7,-2.7128073788116938
6726.49183242916,7,-2.7087770103678577
6722.63489899231,7,-2.70443495581917
6718.77796555546,7,-2.6998161342183424
6714.92103211861,7,-2.6955823959224983
6711.06409868177,7,-2.6905253095066914
6707.20716524492,7,-2.686970418079965
6703.35023180807,7,-2.6825705358725989
6699.49329837122,7,-2.6786919869256773
6695.63636493438,7,-2.6728357505920251
6691.77943149753,7,-2.6684651861545468
6687.92249806068,7,-2.6637663959624454
6684.06556462384,7,-2.6590596869294538
6680.20863118699,7,-2.6549382310591025
6676.35169775014,7,-2.6516105205656757
6672.49476431329,7,-2.6475347233707067
6668.63783087645,7,-2.6426657395604343
6664.7808974396,7,-2.6372937110208743
6660.92396400275,7,-2.6336454804265177
6657.0670305659,7,-2.6297984727478685
6653.21009712906,7,-2.6273001380750185
6649.35316369221,7,-2.6241348962220803
6645.49623025536,7,-2.6200742894028508
6641.63929681852,7,-2.6153086973383162
6637.78236338167,7,-2.6106056444849473
6633.92542994482,7,-2.6061432537648983
6630.06849650797,7,-2.6019301125566456
6626.21156307113,7,-2.5983467845444719
6622.35462963428,7,-2.5949714265183079
6618.49769619743,7,-2.5902293858406935
6614.64076276058,7,-2.5861045123726702
6610.78382932374,7,-2.5825038555279933
6606.92689588689,7,-2.5785191791532451
6603.06996245004,7,-2.5744662449331641
6599.2130290132,7,-2.572376736521484
6595.35609557635,7,-2.5692267721050439
6591.4991621395,7,-2.5655909538103527
6587.64222870265,7,-2.5633695720553833
6583.78529526581,7,-2.5609939114983251
6579.92836182896,7,-2.5584318602196561
6576.07142839211,7,-2.5569265057269717
6572.21449495526,7,-2.5536446835470512
6568.35756151842,7,-2.551255040272133
6564.50062808157,7,-2.5497839927581083
6560.64369464472,7,-2.5480943755119818
6556.78676120788,7,-2.5478818215844452
6552.92982777103,7,-2.5462383674646554
6549.07289433418,7,-2.542753152049289
6545.21596089733,7,-2.5403882405138387
6541.35902746049,7,-2.5385618430202617
6537.50209402364,7,-2.538637329397599
6533.64516058679,7,-2.5380005112115165
6529.78822714994,7,-2.5378321805543878
6525.9312937131,7,-2.537025426914651
6522.07436027625,7,-2.5361742094554667
6518.2174268394,7,-2.5353384850687508
6514.36049340256,7,-2.535246906121563
6510.50355996571,7,-2.5360319871878678
6506.64662652886,7,-2.5370828497484585
6502.78969309201,7,-2.5375532122155113
6498.93275965517,7,-2.5376397298524642
6495.07582621832,7,-2.5375817191694892
6491.21889278147,7,-2.5386860467252004
6487.36195934462,7,-2.539576247960095
6483.50502590778,7,-2.541363871906682
6479.64809247093,7,-2.5432456621639052
6475.79115903408,7,-2.5448560008181631
6471.93422559724,7,-2.5465193574713765
6468.07729216039,7,-2.5490758937229536
6464.22035872354,7,-2.5510384346827539
6460.36342528669,7,-2.5541037152918658
6456.50649184985,7,-2.5569494071368344
6452.649558413,7,-2.5593886267830346
6448.79262497615,7,-2.5622628231963929
6444.9356915393,7,-2.5660081603255902
6441.07875810246,7,-2.5688374244309373
6437.22182466561,7,-2.5709117218420179
6433.36489122876,7,-2.5715987104942695
6429.50795779192,7,-2.5740411948270183
6425.65102435507,7,-2.5768698815437583
6421.79409091822,7,-2.5792470020253493
6417.93715748137,7,-2.5808045044484738
6414.08022404453,7,-2.5824206238579341
6410.22329060768,7,-2.5814342788798874
6406.36635717083,7,-2.5825785436126649
6402.50942373398,7,-2.5823749508993816
6398.65249029714,7,-2.5820718887358374
6394.79555686029,7,-2.5823832195456378
6390.93862342344,7,-2.5828654956839636
6387.08168998659,7,-2.5812003053889807
6383.22475654975,7,-2.5796817975263067
6379.3678231129,7,-2.5782531148602903
6375.51088967605,7,-2.5771691728476358
6371.6539562392,7,-2.5749101362887417
6367.79702280236,7,-2.572892505259528
6363.94008936551,7,-2.5710766274948718
6360.08315592866,7,-2.5699056434710101
6356.22622249182,7,-2.5669683214827295
6352.36928905497,7,-2.5646229792093371
6348.51235561812,7,-2.5601170634320098
6344.65542218127,7,-2.5572060483708512
6340.79848874443,7,-2.5551251086773719
6336.94155530758,7,-2.5522525864530521
6333.08462187073,7,-2.5468530294316687
6329.22768843388,7,-2.5426957252935516
6325.37075499704,7,-2.5391331044111545
6321.51382156019,7,-2.5371036992357938
6317.65688812334,7,-2.532939866891228
6313.7999546865,7,-2.5286352374348291
6309.94302124965,7,-2.5243187992299156
6306.0860878128,7,-2.5193016990336576
6302.22915437595,7,-2.5128350966536899
6298.37222093911,7,-2.5070611979696573
6294.51528750226,7,-2.5015099757591619
6290.65835406541,7,-2.4966749632188789
6286.80142062856,7,-2.4900827670475345
6282.94448719172,7,-2.4835022583803852
6279.08755375487,7,-2.4761923411078746
6275.23062031802,7,-2.4701348010905102
6271.37368688118,7,-2.4629247134324386
6267.51675344433,7,-2.45626944348987
6263.65982000748,7,-2.4493280672956517
6259.80288657063,7,-2.4425424327907717
6255.94595313379,7,-2.43421901949363
6252.08901969694,7,-2.425715352943441
6248.23208626009,7,-2.4169414599952317
6244.37515282324,7,-2.4078446953603927
6240.5182193864,7,-2.3990700264498699
6236.66128594955,7,-2.389684351774231
6232.8043525127,7,-2.3787371328012341
6228.94741907586,7,-2.3703163113092489
6225.09048563901,7,-2.3617002774020976
6221.23355220216,7,-2.3519282021513583
6217.37661876531,7,-2.3405731810679065
6213.51968532847,7,-2.3301050882476777
6209.66275189162,7,-2.3205315997611877
6205.80581845477,7,-2.3103893647268188
6201.94888501792,7,-2.298261601141609
6198.09195158108,7,-2.2862716037798392
6194.23501814423,7,-2.2746092488570686
6190.37808470738,7,-2.2623734206787081
6186.52115127054,7,-2.2489087837760886
6182.66421783369,7,-2.2364188933557521
6178.80728439684,7,-2.2236595933037204
6174.95035095999,7,-2.2098588007719586
6171.09341752315,7,-2.1953360952100263
6167.2364840863,7,-2.1804491234952956
6163.37955064945,7,-2.1658057243535516
6159.5226172126,7,-2.1522877553211988
6155.66568377576,7,-2.1368855809121499
6151.80875033891,7,-2.1210585364497163
6147.95181690206,7,-2.1048238822525742
6144.09488346522,7,-2.0898973762645214
6140.23795002837,7,-2.0757079086629129
6136.38101659152,7,-2.0615270539259645
6132.52408315467,7,-2.0478309254029283
6128.66714971783,7,-2.0353694067934551
6124.81021628098,7,-2.0229864197057221
6120.95328284413,7,-2.0108387454692358
6117.09634940728,7,-1.9981155151917358
6113.23941597044,7,-1.9854645190736684
6109.38248253359,7,-1.9725711958237446
6105.52554909674,7,-1.9599530957657794
6101.6686156599,7,-1.9464407019573691
6097.81168222305,7,-1.9309429047895481
6093.9547487862,7,-1.9139557084897043
6090.09781534935,7,-1.8972090177199838
6086.24088191251,7,-1.8795178195086688
6082.38394847566,7,-1.8615510879241195
6078.52701503881,7,-1.8413002142221928
6074.67008160196,7,-1.8202362492201534
6070.81314816512,7,-1.7977280059734571
6066.95621472827,7,-1.7744179332911321
6063.09928129142,7,-1.7509533322851434
6059.24234785458,7,-1.7251777168156393
6055.38541441773,7,-1.6958721618393944
6051.52848098088,7,-1.6667941415136327
6047.67154754403,7,-1.6361505785410322
6043.81461410719,7,-1.6048659261987561
6039.95768067034,7,-1.5721699021218933
6036.10074723349,7,-1.5400211232452885
6032.24381379664,7,-1.5076600518396455
6028.3868803598,7,-1.4750049743865197
6024.52994692295,7,-1.4393654328801384
6020.6730134861,7,-1.4024409880184847
6016.81608004926,7,-1.3662029424725488
6012.95914661241,7,-1.3296740898378752
6009.10221317556,7,-1.2930091036808307
6005.24527973871,7,-1.2567928885733579
6001.38834630187,7,-1.223193735183008
5997.53141286502,7,-1.1938465599355288
5993.67447942817,7,-1.1690210600245989
5989.81754599132,7,-1.1483450251954417
5985.96061255448,7,-1.1315637828514511
5982.10367911763,7,-1.1188716487155523
5978.24674568078,7,-1.1086625477904613
5974.38981224394,7,-1.0990808208264147
5970.53287880709,7,-1.0902427918860047
5966.67594537024,7,-1.0815997398302879
5962.81901193339,7,-1.0710457505349624
5958.96207849655,7,-1.0595145419471694
5955.1051450597,7,-1.0492749933238148
5951.24821162285,7,-1.0398322216479503
5947.391278186,7,-1.0320768991992382
5943.53434474916,7,-1.0257453740212474
5939.67741131231,7,-1.0194670082743009
5935.82047787546,7,-1.014046959773701
5931.96354443862,7,-1.0078364549830678
5928.10661100177,7,-1.0003681434342888
5924.24967756492,7,-0.99029595740746545
5920.39274412807,7,-0.9774372856546627
5916.53581069123,7,-0.96367073798701508
5912.67887725438,7,-0.95020883747719553
5908.82194381753,7,-0.93593275340591076
5904.96501038068,7,-0.9228025353426248
5901.10807694384,7,-0.91282124189949698
5897.25114350699,7,-0.90731593067112959
5893.39421007014,7,-0.90391133623047759
5889.5372766333,7,-0.90257885928469994
5885.68034319645,7,-0.90300953758728486
5881.8234097596,7,-0.9026391044771267
5877.96647632275,7,-0.90014634187437892
5874.10954288591,7,-0.89572953709209857
5870.25260944906,7,-0.88625784543922448
5866.39567601221,7,-0.87316598037482152
5862.53874257536,7,-0.85554780186633472
5858.68180913852,7,-0.83474123237402154
5854.82487570167,7,-0.81324541935669892
5850.96794226482,7,-0.79154713121020759
5847.11100882798,7,-0.77249669716688363
5843.25407539113,7,-0.75668879314837589
5839.39714195428,7,-0.74573672083593179
5835.54020851743,7,-0.73808912255392567
5831.68327508059,7,-0.73510434500165989
5827.82634164374,7,-0.73536678094453434
5823.96940820689,7,-0.73713412472889539
5820.11247477004,7,-0.7419046281865973
5816.2555413332,7,-0.7483130668994562
5812.39860789635,7,-0.75584751882535706
5808.5416744595,7,-0.76568505267548836
5804.68474102266,7,-0.77730976203846325
5800.82780758581,7,-0.78954952852635074
5796.97087414896,7,-0.80374483208985126
5793.11394071211,7,-0.82019998237967595
5789.25700727527,7,-0.83695092542737592
5785.40007383842,7,-0.8524238106615587
5781.54314040157,7,-0.86894911750802439
5777.68620696472,7,-0.8873340774711318
5773.82927352788,7,-0.9069911945672362
5769.97234009103,7,-0.92721994977897682
5766.11540665418,7,-0.94781157612055145
5762.25847321733,7,-0.96694093874823972
5758.40153978049,7,-0.98493383589489181
5754.54460634364,7,-1.0006513310663023
5750.68767290679,7,-1.0141294813620654
5746.83073946995,7,-1.0258543905343913
5742.9738060331,7,-1.034777270209768
5739.11687259625,7,-1.0393060734374862
5735.2599391594,7,-1.0417569918773926
5731.40300572256,7,-1.0431593575283826
5727.54607228571,7,-1.0437497208246942
5723.68913884886,7,-1.0431948761552565
5719.83220541201,7,-1.043240388179413
5715.97527197517,7,-1.0424273441459624
5712.11833853832,7,-1.0431344032768917
5708.26140510147,7,-1.0461810306120976
5704.40447166463,7,-1.0487804503086311
5700.54753822778,7,-1.0523777672777634
5696.69060479093,7,-1.0589231164924189
5692.83367135408,7,-1.0668549028932581
5688.97673791724,7,-1.0769724250454367
5685.11980448039,7,-1.0894950357552875
5681.26287104354,7,-1.1031656784887467
5677.40593760669,7,-1.1146870255616768
5673.54900416985,7,-1.1246529791554973
5669.692070733,7,-1.1344834273992137
5665.83513729615,7,-1.1431751113881439
5661.97820385931,7,-1.1496837234997148
5658.12127042246,7,-1.1535937245335726
5654.26433698561,7,-1.1569071225363152
5650.40740354876,7,-1.1612853932675309
5646.55047011192,7,-1.1629554189028015
5642.69353667507,7,-1.163096774482808
5638.83660323822,7,-1.1629259608497611
5634.97966980137,7,-1.1636451301796642
5631.12273636453,7,-1.163519864352359
5627.26580292768,7,-1.1610037803619511
5623.40886949083,7,-1.1581583890792797
5619.55193605399,7,-1.1604887385009874
5615.69500261714,7,-1.1638501533763299
5611.83806918029,7,-1.1682236136637805
5607.98113574344,7,-1.1743613363530518
5604.1242023066,7,-1.1832075109508065
5600.26726886975,7,-1.1928831107428244
5596.4103354329,7,-1.202577892424542
5592.55340199605,7,-1.2115947749970384
5588.69646855921,7,-1.2199012399621512
5584.83953512236,7,-1.2269697215015598
5580.98260168551,7,-1.2327347452704496
5577.12566824867,7,-1.2361645162540706
5573.26873481182,7,-1.2389473367312438
5569.41180137497,7,-1.2399285325947411
5565.55486793812,7,-1.2420651853829732
5561.69793450128,7,-1.2429338289329204
5557.84100106443,7,-1.2419590795162661
5553.98406762758,7,-1.2368026686347102
5550.12713419073,7,-1.2331906212658073
5546.27020075389,7,-1.2332320627643893
5542.41326731704,7,-1.2328495467957752
5538.55633388019,7,-1.2268481445923909
5534.69940044334,7,-1.2213644696034143
5530.8424670065,7,-1.2226187806948925
5526.98553356965,7,-1.2210232630643172
5523.1286001328,7,-1.213576497899548
5519.27166669596,7,-1.2077812006551061
5515.41473325911,7,-1.2097172310171413
5511.55779982226,7,-1.20716270341756
5507.70086638541,7,-1.1958440784865014
5503.84393294857,7,-1.1964773411437983
5499.98699951172,7,-1.1966734654698534
5496.13006607487,7,-1.183206568051808
5492.27313263802,7,-1.1613590071708395
5488.41619920118,7,-1.1660816937040264
5484.55926576433,7,-1.1787426122313374
5480.70233232748,7,-1.1773498006165912
5476.84539889064,7,-1.1529724553575615
5472.98846545379,7,-1.1451353902415495
5469.13153201694,7,-1.1441379297284855
5465.27459858009,7,-1.1303011053520238
5461.41766514325,7,-1.1199522500111931
5457.5607317064,7,-1.1160859371537439
5453.70379826955,7,-1.1113687153921061
5449.8468648327,7,-1.0902530933487036
5445.98993139586,7,-1.0643690911267401
5442.13299795901,7,-1.0538584110919871
5438.27606452216,7,-1.0563428028173889
5434.41913108532,7,-1.0423345609598438
5430.56219764847,7,-1.021502404468793
5426.70526421162,7,-1.0236087328315251
5422.84833077477,7,-1.0374578622710104
5418.99139733793,7,-1.0257154775918527
5415.13446390108,7,-0.98714541489622709
5411.27753046423,7,-0.95297653779746039
5407.42059702738,7,-0.97682400897596189
5403.56366359054,7,-0.98144370433293782
5399.70673015369,7,-0.97219143250924578
5395.84979671684,7,-0.94590947605662912
5391.99286328,7,-0.94403475631574763
5388.13592984315,7,-0.94312110001250948
5384.2789964063,7,-0.9326037248389536
5380.42206296945,7,-0.93116027663695533
5376.56512953261,7,-0.9089557760691207
5372.70819609576,7,-0.91501721681855797
5368.85126265891,7,-0.92249602127849339
5364.99432922206,7,-0.90865427155148826
5361.13739578522,7,-0.90705774744816869
5357.28046234837,7,-0.89400842470779773
5353.42352891152,7,-0.86228577402356921
5349.56659547468,7,-0.8646157680936577
5345.70966203783,7,-0.84732922778318231
5341.85272860098,7,-0.83935701287235132
5337.99579516413,7,-0.8367664052425674
5334.13886172729,7,-0.84694829367257407
5330.28192829044,7,-0.8471606254054862
5326.42499485359,7,-0.84113387526771932
5322.56806141674,7,-0.84855425081806812
5318.7111279799,7,-0.84114325371014909
5314.85419454305,7,-0.83102577141882428
5310.9972611062,7,-0.8185338423697055
5307.14032766935,7,-0.79923257890002919
5303.28339423251,7,-0.79280315921522426
5299.42646079566,7,-0.78623277593666119
5295.56952735881,7,-0.77508091721881245
5291.71259392197,7,-0.75621548302253716
5287.85566048512,7,-0.74199893766486635
5283.99872704827,7,-0.73793262587287334
5280.14179361142,7,-0.73463050017735432
5276.28486017458,7,-0.74241797580326452
5272.42792673773,7,-0.74225190779254513
5268.57099330088,7,-0.74005736744907002
5264.71405986403,7,-0.7391530949780627
5260.85712642719,7,-0.76248186081821201
5257.00019299034,7,-0.7846949117618629
5253.14325955349,7,-0.80384635309414199
5249.28632611665,7,-0.81894576839139965
5245.4293926798,7,-0.83962185780002185
5241.57245924295,7,-0.87762522773684637
5237.7155258061,7,-0.9074094904810508
5233.85859236926,7,-0.92607894119284517
5230.00165893241,7,-0.94809525444078391
5226.14472549556,7,-0.96631897512140386
5222.28779205871,7,-0.9922267692948239
5218.43085862187,7,-1.0191018645682193
5214.57392518502,7,-1.0427078728188812
5210.71699174817,7,-1.0553567421041115
5206.86005831133,7,-1.0652212799635077
5203.00312487448,7,-1.0946614567474855
5199.14619143763,7,-1.1133455941039281
5195.28925800078,7,-1.1285055158375217
5191.43232456394,7,-1.1461008345299524
5187.57539112709,7,-1.1558811141154153
5183.71845769024,7,-1.169087907445336
5179.86152425339,7,-1.1830926237993116
5176.00459081655,7,-1.1945952700103122
5172.1476573797,7,-1.2035709519382545
5168.29072394285,7,-1.2111458204689134
5164.43379050601,7,-1.2159597107359557
5160.57685706916,7,-1.221086010221621
5156.71992363231,7,-1.2242739726361407
5152.86299019546,7,-1.2284982303350214
5149.00605675862,7,-1.2310548731567137
5145.14912332177,7,-1.2292956586304689
5141.29218988492,7,-1.2264044573553541
5137.43525644807,7,-1.2243801960222065
5133.57832301123,7,-1.2199956208024874
5129.72138957438,7,-1.2155032972005202
5125.86445613753,7,-1.2088836888807424
5122.00752270069,7,-1.2016106604303145
5118.15058926384,7,-1.1934016985308262
5114.29365582699,7,-1.1844572491036833
5110.43672239014,7,-1.1741974946137335
5106.5797889533,7,-1.1630579530873635
5102.72285551645,7,-1.1512664368074095
5098.8659220796,7,-1.1394799813510081
5095.00898864275,7,-1.1256455412352517
5091.15205520591,7,-1.1104941166835229
5087.29512176906,7,-1.0949850913037649
5083.43818833221,7,-1.0789408793218298
5079.58125489536,7,-1.0614638583159599
5075.72432145852,7,-1.0428786905075698
5071.86738802167,7,-1.0238079784355223
5068.01045458482,7,-1.0053451465637608
5064.15352114798,7,-0.9879678842291072
5060.29658771113,7,-0.97095441271684169
5056.43965427428,7,-0.95429171224350273
5052.58272083743,7,-0.93887941213736237
5048.72578740059,7,-0.92530750957063024
5044.86885396374,7,-0.91214382036416575
5041.01192052689,7,-0.90036331668635361
5037.15498709004,7,-0.8901854885303695
5033.2980536532,7,-0.88167481110967061
5029.44112021635,7,-0.87538276039966401
5025.5841867795,7,-0.87045423270290634
5021.72725334266,7,-0.86674740902150726
5017.87031990581,7,-0.86467145243300525
5014.01338646896,7,-0.86519507489333036
5010.15645303211,7,-0.86706364747014897
5006.29951959527,7,-0.87064662564928463
5002.44258615842,7,-0.87691893446110991
4998.58565272157,7,-0.88423960511014776
4994.72871928472,7,-0.89299828753233657
4990.87178584788,7,-0.9049379674786826
4987.01485241103,7,-0.91908429126625002
4983.15791897418,7,-0.93631861409049399
4979.30098553734,7,-0.95574404248591494
4975.44405210049,7,-0.97718439339201812
4971.58711866364,7,-1.001704239642901
4967.73018522679,7,-1.0287765778870139
4963.87325178995,7,-1.0595790659202278
4960.0163183531,7,-1.0928021551562292
4956.15938491625,7,-1.1284737750682097
4952.3024514794,7,-1.1672824734673117
4948.44551804256,7,-1.2080326206306544
4944.58858460571,7,-1.2512716797899368
4940.73165116886,7,-1.2969099386461083
4936.87471773202,7,-1.3440925992688961
4933.01778429517,7,-1.3913530219307861
4929.16085085832,7,-1.4394915617346644
4925.30391742147,7,-1.4883537627969332
4921.44698398463,7,-1.5368232717535397
4917.59005054778,7,-1.5845234314847598
4913.73311711093,7,-1.6323149591965342
4909.87618367408,7,-1.6787916662211519
4906.01925023724,7,-1.723176322793134
4902.16231680039,7,-1.7660200486823565
4898.30538336354,7,-1.8085598908665848
4894.4484499267,7,-1.8498618404557865
4890.59151648985,7,-1.8892028890891801
4886.734583053,7,-1.9263361301346915
4882.87764961615,7,-1.9625116299420218
4879.02071617931,7,-1.997234883295758
4875.16378274246,7,-2.0327363076635732
4871.30684930561,7,-2.0681484229763578
4867.44991586876,7,-2.1032226049203677
4863.59298243192,7,-2.1386239364023867
4859.73604899507,7,-2.1746574161714731
4855.87911555822,7,-2.2119625544563455
4852.02218212137,7,-2.2497059890393807
4848.16524868453,7,-2.2863763258583805
4844.30831524768,7,-2.3219099919925248
4840.45138181083,7,-2.3563613760853164
4836.59444837399,7,-2.3899592103978522
4832.73751493714,7,-2.421333212308209
4828.88058150029,7,-2.4505012488232678
4825.02364806344,7,-2.4785359457707492
4821.1667146266,7,-2.5043495650332446
4817.30978118975,7,-2.5277434441683813
4813.4528477529,7,-2.5494926535895965
4809.59591431605,7,-2.5683924570649861
4805.73898087921,7,-2.5849684510948077
4801.88204744236,7,-2.6000371630354144
4798.02511400551,7,-2.6134017184928902
4794.16818056867,7,-2.624405785612578
4790.31124713182,7,-2.6336142302307084
4786.45431369497,7,-2.6416946575616915
4782.59738025812,7,-2.648261582478844
4778.74044682128,7,-2.6530590728661574
4774.88351338443,7,-2.656564958318564
4771.02657994758,7,-2.6589323132141489
4767.16964651073,7,-2.6606545186275907
4763.31271307389,7,-2.6609827254500491
4759.45577963704,7,-2.6604797597009178
4755.59884620019,7,-2.6578803576736694
4751.74191276335,7,-2.6545358620726813
4747.8849793265,7,-2.6504801318134792
4744.02804588965,7,-2.6442429680643489
4740.1711124528,7,-2.6373149018254365
4736.31417901596,7,-2.6294427561782117
4732.45724557911,7,-2.6192472174922177
4728.60031214226,7,-2.608220186346665
4724.74337870541,7,-2.5953248829070441
4720.88644526857,7,-2.5819854512631464
4717.02951183172,7,-2.5675963487699418
4713.17257839487,7,-2.5513390975427543
4709.31564495803,7,-2.5338716811967572
4705.45871152118,7,-2.5155280885877138
4701.60177808433,7,-2.4958329042639482
4697.74484464748,7,-2.4734805443309829
4693.88791121064,7,-2.4476007766223753
4690.03097777379,7,-2.4196483704997616
4686.17404433694,7,-2.3891880042314493
4682.31711090009,7,-2.3564944673982007
4678.46017746325,7,-2.3213441684789493
4674.6032440264,7,-2.2851174552503797
4670.74631058955,7,-2.246831106587674
4666.88937715271,7,-2.2078915728741673
4663.03244371586,7,-2.1702720816865257
4659.17551027901,7,-2.1354321174400992
4655.31857684216,7,-2.1035732169843833
4651.46164340532,7,-2.0764689663922109
4647.60470996847,7,-2.053327180744775
4643.74777653162,7,-2.0323872678619237
4639.89084309477,7,-2.0102395820966654
4636.03390965793,7,-1.9869557531770452
4632.17697622108,7,-1.9633497650926564
4628.32004278423,7,-1.9367567919072752
4624.46310934739,7,-1.9072614437524305
4620.60617591054,7,-1.8776941523827819
4616.74924247369,7,-1.8482319763437958
4612.89230903684,7,-1.8173802527551479
4609.0353756,7,-1.786206437807337
4605.17844216315,7,-1.7568519161710276
4601.3215087263,7,-1.727432403955476
4597.46457528945,7,-1.6986226783916676
4593.60764185261,7,-1.6702832082206536
4589.75070841576,7,-1.6425517349302039
4585.89377497891,7,-1.6149146910687469
4582.03684154207,7,-1.5886428396626298
4578.17990810522,7,-1.5609928137482356
4574.32297466837,7,-1.5328137297896287
4570.46604123152,7,-1.5049788296545907
4566.60910779468,7,-1.4751990449736709
4562.75217435783,7,-1.44359231139883
4558.89524092098,7,-1.4124156395952627
4555.03830748413,7,-1.3823827201841472
4551.18137404729,7,-1.3549935866246869
4547.32444061044,7,-1.3286915161015571
4543.46750717359,7,-1.3019462406983604
4539.61057373675,7,-1.2750043825162782
4535.7536402999,7,-1.2469011765655669
4531.89670686305,7,-1.2150220341882494
4528.0397734262,7,-1.1820716291790205
4524.18283998936,7,-1.1485407902285121
4520.32590655251,7,-1.1144870415304995
4516.46897311566,7,-1.0783831601898335
4512.61203967881,7,-1.0389447568041259
4508.75510624197,7,-0.9975726686790547
4504.89817280512,7,-0.95550254092646059
4501.04123936827,7,-0.91235342750138049
4497.18430593143,7,-0.86770975063247269
4493.32737249458,7,-0.82040689549125023
4489.47043905773,7,-0.76967012374134924
4485.61350562088,7,-0.71785580693720252
4481.75657218404,7,-0.66577661577675995
4477.89963874719,7,-0.61577803124262109
4474.04270531034,7,-0.57165696138472777
4470.18577187349,7,-0.53313400929315646
4466.32883843665,7,-0.50354194773182348
4462.4719049998,7,-0.48343273273023435
4458.61497156295,7,-0.47190544696177739
4454.75803812611,7,-0.46890540264160974
4450.90110468926,7,-0.4739178573093521
4447.04417125241,7,-0.48480992180252658
4443.18723781556,7,-0.5030166271251586
4439.33030437872,7,-0.53097014690266287
4435.47337094187,7,-0.56897568841728985
4431.61643750502,7,-0.61530128580326959
4427.75950406817,7,-0.66577250973969537
4423.90257063133,7,-0.71501964438049415
4420.04563719448,7,-0.76080448878623885
4416.18870375763,7,-0.80170453517336293
4412.33177032078,7,-0.83839766771911073
4408.47483688394,7,-0.87235272700173372
4404.61790344709,7,-0.90639416442760146
4400.76097001024,7,-0.93734506855099387
4396.9040365734,7,-0.963070134510287
4393.04710313655,7,-0.98126850504975449
4389.1901696997,7,-0.99065860461253585
4385.33323626285,7,-0.9902165268784362
4381.47630282601,7,-0.97798302664339776
4377.61936938916,7,-0.95442342053872009
4373.76243595231,7,-0.9201886631829761
4369.90550251546,7,-0.87885888215488039
4366.04856907862,7,-0.83311877535254419
4362.19163564177,7,-0.78755841773164637
4358.33470220492,7,-0.74795960293933872
4354.47776876808,7,-0.71812624182213947
4350.62083533123,7,-0.69633584465562448
4346.76390189438,7,-0.68263351199462718
4342.90696845753,7,-0.67765628938756484
4339.05003502069,7,-0.68158732845752912
4335.19310158384,7,-0.69644406213940346
4331.33616814699,7,-0.72246759031300867
4327.47923471014,7,-0.75547940407794245
4323.6223012733,7,-0.78914494317606509
4319.76536783645,7,-0.82146866573322219
4315.9084343996,7,-0.84879682800356004
4312.05150096276,7,-0.86782057510874422
4308.19456752591,7,-0.87959524598809447
4304.33763408906,7,-0.88708109059737206
4300.48070065221,7,-0.88887529446446711
4296.62376721537,7,-0.885022199169339
4292.76683377852,7,-0.87857993455890693
4288.90990034167,7,-0.87227849985242756
4285.05296690482,7,-0.86826502069769917
4281.19603346798,7,-0.86634135422171799
4277.33910003113,7,-0.86800623924203979
4273.48216659428,7,-0.87040850193677644
4269.62523315744,7,-0.87186789227352124
4265.76829972059,7,-0.87223013585081821
4261.91136628374,7,-0.87130010373004918
4258.05443284689,7,-0.86741534684305588
4254.19749941005,7,-0.86188523065376499
4250.3405659732,7,-0.85691767283868092
4246.48363253635,7,-0.85517217558789982
4242.6266990995,7,-0.85551343726014561
4238.76976566266,7,-0.85834138918957636
4234.91283222581,7,-0.86388407772665632
4231.05589878896,7,-0.87036299920510851
4227.19896535212,7,-0.87613405902240737
4223.34203191527,7,-0.8839971569005951
4219.48509847842,7,-0.89388376147209048
4215.62816504157,7,-0.9042708128683481
4211.77123160473,7,-0.91336280424914618
4207.91429816788,7,-0.92423962607434351
4204.05736473103,7,-0.93505804861741426
4200.20043129418,7,-0.94654820287242014
4196.34349785734,7,-0.95996548543766247
4192.48656442049,7,-0.97608823812973711
4188.62963098364,7,-0.99571685911723229
4184.7726975468,7,-1.019255580584097
4180.91576410995,7,-1.0458608250513519
4177.0588306731,7,-1.0763073414809261
4173.20189723625,7,-1.1090915949588402
4169.34496379941,7,-1.1442303603293427
4165.48803036256,7,-1.1825218408762366
4161.63109692571,7,-1.2192324453853436
4157.77416348886,7,-1.2544140401947734
4153.91723005202,7,-1.2891502158450474
4150.06029661517,7,-1.323175666633492
4146.20336317832,7,-1.356554366503941
4142.34642974148,7,-1.3897595173699568
4138.48949630463,7,-1.421231157877954
4134.63256286778,7,-1.4506244415983822
4130.77562943093,7,-1.4788320414030141
4126.91869599409,7,-1.5063203087293657
4123.06176255724,7,-1.5333078642283904
4119.20482912039,7,-1.5589302133298646
4115.34789568354,7,-1.5834580918604648
4111.4909622467,7,-1.6054862298681107
4107.63402880985,7,-1.623871015875666
4103.777095373,7,-1.6408541823300875
4099.92016193616,7,-1.6567965730856073
4096.06322849931,7,-1.6722031548310801
4092.20629506246,7,-1.6888040198234688
4088.34936162561,7,-1.7073746826794145
4084.49242818877,7,-1.7293349534261715
4080.63549475192,7,-1.754471698722365
4076.77856131507,7,-1.7855899833983409
4072.92162787822,7,-1.8209008088594767
4069.06469444138,7,-1.8589719114287306
4065.20776100453,7,-1.898688717501567
4061.35082756768,7,-1.9394033137909226
4057.49389413083,7,-1.9830373634104159
4053.63696069399,7,-2.0262170183714847
4049.78002725714,7,-2.0683653101986583
4045.92309382029,7,-2.1088196950793963
4042.06616038345,7,-2.1488698449141328
4038.2092269466,7,-2.1838378598325106
4034.35229350975,7,-2.2146968037102059
4030.4953600729,7,-2.2424293322936695
4026.63842663606,7,-2.2658280875597447
4022.78149319921,7,-2.2850777624359679
4018.92455976236,7,-2.2993313530322106
4015.06762632551,7,-2.3071691776916046
4011.21069288867,7,-2.3106317653514203
4007.35375945182,7,-2.3113688313064733
4003.49682601497,7,-2.3107892886123969
3999.63989257813,7,-2.3073991985257383
10001.0283203125,8,2.6579239190446153
9997.17138687565,8,2.6649338738888186
9993.31445343881,8,2.6717954438127913
9989.45752000196,8,2.6702964958302773
9985.60058656511,8,2.6720794946274755
9981.74365312826,8,2.6779289761659091
9977.88671969142,8,2.6793812948119826
9974.02978625457,8,2.6775929893881907
9970.17285281772,8,2.6810111080021226
9966.31591938088,8,2.6821511503021962
9962.45898594403,8,2.6828401058500169
9958.60205250718,8,2.6922947098188623
9954.74511907033,8,2.6975931272819889
9950.88818563349,8,2.6971851927557866
9947.03125219664,8,2.6985249874614796
9943.17431875979,8,2.6988971953426741
9939.31738532294,8,2.6999518587883835
9935.4604518861,8,2.702882907137274
9931.60351844925,8,2.7030309915097552
9927.7465850124,8,2.7052463745942994
9923.88965157556,8,2.7092001306079339
9920.03271813871,8,2.7098367708600892
9916.17578470186,8,2.7138264941622117
9912.31885126501,8,2.7197325382256632
9908.46191782817,8,2.7249332401540212
9904.60498439132,8,2.7276400866979662
9900.74805095447,8,2.7296872734910296
9896.89111751762,8,2.733097266782011
9893.03418408078,8,2.7324148896087506
9889.17725064393,8,2.7332479176006288
9885.32031720708,8,2.7367624315997361
9881.46338377024,8,2.742634809464918
9877.60645033339,8,2.7448565019783726
9873.74951689654,8,2.7417390621938567
9869.89258345969,8,2.7416789586079986
9866.03565002284,8,2.7458621266002501
9862.178716586,8,2.7493932444451401
9858.32178314915,8,2.7547955744626917
9854.4648497123,8,2.7579724207428589
9850.60791627546,8,2.7637593744363125
9846.75098283861,8,2.7646332420826285
9842.89404940176,8,2.762219173617527
9839.03711596492,8,2.7667857607905324
9835.18018252807,8,2.769096590606813
9831.32324909122,8,2.7704456462390143
9827.46631565437,8,2.7769488730479166
9823.60938221752,8,2.7782090214701372
9819.75244878068,8,2.781061705255393
9815.89551534383,8,2.7864224507831161
9812.03858190698,8,2.7893443595961509
9808.18164847014,8,2.7914330458007273
9804.32471503329,8,2.7944517073989319
9800.46778159644,8,2.7973607563248919
9796.6108481596,8,2.7970018343132974
9792.75391472275,8,2.7946955542561867
9788.8969812859,8,2.8001684121261978
9785.04004784905,8,2.8042612103517066
9781.1831144122,8,2.805627405155795
9777.32618097536,8,2.8085911786053259
9773.46924753851,8,2.8116468734588489
9769.61231410166,8,2.8113899384573862
9765.75538066482,8,2.8124807890662984
9761.89844722797,8,2.8192916759953923
9758.04151379112,8,2.8241132250272094
9754.18458035428,8,2.8260724976746694
9750.32764691743,8,2.8255361985436691
9746.47071348058,8,2.8238813431042455
9742.61378004373,8,2.8265429897601928
9738.75684660688,8,2.8263126024243705
9734.89991317004,8,2.8290901302851519
9731.04297973319,8,2.8350742232115058
9727.18604629634,8,2.8361145936946039
9723.3291128595,8,2.8376520161067238
9719.47217942265,8,2.8413982016144437
9715.6152459858,8,2.8417020957155401
9711.75831254896,8,2.8431937657726722
9707.90137911211,8,2.8485424479467816
9704.04444567526,8,2.8546392824351656
9700.18751223841,8,2.8582855800510121
9696.33057880156,8,2.8583776559689245
9692.47364536472,8,2.8564517459216612
9688.61671192787,8,2.857761853893857
9684.75977849102,8,2.8626322047105073
9680.90284505418,8,2.8668806851914277
9677.04591161733,8,2.8692227608274159
9673.18897818048,8,2.8697527416198838
9669.33204474363,8,2.8737384828882311
9665.47511130679,8,2.8782404989025832
9661.61817786994,8,2.8814818360788452
9657.76124443309,8,2.8852613064861714
9653.90431099624,8,2.8824940665817342
9650.0473775594,8,2.8832882360917904
9646.19044412255,8,2.8885443074118631
9642.3335106857,8,2.8905745529434772
9638.47657724886,8,2.885036294239864
9634.61964381201,8,2.8845020506695205
9630.76271037516,8,2.890582156869737
9626.90577693831,8,2.8937855132150481
9623.04884350147,8,2.8941831419681252
9619.19191006462,8,2.9013824288135863
9615.33497662777,8,2.9063575260635357
9611.47804319092,8,2.906356084617538
9607.62110975408,8,2.9075827323492844
9603.76417631723,8,2.9074720443809654
9599.90724288038,8,2.9099760860450017
9596.05030944354,8,2.9147448745278508
9592.19337600669,8,2.9173615602804102
9588.33644256984,8,2.918338424802192
9584.47950913299,8,2.9150596100049051
9580.62257569615,8,2.9150672389403578
9576.7656422593,8,2.9200639956579151
9572.90870882245,8,2.9281672019774483
9569.0517753856,8,2.9302900478254146
9565.19484194876,8,2.9281897112118038
9561.33790851191,8,2.9278623327821052
9557.48097507506,8,2.9316239212415498
9553.62404163822,8,2.9357718686082563
9549.76710820137,8,2.9353998531076924
9545.91017476452,8,2.9352548525479101
9542.05324132767,8,2.9421758776408531
9538.19630789083,8,2.947025398018789
9534.33937445398,8,2.9473456731137953
9530.48244101713,8,2.9477347980292801
9526.62550758028,8,2.9516582512930682
9522.76857414344,8,2.9540531313556806
9518.91164070659,8,2.9543099172767833
9515.05470726974,8,2.9547269770343285
9511.1977738329,8,2.9601342844049041
9507.34084039605,8,2.9628686890664313
9503.4839069592,8,2.9612582898634434
9499.62697352235,8,2.9659942863510853
9495.77004008551,8,2.9689554283366437
9491.91310664866,8,2.9696345044646906
9488.05617321181,8,2.9730071852691928
9484.19923977496,8,2.97241820309441
9480.34230633812,8,2.9740937720911065
9476.48537290127,8,2.9747439873962036
9472.62843946442,8,2.9763938513514381
9468.77150602758,8,2.9763892457505006
9464.91457259073,8,2.9777549896249731
9461.05763915388,8,2.9834385804832939
9457.20070571703,8,2.986937697514799
9453.34377228019,8,2.9887027733078773
9449.48683884334,8,2.9887318137818077
9445.62990540649,8,2.9880225136878407
9441.77297196964,8,2.9920894350391016
9437.9160385328,8,2.9916768501679663
9434.05910509595,8,2.9925977373887678
9430.2021716591,8,2.9952914033138178
9426.34523822226,8,2.9987185472463374
9422.48830478541,8,3.0031437748991325
9418.63137134856,8,3.0041772813309802
9414.77443791171,8,3.0036986537363788
9410.91750447487,8,3.0049961486265659
9407.06057103802,8,3.004703557233495
9403.20363760117,8,3.0097014579824872
9399.34670416432,8,3.0124405371555874
9395.48977072748,8,3.0176073537365524
9391.63283729063,8,3.0211466904448132
9387.77590385378,8,3.0208352816959132
9383.91897041694,8,3.0210509028583257
9380.06203698009,8,3.0213331445489122
9376.20510354324,8,3.0228084298956475
9372.34817010639,8,3.0273732668840889
9368.49123666955,8,3.0271833253401312
9364.6343032327,8,3.0268160602407033
9360.77736979585,8,3.029210861328655
9356.920436359,8,3.0293579804967221
9353.06350292216,8,3.0307013672210399
9349.20656948531,8,3.0333088386011635
9345.34963604846,8,3.0353807848902234
9341.49270261162,8,3.0362716652326185
9337.63576917477,8,3.0373128781145615
9333.77883573792,8,3.0403562325463995
9329.92190230107,8,3.040285002663353
9326.06496886423,8,3.0435717877751265
9322.20803542738,8,3.0434927906668059
9318.35110199053,8,3.044458935415812
9314.49416855368,8,3.0471778568170778
9310.63723511684,8,3.0493107822677903
9306.78030167999,8,3.0501165419870997
9302.92336824314,8,3.0508188335974769
9299.0664348063,8,3.0495537116842604
9295.20950136945,8,3.0496681424932168
9291.3525679326,8,3.0505412069907676
9287.49563449575,8,3.0544488061008574
9283.63870105891,8,3.0568765569445389
9279.78176762206,8,3.0558554205162842
9275.92483418521,8,3.0521418911447511
9272.06790074836,8,3.0529088815677561
9268.21096731152,8,3.0553047179548978
9264.35403387467,8,3.0563330180543353
9260.49710043782,8,3.0556194907135215
9256.64016700098,8,3.0587155962595003
9252.78323356413,8,3.0625353127508355
9248.92630012728,8,3.0626234530085927
9245.06936669043,8,3.0617875095275169
9241.21243325358,8,3.0625625763305937
9237.35549981674,8,3.0624751556670637
9233.49856637989,8,3.0643881848925201
9229.64163294304,8,3.0679041584260975
9225.7846995062,8,3.0671324343328243
9221.92776606935,8,3.0647832894364573
9218.0708326325,8,3.0665413183198353
9214.21389919565,8,3.0687179687503039
9210.35696575881,8,3.0717098431812375
9206.50003232196,8,3.0720912398162712
9202.64309888511,8,3.0704074800449179
9198.78616544826,8,3.0710739247477674
9194.92923201142,8,3.076241565008206
9191.07229857457,8,3.076227845293992
9187.21536513772,8,3.0735642920754382
9183.35843170088,8,3.0721112081191109
9179.50149826403,8,3.0734019268255555
9175.64456482718,8,3.0752797463152182
9171.78763139033,8,3.0769516906888228
9167.93069795349,8,3.0757146066166303
9164.07376451664,8,3.0751760096380991
9160.21683107979,8,3.0729178654176694
9156.35989764294,8,3.0736670244791737
9152.5029642061,8,3.0739168048463492
9148.64603076925,8,3.0742637953382999
9144.7890973324,8,3.0727672244121358
9140.93216389556,8,3.0742865903372492
9137.07523045871,8,3.0750684614357708
9133.21829702186,8,3.078206782160934
9129.36136358501,8,3.0782696445259274
9125.50443014817,8,3.0751718179327012
9121.64749671132,8,3.0710805872003313
9117.79056327447,8,3.0714823986763329
9113.93362983762,8,3.0717117957751539
9110.07669640078,8,3.0758299650903123
9106.21976296393,8,3.0765779886179128
9102.36282952708,8,3.0759973497208923
9098.50589609024,8,3.0764232069834918
9094.64896265339,8,3.0770537861849889
9090.79202921654,8,3.0712051209170195
9086.93509577969,8,3.0687905465502108
9083.07816234285,8,3.0715175902558851
9079.221228906,8,3.0735465738574552
9075.36429546915,8,3.0716136588916623
9071.5073620323,8,3.0692248378883624
9067.65042859546,8,3.0673938636997988
9063.79349515861,8,3.0690675838598853
9059.93656172176,8,3.0653428234037117
9056.07962828492,8,3.0645094187049979
9052.22269484807,8,3.0634373045960968
9048.36576141122,8,3.0617771200218682
9044.50882797437,8,3.0607621727891683
9040.65189453753,8,3.0609187308545618
9036.79496110068,8,3.0599361283536073
9032.93802766383,8,3.057265820877423
9029.08109422698,8,3.0548375018775289
9025.22416079014,8,3.05474381042331
9021.36722735329,8,3.0556888262438653
9017.51029391644,8,3.0560487752973513
9013.6533604796,8,3.0534099870064284
9009.79642704275,8,3.051014442485811
9005.9394936059,8,3.0494793318451339
9002.08256016905,8,3.050839297541911
8998.22562673221,8,3.0472579150610541
8994.36869329536,8,3.0423007464701737
8990.51175985851,8,3.0390849735880261
8986.65482642166,8,3.0394203196628329
8982.79789298482,8,3.0372249042513224
8978.94095954797,8,3.0366271435936341
8975.08402611112,8,3.0358543023656783
8971.22709267428,8,3.0319184528686662
8967.37015923743,8,3.0257548777961758
8963.51322580058,8,3.0219597103518372
8959.65629236373,8,3.0202596119257663
8955.79935892689,8,3.0226363165167336
8951.94242549004,8,3.0212767682525334
8948.08549205319,8,3.0168955115702092
8944.22855861634,8,3.0088476953506671
8940.3716251795,8,3.0061975901628712
8936.51469174265,8,3.003018877671213
8932.6577583058,8,2.9995435130579517
8928.80082486896,8,2.996326334417152
8924.94389143211,8,2.9936068492096863
8921.08695799526,8,2.9856648577786657
8917.23002455841,8,2.9827644164178855
8913.37309112157,8,2.9812461117554045
8909.51615768472,8,2.9793845418504263
8905.65922424787,8,2.9693195122527891
8901.80229081102,8,2.9632609134407271
8897.94535737418,8,2.9598108145766777
8894.08842393733,8,2.9493984964227153
8890.23149050048,8,2.9420947322750859
8886.37455706364,8,2.9439466783452684
8882.51762362679,8,2.9370985960765346
8878.66069018994,8,2.9242762447052986
8874.80375675309,8,2.9138446275137957
8870.94682331625,8,2.9117694630971593
8867.0898898794,8,2.9085418337419755
8863.23295644255,8,2.9000044706338901
8859.3760230057,8,2.8931940793394286
8855.51908956886,8,2.8871370883253116
8851.66215613201,8,2.879469938159561
8847.80522269516,8,2.8678094822268432
8843.94828925832,8,2.8561002481888247
8840.09135582147,8,2.8482971872280691
8836.23442238462,8,2.8415428164390084
8832.37748894777,8,2.8366874921661553
8828.52055551093,8,2.8286894088615724
8824.66362207408,8,2.8216017104854929
8820.80668863723,8,2.8160179209527811
8816.94975520038,8,2.8163974390211051
8813.09282176354,8,2.8165815354314594
8809.23588832669,8,2.8041302195847013
8805.37895488984,8,2.7911283187384832
8801.522021453,8,2.7874475278360964
8797.66508801615,8,2.7723098996551183
8793.8081545793,8,2.7616303928954951
8789.95122114245,8,2.7554931079792491
8786.09428770561,8,2.7493665011266009
8782.23735426876,8,2.7379228449740314
8778.38042083191,8,2.7296703424080837
8774.52348739506,8,2.7226510170397837
8770.66655395822,8,2.7196481180076955
8766.80962052137,8,2.7137945198309259
8762.95268708452,8,2.7086007660590745
8759.09575364767,8,2.7006412486700055
8755.23882021083,8,2.6917531246173509
8751.38188677398,8,2.6810936108675936
8747.52495333713,8,2.6763567767708967
8743.66801990029,8,2.6731361900748087
8739.81108646344,8,2.6704841576802036
8735.95415302659,8,2.6623655032398377
8732.09721958974,8,2.6544615303848591
8728.2402861529,8,2.6478667183355578
8724.38335271605,8,2.6418475599246913
8720.5264192792,8,2.636565831931041
8716.66948584235,8,2.6324212371613225
8712.81255240551,8,2.6211156077524458
8708.95561896866,8,2.6092579969346579
8705.09868553181,8,2.6013525986240875
8701.24175209497,8,2.5957602866652669
8697.38481865812,8,2.5881049048511322
8693.52788522127,8,2.5773530212137272
8689.67095178442,8,2.5688884097263061
8685.81401834758,8,2.5608256613401279
8681.95708491073,8,2.547437849950537
8678.10015147388,8,2.5374691252333208
8674.24321803703,8,2.5242282660014803
8670.38628460019,8,2.5113952089812952
8666.52935116334,8,2.5024362430110987
8662.67241772649,8,2.4885201049525252
8658.81548428965,8,2.4703289524697167
8654.9585508528,8,2.4574184756238351
8651.10161741595,8,2.4433007055066698
8647.2446839791,8,2.4303261330981778
8643.38775054226,8,2.414283825850724
8639.53081710541,8,2.4007710274538887
8635.67388366856,8,2.3880275569387051
8631.81695023171,8,2.373906975146495
8627.96001679487,8,2.3570935595661369
8624.10308335802,8,2.341540099859686
8620.24614992117,8,2.3256153277462754
8616.38921648433,8,2.3101452178552808
8612.53228304748,8,2.2937620380768995
8608.67534961063,8,2.2786387018690863
8604.81841617378,8,2.2626341335757338
8600.96148273694,8,2.2516870076119799
8597.10454930009,8,2.235545963668772
8593.24761586324,8,2.2194092873255098
8589.39068242639,8,2.201823623316991
8585.53374898955,8,2.1869333807771696
8581.6768155527,8,2.171820586158113
8577.81988211585,8,2.1597878542491027
8573.96294867901,8,2.1479524101442036
8570.10601524216,8,2.1373133072694155
8566.24908180531,8,2.1235579461018466
8562.39214836846,8,2.1086509916987088
8558.53521493162,8,2.0938735873048655
8554.67828149477,8,2.0837221954778791
8550.82134805792,8,2.0698981426423591
8546.96441462107,8,2.060425055645561
8543.10748118423,8,2.0480664342576596
8539.25054774738,8,2.0369982240933928
8535.39361431053,8,2.025176232554259
8531.53668087368,8,2.0172782857880729
8527.67974743684,8,2.009855346227706
8523.82281399999,8,2.0035699379370713
8519.96588056314,8,1.9927690380271414
8516.1089471263,8,1.9863172262216215
8512.25201368945,8,1.9770752759508183
8508.3950802526,8,1.9677974501853019
8504.53814681575,8,1.9567088595224233
8500.68121337891,8,1.9492904763682084
8496.82427994206,8,1.9425597152001366
8492.96734650521,8,1.9384355028122324
8489.11041306836,8,1.9284208094641739
8485.25347963152,8,1.9190743653056423
8481.39654619467,8,1.9116481235499241
8477.53961275782,8,1.906381033266884
8473.68267932098,8,1.9015954754732691
8469.82574588413,8,1.8932320967832026
8465.96881244728,8,1.8810452706747229
8462.11187901043,8,1.8802884097810266
8458.25494557359,8,1.8766737181910482
8454.39801213674,8,1.8664779957034661
8450.54107869989,8,1.856205485306289
8446.68414526304,8,1.8484113356664151
8442.8272118262,8,1.8398713901974193
8438.97027838935,8,1.8331329572640125
8435.1133449525,8,1.8251759548297128
8431.25641151566,8,1.8218707669621401
8427.39947807881,8,1.8165789249869215
8423.54254464196,8,1.811191955167939
8419.68561120511,8,1.8039872054803134
8415.82867776827,8,1.798866932900645
8411.97174433142,8,1.7896831037602303
8408.11481089457,8,1.7832011102762428
8404.25787745772,8,1.7777356352393801
8400.40094402088,8,1.7782908805442514
8396.54401058403,8,1.7732734200646285
8392.68707714718,8,1.764160421522373
8388.83014371034,8,1.7573677517581774
8384.97321027349,8,1.7534525975023376
8381.11627683664,8,1.7472035914254493
8377.25934339979,8,1.7450669766003588
8373.40240996295,8,1.7430726472570064
8369.5454765261,8,1.7401760045891401
8365.68854308925,8,1.7318717849429079
8361.8316096524,8,1.7263388130810635
8357.97467621556,8,1.7211270856973115
8354.11774277871,8,1.7187999712099287
8350.26080934186,8,1.7170846553099626
8346.40387590502,8,1.714643569398925
8342.54694246817,8,1.7091713351122233
8338.69000903132,8,1.7066928776472148
8334.83307559447,8,1.7014939023966615
8330.97614215763,8,1.7011714118959929
8327.11920872078,8,1.7014579128225105
8323.26227528393,8,1.7008197543953445
8319.40534184708,8,1.6983538370011284
8315.54840841024,8,1.6989174850463127
8311.69147497339,8,1.6984792590609969
8307.83454153654,8,1.7044105417400246
8303.97760809969,8,1.7100763189156716
8300.12067466285,8,1.7141174829162065
8296.263741226,8,1.7177519305647788
8292.40680778915,8,1.7269946855509528
8288.54987435231,8,1.734361901130776
8284.69294091546,8,1.738152359932521
8280.83600747861,8,1.7423617836251259
8276.97907404176,8,1.7540658139539813
8273.12214060492,8,1.7613412141298701
8269.26520716807,8,1.7713761191222961
8265.40827373122,8,1.7756481650367153
8261.55134029437,8,1.7797546420628647
8257.69440685753,8,1.7851172845714554
8253.83747342068,8,1.7902843019523695
8249.98053998383,8,1.7955474527208977
8246.12360654699,8,1.8012994908142042
8242.26667311014,8,1.8065997686498569
8238.40973967329,8,1.814681856689488
8234.55280623644,8,1.8209323210856874
8230.6958727996,8,1.8287221519071415
8226.83893936275,8,1.8343272981992342
8222.9820059259,8,1.8419917043587914
8219.12507248905,8,1.8507788902004529
8215.26813905221,8,1.859736458372196
8211.41120561536,8,1.868370143572855
8207.55427217851,8,1.8781817612911147
8203.69733874167,8,1.886555858110921
8199.84040530482,8,1.8950937460111552
8195.98347186797,8,1.9018680696695482
8192.12653843112,8,1.9097939796574623
8188.26960499428,8,1.9161622411683532
8184.41267155743,8,1.923553629733147
8180.55573812058,8,1.9317226419310685
8176.69880468373,8,1.9438512499970662
8172.84187124689,8,1.9534923464758829
8168.98493781004,8,1.9618424373526588
8165.12800437319,8,1.9688459703560564
8161.27107093635,8,1.9740645314486041
8157.4141374995,8,1.9813486531602451
8153.55720406265,8,1.9902717751308576
8149.7002706258,8,1.9984103204177619
8145.84333718896,8,2.0060515562586994
8141.98640375211,8,2.0117866667471103
8138.12947031526,8,2.0186744082289696
8134.27253687841,8,2.0246941755336456
8130.41560344157,8,2.0343002813761366
8126.55867000472,8,2.0414771852800802
8122.70173656787,8,2.0457170725304623
8118.84480313103,8,2.0523210323744525
8114.98786969418,8,2.0620895682799332
8111.13093625733,8,2.0668093754260433
8107.27400282048,8,2.072610451985101
8103.41706938364,8,2.0771567660780574
8099.56013594679,8,2.0825513763257035
8095.70320250994,8,2.0850951234277075
8091.84626907309,8,2.0874520499319926
8087.98933563625,8,2.0934941586433231
8084.1324021994,8,2.102101070901143
8080.27546876255,8,2.1056570010258362
8076.41853532571,8,2.1132145081087876
8072.56160188886,8,2.1162641149719912
8068.70466845201,8,2.1191936662423072
8064.84773501516,8,2.1229263248443968
8060.99080157832,8,2.1279935887691068
8057.13386814147,8,2.1325238780474716
8053.27693470462,8,2.137534671519179
8049.42000126777,8,2.1393308841719261
8045.56306783093,8,2.1445070891261886
8041.70613439408,8,2.1480938123717523
8037.84920095723,8,2.1513619044663579
8033.99226752039,8,2.1546630740887243
8030.13533408354,8,2.1601309475241188
8026.27840064669,8,2.1629520326652041
8022.42146720984,8,2.1654541360395152
8018.564533773,8,2.1666012792034284
8014.70760033615,8,2.1703098482169847
8010.8506668993,8,2.1735392576038906
8006.99373346245,8,2.176219930365582
8003.13680002561,8,2.1758690089063166
7999.27986658876,8,2.1805258510265988
7995.42293315191,8,2.1844471854144514
7991.56599971507,8,2.1864829643468373
7987.70906627822,8,2.1867166541326237
7983.85213284137,8,2.1890429293847653
7979.99519940452,8,2.1890921008742357
7976.13826596768,8,2.1929542768214678
7972.28133253083,8,2.1952972695342456
7968.42439909398,8,2.1972508591851523
7964.56746565713,8,2.1988239887235324
7960.71053222029,8,2.1999329546287996
7956.85359878344,8,2.1971078652453602
7952.99666534659,8,2.1953849646250361
7949.13973190975,8,2.1975169116683935
7945.2827984729,8,2.2016995801780825
7941.42586503605,8,2.2003598299852594
7937.5689315992,8,2.2018145578870789
7933.71199816236,8,2.204949007002198
7929.85506472551,8,2.2047068205668348
7925.99813128866,8,2.2003670672174289
7922.14119785181,8,2.2026533094523537
7918.28426441497,8,2.2031488590436226
7914.42733097812,8,2.2026698415119328
7910.57039754127,8,2.2008638822159776
7906.71346410443,8,2.2007959684487388
7902.85653066758,8,2.1987241479801298
7898.99959723073,8,2.1965083595690209
7895.14266379388,8,2.199836077615001
7891.28573035704,8,2.2053549234327523
7887.42879692019,8,2.2002000892316831
7883.57186348334,8,2.2005201666282792
7879.71493004649,8,2.203330424744355
7875.85799660965,8,2.2050578559139864
7872.0010631728,8,2.2058420113165398
7868.14412973595,8,2.2041441185885513
7864.28719629911,8,2.2014561835663784
7860.43026286226,8,2.2048107117439675
7856.57332942541,8,2.2068000344070842
7852.71639598856,8,2.2066228227428533
7848.85946255172,8,2.2047572806768412
7845.00252911487,8,2.2089406253209463
7841.14559567802,8,2.208576200726089
7837.28866224117,8,2.2097763805404198
7833.43172880433,8,2.2086318821420114
7829.57479536748,8,2.2122482134700086
7825.71786193063,8,2.2156573023970556
7821.86092849379,8,2.2189775561675971
7818.00399505694,8,2.2185756055465675
7814.14706162009,8,2.2173233904593816
7810.29012818324,8,2.2152117545605554
7806.4331947464,8,2.2161203694397718
7802.57626130955,8,2.2174578551481878
7798.7193278727,8,2.2208721687554189
7794.86239443585,8,2.2245050176984775
7791.00546099901,8,2.2275403535859462
7787.14852756216,8,2.2281638625999238
7783.29159412531,8,2.2275966162630652
7779.43466068847,8,2.2284233128461923
7775.57772725162,8,2.2309259916949484
7771.72079381477,8,2.2296015073708113
7767.86386037792,8,2.232434731542706
7764.00692694107,8,2.2331074054367428
7760.14999350423,8,2.2344742278452832
7756.29306006738,8,2.2379149958049518
7752.43612663053,8,2.2400102050028186
7748.57919319369,8,2.2377749662688644
7744.72225975684,8,2.2386132714341871
7740.86532631999,8,2.2385086847838935
7737.00839288315,8,2.2414269027355913
7733.1514594463,8,2.2413888506153925
7729.29452600945,8,2.2408350654240246
7725.4375925726,8,2.2442647166085194
7721.58065913575,8,2.2441225899400195
7717.72372569891,8,2.2425756606867413
7713.86679226206,8,2.2437263840735215
7710.00985882521,8,2.2427233768464747
7706.15292538837,8,2.2418513199227297
7702.29599195152,8,2.2431945558758355
7698.43905851467,8,2.2448203858028273
7694.58212507782,8,2.2437094873706589
7690.72519164098,8,2.2420971758643953
7686.86825820413,8,2.241482314650467
7683.01132476728,8,2.2421490294952053
7679.15439133043,8,2.2388782919062216
7675.29745789359,8,2.2383664492732835
7671.44052445674,8,2.2395363184858765
7667.58359101989,8,2.2389151787625412
7663.72665758305,8,2.2348487844064708
7659.8697241462,8,2.2353780116824384
7656.01279070935,8,2.2339955908138984
7652.1558572725,8,2.2318905661380852
7648.29892383566,8,2.2298069900311033
7644.44199039881,8,2.2267891834797982
7640.58505696196,8,2.2214853771589373
7636.72812352511,8,2.219642616434562
7632.87119008827,8,2.2172615993394702
7629.01425665142,8,2.214950482971604
7625.15732321457,8,2.2091308816154562
7621.30038977773,8,2.2059112661942342
7617.44345634088,8,2.2026035994680511
7613.58652290403,8,2.1995748183785833
7609.72958946718,8,2.1946474603234627
7605.87265603034,8,2.1897954759316165
7602.01572259349,8,2.1825561912870803
7598.15878915664,8,2.179720739284114
7594.30185571979,8,2.1749783498106985
7590.44492228295,8,2.1695100907578317
7586.5879888461,8,2.1643838680420742
7582.73105540925,8,2.1574145372191897
7578.87412197241,8,2.1493074684909943
7575.01718853556,8,2.1421546894351091
7571.16025509871,8,2.1338661677887845
7567.30332166186,8,2.1280142967554245
7563.44638822502,8,2.1182202619677457
7559.58945478817,8,2.107472425967448
7555.73252135132,8,2.0982831290607273
7551.87558791447,8,2.0912461106376603
7548.01865447763,8,2.0792602698792586
7544.16172104078,8,2.0678058904588661
7540.30478760393,8,2.0565201265945539
7536.44785416709,8,2.0459361259950168
7532.59092073024,8,2.0328014431100212
7528.73398729339,8,2.017987910873682
7524.87705385654,8,2.0037468929460656
7521.0201204197,8,1.9886380772664913
7517.16318698285,8,1.9724622916053538
7513.306253546,8,1.9563094586533722
7509.44932010915,8,1.9394498291904507
7505.59238667231,8,1.9222301129328905
7501.73545323546,8,1.9025017632388006
7497.87851979861,8,1.8827612218365997
7494.02158636177,8,1.8614251526865639
7490.16465292492,8,1.8412937205234776
7486.30771948807,8,1.8204614233358565
7482.45078605122,8,1.7970082405771182
7478.59385261438,8,1.7729209122041838
7474.73691917753,8,1.7523610581153171
7470.87998574068,8,1.7279271557055704
7467.02305230383,8,1.7038894449051183
7463.16611886699,8,1.6796392209687605
7459.30918543014,8,1.6584467583023037
7455.45225199329,8,1.6330557482018744
7451.59531855645,8,1.6065515015424618
7447.7383851196,8,1.5799638550137183
7443.88145168275,8,1.554331890836782
7440.0245182459,8,1.5294035467780769
7436.16758480906,8,1.5028475979789229
7432.31065137221,8,1.4680614219815582
7428.45371793536,8,1.4381032784735965
7424.59678449851,8,1.4103989494149367
7420.73985106167,8,1.3902987234395359
7416.88291762482,8,1.3587215648323849
7413.02598418797,8,1.3147983643043872
7409.16905075113,8,1.2865410937239319
7405.31211731428,8,1.2671422582761127
7401.45518387743,8,1.2293403099560059
7397.59825044058,8,1.2008861071060335
7393.74131700374,8,1.1735565001015269
7389.88438356689,8,1.1405065856923584
7386.02745013004,8,1.1138610203279384
7382.17051669319,8,1.1052142970389758
7378.31358325635,8,1.0776060437045101
7374.4566498195,8,1.0298056009942962
7370.59971638265,8,0.98870111054046284
7366.74278294581,8,0.96069869254318219
7362.88584950896,8,0.92043889992486916
7359.02891607211,8,0.89133323577309609
7355.17198263526,8,0.8712878874654395
7351.31504919842,8,0.83632864646744043
7347.45811576157,8,0.82328485896542647
7343.60118232472,8,0.82059459831621284
7339.74424888787,8,0.77651906331658549
7335.88731545103,8,0.68967637744765442
7332.03038201418,8,0.66128273617965472
7328.17344857733,8,0.67566294754045964
7324.31651514049,8,0.64092836028998423
7320.45958170364,8,0.5830566571215694
7316.60264826679,8,0.56115810732787752
7312.74571482994,8,0.56704527158785689
7308.8887813931,8,0.5491264525268198
7305.03184795625,8,0.50861070012597764
7301.1749145194,8,0.48173180040731101
7297.31798108255,8,0.47474790754729979
7293.46104764571,8,0.46459533047941992
7289.60411420886,8,0.44306354983600071
7285.74718077201,8,0.40850157801559961
7281.89024733516,8,0.37890719139414974
7278.03331389832,8,0.35806022751990829
7274.17638046147,8,0.34943362637453745
7270.31944702462,8,0.32769785396526085
7266.46251358778,8,0.31171100408745644
7262.60558015093,8,0.30096473176523419
7258.74864671408,8,0.27456308522386097
7254.89171327723,8,0.27078598844948498
7251.03477984039,8,0.25883837814329169
7247.17784640354,8,0.23700972563642431
7243.32091296669,8,0.27089451499077422
7239.46397952984,8,0.22145864058909748
7235.607046093,8,0.21056267614967705
7231.75011265615,8,0.23970863527393904
7227.8931792193,8,0.16463396182750145
7224.03624578246,8,0.10765314637363055
7220.17931234561,8,0.097469190163019359
7216.32237890876,8,0.059266391726048084
7212.46544547191,8,0.010100990467937887
7208.60851203507,8,-0.015958384664106706
7204.75157859822,8,-0.0099270304323866299
7200.89464516137,8,-0.069654340971029072
7197.03771172452,8,-0.13177493957428865
7193.18077828768,8,-0.16221671176871943
7189.32384485083,8,-0.20403623494431988
7185.46691141398,8,-0.21712291229652259
7181.60997797714,8,-0.22094191337278613
7177.75304454029,8,-0.29591887849575738
7173.89611110344,8,-0.34443580188034328
7170.03917766659,8,-0.34510258494122859
7166.18224422975,8,-0.36730943836291186
7162.3253107929,8,-0.41284905705868802
7158.46837735605,8,-0.4819692099284274
7154.6114439192,8,-0.56019929349850317
7150.75451048236,8,-0.60657338385862891
7146.89757704551,8,-0.63160930064121201
7143.04064360866,8,-0.64182914166614768
7139.18371017182,8,-0.68562692059790242
7135.32677673497,8,-0.76762021155140348
7131.46984329812,8,-0.85496329837600982
7127.61290986127,8,-0.91576093242621237
7123.75597642443,8,-0.95776520344493443
7119.89904298758,8,-0.97710007693542389
7116.04210955073,8,-1.0435553715698402
7112.18517611388,8,-1.1288151875879295
7108.32824267704,8,-1.1651409432263056
7104.47130924019,8,-1.2256134043514275
7100.61437580334,8,-1.3027901178352872
7096.7574423665,8,-1.3320440548721688
7092.90050892965,8,-1.3973150839781594
7089.0435754928,8,-1.480477362706365
7085.18664205595,8,-1.5388769663956396
7081.32970861911,8,-1.5914653590645784
7077.47277518226,8,-1.6480054949812923
7073.61584174541,8,-1.6861991037631632
7069.75890830856,8,-1.7300676994091972
7065.90197487172,8,-1.807595222728374
7062.04504143487,8,-1.8813342677579779
7058.18810799802,8,-1.9443225109892892
7054.33117456117,8,-1.9994054059081687
7050.47424112433,8,-2.0481890401735856
7046.61730768748,8,-2.091145358428562
7042.76037425063,8,-2.147741740402715
7038.90344081379,8,-2.2039397512585328
7035.04650737694,8,-2.2507131452941493
7031.18957394009,8,-2.2949416279522992
7027.33264050324,8,-2.3288654137791336
7023.4757070664,8,-2.3638769109617099
7019.61877362955,8,-2.4097275844852053
7015.7618401927,8,-2.4496706820485818
7011.90490675585,8,-2.4867545486172489
7008.04797331901,8,-2.5206885899148528
7004.19103988216,8,-2.5464418680941709
7000.33410644531,8,-2.5786528127774559
6996.47717300847,8,-2.6119614359890861
6992.62023957162,8,-2.6428929960471557
6988.76330613477,8,-2.6669689608015315
6984.90637269792,8,-2.6890773054343504
6981.04943926108,8,-2.7123269281627604
6977.19250582423,8,-2.7393257540671665
6973.33557238738,8,-2.7597715536222993
6969.47863895053,8,-2.7822568060120378
6965.62170551369,8,-2.8053206883694752
6961.76477207684,8,-2.8231399004965319
6957.90783863999,8,-2.8368984479874895
6954.05090520315,8,-2.851957990824487
6950.1939717663,8,-2.869987455414452
6946.33703832945,8,-2.8833944856635183
6942.4801048926,8,-2.8993125898684662
6938.62317145576,8,-2.9107630462771383
6934.76623801891,8,-2.9214715090764591
6930.90930458206,8,-2.9342348534808105
6927.05237114521,8,-2.945214299057763
6923.19543770837,8,-2.9542174269876655
6919.33850427152,8,-2.9563791185855206
6915.48157083467,8,-2.965520281904082
6911.62463739783,8,-2.9820332542798522
6907.76770396098,8,-2.9913376466550381
6903.91077052413,8,-2.9991567109804782
6900.05383708728,8,-3.0049923367676317
6896.19690365044,8,-3.0049612828004699
6892.33997021359,8,-3.0097404491117703
6888.48303677674,8,-3.0222528741320636
6884.62610333989,8,-3.0287939568298179
6880.76916990305,8,-3.0346270387734733
6876.9122364662,8,-3.039925375458012
6873.05530302935,8,-3.0432262267187995
6869.19836959251,8,-3.0470131475164464
6865.34143615566,8,-3.0516296529544835
6861.48450271881,8,-3.0549165189232852
6857.62756928196,8,-3.0579633573804328
6853.77063584512,8,-3.0617188508527611
6849.91370240827,8,-3.064477913507941
6846.05676897142,8,-3.0658392745060188
6842.19983553457,8,-3.0696449812058404
6838.34290209773,8,-3.0739589433969079
6834.48596866088,8,-3.0750351904001869
6830.62903522403,8,-3.0785821301517231
6826.77210178718,8,-3.0810049258172678
6822.91516835034,8,-3.082610465274775
6819.05823491349,8,-3.0865271192716568
6815.20130147664,8,-3.0887862441554135
6811.3443680398,8,-3.0918576620486351
6807.48743460295,8,-3.0927550544270899
6803.6305011661,8,-3.0908268425498768
6799.77356772925,8,-3.0910315894776059
6795.91663429241,8,-3.0942606635510197
6792.05970085556,8,-3.0965260450779666
6788.20276741871,8,-3.0994704119745289
6784.34583398186,8,-3.1026282238560174
6780.48890054502,8,-3.1048380582676161
6776.63196710817,8,-3.1069239414471812
6772.77503367132,8,-3.1054282278183338
6768.91810023448,8,-3.1055919994255587
6765.06116679763,8,-3.1084012832187873
6761.20423336078,8,-3.1112845350665723
6757.34729992393,8,-3.1109439865434299
6753.49036648709,8,-3.1111983439931277
6749.63343305024,8,-3.1138212556866804
6745.77649961339,8,-3.1174211259389755
6741.91956617654,8,-3.1202364438391368
6738.0626327397,8,-3.1207589191181593
6734.20569930285,8,-3.1212097999672315
6730.348765866,8,-3.1226374454287908
6726.49183242916,8,-3.1249349956112726
6722.63489899231,8,-3.1260977968056172
6718.77796555546,8,-3.127673696086871
6714.92103211861,8,-3.1288454562623333
6711.06409868177,8,-3.1294429761941633
6707.20716524492,8,-3.130381972569658
6703.35023180807,8,-3.1323195996348154
6699.49329837122,8,-3.1356067907087066
6695.63636493438,8,-3.136282523866992
6691.77943149753,8,-3.13710211168054
6687.92249806068,8,-3.1377487794610812
6684.06556462384,8,-3.1375312241427613
6680.20863118699,8,-3.1384041588565652
6676.35169775014,8,-3.1402572149193495
6672.49476431329,8,-3.141720569186194
6668.63783087645,8,-3.1414513912413033
6664.7808974396,8,-3.1412796454166907
6660.92396400275,8,-3.1414193640221892
6657.0670305659,8,-3.1419724450130349
6653.21009712906,8,-3.1438365397385386
6649.35316369221,8,-3.1455022640519332
6645.49623025536,8,-3.145903079131855
6641.63929681852,8,-3.1462541173893781
6637.78236338167,8,-3.1460648081214133
6633.92542994482,8,-3.1454467663947216
6630.06849650797,8,-3.1456615831808339
6626.21156307113,8,-3.1461618569921233
6622.35462963428,8,-3.1458105362818021
6618.49769619743,8,-3.1456998661397355
6614.64076276058,8,-3.145838765327742
6610.78382932374,8,-3.1461910536829709
6606.92689588689,8,-3.1460664128027389
6603.06996245004,8,-3.1456153455070002
6599.2130290132,8,-3.1465527026329783
6595.35609557635,8,-3.1476507666734475
6591.4991621395,8,-3.1473061640594628
6587.64222870265,8,-3.1479929446323154
6583.78529526581,8,-3.148087747118629
6579.92836182896,8,-3.1498206288536617
6576.07142839211,8,-3.1510683934224821
6572.21449495526,8,-3.1514800937928324
6568.35756151842,8,-3.1524804820791039
6564.50062808157,8,-3.1538404126014399
6560.64369464472,8,-3.1541194442666267
6556.78676120788,8,-3.1559858933591154
6552.92982777103,8,-3.1571359573189279
6549.07289433418,8,-3.1586687603242414
6545.21596089733,8,-3.1596328487111855
6541.35902746049,8,-3.1610327055623726
6537.50209402364,8,-3.1628501216331224
6533.64516058679,8,-3.1636089642593603
6529.78822714994,8,-3.1656858340948779
6525.9312937131,8,-3.1675942415484877
6522.07436027625,8,-3.1690526800362329
6518.2174268394,8,-3.1713858275460258
6514.36049340256,8,-3.1734357270632851
6510.50355996571,8,-3.1764451090263286
6506.64662652886,8,-3.1805152804689825
6502.78969309201,8,-3.183857190487454
6498.93275965517,8,-3.1857141704918752
6495.07582621832,8,-3.1876270926896781
6491.21889278147,8,-3.190056443905696
6487.36195934462,8,-3.1940397833793606
6483.50502590778,8,-3.1976233848301581
6479.64809247093,8,-3.200102653020731
6475.79115903408,8,-3.201587006231509
6471.93422559724,8,-3.2043434071182246
6468.07729216039,8,-3.2075852876512192
6464.22035872354,8,-3.2094502842303556
6460.36342528669,8,-3.2120112377892189
6456.50649184985,8,-3.2149304191950532
6452.649558413,8,-3.216965304995012
6448.79262497615,8,-3.2199788747582931
6444.9356915393,8,-3.2223432415077471
6441.07875810246,8,-3.2250579045773962
6437.22182466561,8,-3.2272678714525878
6433.36489122876,8,-3.2288253069325625
6429.50795779192,8,-3.2311175519955757
6425.65102435507,8,-3.2356224254835197
6421.79409091822,8,-3.2403493547989308
6417.93715748137,8,-3.2439207624429223
6414.08022404453,8,-3.2460552412993735
6410.22329060768,8,-3.2476621801556411
6406.36635717083,8,-3.2509889374188821
6402.50942373398,8,-3.2545654101900268
6398.65249029714,8,-3.2573765286008474
6394.79555686029,8,-3.2625075511589321
6390.93862342344,8,-3.2678075467991672
6387.08168998659,8,-3.2714129016810354
6383.22475654975,8,-3.2742253982710072
6379.3678231129,8,-3.2786588595197825
6375.51088967605,8,-3.2836607316778079
6371.6539562392,8,-3.2891466109714997
6367.79702280236,8,-3.2922796607687888
6363.94008936551,8,-3.2960774731080051
6360.08315592866,8,-3.3019714453594391
6356.22622249182,8,-3.3064025821663896
6352.36928905497,8,-3.3091846788583275
6348.51235561812,8,-3.3117098824785574
6344.65542218127,8,-3.3145231925741117
6340.79848874443,8,-3.3191786564047132
6336.94155530758,8,-3.3231906678891221
6333.08462187073,8,-3.3262632831775822
6329.22768843388,8,-3.3297092835861717
6325.37075499704,8,-3.3337778422407971
6321.51382156019,8,-3.3382187987843333
6317.65688812334,8,-3.3425881413667389
6313.7999546865,8,-3.3463719455997847
6309.94302124965,8,-3.3504345640956723
6306.0860878128,8,-3.3537412691893582
6302.22915437595,8,-3.3571393792237898
6298.37222093911,8,-3.3594559605381615
6294.51528750226,8,-3.362709826553099
6290.65835406541,8,-3.3662439947201532
6286.80142062856,8,-3.3699449612342338
6282.94448719172,8,-3.3731801020869039
6279.08755375487,8,-3.3755756447336895
6275.23062031802,8,-3.3782992187429111
6271.37368688118,8,-3.3823583985072516
6267.51675344433,8,-3.385658874934474
6263.65982000748,8,-3.3886871830725731
6259.80288657063,8,-3.3926532452474936
6255.94595313379,8,-3.3963712161511359
6252.08901969694,8,-3.3977022568169533
6248.23208626009,8,-3.4009154453083248
6244.37515282324,8,-3.4033299207861849
6240.5182193864,8,-3.4081975600961489
6236.66128594955,8,-3.410937947455789
6232.8043525127,8,-3.4123306055986991
6228.94741907586,8,-3.4156744248136555
6225.09048563901,8,-3.4198088513476375
6221.23355220216,8,-3.4233067439784346
6217.37661876531,8,-3.4255827838030268
6213.51968532847,8,-3.4290443130097694
6209.66275189162,8,-3.4344596145008581
6205.80581845477,8,-3.4381872334080232
6201.94888501792,8,-3.4414364518439218
6198.09195158108,8,-3.445046822615331
6194.23501814423,8,-3.4501205774679748
6190.37808470738,8,-3.4555173886189814
6186.52115127054,8,-3.4611640485666695
6182.66421783369,8,-3.466341278107969
6178.80728439684,8,-3.4726483653644964
6174.95035095999,8,-3.4790602416633982
6171.09341752315,8,-3.4870817901774487
6167.2364840863,8,-3.4928615110005929
6163.37955064945,8,-3.5016176828874532
6159.5226172126,8,-3.5113055743222996
6155.66568377576,8,-3.5217208172962762
6151.80875033891,8,-3.5302663452363681
6147.95181690206,8,-3.5389020188039462
6144.09488346522,8,-3.548820114227504
6140.23795002837,8,-3.5605947465869292
6136.38101659152,8,-3.5686389712081836
6132.52408315467,8,-3.5774268077296734
6128.66714971783,8,-3.5870901939586912
6124.81021628098,8,-3.5984963120830189
6120.95328284413,8,-3.6073146640712292
6117.09634940728,8,-3.6163454218406854
6113.23941597044,8,-3.6244500632155363
6109.38248253359,8,-3.6334151566094173
6105.52554909674,8,-3.6433175884473203
6101.6686156599,8,-3.6541009263761284
6097.81168222305,8,-3.6636895646070475
6093.9547487862,8,-3.6752107977170265
6090.09781534935,8,-3.6859919593041202
6086.24088191251,8,-3.6981815335758328
6082.38394847566,8,-3.7113763026209559
6078.52701503881,8,-3.7266285744723562
6074.67008160196,8,-3.7415703056949448
6070.81314816512,8,-3.7585324061482166
6066.95621472827,8,-3.7768660114280501
6063.09928129142,8,-3.7984802156389224
6059.24234785458,8,-3.8195146197209646
6055.38541441773,8,-3.8429835129647127
6051.52848098088,8,-3.8664334030240695
6047.67154754403,8,-3.8908193831241205
6043.81461410719,8,-3.9154347060584747
6039.95768067034,8,-3.9403233788391443
6036.10074723349,8,-3.9652286825989416
6032.24381379664,8,-3.9925993525267431
6028.3868803598,8,-4.0203607258458289
6024.52994692295,8,-4.0470280679525183
6020.6730134861,8,-4.0726129804598887
6016.81608004926,8,-4.1003985067166813
6012.95914661241,8,-4.1288479274174978
6009.10221317556,8,-4.1585894704829265
6005.24527973871,8,-4.1850134439986135
6001.38834630187,8,-4.2078777824868752
5997.53141286502,8,-4.2283883053782318
5993.67447942817,8,-4.2478995184673387
5989.81754599132,8,-4.2613534763391989
5985.96061255448,8,-4.269779700404257
5982.10367911763,8,-4.2742429389445409
5978.24674568078,8,-4.2793579075243713
5974.38981224394,8,-4.2851839658677688
5970.53287880709,8,-4.2912153521637126
5966.67594537024,8,-4.2972939169997151
5962.81901193339,8,-4.3067314270352854
5958.96207849655,8,-4.3172687298116426
5955.1051450597,8,-4.3298816736476251
5951.24821162285,8,-4.3399178033598975
5947.391278186,8,-4.348553993869837
5943.53434474916,8,-4.3590031005142293
5939.67741131231,8,-4.3678582885065396
5935.82047787546,8,-4.3754246772391259
5931.96354443862,8,-4.3829123636368594
5928.10661100177,8,-4.3906152300913046
5924.24967756492,8,-4.3995573431084392
5920.39274412807,8,-4.4069652315511378
5916.53581069123,8,-4.4158729651596289
5912.67887725438,8,-4.4237538669252352
5908.82194381753,8,-4.4285780205887235
5904.96501038068,8,-4.4300253082040397
5901.10807694384,8,-4.4292692362079729
5897.25114350699,8,-4.4268425072390869
5893.39421007014,8,-4.4211398239578106
5889.5372766333,8,-4.4150149744821752
5885.68034319645,8,-4.4113972825431231
5881.8234097596,8,-4.4073181605896732
5877.96647632275,8,-4.4027558317423674
5874.10954288591,8,-4.4012546418652416
5870.25260944906,8,-4.403445790903973
5866.39567601221,8,-4.4063708088368401
5862.53874257536,8,-4.4102511922430434
5858.68180913852,8,-4.4148060283549562
5854.82487570167,8,-4.4207316407399322
5850.96794226482,8,-4.4281254585126169
5847.11100882798,8,-4.4359286199920209
5843.25407539113,8,-4.4427581376693128
5839.39714195428,8,-4.4495184195754911
5835.54020851743,8,-4.4552723773554668
5831.68327508059,8,-4.4622535664170169
5827.82634164374,8,-4.4687978022232642
5823.96940820689,8,-4.4751000752178571
5820.11247477004,8,-4.4827879671480027
5816.2555413332,8,-4.4897273789109837
5812.39860789635,8,-4.4935727803599752
5808.5416744595,8,-4.4976639455878997
5804.68474102266,8,-4.4986064663410232
5800.82780758581,8,-4.496556337443276
5796.97087414896,8,-4.4944967923768093
5793.11394071211,8,-4.4906415448993338
5789.25700727527,8,-4.4840374687507802
5785.40007383842,8,-4.4750946117467345
5781.54314040157,8,-4.4642401602236266
5777.68620696472,8,-4.4541520392061269
5773.82927352788,8,-4.4443180551116965
5769.97234009103,8,-4.4375626341684846
5766.11540665418,8,-4.4298082334642643
5762.25847321733,8,-4.4207846577402581
5758.40153978049,8,-4.4123459052974159
5754.54460634364,8,-4.40326081168919
5750.68767290679,8,-4.3956040852252798
5746.83073946995,8,-4.3903756600772406
5742.9738060331,8,-4.3832629127711913
5739.11687259625,8,-4.3753286672557792
5735.2599391594,8,-4.3694297089249829
5731.40300572256,8,-4.3664666381384567
5727.54607228571,8,-4.3622923687488058
5723.68913884886,8,-4.3575126828746473
5719.83220541201,8,-4.3530452703769926
5715.97527197517,8,-4.3487479744869457
5712.11833853832,8,-4.3437791716795342
5708.26140510147,8,-4.3395265669881837
5704.40447166463,8,-4.3338908634587154
5700.54753822778,8,-4.3277478044595563
5696.69060479093,8,-4.3214633542627228
5692.83367135408,8,-4.3167061163354568
5688.97673791724,8,-4.311278647498705
5685.11980448039,8,-4.3058107189653017
5681.26287104354,8,-4.2995347796876926
5677.40593760669,8,-4.2926651338727133
5673.54900416985,8,-4.2855719609943748
5669.692070733,8,-4.2802997212889089
5665.83513729615,8,-4.2754276309797534
5661.97820385931,8,-4.2716080027174392
5658.12127042246,8,-4.2694006785816843
5654.26433698561,8,-4.2687117068214508
5650.40740354876,8,-4.2691916380746031
5646.55047011192,8,-4.2689501013605344
5642.69353667507,8,-4.2677415587284857
5638.83660323822,8,-4.26776187822324
5634.97966980137,8,-4.2688002416554571
5631.12273636453,8,-4.2694780610102674
5627.26580292768,8,-4.2674405635719737
5623.40886949083,8,-4.2651717576789734
5619.55193605399,8,-4.264785667717458
5615.69500261714,8,-4.2641104978711368
5611.83806918029,8,-4.2604360295859198
5607.98113574344,8,-4.2564148999797524
5604.1242023066,8,-4.2502079146344309
5600.26726886975,8,-4.2471107597717985
5596.4103354329,8,-4.2433287524202061
5592.55340199605,8,-4.2382196587871555
5588.69646855921,8,-4.2331416516842424
5584.83953512236,8,-4.2285733749913286
5580.98260168551,8,-4.2243670142919107
5577.12566824867,8,-4.219660510420586
5573.26873481182,8,-4.2143343596858829
5569.41180137497,8,-4.2105089575338939
5565.55486793812,8,-4.2093298453779902
5561.69793450128,8,-4.2098906684285256
5557.84100106443,8,-4.2057837661255242
5553.98406762758,8,-4.1943680875786038
5550.12713419073,8,-4.1898600295695552
5546.27020075389,8,-4.1945374086521969
5542.41326731704,8,-4.1970382678431495
5538.55633388019,8,-4.187190165641705
5534.69940044334,8,-4.1814600721659971
5530.8424670065,8,-4.189980331330772
5526.98553356965,8,-4.1886172590581605
5523.1286001328,8,-4.1737802664521801
5519.27166669596,8,-4.1635466199460831
5515.41473325911,8,-4.1692111719893266
5511.55779982226,8,-4.1687382407305904
5507.70086638541,8,-4.1479695379357935
5503.84393294857,8,-4.1557947484915507
5499.98699951172,8,-4.1643593083446291
5496.13006607487,8,-4.1383538466508689
5492.27313263802,8,-4.0988354579545714
5488.41619920118,8,-4.1183402312914374
5484.55926576433,8,-4.1567603099785053
5480.70233232748,8,-4.1610611998107512
5476.84539889064,8,-4.1170543403207347
5472.98846545379,8,-4.1116960937700906
5469.13153201694,8,-4.1261713102079707
5465.27459858009,8,-4.1071822158947837
5461.41766514325,8,-4.1017630977287638
5457.5607317064,8,-4.1110860558460827
5453.70379826955,8,-4.1257406148630178
5449.8468648327,8,-4.092056877048412
5445.98993139586,8,-4.0495932884054469
5442.13299795901,8,-4.0471307076247696
5438.27606452216,8,-4.0797576490274707
5434.41913108532,8,-4.0684616822843633
5430.56219764847,8,-4.0428264706031047
5426.70526421162,8,-4.0632209562369033
5422.84833077477,8,-4.1133508836293675
5418.99139733793,8,-4.1056771517040724
5415.13446390108,8,-4.039419268395954
5411.27753046423,8,-3.9766359451694275
5407.42059702738,8,-4.0493153216692033
5403.56366359054,8,-4.0796903985596096
5399.70673015369,8,-4.0760074455016042
5395.84979671684,8,-4.0321186492125936
5391.99286328,8,-4.0415473144898213
5388.13592984315,8,-4.0432468478936681
5384.2789964063,8,-4.0267598344099893
5380.42206296945,8,-4.0392795817582039
5376.56512953261,8,-3.9953646046753022
5372.70819609576,8,-4.0174220154401361
5368.85126265891,8,-4.0446289975767113
5364.99432922206,8,-4.0145656864991857
5361.13739578522,8,-4.0161828741603678
5357.28046234837,8,-3.9923866181523131
5353.42352891152,8,-3.9112228839031937
5349.56659547468,8,-3.9136366954832065
5345.70966203783,8,-3.884382457126101
5341.85272860098,8,-3.8688281075042648
5337.99579516413,8,-3.8608115768934006
5334.13886172729,8,-3.885604952208574
5330.28192829044,8,-3.8924866750799669
5326.42499485359,8,-3.8822043659510173
5322.56806141674,8,-3.9062633373195732
5318.7111279799,8,-3.8872329561583046
5314.85419454305,8,-3.8643968030355671
5310.9972611062,8,-3.8388791843500183
5307.14032766935,8,-3.8011501827476151
5303.28339423251,8,-3.7862736413249296
5299.42646079566,8,-3.7701687783545621
5295.56952735881,8,-3.7415812388395366
5291.71259392197,8,-3.6928762235366968
5287.85566048512,8,-3.6522689184152153
5283.99872704827,8,-3.629612321946631
5280.14179361142,8,-3.603345771010011
5276.28486017458,8,-3.5895616957106879
5272.42792673773,8,-3.5488160399980044
5268.57099330088,8,-3.4942546075878647
5264.71405986403,8,-3.4386757318776717
5260.85712642719,8,-3.4347250569437477
5257.00019299034,8,-3.4217884414453836
5253.14325955349,8,-3.395469055980719
5249.28632611665,8,-3.3574246633641214
5245.4293926798,8,-3.3356186846375104
5241.57245924295,8,-3.3608210978302475
5237.7155258061,8,-3.3618053592766755
5233.85859236926,8,-3.3391884264447897
5230.00165893241,8,-3.3238037800193516
5226.14472549556,8,-3.3122208004442149
5222.28779205871,8,-3.3199578132395158
5218.43085862187,8,-3.3292597398285109
5214.57392518502,8,-3.3365711727215173
5210.71699174817,8,-3.3214534737775998
5206.86005831133,8,-3.2987062008241157
5203.00312487448,8,-3.3320639147140616
5199.14619143763,8,-3.3393537555217052
5195.28925800078,8,-3.3414649267742313
5191.43232456394,8,-3.3509630701486408
5187.57539112709,8,-3.3452937526443973
5183.71845769024,8,-3.3513844466482441
5179.86152425339,8,-3.3637568624747844
5176.00459081655,8,-3.371956832253896
5172.1476573797,8,-3.3761085769631594
5168.29072394285,8,-3.3810165226276037
5164.43379050601,8,-3.3833600217922188
5160.57685706916,8,-3.3873816869715263
5156.71992363231,8,-3.3924026295078433
5152.86299019546,8,-3.4015174447461503
5149.00605675862,8,-3.4117654661145749
5145.14912332177,8,-3.4141455565753045
5141.29218988492,8,-3.4177348835594521
5137.43525644807,8,-3.4247377766297724
5133.57832301123,8,-3.4295416973066861
5129.72138957438,8,-3.4348586404061194
5125.86445613753,8,-3.4400584614469656
5122.00752270069,8,-3.4417209906945079
5118.15058926384,8,-3.4432711133723632
5114.29365582699,8,-3.4475971797840748
5110.43672239014,8,-3.4522736286879159
5106.5797889533,8,-3.4544707868203721
5102.72285551645,8,-3.4581320589240327
5098.8659220796,8,-3.4606617500584438
5095.00898864275,8,-3.4622893093678488
5091.15205520591,8,-3.4651467784918788
5087.29512176906,8,-3.4692314750178315
5083.43818833221,8,-3.4713418445604942
5079.58125489536,8,-3.4743455569199138
5075.72432145852,8,-3.4766558219848918
5071.86738802167,8,-3.4784397794706785
5068.01045458482,8,-3.4805951135863227
5064.15352114798,8,-3.4849957501072883
5060.29658771113,8,-3.4887470937877576
5056.43965427428,8,-3.4920197397661239
5052.58272083743,8,-3.4943907184267724
5048.72578740059,8,-3.4988079867491297
5044.86885396374,8,-3.5034692449353706
5041.01192052689,8,-3.5088691388981528
5037.15498709004,8,-3.5129915968933654
5033.2980536532,8,-3.5186450184916165
5029.44112021635,8,-3.5246931735714719
5025.5841867795,8,-3.5318862163824312
5021.72725334266,8,-3.5387387944921018
5017.87031990581,8,-3.5483362302447974
5014.01338646896,8,-3.5587886694349526
5010.15645303211,8,-3.5710573802933583
5006.29951959527,8,-3.5821563458791799
5002.44258615842,8,-3.5956267276430469
4998.58565272157,8,-3.6098240657634673
4994.72871928472,8,-3.6262714508503189
4990.87178584788,8,-3.6435322930519161
4987.01485241103,8,-3.6619159469697595
4983.15791897418,8,-3.6810755523716878
4979.30098553734,8,-3.7019692846407519
4975.44405210049,8,-3.7228800861754276
4971.58711866364,8,-3.7452602222273264
4967.73018522679,8,-3.7683726589444784
4963.87325178995,8,-3.7928494842329838
4960.0163183531,8,-3.8170285987818127
4956.15938491625,8,-3.8419910339403742
4952.3024514794,8,-3.8672369062606649
4948.44551804256,8,-3.8920902036814846
4944.58858460571,8,-3.9160369406825719
4940.73165116886,8,-3.9413195571020001
4936.87471773202,8,-3.9652966876609135
4933.01778429517,8,-3.9889913751044164
4929.16085085832,8,-4.0104226220439712
4925.30391742147,8,-4.0310910929173298
4921.44698398463,8,-4.0499966540527197
4917.59005054778,8,-4.0693922246358154
4913.73311711093,8,-4.0879764222201915
4909.87618367408,8,-4.1047941951096512
4906.01925023724,8,-4.1175210620172109
4902.16231680039,8,-4.1306099291772824
4898.30538336354,8,-4.1427494461547871
4894.4484499267,8,-4.1556612794990757
4890.59151648985,8,-4.1665500770449366
4886.734583053,8,-4.1759309719118942
4882.87764961615,8,-4.1834447975037499
4879.02071617931,8,-4.1907998417367516
4875.16378274246,8,-4.1968935314822868
4871.30684930561,8,-4.204110471969666
4867.44991586876,8,-4.20845632656345
4863.59298243192,8,-4.2107751537641303
4859.73604899507,8,-4.2111417774917985
4855.87911555822,8,-4.2117511059514401
4852.02218212137,8,-4.2108529620109616
4848.16524868453,8,-4.2097587164325709
4844.30831524768,8,-4.2073876227379055
4840.45138181083,8,-4.2043046244963334
4836.59444837399,8,-4.1989672362929262
4832.73751493714,8,-4.1951213253754496
4828.88058150029,8,-4.1916124677167312
4825.02364806344,8,-4.1889791107997585
4821.1667146266,8,-4.185287902745511
4817.30978118975,8,-4.1837805244220654
4813.4528477529,8,-4.1817893652467779
4809.59591431605,8,-4.1806597430696577
4805.73898087921,8,-4.1797847356612801
4801.88204744236,8,-4.1812149555758111
4798.02511400551,8,-4.1830060297445799
4794.16818056867,8,-4.1864923202390312
4790.31124713182,8,-4.189620677354486
4786.45431369497,8,-4.194293464433466
4782.59738025812,8,-4.1991790203837569
4778.74044682128,8,-4.2057393918152766
4774.88351338443,8,-4.2120901375944291
4771.02657994758,8,-4.2211861988779518
4767.16964651073,8,-4.2291613705403339
4763.31271307389,8,-4.2389453695039858
4759.45577963704,8,-4.2491008386557985
4755.59884620019,8,-4.260359038733375
4751.74191276335,8,-4.2708888591889043
4747.8849793265,8,-4.2840385517758364
4744.02804588965,8,-4.2965051985597356
4740.1711124528,8,-4.3111491111030187
4736.31417901596,8,-4.3247457570824146
4732.45724557911,8,-4.3407650487428135
4728.60031214226,8,-4.3574002836945276
4724.74337870541,8,-4.3760542758320149
4720.88644526857,8,-4.3958235704981998
4717.02951183172,8,-4.416748950668941
4713.17257839487,8,-4.4362363916907093
4709.31564495803,8,-4.4568890396368204
4705.45871152118,8,-4.4779053616382534
4701.60177808433,8,-4.5021369190801828
4697.74484464748,8,-4.5266006460701673
4693.88791121064,8,-4.5516016988728136
4690.03097777379,8,-4.5757820008065817
4686.17404433694,8,-4.6027452433046268
4682.31711090009,8,-4.6300832259552775
4678.46017746325,8,-4.6597006145205215
4674.6032440264,8,-4.6892697775595868
4670.74631058955,8,-4.7200144033566982
4666.88937715271,8,-4.7481227874275289
4663.03244371586,8,-4.773982703625629
4659.17551027901,8,-4.7946904118084515
4655.31857684216,8,-4.812199359858214
4651.46164340532,8,-4.8243504250251927
4647.60470996847,8,-4.8327044245182318
4643.74777653162,8,-4.8349859164049045
4639.89084309477,8,-4.8361093900818695
4636.03390965793,8,-4.8379761289506238
4632.17697622108,8,-4.8432109120773372
4628.32004278423,8,-4.8476169214618414
4624.46310934739,8,-4.8528420556886207
4620.60617591054,8,-4.8581678828355663
4616.74924247369,8,-4.865814175257908
4612.89230903684,8,-4.8723187544404221
4609.0353756,8,-4.8805320158227037
4605.17844216315,8,-4.8883790244032568
4601.3215087263,8,-4.8976430645715947
4597.46457528945,8,-4.9048896193250098
4593.60764185261,8,-4.9105961640319258
4589.75070841576,8,-4.9141581918944981
4585.89377497891,8,-4.9206029147736867
4582.03684154207,8,-4.9276118930825064
4578.17990810522,8,-4.9351626189158333
4574.32297466837,8,-4.943582161543306
4570.46604123152,8,-4.9542131486835359
4566.60910779468,8,-4.9640265745222161
4562.75217435783,8,-4.9746434399708273
4558.89524092098,8,-4.9835534593384931
4555.03830748413,8,-4.9925225927613663
4551.18137404729,8,-4.9987915594574748
4547.32444061044,8,-5.0043374162335335
4543.46750717359,8,-5.0092508443774619
4539.61057373675,8,-5.0161497257629097
4535.7536402999,8,-5.0227919296439589
4531.89670686305,8,-5.0323820892703246
4528.0397734262,8,-5.0451496732952332
4524.18283998936,8,-5.063081812282368
4520.32590655251,8,-5.0832892467448563
4516.46897311566,8,-5.1057051431425808
4512.61203967881,8,-5.1284595464781626
4508.75510624197,8,-5.1548233716354925
4504.89817280512,8,-5.1818615406930384
4501.04123936827,8,-5.2112325335941767
4497.18430593143,8,-5.239648890678354
4493.32737249458,8,-5.2680975311336748
4489.47043905773,8,-5.296675061143012
4485.61350562088,8,-5.3278628909225425
4481.75657218404,8,-5.3576191919443241
4477.89963874719,8,-5.3862671279501955
4474.04270531034,8,-5.4123581231409226
4470.18577187349,8,-5.4367154171332954
4466.32883843665,8,-5.4595847997119513
4462.4719049998,8,-5.4821586726799243
4458.61497156295,8,-5.5028136187571715
4454.75803812611,8,-5.5240988751293054
4450.90110468926,8,-5.5410935861187713
4447.04417125241,8,-5.5533382388931383
4443.18723781556,8,-5.5599480791848661
4439.33030437872,8,-5.5620791776178766
4435.47337094187,8,-5.5572817070847282
4431.61643750502,8,-5.5460814504260121
4427.75950406817,8,-5.5287522184734783
4423.90257063133,8,-5.5068705141520597
4420.04563719448,8,-5.4832568388944143
4416.18870375763,8,-5.4607949542891516
4412.33177032078,8,-5.4373859410170029
4408.47483688394,8,-5.4146376929288103
4404.61790344709,8,-5.3926401571016864
4400.76097001024,8,-5.3725854550457246
4396.9040365734,8,-5.3523894251015065
4393.04710313655,8,-5.334446293699493
4389.1901696997,8,-5.3174118896008213
4385.33323626285,8,-5.3029331311728605
4381.47630282601,8,-5.2879852834687835
4377.61936938916,8,-5.2742036760391393
4373.76243595231,8,-5.2590374119001542
4369.90550251546,8,-5.2447664795127462
4366.04856907862,8,-5.229754729468354
4362.19163564177,8,-5.2149073924306446
4358.33470220492,8,-5.1975105279179052
4354.47776876808,8,-5.1786882410499713
4350.62083533123,8,-5.1576822651208287
4346.76390189438,8,-5.137721826885663
4342.90696845753,8,-5.1181777921584377
4339.05003502069,8,-5.1015760486674475
4335.19310158384,8,-5.0887936409965766
4331.33616814699,8,-5.0824872377986914
4327.47923471014,8,-5.0769296983124184
4323.6223012733,8,-5.0757428343419129
4319.76536783645,8,-5.0852502065541962
4315.9084343996,8,-5.1039625357293383
4312.05150096276,8,-5.1195393488609966
4308.19456752591,8,-5.1300064691476237
4304.33763408906,8,-5.135115171786838
4300.48070065221,8,-5.137615680042888
4296.62376721537,8,-5.1369482377371138
4292.76683377852,8,-5.1360915977029595
4288.90990034167,8,-5.1326311217021887
4285.05296690482,8,-5.1295024174642441
4281.19603346798,8,-5.1239348741515522
4277.33910003113,8,-5.1182776533669436
4273.48216659428,8,-5.1087309778091523
4269.62523315744,8,-5.0992822178758148
4265.76829972059,8,-5.0907656766183678
4261.91136628374,8,-5.0813972037795097
4258.05443284689,8,-5.0678378918065388
4254.19749941005,8,-5.0560941169020239
4250.3405659732,8,-5.0478891132499371
4246.48363253635,8,-5.0496869992164521
4242.6266990995,8,-5.0521398792183181
4238.76976566266,8,-5.0514859896060527
4234.91283222581,8,-5.0470186531886245
4231.05589878896,8,-5.0439021255548377
4227.19896535212,8,-5.0402859232356354
4223.34203191527,8,-5.0394387090681843
4219.48509847842,8,-5.0390727361383902
4215.62816504157,8,-5.0417425682752697
4211.77123160473,8,-5.0422720793157225
4207.91429816788,8,-5.0426087778299014
4204.05736473103,8,-5.0398145707368496
4200.20043129418,8,-5.0348254557583916
4196.34349785734,8,-5.0252762036854453
4192.48656442049,8,-5.014646787450129
4188.62963098364,8,-4.9991770058223324
4184.7726975468,8,-4.981785812165592
4180.91576410995,8,-4.9621803519485139
4177.0588306731,8,-4.9459059151559597
4173.20189723625,8,-4.9291860719867646
4169.34496379941,8,-4.9138956647373382
4165.48803036256,8,-4.9003219642023268
4161.63109692571,8,-4.8881753811130029
4157.77416348886,8,-4.8752456049796127
4153.91723005202,8,-4.8650980075715644
4150.06029661517,8,-4.8540943837910451
4146.20336317832,8,-4.8456899790936099
4142.34642974148,8,-4.8385531903214458
4138.48949630463,8,-4.8332854754146792
4134.63256286778,8,-4.826456185790577
4130.77562943093,8,-4.8202982833935444
4126.91869599409,8,-4.8127363670656846
4123.06176255724,8,-4.8057095459581012
4119.20482912039,8,-4.8002736735400022
4115.34789568354,8,-4.7963234247111011
4111.4909622467,8,-4.7915416640894479
4107.63402880985,8,-4.7864884594032207
4103.777095373,8,-4.784647649945156
4099.92016193616,8,-4.7887258421562553
4096.06322849931,8,-4.7921568117490079
4092.20629506246,8,-4.7959621313567879
4088.34936162561,8,-4.7961104795662894
4084.49242818877,8,-4.7963034016014774
4080.63549475192,8,-4.7911883387898477
4076.77856131507,8,-4.7842314138562161
4072.92162787822,8,-4.7743424274252746
4069.06469444138,8,-4.7618442260206928
4065.20776100453,8,-4.7465858736937498
4061.35082756768,8,-4.7279438172998205
4057.49389413083,8,-4.7081761927667474
4053.63696069399,8,-4.6917522053862015
4049.78002725714,8,-4.6749936128408427
4045.92309382029,8,-4.6579798563326529
4042.06616038345,8,-4.6429031316919485
4038.2092269466,8,-4.6304320981556444
4034.35229350975,8,-4.6157698214629219
4030.4953600729,8,-4.6059857126885237
4026.63842663606,8,-4.5961417565161824
4022.78149319921,8,-4.5901455081100782
4018.92455976236,8,-4.5843018603513732
4015.06762632551,8,-4.5810119118498189
4011.21069288867,8,-4.5778050793013545
4007.35375945182,8,-4.5790185014488118
4003.49682601497,8,-4.5824886624463215
3999.63989257813,8,-4.5840522274891002
